[2m2026-04-04T00:00:04.319888Z[0m [[32m[1minfo     [0m] [1mrun_start                     [0m [36mdata_dir[0m=[35m/home/ubuntu/NewsCrawler/data[0m [36mhours[0m=[35m48[0m [36mrun_dir[0m=[35m/home/ubuntu/NewsCrawler/data/runs/20260404T000004Z_nvda_avgo_mu_200[0m [36mtickers[0m=[35m['NVDA', 'AVGO', 'MU', 'AMD', 'AMAT', 'LRCX', 'KLAC', 'TXN', 'ADI', 'ANET', 'QCOM', 'WDC', 'SNDK', 'STX', 'CDNS', 'SNPS', 'NXPI', 'MPWR', 'TER', 'MCHP', 'ON', 'AAPL', 'BRK.B', 'WMT', 'JPM', 'JNJ', 'COST', 'ABBV', 'NFLX', 'PG', 'HD', 'BAC', 'KO', 'CSCO', 'MRK', 'PM', 'UNH', 'MS', 'GS', 'WFC', 'MCD', 'TMUS', 'LIN', 'PEP', 'INTC', 'VZ', 'AMGN', 'ABT', 'DIS', 'GILD', 'APH', 'TJX', 'SCHW', 'PFE', 'HON', 'LOW', 'WELL', 'NEM', 'CB', 'PLD', 'GLW', 'ACN', 'BMY', 'MDT', 'PGR', 'COF', 'MCK', 'HCA', 'MO', 'SBUX', 'CMCSA', 'CVS', 'UPS', 'EQIX', 'NKE', 'WMB', 'FDX', 'MRSH', 'SHW', 'AMT', 'BX', 'JCI', 'MMM', 'ECL', 'ADP', 'PNC', 'USB', 'EMR', 'ITW', 'MNST', 'CRH', 'CL', 'ORLY', 'MDLZ', 'CI', 'TDG', 'COR', 'AON', 'GM', 'ELV', 'WBD', 'TEL', 'TRV', 'ROST', 'SPG', 'SRE', 'TFC', 'AZO', 'O', 'APD', 'DLR', 'AJG', 'AFL', 'F', 'ALL', 'ZTS', 'AME', 'GWW', 'CAH', 'PSA', 'CTVA', 'CARR', 'KEYS', 'ADSK', 'TGT', 'BDX', 'EA', 'EW', 'CIEN', 'GRMN', 'HSY', 'CVNA', 'MET', 'YUM', 'DHI', 'FITB', 'SYY', 'CBRE', 'AIG', 'KR', 'AMP', 'DAL', 'KDP', 'VTR', 'EBAY', 'ED', 'EL', 'TTWO', 'CCI', 'HIG', 'GEHC', 'LVS', 'LYV', 'RMD', 'ROP', 'KMB', 'CPRT', 'IR', 'KVUE', 'TPL', 'OTIS', 'ACGL', 'STT', 'WDAY', 'DG', 'UAL', 'PRU', 'HBAN', 'PAYX', 'FICO', 'ADM', 'MTB', 'VICI', 'IRM', 'EXR', 'XYL', 'TDY', 'TPR', 'WAT', 'CTSH', 'DTE', 'DOV', 'ULTA', 'IQV', 'RJF', 'HAL', 'CHTR', 'FE', 'ROL', 'PPL', 'KHC', 'WTW', 'HPE', 'LEN', 'BIIB', 'JBL', 'MTD', 'PPG', 'TSCO', 'STZ'][0m
[2m2026-04-04T00:00:04.323121Z[0m [[32m[1minfo     [0m] [1mcrawling                      [0m [36mchannel[0m=[35mGoogle->Benzinga[0m [36mtag[0m=[35mgoogle_benzinga[0m
[2m2026-04-04T00:00:07.372776Z[0m [[32m[1minfo     [0m] [1mfetch                         [0m [36mstatus[0m=[35m200[0m [36murl[0m=[35m'https://news.google.com/rss/search?q=NVDA+nvidia+site:benzinga.com&hl=en-US&gl=US&ceid=US:'[0m
[2m2026-04-04T00:00:07.719259Z[0m [[32m[1minfo     [0m] [1mparsed                        [0m [36mchannel[0m=[35mgoogle_benzinga[0m [36mraw[0m=[35m100[0m
[2m2026-04-04T00:00:10.205662Z[0m [[32m[1minfo     [0m] [1mfetch                         [0m [36mstatus[0m=[35m200[0m [36murl[0m=[35m'https://news.google.com/rss/search?q=nvidia+site:benzinga.com&hl=en-US&gl=US&ceid=US:en'[0m
[2m2026-04-04T00:00:10.436062Z[0m [[32m[1minfo     [0m] [1mparsed                        [0m [36mchannel[0m=[35mgoogle_benzinga[0m [36mraw[0m=[35m100[0m
[2m2026-04-04T00:00:10.436315Z[0m [[32m[1minfo     [0m] [1mcrawling                      [0m [36mchannel[0m=[35m'Google News (all)'[0m [36mtag[0m=[35mgoogle_broad[0m
[2m2026-04-04T00:00:12.939134Z[0m [[32m[1minfo     [0m] [1mfetch                         [0m [36mstatus[0m=[35m200[0m [36murl[0m=[35m'https://news.google.com/rss/search?q=NVDA+nvidia+stock+news&hl=en-US&gl=US&ceid=US:en'[0m
[2m2026-04-04T00:00:13.164372Z[0m [[32m[1minfo     [0m] [1mparsed                        [0m [36mchannel[0m=[35mgoogle_broad[0m [36mraw[0m=[35m100[0m
[2m2026-04-04T00:00:15.674825Z[0m [[32m[1minfo     [0m] [1mfetch                         [0m [36mstatus[0m=[35m200[0m [36murl[0m=[35m'https://news.google.com/rss/search?q=NVDA+nvidia+earnings+analysis&hl=en-US&gl=US&ceid=US:'[0m
[2m2026-04-04T00:00:15.933858Z[0m [[32m[1minfo     [0m] [1mparsed                        [0m [36mchannel[0m=[35mgoogle_broad[0m [36mraw[0m=[35m100[0m
[2m2026-04-04T00:00:15.956847Z[0m [[32m[1minfo     [0m] [1mquality_filter                [0m [36minput[0m=[35m400[0m [36mpassed[0m=[35m21[0m
[2m2026-04-04T00:00:15.964041Z[0m [[32m[1minfo     [0m] [1mdedup                         [0m [36mafter[0m=[35m16[0m [36mbefore[0m=[35m21[0m
[2m2026-04-04T00:00:15.964630Z[0m [[32m[1minfo     [0m] [1mfulltext_selection            [0m [36mcandidates[0m=[35m8[0m [36mfiltered[0m=[35m16[0m [36mmode[0m=[35mhigh-value[0m [36mticker[0m=[35mNVDA[0m
[2m2026-04-04T00:00:17.057805Z[0m [[32m[1minfo     [0m] [1mfetch                         [0m [36mstatus[0m=[35m403[0m [36murl[0m=[35mhttps://www.tipranks.com/news/nvidia-stock-forecast-how-high-or-low-can-nvda-stock-go[0m
[2m2026-04-04T00:00:17.355008Z[0m [[32m[1minfo     [0m] [1mfetch                         [0m [36mstatus[0m=[35m403[0m [36murl[0m=[35mhttps://www.tipranks.com/news/5-star-analyst-raises-nvidia-stock-nvda-forecast-as-demand-f[0m
[2m2026-04-04T00:00:17.384778Z[0m [[32m[1minfo     [0m] [1mfetch                         [0m [36mstatus[0m=[35m403[0m [36murl[0m=[35mhttps://www.tipranks.com/news/nvidia-nvda-h100-prices-surge-40-as-new-gpus-fail-to-meet-in[0m
[2m2026-04-04T00:00:17.476309Z[0m [[32m[1minfo     [0m] [1mfetch                         [0m [36mstatus[0m=[35m200[0m [36murl[0m=[35mhttps://www.marketbeat.com/instant-alerts/filing-nvidia-corporation-nvda-shares-bought-by-[0m
[2m2026-04-04T00:00:17.993823Z[0m [[32m[1minfo     [0m] [1mfetch                         [0m [36mstatus[0m=[35m200[0m [36murl[0m=[35mhttps://www.fool.com/investing/2026/04/02/nvidias-blackwell-and-rubin-chips-will-have-1-tr[0m
[2m2026-04-04T00:00:18.303604Z[0m [[32m[1minfo     [0m] [1mfetch                         [0m [36mstatus[0m=[35m200[0m [36murl[0m=[35mhttps://www.marketbeat.com/instant-alerts/filing-nvidia-corporation-nvda-stock-position-lo[0m
[2m2026-04-04T00:00:21.162285Z[0m [[32m[1minfo     [0m] [1mfetch                         [0m [36mstatus[0m=[35m200[0m [36murl[0m=[35mhttps://finbold.com/analyst-updates-nvidia-stock-price-target-for-the-next-12-months/[0m
[2m2026-04-04T00:00:21.833357Z[0m [[32m[1minfo     [0m] [1mcrawling                      [0m [36mchannel[0m=[35mGoogle->Benzinga[0m [36mtag[0m=[35mgoogle_benzinga[0m
[2m2026-04-04T00:00:24.487149Z[0m [[32m[1minfo     [0m] [1mfetch                         [0m [36mstatus[0m=[35m200[0m [36murl[0m=[35m'https://news.google.com/rss/search?q=AVGO+broadcom+site:benzinga.com&hl=en-US&gl=US&ceid=U'[0m
[2m2026-04-04T00:00:24.721865Z[0m [[32m[1minfo     [0m] [1mparsed                        [0m [36mchannel[0m=[35mgoogle_benzinga[0m [36mraw[0m=[35m100[0m
[2m2026-04-04T00:00:27.188653Z[0m [[32m[1minfo     [0m] [1mfetch                         [0m [36mstatus[0m=[35m200[0m [36murl[0m=[35m'https://news.google.com/rss/search?q=broadcom+site:benzinga.com&hl=en-US&gl=US&ceid=US:en'[0m
[2m2026-04-04T00:00:27.421315Z[0m [[32m[1minfo     [0m] [1mparsed                        [0m [36mchannel[0m=[35mgoogle_benzinga[0m [36mraw[0m=[35m100[0m
[2m2026-04-04T00:00:27.421569Z[0m [[32m[1minfo     [0m] [1mcrawling                      [0m [36mchannel[0m=[35m'Google News (all)'[0m [36mtag[0m=[35mgoogle_broad[0m
[2m2026-04-04T00:00:29.960056Z[0m [[32m[1minfo     [0m] [1mfetch                         [0m [36mstatus[0m=[35m200[0m [36murl[0m=[35m'https://news.google.com/rss/search?q=AVGO+broadcom+stock+news&hl=en-US&gl=US&ceid=US:en'[0m
[2m2026-04-04T00:00:30.172968Z[0m [[32m[1minfo     [0m] [1mparsed                        [0m [36mchannel[0m=[35mgoogle_broad[0m [36mraw[0m=[35m100[0m
[2m2026-04-04T00:00:32.674863Z[0m [[32m[1minfo     [0m] [1mfetch                         [0m [36mstatus[0m=[35m200[0m [36murl[0m=[35m'https://news.google.com/rss/search?q=AVGO+broadcom+earnings+analysis&hl=en-US&gl=US&ceid=U'[0m
[2m2026-04-04T00:00:32.880073Z[0m [[32m[1minfo     [0m] [1mparsed                        [0m [36mchannel[0m=[35mgoogle_broad[0m [36mraw[0m=[35m100[0m
[2m2026-04-04T00:00:32.883395Z[0m [[32m[1minfo     [0m] [1mquality_filter                [0m [36minput[0m=[35m400[0m [36mpassed[0m=[35m14[0m
[2m2026-04-04T00:00:32.886359Z[0m [[32m[1minfo     [0m] [1mdedup                         [0m [36mafter[0m=[35m14[0m [36mbefore[0m=[35m14[0m
[2m2026-04-04T00:00:32.886642Z[0m [[32m[1minfo     [0m] [1mfulltext_selection            [0m [36mcandidates[0m=[35m8[0m [36mfiltered[0m=[35m14[0m [36mmode[0m=[35mhigh-value[0m [36mticker[0m=[35mAVGO[0m
[2m2026-04-04T00:00:34.112452Z[0m [[32m[1minfo     [0m] [1mfetch                         [0m [36mstatus[0m=[35m403[0m [36murl[0m=[35mhttps://www.tipranks.com/news/micron-meta-and-broadcom-top-analyst-taps-the-brakes-on-3-ai[0m
[2m2026-04-04T00:00:34.134730Z[0m [[32m[1minfo     [0m] [1mfetch                         [0m [36mstatus[0m=[35m403[0m [36murl[0m=[35mhttps://www.tipranks.com/news/broadcom-avgo-or-marvell-mrvl-top-analyst-picks-the-better-c[0m
[2m2026-04-04T00:00:34.151644Z[0m [[32m[1minfo     [0m] [1mfetch                         [0m [36mstatus[0m=[35m403[0m [36murl[0m=[35mhttps://www.investing.com/analysis/avgo-earnings-preview-broadcom-eyes-ai-upside--nvidia-s[0m
[2m2026-04-04T00:00:34.265597Z[0m [[32m[1minfo     [0m] [1mfetch                         [0m [36mstatus[0m=[35m200[0m [36murl[0m=[35mhttps://www.tradingview.com/news/gurufocus:505f0949d094b:0-broadcom-stock-in-spotlight-nam[0m
[2m2026-04-04T00:00:34.600853Z[0m [[32m[1minfo     [0m] [1mfetch                         [0m [36mstatus[0m=[35m200[0m [36murl[0m=[35mhttps://seekingalpha.com/article/4888147-broadcom-ai-story-is-still-early[0m
[2m2026-04-04T00:00:35.195109Z[0m [[32m[1minfo     [0m] [1mfetch                         [0m [36mstatus[0m=[35m403[0m [36murl[0m=[35mhttps://www.bitget.com/news/detail/12560605335269[0m
[2m2026-04-04T00:00:35.839925Z[0m [[31m[1merror    [0m] [1mfetch_error                   [0m [36merror[0m=[35m'400, message=\'Got more than 8190 bytes when reading: b"connect-src \\\'self\\\' wss:'[0m [36murl[0m=[35mhttps://ca.finance.yahoo.com/news/broadcom-inc-avgo-down-5-153003917.h[0m
[2m2026-04-04T00:00:37.099807Z[0m [[32m[1minfo     [0m] [1mfetch                         [0m [36mstatus[0m=[35m200[0m [36murl[0m=[35mhttps://coincentral.com/broadcom-avgo-stock-new-cfo-named-alphabets-amie-thuener-takes-the[0m
[2m2026-04-04T00:00:37.349546Z[0m [[32m[1minfo     [0m] [1mcrawling                      [0m [36mchannel[0m=[35mGoogle->Benzinga[0m [36mtag[0m=[35mgoogle_benzinga[0m
[2m2026-04-04T00:00:39.958792Z[0m [[32m[1minfo     [0m] [1mfetch                         [0m [36mstatus[0m=[35m200[0m [36murl[0m=[35m'https://news.google.com/rss/search?q=MU+micron+site:benzinga.com&hl=en-US&gl=US&ceid=US:en'[0m
[2m2026-04-04T00:00:40.160907Z[0m [[32m[1minfo     [0m] [1mparsed                        [0m [36mchannel[0m=[35mgoogle_benzinga[0m [36mraw[0m=[35m100[0m
[2m2026-04-04T00:00:42.661921Z[0m [[32m[1minfo     [0m] [1mfetch                         [0m [36mstatus[0m=[35m200[0m [36murl[0m=[35m'https://news.google.com/rss/search?q=micron+site:benzinga.com&hl=en-US&gl=US&ceid=US:en'[0m
[2m2026-04-04T00:00:42.869443Z[0m [[32m[1minfo     [0m] [1mparsed                        [0m [36mchannel[0m=[35mgoogle_benzinga[0m [36mraw[0m=[35m100[0m
[2m2026-04-04T00:00:42.869662Z[0m [[32m[1minfo     [0m] [1mcrawling                      [0m [36mchannel[0m=[35m'Google News (all)'[0m [36mtag[0m=[35mgoogle_broad[0m
[2m2026-04-04T00:00:45.513991Z[0m [[32m[1minfo     [0m] [1mfetch                         [0m [36mstatus[0m=[35m200[0m [36murl[0m=[35m'https://news.google.com/rss/search?q=MU+micron+stock+news&hl=en-US&gl=US&ceid=US:en'[0m
[2m2026-04-04T00:00:45.723846Z[0m [[32m[1minfo     [0m] [1mparsed                        [0m [36mchannel[0m=[35mgoogle_broad[0m [36mraw[0m=[35m100[0m
[2m2026-04-04T00:00:48.269954Z[0m [[32m[1minfo     [0m] [1mfetch                         [0m [36mstatus[0m=[35m200[0m [36murl[0m=[35m'https://news.google.com/rss/search?q=MU+micron+earnings+analysis&hl=en-US&gl=US&ceid=US:en'[0m
[2m2026-04-04T00:00:48.459946Z[0m [[32m[1minfo     [0m] [1mparsed                        [0m [36mchannel[0m=[35mgoogle_broad[0m [36mraw[0m=[35m100[0m
[2m2026-04-04T00:00:48.475196Z[0m [[32m[1minfo     [0m] [1mquality_filter                [0m [36minput[0m=[35m400[0m [36mpassed[0m=[35m27[0m
[2m2026-04-04T00:00:48.490700Z[0m [[32m[1minfo     [0m] [1mdedup                         [0m [36mafter[0m=[35m24[0m [36mbefore[0m=[35m27[0m
[2m2026-04-04T00:00:48.491418Z[0m [[32m[1minfo     [0m] [1mfulltext_selection            [0m [36mcandidates[0m=[35m8[0m [36mfiltered[0m=[35m24[0m [36mmode[0m=[35mhigh-value[0m [36mticker[0m=[35mMU[0m
[2m2026-04-04T00:00:49.308718Z[0m [[32m[1minfo     [0m] [1mfetch                         [0m [36mstatus[0m=[35m200[0m [36murl[0m=[35mhttps://seekingalpha.com/article/4888104-micron-the-peak-memory-myth[0m
[2m2026-04-04T00:00:49.710933Z[0m [[32m[1minfo     [0m] [1mfetch                         [0m [36mstatus[0m=[35m403[0m [36murl[0m=[35mhttps://www.tipranks.com/news/can-micron-stock-mu-continue-its-strong-run-on-memory-demand[0m
[2m2026-04-04T00:00:49.725676Z[0m [[32m[1minfo     [0m] [1mfetch                         [0m [36mstatus[0m=[35m403[0m [36murl[0m=[35mhttps://www.tipranks.com/news/micron-stock-mu-defies-the-recent-dip-as-analysts-double-dow[0m
[2m2026-04-04T00:00:49.732393Z[0m [[32m[1minfo     [0m] [1mfetch                         [0m [36mstatus[0m=[35m403[0m [36murl[0m=[35mhttps://www.tipranks.com/news/why-did-a-top-insider-sell-micron-stock-mu-today-after-it-sk[0m
[2m2026-04-04T00:00:49.810070Z[0m [[32m[1minfo     [0m] [1mfetch                         [0m [36mstatus[0m=[35m401[0m [36murl[0m=[35mhttps://www.barrons.com/articles/micron-stock-sandisk-google-turboquant-mizuho-7ddb2e4a?ga[0m
[2m2026-04-04T00:00:53.057095Z[0m [[32m[1minfo     [0m] [1mfetch                         [0m [36mstatus[0m=[35m200[0m [36murl[0m=[35mhttps://www.theglobeandmail.com/investing/markets/stocks/MU/pressreleases/1111720/analysts[0m
[2m2026-04-04T00:00:53.503006Z[0m [[32m[1minfo     [0m] [1mcrawling                      [0m [36mchannel[0m=[35m'AMD IR'[0m [36mtag[0m=[35mamd_ir[0m
[2m2026-04-04T00:00:55.653974Z[0m [[32m[1minfo     [0m] [1mfetch                         [0m [36mstatus[0m=[35m200[0m [36murl[0m=[35mhttps://ir.amd.com/news-events/press-releases/rss[0m
[2m2026-04-04T00:00:55.665963Z[0m [[32m[1minfo     [0m] [1mparsed                        [0m [36mchannel[0m=[35mamd_ir[0m [36mraw[0m=[35m10[0m
[2m2026-04-04T00:00:55.666165Z[0m [[32m[1minfo     [0m] [1mcrawling                      [0m [36mchannel[0m=[35mGoogle->Benzinga[0m [36mtag[0m=[35mgoogle_benzinga[0m
[2m2026-04-04T00:00:58.285902Z[0m [[32m[1minfo     [0m] [1mfetch                         [0m [36mstatus[0m=[35m200[0m [36murl[0m=[35m'https://news.google.com/rss/search?q=AMD+advanced+micro+devices+site:benzinga.com&hl=en-US'[0m
[2m2026-04-04T00:00:58.440724Z[0m [[32m[1minfo     [0m] [1mparsed                        [0m [36mchannel[0m=[35mgoogle_benzinga[0m [36mraw[0m=[35m100[0m
[2m2026-04-04T00:01:00.953403Z[0m [[32m[1minfo     [0m] [1mfetch                         [0m [36mstatus[0m=[35m200[0m [36murl[0m=[35m'https://news.google.com/rss/search?q=advanced+micro+devices+site:benzinga.com&hl=en-US&gl='[0m
[2m2026-04-04T00:01:01.188767Z[0m [[32m[1minfo     [0m] [1mparsed                        [0m [36mchannel[0m=[35mgoogle_benzinga[0m [36mraw[0m=[35m100[0m
[2m2026-04-04T00:01:01.188993Z[0m [[32m[1minfo     [0m] [1mcrawling                      [0m [36mchannel[0m=[35m'Google News (all)'[0m [36mtag[0m=[35mgoogle_broad[0m
[2m2026-04-04T00:01:03.718325Z[0m [[32m[1minfo     [0m] [1mfetch                         [0m [36mstatus[0m=[35m200[0m [36murl[0m=[35m'https://news.google.com/rss/search?q=AMD+advanced+micro+devices+stock+news&hl=en-US&gl=US&'[0m
[2m2026-04-04T00:01:03.908916Z[0m [[32m[1minfo     [0m] [1mparsed                        [0m [36mchannel[0m=[35mgoogle_broad[0m [36mraw[0m=[35m100[0m
[2m2026-04-04T00:01:06.458405Z[0m [[32m[1minfo     [0m] [1mfetch                         [0m [36mstatus[0m=[35m200[0m [36murl[0m=[35m'https://news.google.com/rss/search?q=AMD+advanced+micro+devices+earnings+analysis&hl=en-US'[0m
[2m2026-04-04T00:01:06.593445Z[0m [[32m[1minfo     [0m] [1mparsed                        [0m [36mchannel[0m=[35mgoogle_broad[0m [36mraw[0m=[35m100[0m
[2m2026-04-04T00:01:06.597564Z[0m [[32m[1minfo     [0m] [1mquality_filter                [0m [36minput[0m=[35m410[0m [36mpassed[0m=[35m10[0m
[2m2026-04-04T00:01:06.599120Z[0m [[32m[1minfo     [0m] [1mdedup                         [0m [36mafter[0m=[35m10[0m [36mbefore[0m=[35m10[0m
[2m2026-04-04T00:01:06.599473Z[0m [[32m[1minfo     [0m] [1mfulltext_selection            [0m [36mcandidates[0m=[35m8[0m [36mfiltered[0m=[35m10[0m [36mmode[0m=[35mhigh-value[0m [36mticker[0m=[35mAMD[0m
[2m2026-04-04T00:01:07.569888Z[0m [[32m[1minfo     [0m] [1mfetch                         [0m [36mstatus[0m=[35m200[0m [36murl[0m=[35mhttps://www.marketbeat.com/instant-alerts/filing-formidable-asset-management-llc-has-566-m[0m
[2m2026-04-04T00:01:08.301533Z[0m [[32m[1minfo     [0m] [1mfetch                         [0m [36mstatus[0m=[35m200[0m [36murl[0m=[35mhttps://blockonomi.com/advanced-micro-devices-amd-stock-surges-4-following-bullish-analyst[0m
[2m2026-04-04T00:01:08.658377Z[0m [[32m[1minfo     [0m] [1mfetch                         [0m [36mstatus[0m=[35m200[0m [36murl[0m=[35mhttps://www.marketbeat.com/instant-alerts/filing-aberdeen-group-plc-grows-stock-position-i[0m
[2m2026-04-04T00:01:08.713480Z[0m [[32m[1minfo     [0m] [1mfetch                         [0m [36mstatus[0m=[35m200[0m [36murl[0m=[35mhttps://www.marketbeat.com/instant-alerts/filing-matauro-llc-has-204-million-stake-in-adva[0m
[2m2026-04-04T00:01:09.038061Z[0m [[32m[1minfo     [0m] [1mfetch                         [0m [36mstatus[0m=[35m200[0m [36murl[0m=[35mhttps://www.ad-hoc-news.de/boerse/news/ueberblick/advanced-micro-devices-inc-stock-3-5-per[0m
[2m2026-04-04T00:01:09.153343Z[0m [[32m[1minfo     [0m] [1mfetch                         [0m [36mstatus[0m=[35m200[0m [36murl[0m=[35mhttps://www.marketbeat.com/instant-alerts/advanced-micro-devices-nasdaqamd-shares-up-35-fo[0m
[2m2026-04-04T00:01:09.227092Z[0m [[32m[1minfo     [0m] [1mfetch                         [0m [36mstatus[0m=[35m200[0m [36murl[0m=[35mhttps://www.marketbeat.com/instant-alerts/filing-advanced-micro-devices-inc-amd-is-ellswor[0m
[2m2026-04-04T00:01:09.737971Z[0m [[32m[1minfo     [0m] [1mfetch                         [0m [36mstatus[0m=[35m200[0m [36murl[0m=[35mhttps://www.marketbeat.com/instant-alerts/filing-advanced-micro-devices-inc-amd-shares-bou[0m
[2m2026-04-04T00:01:09.956664Z[0m [[32m[1minfo     [0m] [1mcrawling                      [0m [36mchannel[0m=[35mGoogle->Benzinga[0m [36mtag[0m=[35mgoogle_benzinga[0m
[2m2026-04-04T00:01:12.433774Z[0m [[32m[1minfo     [0m] [1mfetch                         [0m [36mstatus[0m=[35m200[0m [36murl[0m=[35m'https://news.google.com/rss/search?q=AMAT+applied+materials+site:benzinga.com&hl=en-US&gl='[0m
[2m2026-04-04T00:01:12.582523Z[0m [[32m[1minfo     [0m] [1mparsed                        [0m [36mchannel[0m=[35mgoogle_benzinga[0m [36mraw[0m=[35m97[0m
[2m2026-04-04T00:01:14.998363Z[0m [[32m[1minfo     [0m] [1mfetch                         [0m [36mstatus[0m=[35m200[0m [36murl[0m=[35m'https://news.google.com/rss/search?q=applied+materials+site:benzinga.com&hl=en-US&gl=US&ce'[0m
[2m2026-04-04T00:01:15.143306Z[0m [[32m[1minfo     [0m] [1mparsed                        [0m [36mchannel[0m=[35mgoogle_benzinga[0m [36mraw[0m=[35m100[0m
[2m2026-04-04T00:01:15.143485Z[0m [[32m[1minfo     [0m] [1mcrawling                      [0m [36mchannel[0m=[35m'Google News (all)'[0m [36mtag[0m=[35mgoogle_broad[0m
[2m2026-04-04T00:01:17.600107Z[0m [[32m[1minfo     [0m] [1mfetch                         [0m [36mstatus[0m=[35m200[0m [36murl[0m=[35m'https://news.google.com/rss/search?q=AMAT+applied+materials+stock+news&hl=en-US&gl=US&ceid'[0m
[2m2026-04-04T00:01:17.790893Z[0m [[32m[1minfo     [0m] [1mparsed                        [0m [36mchannel[0m=[35mgoogle_broad[0m [36mraw[0m=[35m100[0m
[2m2026-04-04T00:01:20.319001Z[0m [[32m[1minfo     [0m] [1mfetch                         [0m [36mstatus[0m=[35m200[0m [36murl[0m=[35m'https://news.google.com/rss/search?q=AMAT+applied+materials+earnings+analysis&hl=en-US&gl='[0m
[2m2026-04-04T00:01:20.481018Z[0m [[32m[1minfo     [0m] [1mparsed                        [0m [36mchannel[0m=[35mgoogle_broad[0m [36mraw[0m=[35m100[0m
[2m2026-04-04T00:01:20.486323Z[0m [[32m[1minfo     [0m] [1mquality_filter                [0m [36minput[0m=[35m397[0m [36mpassed[0m=[35m8[0m
[2m2026-04-04T00:01:20.488607Z[0m [[32m[1minfo     [0m] [1mdedup                         [0m [36mafter[0m=[35m8[0m [36mbefore[0m=[35m8[0m
[2m2026-04-04T00:01:20.488988Z[0m [[32m[1minfo     [0m] [1mfulltext_selection            [0m [36mcandidates[0m=[35m5[0m [36mfiltered[0m=[35m8[0m [36mmode[0m=[35mhigh-value[0m [36mticker[0m=[35mAMAT[0m
[2m2026-04-04T00:01:21.459588Z[0m [[32m[1minfo     [0m] [1mfetch                         [0m [36mstatus[0m=[35m403[0m [36murl[0m=[35mhttps://qz.com/can-global-memory-chip-shortage-drive-applied-materials-growth[0m
[2m2026-04-04T00:01:21.624482Z[0m [[32m[1minfo     [0m] [1mfetch                         [0m [36mstatus[0m=[35m200[0m [36murl[0m=[35mhttps://www.marketbeat.com/instant-alerts/filing-3434-shares-in-applied-materials-inc-amat[0m
[2m2026-04-04T00:01:21.980707Z[0m [[32m[1minfo     [0m] [1mfetch                         [0m [36mstatus[0m=[35m200[0m [36murl[0m=[35mhttps://www.marketbeat.com/instant-alerts/filing-6788-shares-in-applied-materials-inc-amat[0m
[2m2026-04-04T00:01:22.104167Z[0m [[32m[1minfo     [0m] [1mfetch                         [0m [36mstatus[0m=[35m200[0m [36murl[0m=[35mhttps://www.marketbeat.com/instant-alerts/filing-applied-materials-inc-amat-stock-holdings[0m
[2m2026-04-04T00:01:22.820637Z[0m [[31m[1merror    [0m] [1mfetch_error                   [0m [36merror[0m=[35m'400, message=\'Got more than 8190 bytes when reading: b"connect-src \\\'self\\\' wss:'[0m [36murl[0m=[35mhttps://finance.yahoo.com/markets/stocks/articles/applied-materials-am[0m
[2m2026-04-04T00:01:23.023413Z[0m [[32m[1minfo     [0m] [1mcrawling                      [0m [36mchannel[0m=[35mGoogle->Benzinga[0m [36mtag[0m=[35mgoogle_benzinga[0m
[2m2026-04-04T00:01:25.471847Z[0m [[32m[1minfo     [0m] [1mfetch                         [0m [36mstatus[0m=[35m200[0m [36murl[0m=[35m'https://news.google.com/rss/search?q=LRCX+lam+research+site:benzinga.com&hl=en-US&gl=US&ce'[0m
[2m2026-04-04T00:01:25.552936Z[0m [[32m[1minfo     [0m] [1mparsed                        [0m [36mchannel[0m=[35mgoogle_benzinga[0m [36mraw[0m=[35m64[0m
[2m2026-04-04T00:01:27.953108Z[0m [[32m[1minfo     [0m] [1mfetch                         [0m [36mstatus[0m=[35m200[0m [36murl[0m=[35m'https://news.google.com/rss/search?q=lam+research+site:benzinga.com&hl=en-US&gl=US&ceid=US'[0m
[2m2026-04-04T00:01:28.128896Z[0m [[32m[1minfo     [0m] [1mparsed                        [0m [36mchannel[0m=[35mgoogle_benzinga[0m [36mraw[0m=[35m100[0m
[2m2026-04-04T00:01:28.129062Z[0m [[32m[1minfo     [0m] [1mcrawling                      [0m [36mchannel[0m=[35m'Google News (all)'[0m [36mtag[0m=[35mgoogle_broad[0m
[2m2026-04-04T00:01:30.601712Z[0m [[32m[1minfo     [0m] [1mfetch                         [0m [36mstatus[0m=[35m200[0m [36murl[0m=[35m'https://news.google.com/rss/search?q=LRCX+lam+research+stock+news&hl=en-US&gl=US&ceid=US:e'[0m
[2m2026-04-04T00:01:30.733398Z[0m [[32m[1minfo     [0m] [1mparsed                        [0m [36mchannel[0m=[35mgoogle_broad[0m [36mraw[0m=[35m100[0m
[2m2026-04-04T00:01:33.142733Z[0m [[32m[1minfo     [0m] [1mfetch                         [0m [36mstatus[0m=[35m200[0m [36murl[0m=[35m'https://news.google.com/rss/search?q=LRCX+lam+research+earnings+analysis&hl=en-US&gl=US&ce'[0m
[2m2026-04-04T00:01:33.225264Z[0m [[32m[1minfo     [0m] [1mparsed                        [0m [36mchannel[0m=[35mgoogle_broad[0m [36mraw[0m=[35m62[0m
[2m2026-04-04T00:01:33.227343Z[0m [[32m[1minfo     [0m] [1mquality_filter                [0m [36minput[0m=[35m326[0m [36mpassed[0m=[35m4[0m
[2m2026-04-04T00:01:33.227992Z[0m [[32m[1minfo     [0m] [1mdedup                         [0m [36mafter[0m=[35m4[0m [36mbefore[0m=[35m4[0m
[2m2026-04-04T00:01:33.228131Z[0m [[32m[1minfo     [0m] [1mfulltext_selection            [0m [36mcandidates[0m=[35m4[0m [36mfiltered[0m=[35m4[0m [36mmode[0m=[35mhigh-value[0m [36mticker[0m=[35mLRCX[0m
[2m2026-04-04T00:01:34.868042Z[0m [[32m[1minfo     [0m] [1mfetch                         [0m [36mstatus[0m=[35m200[0m [36murl[0m=[35mhttps://www.marketbeat.com/instant-alerts/filing-yhb-investment-advisors-inc-makes-new-188[0m
[2m2026-04-04T00:01:35.041948Z[0m [[32m[1minfo     [0m] [1mfetch                         [0m [36mstatus[0m=[35m403[0m [36murl[0m=[35mhttps://www.investing.com/news/analyst-ratings/erste-group-downgrades-lam-research-stock-r[0m
[2m2026-04-04T00:01:35.274669Z[0m [[32m[1minfo     [0m] [1mfetch                         [0m [36mstatus[0m=[35m200[0m [36murl[0m=[35mhttps://www.marketbeat.com/instant-alerts/filing-kwmg-llc-has-1310-million-position-in-lam[0m
[2m2026-04-04T00:01:35.342853Z[0m [[32m[1minfo     [0m] [1mfetch                         [0m [36mstatus[0m=[35m200[0m [36murl[0m=[35mhttps://www.marketbeat.com/instant-alerts/lam-research-nasdaqlrcx-stock-price-down-16-on-a[0m
[2m2026-04-04T00:01:35.573054Z[0m [[32m[1minfo     [0m] [1mcrawling                      [0m [36mchannel[0m=[35mGoogle->Benzinga[0m [36mtag[0m=[35mgoogle_benzinga[0m
[2m2026-04-04T00:01:37.984206Z[0m [[32m[1minfo     [0m] [1mfetch                         [0m [36mstatus[0m=[35m200[0m [36murl[0m=[35m'https://news.google.com/rss/search?q=KLAC+site:benzinga.com&hl=en-US&gl=US&ceid=US:en'[0m
[2m2026-04-04T00:01:38.014504Z[0m [[32m[1minfo     [0m] [1mparsed                        [0m [36mchannel[0m=[35mgoogle_benzinga[0m [36mraw[0m=[35m30[0m
[2m2026-04-04T00:01:40.020787Z[0m [[32m[1minfo     [0m] [1mfetch                         [0m [36mstatus[0m=[35m200[0m [36murl[0m=[35m'https://news.google.com/rss/search?q=KLAC+site:benzinga.com&hl=en-US&gl=US&ceid=US:en'[0m
[2m2026-04-04T00:01:40.054791Z[0m [[32m[1minfo     [0m] [1mparsed                        [0m [36mchannel[0m=[35mgoogle_benzinga[0m [36mraw[0m=[35m30[0m
[2m2026-04-04T00:01:40.055003Z[0m [[32m[1minfo     [0m] [1mcrawling                      [0m [36mchannel[0m=[35m'Google News (all)'[0m [36mtag[0m=[35mgoogle_broad[0m
[2m2026-04-04T00:01:42.475797Z[0m [[32m[1minfo     [0m] [1mfetch                         [0m [36mstatus[0m=[35m200[0m [36murl[0m=[35m'https://news.google.com/rss/search?q=KLAC+stock+news&hl=en-US&gl=US&ceid=US:en'[0m
[2m2026-04-04T00:01:42.622435Z[0m [[32m[1minfo     [0m] [1mparsed                        [0m [36mchannel[0m=[35mgoogle_broad[0m [36mraw[0m=[35m100[0m
[2m2026-04-04T00:01:45.008149Z[0m [[32m[1minfo     [0m] [1mfetch                         [0m [36mstatus[0m=[35m200[0m [36murl[0m=[35m'https://news.google.com/rss/search?q=KLAC+earnings+analysis&hl=en-US&gl=US&ceid=US:en'[0m
[2m2026-04-04T00:01:45.062005Z[0m [[32m[1minfo     [0m] [1mparsed                        [0m [36mchannel[0m=[35mgoogle_broad[0m [36mraw[0m=[35m48[0m
[2m2026-04-04T00:01:45.063699Z[0m [[32m[1minfo     [0m] [1mquality_filter                [0m [36minput[0m=[35m208[0m [36mpassed[0m=[35m1[0m
[2m2026-04-04T00:01:45.064060Z[0m [[32m[1minfo     [0m] [1mdedup                         [0m [36mafter[0m=[35m1[0m [36mbefore[0m=[35m1[0m
[2m2026-04-04T00:01:45.064247Z[0m [[32m[1minfo     [0m] [1mfulltext_selection            [0m [36mcandidates[0m=[35m0[0m [36mfiltered[0m=[35m1[0m [36mmode[0m=[35mhigh-value[0m [36mticker[0m=[35mKLAC[0m
[2m2026-04-04T00:01:45.065336Z[0m [[32m[1minfo     [0m] [1mcrawling                      [0m [36mchannel[0m=[35mGoogle->Benzinga[0m [36mtag[0m=[35mgoogle_benzinga[0m
[2m2026-04-04T00:01:47.550940Z[0m [[32m[1minfo     [0m] [1mfetch                         [0m [36mstatus[0m=[35m200[0m [36murl[0m=[35m'https://news.google.com/rss/search?q=TXN+texas+instruments+site:benzinga.com&hl=en-US&gl=U'[0m
[2m2026-04-04T00:01:47.689682Z[0m [[32m[1minfo     [0m] [1mparsed                        [0m [36mchannel[0m=[35mgoogle_benzinga[0m [36mraw[0m=[35m100[0m
[2m2026-04-04T00:01:50.114126Z[0m [[32m[1minfo     [0m] [1mfetch                         [0m [36mstatus[0m=[35m200[0m [36murl[0m=[35m'https://news.google.com/rss/search?q=texas+instruments+site:benzinga.com&hl=en-US&gl=US&ce'[0m
[2m2026-04-04T00:01:50.245075Z[0m [[32m[1minfo     [0m] [1mparsed                        [0m [36mchannel[0m=[35mgoogle_benzinga[0m [36mraw[0m=[35m100[0m
[2m2026-04-04T00:01:50.245260Z[0m [[32m[1minfo     [0m] [1mcrawling                      [0m [36mchannel[0m=[35m'Google News (all)'[0m [36mtag[0m=[35mgoogle_broad[0m
[2m2026-04-04T00:01:52.773681Z[0m [[32m[1minfo     [0m] [1mfetch                         [0m [36mstatus[0m=[35m200[0m [36murl[0m=[35m'https://news.google.com/rss/search?q=TXN+texas+instruments+stock+news&hl=en-US&gl=US&ceid='[0m
[2m2026-04-04T00:01:52.919921Z[0m [[32m[1minfo     [0m] [1mparsed                        [0m [36mchannel[0m=[35mgoogle_broad[0m [36mraw[0m=[35m100[0m
[2m2026-04-04T00:01:55.445539Z[0m [[32m[1minfo     [0m] [1mfetch                         [0m [36mstatus[0m=[35m200[0m [36murl[0m=[35m'https://news.google.com/rss/search?q=TXN+texas+instruments+earnings+analysis&hl=en-US&gl=U'[0m
[2m2026-04-04T00:01:55.599254Z[0m [[32m[1minfo     [0m] [1mparsed                        [0m [36mchannel[0m=[35mgoogle_broad[0m [36mraw[0m=[35m100[0m
[2m2026-04-04T00:01:55.602389Z[0m [[32m[1minfo     [0m] [1mquality_filter                [0m [36minput[0m=[35m400[0m [36mpassed[0m=[35m7[0m
[2m2026-04-04T00:01:55.603443Z[0m [[32m[1minfo     [0m] [1mdedup                         [0m [36mafter[0m=[35m7[0m [36mbefore[0m=[35m7[0m
[2m2026-04-04T00:01:55.603653Z[0m [[32m[1minfo     [0m] [1mfulltext_selection            [0m [36mcandidates[0m=[35m5[0m [36mfiltered[0m=[35m7[0m [36mmode[0m=[35mhigh-value[0m [36mticker[0m=[35mTXN[0m
[2m2026-04-04T00:01:57.424362Z[0m [[32m[1minfo     [0m] [1mfetch                         [0m [36mstatus[0m=[35m200[0m [36murl[0m=[35mhttps://www.msn.com/en-us/money/topstocks/earnings-preview-what-to-expect-from-texas-instr[0m
[2m2026-04-04T00:01:57.567102Z[0m [[32m[1minfo     [0m] [1mfetch                         [0m [36mstatus[0m=[35m200[0m [36murl[0m=[35mhttps://www.marketbeat.com/instant-alerts/filing-eldred-rock-partners-llc-decreases-stake-[0m
[2m2026-04-04T00:01:57.616354Z[0m [[32m[1minfo     [0m] [1mfetch                         [0m [36mstatus[0m=[35m200[0m [36murl[0m=[35mhttps://www.marketbeat.com/instant-alerts/filing-matrix-asset-advisors-inc-ny-grows-stake-[0m
[2m2026-04-04T00:01:57.729519Z[0m [[32m[1minfo     [0m] [1mfetch                         [0m [36mstatus[0m=[35m200[0m [36murl[0m=[35mhttps://www.marketbeat.com/instant-alerts/filing-spire-wealth-management-has-400000-stake-[0m
[2m2026-04-04T00:01:58.010761Z[0m [[32m[1minfo     [0m] [1mfetch                         [0m [36mstatus[0m=[35m200[0m [36murl[0m=[35mhttps://www.marketbeat.com/instant-alerts/filing-hf-advisory-group-llc-increases-position-[0m
[2m2026-04-04T00:01:58.281698Z[0m [[32m[1minfo     [0m] [1mcrawling                      [0m [36mchannel[0m=[35mGoogle->Benzinga[0m [36mtag[0m=[35mgoogle_benzinga[0m
[2m2026-04-04T00:02:00.806799Z[0m [[32m[1minfo     [0m] [1mfetch                         [0m [36mstatus[0m=[35m200[0m [36murl[0m=[35m'https://news.google.com/rss/search?q=ADI+analog+devices+site:benzinga.com&hl=en-US&gl=US&c'[0m
[2m2026-04-04T00:02:00.951227Z[0m [[32m[1minfo     [0m] [1mparsed                        [0m [36mchannel[0m=[35mgoogle_benzinga[0m [36mraw[0m=[35m100[0m
[2m2026-04-04T00:02:03.377836Z[0m [[32m[1minfo     [0m] [1mfetch                         [0m [36mstatus[0m=[35m200[0m [36murl[0m=[35m'https://news.google.com/rss/search?q=analog+devices+site:benzinga.com&hl=en-US&gl=US&ceid='[0m
[2m2026-04-04T00:02:03.535492Z[0m [[32m[1minfo     [0m] [1mparsed                        [0m [36mchannel[0m=[35mgoogle_benzinga[0m [36mraw[0m=[35m100[0m
[2m2026-04-04T00:02:03.535695Z[0m [[32m[1minfo     [0m] [1mcrawling                      [0m [36mchannel[0m=[35m'Google News (all)'[0m [36mtag[0m=[35mgoogle_broad[0m
[2m2026-04-04T00:02:06.021433Z[0m [[32m[1minfo     [0m] [1mfetch                         [0m [36mstatus[0m=[35m200[0m [36murl[0m=[35m'https://news.google.com/rss/search?q=ADI+analog+devices+stock+news&hl=en-US&gl=US&ceid=US:'[0m
[2m2026-04-04T00:02:06.220869Z[0m [[32m[1minfo     [0m] [1mparsed                        [0m [36mchannel[0m=[35mgoogle_broad[0m [36mraw[0m=[35m100[0m
[2m2026-04-04T00:02:08.637558Z[0m [[32m[1minfo     [0m] [1mfetch                         [0m [36mstatus[0m=[35m200[0m [36murl[0m=[35m'https://news.google.com/rss/search?q=ADI+analog+devices+earnings+analysis&hl=en-US&gl=US&c'[0m
[2m2026-04-04T00:02:08.754108Z[0m [[32m[1minfo     [0m] [1mparsed                        [0m [36mchannel[0m=[35mgoogle_broad[0m [36mraw[0m=[35m70[0m
[2m2026-04-04T00:02:08.756901Z[0m [[32m[1minfo     [0m] [1mquality_filter                [0m [36minput[0m=[35m370[0m [36mpassed[0m=[35m7[0m
[2m2026-04-04T00:02:08.757950Z[0m [[32m[1minfo     [0m] [1mdedup                         [0m [36mafter[0m=[35m7[0m [36mbefore[0m=[35m7[0m
[2m2026-04-04T00:02:08.758135Z[0m [[32m[1minfo     [0m] [1mfulltext_selection            [0m [36mcandidates[0m=[35m5[0m [36mfiltered[0m=[35m7[0m [36mmode[0m=[35mhigh-value[0m [36mticker[0m=[35mADI[0m
[2m2026-04-04T00:02:10.465272Z[0m [[32m[1minfo     [0m] [1mfetch                         [0m [36mstatus[0m=[35m200[0m [36murl[0m=[35mhttps://www.marketbeat.com/instant-alerts/filing-aberdeen-group-plc-has-22202-million-posi[0m
[2m2026-04-04T00:02:10.880845Z[0m [[32m[1minfo     [0m] [1mfetch                         [0m [36mstatus[0m=[35m200[0m [36murl[0m=[35mhttps://www.marketbeat.com/instant-alerts/filing-empirical-financial-services-llc-dba-empi[0m
[2m2026-04-04T00:02:10.949473Z[0m [[32m[1minfo     [0m] [1mfetch                         [0m [36mstatus[0m=[35m200[0m [36murl[0m=[35mhttps://www.marketbeat.com/instant-alerts/filing-analog-devices-inc-adi-shares-bought-by-h[0m
[2m2026-04-04T00:02:11.116280Z[0m [[32m[1minfo     [0m] [1mfetch                         [0m [36mstatus[0m=[35m200[0m [36murl[0m=[35mhttps://www.marketbeat.com/instant-alerts/analog-devices-nasdaqadi-ceo-sells-318140000-in-[0m
[2m2026-04-04T00:02:11.451856Z[0m [[32m[1minfo     [0m] [1mfetch                         [0m [36mstatus[0m=[35m200[0m [36murl[0m=[35mhttps://www.stocktitan.net/sec-filings/ADI/form-4-analog-devices-inc-insider-trading-activ[0m
[2m2026-04-04T00:02:11.678270Z[0m [[32m[1minfo     [0m] [1mcrawling                      [0m [36mchannel[0m=[35mGoogle->Benzinga[0m [36mtag[0m=[35mgoogle_benzinga[0m
[2m2026-04-04T00:02:14.162860Z[0m [[32m[1minfo     [0m] [1mfetch                         [0m [36mstatus[0m=[35m200[0m [36murl[0m=[35m'https://news.google.com/rss/search?q=ANET+site:benzinga.com&hl=en-US&gl=US&ceid=US:en'[0m
[2m2026-04-04T00:02:14.213941Z[0m [[32m[1minfo     [0m] [1mparsed                        [0m [36mchannel[0m=[35mgoogle_benzinga[0m [36mraw[0m=[35m61[0m
[2m2026-04-04T00:02:16.219870Z[0m [[32m[1minfo     [0m] [1mfetch                         [0m [36mstatus[0m=[35m200[0m [36murl[0m=[35m'https://news.google.com/rss/search?q=ANET+site:benzinga.com&hl=en-US&gl=US&ceid=US:en'[0m
[2m2026-04-04T00:02:16.257850Z[0m [[32m[1minfo     [0m] [1mparsed                        [0m [36mchannel[0m=[35mgoogle_benzinga[0m [36mraw[0m=[35m61[0m
[2m2026-04-04T00:02:16.258017Z[0m [[32m[1minfo     [0m] [1mcrawling                      [0m [36mchannel[0m=[35m'Google News (all)'[0m [36mtag[0m=[35mgoogle_broad[0m
[2m2026-04-04T00:02:18.793587Z[0m [[32m[1minfo     [0m] [1mfetch                         [0m [36mstatus[0m=[35m200[0m [36murl[0m=[35m'https://news.google.com/rss/search?q=ANET+stock+news&hl=en-US&gl=US&ceid=US:en'[0m
[2m2026-04-04T00:02:18.886064Z[0m [[32m[1minfo     [0m] [1mparsed                        [0m [36mchannel[0m=[35mgoogle_broad[0m [36mraw[0m=[35m100[0m
[2m2026-04-04T00:02:21.256476Z[0m [[32m[1minfo     [0m] [1mfetch                         [0m [36mstatus[0m=[35m200[0m [36murl[0m=[35m'https://news.google.com/rss/search?q=ANET+earnings+analysis&hl=en-US&gl=US&ceid=US:en'[0m
[2m2026-04-04T00:02:21.332124Z[0m [[32m[1minfo     [0m] [1mparsed                        [0m [36mchannel[0m=[35mgoogle_broad[0m [36mraw[0m=[35m61[0m
[2m2026-04-04T00:02:21.335201Z[0m [[32m[1minfo     [0m] [1mquality_filter                [0m [36minput[0m=[35m283[0m [36mpassed[0m=[35m5[0m
[2m2026-04-04T00:02:21.336422Z[0m [[32m[1minfo     [0m] [1mdedup                         [0m [36mafter[0m=[35m4[0m [36mbefore[0m=[35m5[0m
[2m2026-04-04T00:02:21.336699Z[0m [[32m[1minfo     [0m] [1mfulltext_selection            [0m [36mcandidates[0m=[35m2[0m [36mfiltered[0m=[35m4[0m [36mmode[0m=[35mhigh-value[0m [36mticker[0m=[35mANET[0m
[2m2026-04-04T00:02:23.453633Z[0m [[32m[1minfo     [0m] [1mfetch                         [0m [36mstatus[0m=[35m200[0m [36murl[0m=[35mhttps://www.marketbeat.com/instant-alerts/arista-networks-nyseanet-stock-rating-upgraded-b[0m
[2m2026-04-04T00:02:24.009121Z[0m [[31m[1merror    [0m] [1mfetch_error                   [0m [36merror[0m=[35m'400, message=\'Got more than 8190 bytes when reading: b"connect-src \\\'self\\\' wss:'[0m [36murl[0m=[35mhttps://finance.yahoo.com/markets/stocks/articles/arista-networks-inc-[0m
[2m2026-04-04T00:02:24.212159Z[0m [[32m[1minfo     [0m] [1mcrawling                      [0m [36mchannel[0m=[35mGoogle->Benzinga[0m [36mtag[0m=[35mgoogle_benzinga[0m
[2m2026-04-04T00:02:26.720016Z[0m [[32m[1minfo     [0m] [1mfetch                         [0m [36mstatus[0m=[35m200[0m [36murl[0m=[35m'https://news.google.com/rss/search?q=QCOM+qualcomm+site:benzinga.com&hl=en-US&gl=US&ceid=U'[0m
[2m2026-04-04T00:02:26.869558Z[0m [[32m[1minfo     [0m] [1mparsed                        [0m [36mchannel[0m=[35mgoogle_benzinga[0m [36mraw[0m=[35m100[0m
[2m2026-04-04T00:02:29.306887Z[0m [[32m[1minfo     [0m] [1mfetch                         [0m [36mstatus[0m=[35m200[0m [36murl[0m=[35m'https://news.google.com/rss/search?q=qualcomm+site:benzinga.com&hl=en-US&gl=US&ceid=US:en'[0m
[2m2026-04-04T00:02:29.443836Z[0m [[32m[1minfo     [0m] [1mparsed                        [0m [36mchannel[0m=[35mgoogle_benzinga[0m [36mraw[0m=[35m100[0m
[2m2026-04-04T00:02:29.444005Z[0m [[32m[1minfo     [0m] [1mcrawling                      [0m [36mchannel[0m=[35m'Google News (all)'[0m [36mtag[0m=[35mgoogle_broad[0m
[2m2026-04-04T00:02:31.935875Z[0m [[32m[1minfo     [0m] [1mfetch                         [0m [36mstatus[0m=[35m200[0m [36murl[0m=[35m'https://news.google.com/rss/search?q=QCOM+qualcomm+stock+news&hl=en-US&gl=US&ceid=US:en'[0m
[2m2026-04-04T00:02:32.082667Z[0m [[32m[1minfo     [0m] [1mparsed                        [0m [36mchannel[0m=[35mgoogle_broad[0m [36mraw[0m=[35m100[0m
[2m2026-04-04T00:02:34.495880Z[0m [[32m[1minfo     [0m] [1mfetch                         [0m [36mstatus[0m=[35m200[0m [36murl[0m=[35m'https://news.google.com/rss/search?q=QCOM+qualcomm+earnings+analysis&hl=en-US&gl=US&ceid=U'[0m
[2m2026-04-04T00:02:34.613472Z[0m [[32m[1minfo     [0m] [1mparsed                        [0m [36mchannel[0m=[35mgoogle_broad[0m [36mraw[0m=[35m73[0m
[2m2026-04-04T00:02:34.615663Z[0m [[32m[1minfo     [0m] [1mquality_filter                [0m [36minput[0m=[35m373[0m [36mpassed[0m=[35m5[0m
[2m2026-04-04T00:02:34.616414Z[0m [[32m[1minfo     [0m] [1mdedup                         [0m [36mafter[0m=[35m5[0m [36mbefore[0m=[35m5[0m
[2m2026-04-04T00:02:34.616617Z[0m [[32m[1minfo     [0m] [1mfulltext_selection            [0m [36mcandidates[0m=[35m1[0m [36mfiltered[0m=[35m5[0m [36mmode[0m=[35mhigh-value[0m [36mticker[0m=[35mQCOM[0m
[2m2026-04-04T00:02:36.574070Z[0m [[32m[1minfo     [0m] [1mfetch                         [0m [36mstatus[0m=[35m200[0m [36murl[0m=[35mhttps://www.marketbeat.com/instant-alerts/filing-westwood-wealth-management-buys-shares-of[0m
[2m2026-04-04T00:02:36.820706Z[0m [[32m[1minfo     [0m] [1mcrawling                      [0m [36mchannel[0m=[35mGoogle->Benzinga[0m [36mtag[0m=[35mgoogle_benzinga[0m
[2m2026-04-04T00:02:39.327526Z[0m [[32m[1minfo     [0m] [1mfetch                         [0m [36mstatus[0m=[35m200[0m [36murl[0m=[35m'https://news.google.com/rss/search?q=WDC+site:benzinga.com&hl=en-US&gl=US&ceid=US:en'[0m
[2m2026-04-04T00:02:39.472301Z[0m [[32m[1minfo     [0m] [1mparsed                        [0m [36mchannel[0m=[35mgoogle_benzinga[0m [36mraw[0m=[35m100[0m
[2m2026-04-04T00:02:41.477522Z[0m [[32m[1minfo     [0m] [1mfetch                         [0m [36mstatus[0m=[35m200[0m [36murl[0m=[35m'https://news.google.com/rss/search?q=WDC+site:benzinga.com&hl=en-US&gl=US&ceid=US:en'[0m
[2m2026-04-04T00:02:41.546055Z[0m [[32m[1minfo     [0m] [1mparsed                        [0m [36mchannel[0m=[35mgoogle_benzinga[0m [36mraw[0m=[35m100[0m
[2m2026-04-04T00:02:41.546244Z[0m [[32m[1minfo     [0m] [1mcrawling                      [0m [36mchannel[0m=[35m'Google News (all)'[0m [36mtag[0m=[35mgoogle_broad[0m
[2m2026-04-04T00:02:44.000165Z[0m [[32m[1minfo     [0m] [1mfetch                         [0m [36mstatus[0m=[35m200[0m [36murl[0m=[35m'https://news.google.com/rss/search?q=WDC+stock+news&hl=en-US&gl=US&ceid=US:en'[0m
[2m2026-04-04T00:02:44.148420Z[0m [[32m[1minfo     [0m] [1mparsed                        [0m [36mchannel[0m=[35mgoogle_broad[0m [36mraw[0m=[35m100[0m
[2m2026-04-04T00:02:46.559009Z[0m [[32m[1minfo     [0m] [1mfetch                         [0m [36mstatus[0m=[35m200[0m [36murl[0m=[35m'https://news.google.com/rss/search?q=WDC+earnings+analysis&hl=en-US&gl=US&ceid=US:en'[0m
[2m2026-04-04T00:02:46.617849Z[0m [[32m[1minfo     [0m] [1mparsed                        [0m [36mchannel[0m=[35mgoogle_broad[0m [36mraw[0m=[35m61[0m
[2m2026-04-04T00:02:46.619677Z[0m [[32m[1minfo     [0m] [1mquality_filter                [0m [36minput[0m=[35m361[0m [36mpassed[0m=[35m3[0m
[2m2026-04-04T00:02:46.620164Z[0m [[32m[1minfo     [0m] [1mdedup                         [0m [36mafter[0m=[35m3[0m [36mbefore[0m=[35m3[0m
[2m2026-04-04T00:02:46.620352Z[0m [[32m[1minfo     [0m] [1mfulltext_selection            [0m [36mcandidates[0m=[35m3[0m [36mfiltered[0m=[35m3[0m [36mmode[0m=[35mhigh-value[0m [36mticker[0m=[35mWDC[0m
[2m2026-04-04T00:02:47.975862Z[0m [[32m[1minfo     [0m] [1mfetch                         [0m [36mstatus[0m=[35m403[0m [36murl[0m=[35mhttps://qz.com/wall-street-analysts-think-western-digital-wdc-is-a-good-investment-is-it[0m
[2m2026-04-04T00:02:48.745496Z[0m [[32m[1minfo     [0m] [1mfetch                         [0m [36mstatus[0m=[35m200[0m [36murl[0m=[35mhttps://www.marketbeat.com/instant-alerts/western-digital-nasdaqwdc-stock-rating-lowered-b[0m
[2m2026-04-04T00:02:49.277444Z[0m [[32m[1minfo     [0m] [1mfetch                         [0m [36mstatus[0m=[35m200[0m [36murl[0m=[35mhttps://www.fxleaders.com/news/2026/04/02/western-digital-wdc-stock-surges-10-on-analyst-u[0m
[2m2026-04-04T00:02:50.352374Z[0m [[32m[1minfo     [0m] [1mcrawling                      [0m [36mchannel[0m=[35mGoogle->Benzinga[0m [36mtag[0m=[35mgoogle_benzinga[0m
[2m2026-04-04T00:02:52.867986Z[0m [[32m[1minfo     [0m] [1mfetch                         [0m [36mstatus[0m=[35m200[0m [36murl[0m=[35m'https://news.google.com/rss/search?q=SNDK+site:benzinga.com&hl=en-US&gl=US&ceid=US:en'[0m
[2m2026-04-04T00:02:53.011115Z[0m [[32m[1minfo     [0m] [1mparsed                        [0m [36mchannel[0m=[35mgoogle_benzinga[0m [36mraw[0m=[35m100[0m
[2m2026-04-04T00:02:55.018181Z[0m [[32m[1minfo     [0m] [1mfetch                         [0m [36mstatus[0m=[35m200[0m [36murl[0m=[35m'https://news.google.com/rss/search?q=SNDK+site:benzinga.com&hl=en-US&gl=US&ceid=US:en'[0m
[2m2026-04-04T00:02:55.077682Z[0m [[32m[1minfo     [0m] [1mparsed                        [0m [36mchannel[0m=[35mgoogle_benzinga[0m [36mraw[0m=[35m100[0m
[2m2026-04-04T00:02:55.077854Z[0m [[32m[1minfo     [0m] [1mcrawling                      [0m [36mchannel[0m=[35m'Google News (all)'[0m [36mtag[0m=[35mgoogle_broad[0m
[2m2026-04-04T00:02:57.579590Z[0m [[32m[1minfo     [0m] [1mfetch                         [0m [36mstatus[0m=[35m200[0m [36murl[0m=[35m'https://news.google.com/rss/search?q=SNDK+stock+news&hl=en-US&gl=US&ceid=US:en'[0m
[2m2026-04-04T00:02:57.718077Z[0m [[32m[1minfo     [0m] [1mparsed                        [0m [36mchannel[0m=[35mgoogle_broad[0m [36mraw[0m=[35m100[0m
[2m2026-04-04T00:03:00.077824Z[0m [[32m[1minfo     [0m] [1mfetch                         [0m [36mstatus[0m=[35m200[0m [36murl[0m=[35m'https://news.google.com/rss/search?q=SNDK+earnings+analysis&hl=en-US&gl=US&ceid=US:en'[0m
[2m2026-04-04T00:03:00.147959Z[0m [[32m[1minfo     [0m] [1mparsed                        [0m [36mchannel[0m=[35mgoogle_broad[0m [36mraw[0m=[35m45[0m
[2m2026-04-04T00:03:00.179374Z[0m [[32m[1minfo     [0m] [1mquality_filter                [0m [36minput[0m=[35m345[0m [36mpassed[0m=[35m8[0m
[2m2026-04-04T00:03:00.180577Z[0m [[32m[1minfo     [0m] [1mdedup                         [0m [36mafter[0m=[35m8[0m [36mbefore[0m=[35m8[0m
[2m2026-04-04T00:03:00.180774Z[0m [[32m[1minfo     [0m] [1mfulltext_selection            [0m [36mcandidates[0m=[35m5[0m [36mfiltered[0m=[35m8[0m [36mmode[0m=[35mhigh-value[0m [36mticker[0m=[35mSNDK[0m
[2m2026-04-04T00:03:01.693247Z[0m [[32m[1minfo     [0m] [1mfetch                         [0m [36mstatus[0m=[35m403[0m [36murl[0m=[35mhttps://www.tipranks.com/news/sandisk-stock-sndk-tops-sp-500-in-q1-2026-is-it-too-late-to-[0m
[2m2026-04-04T00:03:01.806906Z[0m [[32m[1minfo     [0m] [1mfetch                         [0m [36mstatus[0m=[35m200[0m [36murl[0m=[35mhttps://blockonomi.com/sandisk-sndk-stock-bernstein-sets-1000-price-target-amid-post-turbo[0m
[2m2026-04-04T00:03:02.327585Z[0m [[32m[1minfo     [0m] [1mfetch                         [0m [36mstatus[0m=[35m200[0m [36murl[0m=[35mhttps://blockonomi.com/sandisk-sndk-stock-soars-11-following-bullish-analyst-notes-and-gui[0m
[2m2026-04-04T00:03:02.356156Z[0m [[32m[1minfo     [0m] [1mfetch                         [0m [36mstatus[0m=[35m403[0m [36murl[0m=[35mhttps://www.tipranks.com/news/are-micron-mu-and-sandisk-sndk-stocks-overvalued-after-ai-dr[0m
[2m2026-04-04T00:03:02.599568Z[0m [[32m[1minfo     [0m] [1mfetch                         [0m [36mstatus[0m=[35m200[0m [36murl[0m=[35mhttps://www.barchart.com/story/news/1121462/sandisk-was-the-top-performing-s-p-500-stock-i[0m
[2m2026-04-04T00:03:03.019654Z[0m [[32m[1minfo     [0m] [1mcrawling                      [0m [36mchannel[0m=[35mGoogle->Benzinga[0m [36mtag[0m=[35mgoogle_benzinga[0m
[2m2026-04-04T00:03:05.517309Z[0m [[32m[1minfo     [0m] [1mfetch                         [0m [36mstatus[0m=[35m200[0m [36murl[0m=[35m'https://news.google.com/rss/search?q=STX+site:benzinga.com&hl=en-US&gl=US&ceid=US:en'[0m
[2m2026-04-04T00:03:05.674051Z[0m [[32m[1minfo     [0m] [1mparsed                        [0m [36mchannel[0m=[35mgoogle_benzinga[0m [36mraw[0m=[35m97[0m
[2m2026-04-04T00:03:07.678721Z[0m [[32m[1minfo     [0m] [1mfetch                         [0m [36mstatus[0m=[35m200[0m [36murl[0m=[35m'https://news.google.com/rss/search?q=STX+site:benzinga.com&hl=en-US&gl=US&ceid=US:en'[0m
[2m2026-04-04T00:03:07.737351Z[0m [[32m[1minfo     [0m] [1mparsed                        [0m [36mchannel[0m=[35mgoogle_benzinga[0m [36mraw[0m=[35m97[0m
[2m2026-04-04T00:03:07.737519Z[0m [[32m[1minfo     [0m] [1mcrawling                      [0m [36mchannel[0m=[35m'Google News (all)'[0m [36mtag[0m=[35mgoogle_broad[0m
[2m2026-04-04T00:03:10.266712Z[0m [[32m[1minfo     [0m] [1mfetch                         [0m [36mstatus[0m=[35m200[0m [36murl[0m=[35m'https://news.google.com/rss/search?q=STX+stock+news&hl=en-US&gl=US&ceid=US:en'[0m
[2m2026-04-04T00:03:10.400980Z[0m [[32m[1minfo     [0m] [1mparsed                        [0m [36mchannel[0m=[35mgoogle_broad[0m [36mraw[0m=[35m100[0m
[2m2026-04-04T00:03:12.846039Z[0m [[32m[1minfo     [0m] [1mfetch                         [0m [36mstatus[0m=[35m200[0m [36murl[0m=[35m'https://news.google.com/rss/search?q=STX+earnings+analysis&hl=en-US&gl=US&ceid=US:en'[0m
[2m2026-04-04T00:03:12.906813Z[0m [[32m[1minfo     [0m] [1mparsed                        [0m [36mchannel[0m=[35mgoogle_broad[0m [36mraw[0m=[35m64[0m
[2m2026-04-04T00:03:12.908950Z[0m [[32m[1minfo     [0m] [1mquality_filter                [0m [36minput[0m=[35m358[0m [36mpassed[0m=[35m4[0m
[2m2026-04-04T00:03:12.909602Z[0m [[32m[1minfo     [0m] [1mdedup                         [0m [36mafter[0m=[35m4[0m [36mbefore[0m=[35m4[0m
[2m2026-04-04T00:03:12.909763Z[0m [[32m[1minfo     [0m] [1mfulltext_selection            [0m [36mcandidates[0m=[35m2[0m [36mfiltered[0m=[35m4[0m [36mmode[0m=[35mhigh-value[0m [36mticker[0m=[35mSTX[0m
[2m2026-04-04T00:03:15.041924Z[0m [[32m[1minfo     [0m] [1mfetch                         [0m [36mstatus[0m=[35m200[0m [36murl[0m=[35mhttps://www.marketbeat.com/instant-alerts/seagate-technology-nasdaqstx-ceo-william-mosley-[0m
[2m2026-04-04T00:03:15.462889Z[0m [[32m[1minfo     [0m] [1mfetch                         [0m [36mstatus[0m=[35m200[0m [36murl[0m=[35mhttps://www.stocktitan.net/sec-filings/STX/form-4-seagate-technology-holdings-plc-insider-[0m
[2m2026-04-04T00:03:15.686957Z[0m [[32m[1minfo     [0m] [1mcrawling                      [0m [36mchannel[0m=[35mGoogle->Benzinga[0m [36mtag[0m=[35mgoogle_benzinga[0m
[2m2026-04-04T00:03:18.308717Z[0m [[32m[1minfo     [0m] [1mfetch                         [0m [36mstatus[0m=[35m200[0m [36murl[0m=[35m'https://news.google.com/rss/search?q=CDNS+site:benzinga.com&hl=en-US&gl=US&ceid=US:en'[0m
[2m2026-04-04T00:03:18.459835Z[0m [[32m[1minfo     [0m] [1mparsed                        [0m [36mchannel[0m=[35mgoogle_benzinga[0m [36mraw[0m=[35m100[0m
[2m2026-04-04T00:03:20.465175Z[0m [[32m[1minfo     [0m] [1mfetch                         [0m [36mstatus[0m=[35m200[0m [36murl[0m=[35m'https://news.google.com/rss/search?q=CDNS+site:benzinga.com&hl=en-US&gl=US&ceid=US:en'[0m
[2m2026-04-04T00:03:20.547505Z[0m [[32m[1minfo     [0m] [1mparsed                        [0m [36mchannel[0m=[35mgoogle_benzinga[0m [36mraw[0m=[35m100[0m
[2m2026-04-04T00:03:20.547678Z[0m [[32m[1minfo     [0m] [1mcrawling                      [0m [36mchannel[0m=[35m'Google News (all)'[0m [36mtag[0m=[35mgoogle_broad[0m
[2m2026-04-04T00:03:22.936132Z[0m [[32m[1minfo     [0m] [1mfetch                         [0m [36mstatus[0m=[35m200[0m [36murl[0m=[35m'https://news.google.com/rss/search?q=CDNS+stock+news&hl=en-US&gl=US&ceid=US:en'[0m
[2m2026-04-04T00:03:23.112075Z[0m [[32m[1minfo     [0m] [1mparsed                        [0m [36mchannel[0m=[35mgoogle_broad[0m [36mraw[0m=[35m100[0m
[2m2026-04-04T00:03:25.459838Z[0m [[32m[1minfo     [0m] [1mfetch                         [0m [36mstatus[0m=[35m200[0m [36murl[0m=[35m'https://news.google.com/rss/search?q=CDNS+earnings+analysis&hl=en-US&gl=US&ceid=US:en'[0m
[2m2026-04-04T00:03:25.498525Z[0m [[32m[1minfo     [0m] [1mparsed                        [0m [36mchannel[0m=[35mgoogle_broad[0m [36mraw[0m=[35m41[0m
[2m2026-04-04T00:03:25.500280Z[0m [[32m[1minfo     [0m] [1mquality_filter                [0m [36minput[0m=[35m341[0m [36mpassed[0m=[35m1[0m
[2m2026-04-04T00:03:25.500559Z[0m [[32m[1minfo     [0m] [1mdedup                         [0m [36mafter[0m=[35m1[0m [36mbefore[0m=[35m1[0m
[2m2026-04-04T00:03:25.500676Z[0m [[32m[1minfo     [0m] [1mfulltext_selection            [0m [36mcandidates[0m=[35m0[0m [36mfiltered[0m=[35m1[0m [36mmode[0m=[35mhigh-value[0m [36mticker[0m=[35mCDNS[0m
[2m2026-04-04T00:03:25.501405Z[0m [[32m[1minfo     [0m] [1mcrawling                      [0m [36mchannel[0m=[35mGoogle->Benzinga[0m [36mtag[0m=[35mgoogle_benzinga[0m
[2m2026-04-04T00:03:27.974956Z[0m [[32m[1minfo     [0m] [1mfetch                         [0m [36mstatus[0m=[35m200[0m [36murl[0m=[35m'https://news.google.com/rss/search?q=SNPS+site:benzinga.com&hl=en-US&gl=US&ceid=US:en'[0m
[2m2026-04-04T00:03:28.116950Z[0m [[32m[1minfo     [0m] [1mparsed                        [0m [36mchannel[0m=[35mgoogle_benzinga[0m [36mraw[0m=[35m94[0m
[2m2026-04-04T00:03:30.125854Z[0m [[32m[1minfo     [0m] [1mfetch                         [0m [36mstatus[0m=[35m200[0m [36murl[0m=[35m'https://news.google.com/rss/search?q=SNPS+site:benzinga.com&hl=en-US&gl=US&ceid=US:en'[0m
[2m2026-04-04T00:03:30.187505Z[0m [[32m[1minfo     [0m] [1mparsed                        [0m [36mchannel[0m=[35mgoogle_benzinga[0m [36mraw[0m=[35m94[0m
[2m2026-04-04T00:03:30.187677Z[0m [[32m[1minfo     [0m] [1mcrawling                      [0m [36mchannel[0m=[35m'Google News (all)'[0m [36mtag[0m=[35mgoogle_broad[0m
[2m2026-04-04T00:03:32.569559Z[0m [[32m[1minfo     [0m] [1mfetch                         [0m [36mstatus[0m=[35m200[0m [36murl[0m=[35m'https://news.google.com/rss/search?q=SNPS+stock+news&hl=en-US&gl=US&ceid=US:en'[0m
[2m2026-04-04T00:03:32.712490Z[0m [[32m[1minfo     [0m] [1mparsed                        [0m [36mchannel[0m=[35mgoogle_broad[0m [36mraw[0m=[35m100[0m
[2m2026-04-04T00:03:35.064973Z[0m [[32m[1minfo     [0m] [1mfetch                         [0m [36mstatus[0m=[35m200[0m [36murl[0m=[35m'https://news.google.com/rss/search?q=SNPS+earnings+analysis&hl=en-US&gl=US&ceid=US:en'[0m
[2m2026-04-04T00:03:35.109041Z[0m [[32m[1minfo     [0m] [1mparsed                        [0m [36mchannel[0m=[35mgoogle_broad[0m [36mraw[0m=[35m48[0m
[2m2026-04-04T00:03:35.109935Z[0m [[32m[1minfo     [0m] [1mquality_filter                [0m [36minput[0m=[35m336[0m [36mpassed[0m=[35m0[0m
[2m2026-04-04T00:03:35.110107Z[0m [[32m[1minfo     [0m] [1mdedup                         [0m [36mafter[0m=[35m0[0m [36mbefore[0m=[35m0[0m
[2m2026-04-04T00:03:35.110187Z[0m [[32m[1minfo     [0m] [1mfulltext_selection            [0m [36mcandidates[0m=[35m0[0m [36mfiltered[0m=[35m0[0m [36mmode[0m=[35mhigh-value[0m [36mticker[0m=[35mSNPS[0m
[2m2026-04-04T00:03:35.110969Z[0m [[32m[1minfo     [0m] [1mcrawling                      [0m [36mchannel[0m=[35mGoogle->Benzinga[0m [36mtag[0m=[35mgoogle_benzinga[0m
[2m2026-04-04T00:03:37.539420Z[0m [[32m[1minfo     [0m] [1mfetch                         [0m [36mstatus[0m=[35m200[0m [36murl[0m=[35m'https://news.google.com/rss/search?q=NXPI+site:benzinga.com&hl=en-US&gl=US&ceid=US:en'[0m
[2m2026-04-04T00:03:37.571717Z[0m [[32m[1minfo     [0m] [1mparsed                        [0m [36mchannel[0m=[35mgoogle_benzinga[0m [36mraw[0m=[35m40[0m
[2m2026-04-04T00:03:39.577125Z[0m [[32m[1minfo     [0m] [1mfetch                         [0m [36mstatus[0m=[35m200[0m [36murl[0m=[35m'https://news.google.com/rss/search?q=NXPI+site:benzinga.com&hl=en-US&gl=US&ceid=US:en'[0m
[2m2026-04-04T00:03:39.602584Z[0m [[32m[1minfo     [0m] [1mparsed                        [0m [36mchannel[0m=[35mgoogle_benzinga[0m [36mraw[0m=[35m40[0m
[2m2026-04-04T00:03:39.602749Z[0m [[32m[1minfo     [0m] [1mcrawling                      [0m [36mchannel[0m=[35m'Google News (all)'[0m [36mtag[0m=[35mgoogle_broad[0m
[2m2026-04-04T00:03:42.046600Z[0m [[32m[1minfo     [0m] [1mfetch                         [0m [36mstatus[0m=[35m200[0m [36murl[0m=[35m'https://news.google.com/rss/search?q=NXPI+stock+news&hl=en-US&gl=US&ceid=US:en'[0m
[2m2026-04-04T00:03:42.197166Z[0m [[32m[1minfo     [0m] [1mparsed                        [0m [36mchannel[0m=[35mgoogle_broad[0m [36mraw[0m=[35m100[0m
[2m2026-04-04T00:03:44.569545Z[0m [[32m[1minfo     [0m] [1mfetch                         [0m [36mstatus[0m=[35m200[0m [36murl[0m=[35m'https://news.google.com/rss/search?q=NXPI+earnings+analysis&hl=en-US&gl=US&ceid=US:en'[0m
[2m2026-04-04T00:03:44.617666Z[0m [[32m[1minfo     [0m] [1mparsed                        [0m [36mchannel[0m=[35mgoogle_broad[0m [36mraw[0m=[35m53[0m
[2m2026-04-04T00:03:44.619235Z[0m [[32m[1minfo     [0m] [1mquality_filter                [0m [36minput[0m=[35m233[0m [36mpassed[0m=[35m3[0m
[2m2026-04-04T00:03:44.619649Z[0m [[32m[1minfo     [0m] [1mdedup                         [0m [36mafter[0m=[35m1[0m [36mbefore[0m=[35m3[0m
[2m2026-04-04T00:03:44.619742Z[0m [[32m[1minfo     [0m] [1mfulltext_selection            [0m [36mcandidates[0m=[35m1[0m [36mfiltered[0m=[35m1[0m [36mmode[0m=[35mhigh-value[0m [36mticker[0m=[35mNXPI[0m
[2m2026-04-04T00:03:47.117053Z[0m [[32m[1minfo     [0m] [1mfetch                         [0m [36mstatus[0m=[35m200[0m [36murl[0m=[35mhttps://markets.financialcontent.com/stocks/article/barchart-2026-4-2-heres-what-to-expect[0m
[2m2026-04-04T00:03:47.513909Z[0m [[32m[1minfo     [0m] [1mcrawling                      [0m [36mchannel[0m=[35mGoogle->Benzinga[0m [36mtag[0m=[35mgoogle_benzinga[0m
[2m2026-04-04T00:03:49.940703Z[0m [[32m[1minfo     [0m] [1mfetch                         [0m [36mstatus[0m=[35m200[0m [36murl[0m=[35m'https://news.google.com/rss/search?q=MPWR+monolithic+power+site:benzinga.com&hl=en-US&gl=U'[0m
[2m2026-04-04T00:03:49.970542Z[0m [[32m[1minfo     [0m] [1mparsed                        [0m [36mchannel[0m=[35mgoogle_benzinga[0m [36mraw[0m=[35m28[0m
[2m2026-04-04T00:03:52.326992Z[0m [[32m[1minfo     [0m] [1mfetch                         [0m [36mstatus[0m=[35m200[0m [36murl[0m=[35m'https://news.google.com/rss/search?q=monolithic+power+site:benzinga.com&hl=en-US&gl=US&cei'[0m
[2m2026-04-04T00:03:52.383635Z[0m [[32m[1minfo     [0m] [1mparsed                        [0m [36mchannel[0m=[35mgoogle_benzinga[0m [36mraw[0m=[35m74[0m
[2m2026-04-04T00:03:52.383799Z[0m [[32m[1minfo     [0m] [1mcrawling                      [0m [36mchannel[0m=[35m'Google News (all)'[0m [36mtag[0m=[35mgoogle_broad[0m
[2m2026-04-04T00:03:54.840795Z[0m [[32m[1minfo     [0m] [1mfetch                         [0m [36mstatus[0m=[35m200[0m [36murl[0m=[35m'https://news.google.com/rss/search?q=MPWR+monolithic+power+stock+news&hl=en-US&gl=US&ceid='[0m
[2m2026-04-04T00:03:54.974687Z[0m [[32m[1minfo     [0m] [1mparsed                        [0m [36mchannel[0m=[35mgoogle_broad[0m [36mraw[0m=[35m100[0m
[2m2026-04-04T00:03:57.435132Z[0m [[32m[1minfo     [0m] [1mfetch                         [0m [36mstatus[0m=[35m200[0m [36murl[0m=[35m'https://news.google.com/rss/search?q=MPWR+monolithic+power+earnings+analysis&hl=en-US&gl=U'[0m
[2m2026-04-04T00:03:57.488817Z[0m [[32m[1minfo     [0m] [1mparsed                        [0m [36mchannel[0m=[35mgoogle_broad[0m [36mraw[0m=[35m51[0m
[2m2026-04-04T00:03:57.491552Z[0m [[32m[1minfo     [0m] [1mquality_filter                [0m [36minput[0m=[35m253[0m [36mpassed[0m=[35m8[0m
[2m2026-04-04T00:03:57.492745Z[0m [[32m[1minfo     [0m] [1mdedup                         [0m [36mafter[0m=[35m8[0m [36mbefore[0m=[35m8[0m
[2m2026-04-04T00:03:57.492968Z[0m [[32m[1minfo     [0m] [1mfulltext_selection            [0m [36mcandidates[0m=[35m3[0m [36mfiltered[0m=[35m8[0m [36mmode[0m=[35mhigh-value[0m [36mticker[0m=[35mMPWR[0m
[2m2026-04-04T00:03:59.427439Z[0m [[32m[1minfo     [0m] [1mfetch                         [0m [36mstatus[0m=[35m200[0m [36murl[0m=[35mhttps://www.marketbeat.com/instant-alerts/monolithic-power-systems-nasdaqmpwr-evp-sells-15[0m
[2m2026-04-04T00:03:59.526109Z[0m [[32m[1minfo     [0m] [1mfetch                         [0m [36mstatus[0m=[35m200[0m [36murl[0m=[35mhttps://www.marketbeat.com/instant-alerts/monolithic-power-systems-inc-nasdaqmpwr-given-av[0m
[2m2026-04-04T00:03:59.860471Z[0m [[32m[1minfo     [0m] [1mfetch                         [0m [36mstatus[0m=[35m200[0m [36murl[0m=[35mhttps://www.marketbeat.com/instant-alerts/monolithic-power-systems-nasdaqmpwr-evp-sells-25[0m
[2m2026-04-04T00:04:00.074000Z[0m [[32m[1minfo     [0m] [1mcrawling                      [0m [36mchannel[0m=[35mGoogle->Benzinga[0m [36mtag[0m=[35mgoogle_benzinga[0m
[2m2026-04-04T00:04:02.567394Z[0m [[32m[1minfo     [0m] [1mfetch                         [0m [36mstatus[0m=[35m200[0m [36murl[0m=[35m'https://news.google.com/rss/search?q=TER+teradyne+site:benzinga.com&hl=en-US&gl=US&ceid=US'[0m
[2m2026-04-04T00:04:02.751645Z[0m [[32m[1minfo     [0m] [1mparsed                        [0m [36mchannel[0m=[35mgoogle_benzinga[0m [36mraw[0m=[35m100[0m
[2m2026-04-04T00:04:05.149580Z[0m [[32m[1minfo     [0m] [1mfetch                         [0m [36mstatus[0m=[35m200[0m [36murl[0m=[35m'https://news.google.com/rss/search?q=teradyne+site:benzinga.com&hl=en-US&gl=US&ceid=US:en'[0m
[2m2026-04-04T00:04:05.298254Z[0m [[32m[1minfo     [0m] [1mparsed                        [0m [36mchannel[0m=[35mgoogle_benzinga[0m [36mraw[0m=[35m100[0m
[2m2026-04-04T00:04:05.298422Z[0m [[32m[1minfo     [0m] [1mcrawling                      [0m [36mchannel[0m=[35m'Google News (all)'[0m [36mtag[0m=[35mgoogle_broad[0m
[2m2026-04-04T00:04:07.792165Z[0m [[32m[1minfo     [0m] [1mfetch                         [0m [36mstatus[0m=[35m200[0m [36murl[0m=[35m'https://news.google.com/rss/search?q=TER+teradyne+stock+news&hl=en-US&gl=US&ceid=US:en'[0m
[2m2026-04-04T00:04:07.936792Z[0m [[32m[1minfo     [0m] [1mparsed                        [0m [36mchannel[0m=[35mgoogle_broad[0m [36mraw[0m=[35m100[0m
[2m2026-04-04T00:04:10.340479Z[0m [[32m[1minfo     [0m] [1mfetch                         [0m [36mstatus[0m=[35m200[0m [36murl[0m=[35m'https://news.google.com/rss/search?q=TER+teradyne+earnings+analysis&hl=en-US&gl=US&ceid=US'[0m
[2m2026-04-04T00:04:10.399073Z[0m [[32m[1minfo     [0m] [1mparsed                        [0m [36mchannel[0m=[35mgoogle_broad[0m [36mraw[0m=[35m64[0m
[2m2026-04-04T00:04:10.401857Z[0m [[32m[1minfo     [0m] [1mquality_filter                [0m [36minput[0m=[35m364[0m [36mpassed[0m=[35m10[0m
[2m2026-04-04T00:04:10.403177Z[0m [[32m[1minfo     [0m] [1mdedup                         [0m [36mafter[0m=[35m8[0m [36mbefore[0m=[35m10[0m
[2m2026-04-04T00:04:10.403386Z[0m [[32m[1minfo     [0m] [1mfulltext_selection            [0m [36mcandidates[0m=[35m5[0m [36mfiltered[0m=[35m8[0m [36mmode[0m=[35mhigh-value[0m [36mticker[0m=[35mTER[0m
[2m2026-04-04T00:04:11.877659Z[0m [[32m[1minfo     [0m] [1mfetch                         [0m [36mstatus[0m=[35m403[0m [36murl[0m=[35mhttps://www.mexc.com/news/1003126[0m
[2m2026-04-04T00:04:12.035519Z[0m [[32m[1minfo     [0m] [1mfetch                         [0m [36mstatus[0m=[35m200[0m [36murl[0m=[35mhttps://www.marketbeat.com/instant-alerts/teradyne-nasdaqter-shares-gap-down-heres-why-202[0m
[2m2026-04-04T00:04:12.564382Z[0m [[32m[1minfo     [0m] [1mfetch                         [0m [36mstatus[0m=[35m403[0m [36murl[0m=[35mhttps://www.mexc.com/news/1002928[0m
[2m2026-04-04T00:04:12.682098Z[0m [[32m[1minfo     [0m] [1mfetch                         [0m [36mstatus[0m=[35m200[0m [36murl[0m=[35mhttps://www.inkl.com/news/what-to-expect-from-teradyne-s-q1-2026-earnings-report[0m
[2m2026-04-04T00:04:13.692923Z[0m [[32m[1minfo     [0m] [1mfetch                         [0m [36mstatus[0m=[35m200[0m [36murl[0m=[35mhttps://moneycheck.com/teradyne-ter-stock-surges-271-ahead-of-crucial-q1-2026-earnings-rep[0m
[2m2026-04-04T00:04:13.931732Z[0m [[32m[1minfo     [0m] [1mcrawling                      [0m [36mchannel[0m=[35mGoogle->Benzinga[0m [36mtag[0m=[35mgoogle_benzinga[0m
[2m2026-04-04T00:04:16.348800Z[0m [[32m[1minfo     [0m] [1mfetch                         [0m [36mstatus[0m=[35m200[0m [36murl[0m=[35m'https://news.google.com/rss/search?q=MCHP+microchip+technology+site:benzinga.com&hl=en-US&'[0m
[2m2026-04-04T00:04:16.375789Z[0m [[32m[1minfo     [0m] [1mparsed                        [0m [36mchannel[0m=[35mgoogle_benzinga[0m [36mraw[0m=[35m32[0m
[2m2026-04-04T00:04:18.762177Z[0m [[32m[1minfo     [0m] [1mfetch                         [0m [36mstatus[0m=[35m200[0m [36murl[0m=[35m'https://news.google.com/rss/search?q=microchip+technology+site:benzinga.com&hl=en-US&gl=US'[0m
[2m2026-04-04T00:04:18.910536Z[0m [[32m[1minfo     [0m] [1mparsed                        [0m [36mchannel[0m=[35mgoogle_benzinga[0m [36mraw[0m=[35m97[0m
[2m2026-04-04T00:04:18.910698Z[0m [[32m[1minfo     [0m] [1mcrawling                      [0m [36mchannel[0m=[35m'Google News (all)'[0m [36mtag[0m=[35mgoogle_broad[0m
[2m2026-04-04T00:04:21.392792Z[0m [[32m[1minfo     [0m] [1mfetch                         [0m [36mstatus[0m=[35m200[0m [36murl[0m=[35m'https://news.google.com/rss/search?q=MCHP+microchip+technology+stock+news&hl=en-US&gl=US&c'[0m
[2m2026-04-04T00:04:21.542941Z[0m [[32m[1minfo     [0m] [1mparsed                        [0m [36mchannel[0m=[35mgoogle_broad[0m [36mraw[0m=[35m100[0m
[2m2026-04-04T00:04:23.923334Z[0m [[32m[1minfo     [0m] [1mfetch                         [0m [36mstatus[0m=[35m200[0m [36murl[0m=[35m'https://news.google.com/rss/search?q=MCHP+microchip+technology+earnings+analysis&hl=en-US&'[0m
[2m2026-04-04T00:04:23.979300Z[0m [[32m[1minfo     [0m] [1mparsed                        [0m [36mchannel[0m=[35mgoogle_broad[0m [36mraw[0m=[35m60[0m
[2m2026-04-04T00:04:23.981598Z[0m [[32m[1minfo     [0m] [1mquality_filter                [0m [36minput[0m=[35m289[0m [36mpassed[0m=[35m6[0m
[2m2026-04-04T00:04:23.982435Z[0m [[32m[1minfo     [0m] [1mdedup                         [0m [36mafter[0m=[35m6[0m [36mbefore[0m=[35m6[0m
[2m2026-04-04T00:04:23.982588Z[0m [[32m[1minfo     [0m] [1mfulltext_selection            [0m [36mcandidates[0m=[35m6[0m [36mfiltered[0m=[35m6[0m [36mmode[0m=[35mhigh-value[0m [36mticker[0m=[35mMCHP[0m
[2m2026-04-04T00:04:26.165599Z[0m [[32m[1minfo     [0m] [1mfetch                         [0m [36mstatus[0m=[35m200[0m [36murl[0m=[35mhttps://www.stocktitan.net/sec-filings/MCHP/form-4-microchip-technology-inc-insider-tradin[0m
[2m2026-04-04T00:04:26.167885Z[0m [[32m[1minfo     [0m] [1mfetch                         [0m [36mstatus[0m=[35m200[0m [36murl[0m=[35mhttps://www.stocktitan.net/sec-filings/MCHP/form-4-microchip-technology-inc-insider-tradin[0m
[2m2026-04-04T00:04:26.440760Z[0m [[32m[1minfo     [0m] [1mfetch                         [0m [36mstatus[0m=[35m429[0m [36murl[0m=[35mhttps://www.stocktitan.net/sec-filings/MCHP/form-4-microchip-technology-inc-insider-tradin[0m
[2m2026-04-04T00:04:26.441148Z[0m [[32m[1minfo     [0m] [1mfetch                         [0m [36mstatus[0m=[35m429[0m [36murl[0m=[35mhttps://www.stocktitan.net/sec-filings/MCHP/form-4-microchip-technology-inc-insider-tradin[0m
[2m2026-04-04T00:04:26.471586Z[0m [[32m[1minfo     [0m] [1mfetch                         [0m [36mstatus[0m=[35m429[0m [36murl[0m=[35mhttps://www.stocktitan.net/news/MCHP/microchip-technology-earns-iec-62443-4-1-ml2-industri[0m
[2m2026-04-04T00:04:26.760917Z[0m [[32m[1minfo     [0m] [1mfetch                         [0m [36mstatus[0m=[35m429[0m [36murl[0m=[35mhttps://www.stocktitan.net/sec-filings/MCHP/form-4-microchip-technology-inc-insider-tradin[0m
[2m2026-04-04T00:04:26.964347Z[0m [[32m[1minfo     [0m] [1mcrawling                      [0m [36mchannel[0m=[35mGoogle->Benzinga[0m [36mtag[0m=[35mgoogle_benzinga[0m
[2m2026-04-04T00:04:29.576709Z[0m [[32m[1minfo     [0m] [1mfetch                         [0m [36mstatus[0m=[35m200[0m [36murl[0m=[35m'https://news.google.com/rss/search?q=ON+on+semiconductor+site:benzinga.com&hl=en-US&gl=US&'[0m
[2m2026-04-04T00:04:29.726199Z[0m [[32m[1minfo     [0m] [1mparsed                        [0m [36mchannel[0m=[35mgoogle_benzinga[0m [36mraw[0m=[35m100[0m
[2m2026-04-04T00:04:32.248016Z[0m [[32m[1minfo     [0m] [1mfetch                         [0m [36mstatus[0m=[35m200[0m [36murl[0m=[35m'https://news.google.com/rss/search?q=on+semiconductor+site:benzinga.com&hl=en-US&gl=US&cei'[0m
[2m2026-04-04T00:04:32.397943Z[0m [[32m[1minfo     [0m] [1mparsed                        [0m [36mchannel[0m=[35mgoogle_benzinga[0m [36mraw[0m=[35m100[0m
[2m2026-04-04T00:04:32.398115Z[0m [[32m[1minfo     [0m] [1mcrawling                      [0m [36mchannel[0m=[35m'Google News (all)'[0m [36mtag[0m=[35mgoogle_broad[0m
[2m2026-04-04T00:04:34.792330Z[0m [[32m[1minfo     [0m] [1mfetch                         [0m [36mstatus[0m=[35m200[0m [36murl[0m=[35m'https://news.google.com/rss/search?q=ON+on+semiconductor+stock+news&hl=en-US&gl=US&ceid=US'[0m
[2m2026-04-04T00:04:34.856949Z[0m [[32m[1minfo     [0m] [1mparsed                        [0m [36mchannel[0m=[35mgoogle_broad[0m [36mraw[0m=[35m70[0m
[2m2026-04-04T00:04:37.250633Z[0m [[32m[1minfo     [0m] [1mfetch                         [0m [36mstatus[0m=[35m200[0m [36murl[0m=[35m'https://news.google.com/rss/search?q=ON+on+semiconductor+earnings+analysis&hl=en-US&gl=US&'[0m
[2m2026-04-04T00:04:37.305714Z[0m [[32m[1minfo     [0m] [1mparsed                        [0m [36mchannel[0m=[35mgoogle_broad[0m [36mraw[0m=[35m45[0m
[2m2026-04-04T00:04:37.308359Z[0m [[32m[1minfo     [0m] [1mquality_filter                [0m [36minput[0m=[35m315[0m [36mpassed[0m=[35m0[0m
[2m2026-04-04T00:04:37.308575Z[0m [[32m[1minfo     [0m] [1mdedup                         [0m [36mafter[0m=[35m0[0m [36mbefore[0m=[35m0[0m
[2m2026-04-04T00:04:37.308691Z[0m [[32m[1minfo     [0m] [1mfulltext_selection            [0m [36mcandidates[0m=[35m0[0m [36mfiltered[0m=[35m0[0m [36mmode[0m=[35mhigh-value[0m [36mticker[0m=[35mON[0m
[2m2026-04-04T00:04:37.309729Z[0m [[32m[1minfo     [0m] [1mcrawling                      [0m [36mchannel[0m=[35mGoogle->Benzinga[0m [36mtag[0m=[35mgoogle_benzinga[0m
[2m2026-04-04T00:04:39.927445Z[0m [[32m[1minfo     [0m] [1mfetch                         [0m [36mstatus[0m=[35m200[0m [36murl[0m=[35m'https://news.google.com/rss/search?q=AAPL+apple+site:benzinga.com&hl=en-US&gl=US&ceid=US:e'[0m
[2m2026-04-04T00:04:40.086822Z[0m [[32m[1minfo     [0m] [1mparsed                        [0m [36mchannel[0m=[35mgoogle_benzinga[0m [36mraw[0m=[35m100[0m
[2m2026-04-04T00:04:42.541485Z[0m [[32m[1minfo     [0m] [1mfetch                         [0m [36mstatus[0m=[35m200[0m [36murl[0m=[35m'https://news.google.com/rss/search?q=apple+site:benzinga.com&hl=en-US&gl=US&ceid=US:en'[0m
[2m2026-04-04T00:04:42.703836Z[0m [[32m[1minfo     [0m] [1mparsed                        [0m [36mchannel[0m=[35mgoogle_benzinga[0m [36mraw[0m=[35m100[0m
[2m2026-04-04T00:04:42.704010Z[0m [[32m[1minfo     [0m] [1mcrawling                      [0m [36mchannel[0m=[35m'Google News (all)'[0m [36mtag[0m=[35mgoogle_broad[0m
[2m2026-04-04T00:04:45.172416Z[0m [[32m[1minfo     [0m] [1mfetch                         [0m [36mstatus[0m=[35m200[0m [36murl[0m=[35m'https://news.google.com/rss/search?q=AAPL+apple+stock+news&hl=en-US&gl=US&ceid=US:en'[0m
[2m2026-04-04T00:04:45.340532Z[0m [[32m[1minfo     [0m] [1mparsed                        [0m [36mchannel[0m=[35mgoogle_broad[0m [36mraw[0m=[35m100[0m
[2m2026-04-04T00:04:47.896127Z[0m [[32m[1minfo     [0m] [1mfetch                         [0m [36mstatus[0m=[35m200[0m [36murl[0m=[35m'https://news.google.com/rss/search?q=AAPL+apple+earnings+analysis&hl=en-US&gl=US&ceid=US:e'[0m
[2m2026-04-04T00:04:48.030224Z[0m [[32m[1minfo     [0m] [1mparsed                        [0m [36mchannel[0m=[35mgoogle_broad[0m [36mraw[0m=[35m100[0m
[2m2026-04-04T00:04:48.033938Z[0m [[32m[1minfo     [0m] [1mquality_filter                [0m [36minput[0m=[35m400[0m [36mpassed[0m=[35m12[0m
[2m2026-04-04T00:04:48.035451Z[0m [[32m[1minfo     [0m] [1mdedup                         [0m [36mafter[0m=[35m9[0m [36mbefore[0m=[35m12[0m
[2m2026-04-04T00:04:48.035659Z[0m [[32m[1minfo     [0m] [1mfulltext_selection            [0m [36mcandidates[0m=[35m6[0m [36mfiltered[0m=[35m9[0m [36mmode[0m=[35mhigh-value[0m [36mticker[0m=[35mAAPL[0m
[2m2026-04-04T00:04:49.387700Z[0m [[32m[1minfo     [0m] [1mfetch                         [0m [36mstatus[0m=[35m403[0m [36murl[0m=[35mhttps://www.investing.com/news/insider-trading-news/apple-ceo-tim-cook-sells-165-million-i[0m
[2m2026-04-04T00:04:49.920966Z[0m [[32m[1minfo     [0m] [1mfetch                         [0m [36mstatus[0m=[35m403[0m [36murl[0m=[35mhttps://www.thestreet.com/investing/stocks/early-apple-aapl-stock-investors-now-earn-a-5-2[0m
[2m2026-04-04T00:04:50.047071Z[0m [[32m[1minfo     [0m] [1mfetch                         [0m [36mstatus[0m=[35m200[0m [36murl[0m=[35mhttps://www.barchart.com/story/news/1116622/aapl-stock-on-watch-iran-threatens-retaliatory[0m
[2m2026-04-04T00:04:50.108177Z[0m [[32m[1minfo     [0m] [1mfetch                         [0m [36mstatus[0m=[35m200[0m [36murl[0m=[35mhttps://www.marketbeat.com/instant-alerts/apple-nasdaqaapl-shares-unloaded-rep-mark-alford[0m
[2m2026-04-04T00:04:50.810023Z[0m [[32m[1minfo     [0m] [1mfetch                         [0m [36mstatus[0m=[35m200[0m [36murl[0m=[35mhttps://www.barchart.com/story/news/1123251/apple-just-turned-50-years-old-is-the-aapl-sto[0m
[2m2026-04-04T00:04:51.216485Z[0m [[32m[1minfo     [0m] [1mcrawling                      [0m [36mchannel[0m=[35mGoogle->Benzinga[0m [36mtag[0m=[35mgoogle_benzinga[0m
[2m2026-04-04T00:04:53.748090Z[0m [[32m[1minfo     [0m] [1mfetch                         [0m [36mstatus[0m=[35m200[0m [36murl[0m=[35m'https://news.google.com/rss/search?q=BRK.B+site:benzinga.com&hl=en-US&gl=US&ceid=US:en'[0m
[2m2026-04-04T00:04:53.884777Z[0m [[32m[1minfo     [0m] [1mparsed                        [0m [36mchannel[0m=[35mgoogle_benzinga[0m [36mraw[0m=[35m100[0m
[2m2026-04-04T00:04:55.891448Z[0m [[32m[1minfo     [0m] [1mfetch                         [0m [36mstatus[0m=[35m200[0m [36murl[0m=[35m'https://news.google.com/rss/search?q=BRK.B+site:benzinga.com&hl=en-US&gl=US&ceid=US:en'[0m
[2m2026-04-04T00:04:55.951533Z[0m [[32m[1minfo     [0m] [1mparsed                        [0m [36mchannel[0m=[35mgoogle_benzinga[0m [36mraw[0m=[35m100[0m
[2m2026-04-04T00:04:55.951706Z[0m [[32m[1minfo     [0m] [1mcrawling                      [0m [36mchannel[0m=[35m'Google News (all)'[0m [36mtag[0m=[35mgoogle_broad[0m
[2m2026-04-04T00:04:58.450586Z[0m [[32m[1minfo     [0m] [1mfetch                         [0m [36mstatus[0m=[35m200[0m [36murl[0m=[35m'https://news.google.com/rss/search?q=BRK.B+stock+news&hl=en-US&gl=US&ceid=US:en'[0m
[2m2026-04-04T00:04:58.595426Z[0m [[32m[1minfo     [0m] [1mparsed                        [0m [36mchannel[0m=[35mgoogle_broad[0m [36mraw[0m=[35m100[0m
[2m2026-04-04T00:05:01.044333Z[0m [[32m[1minfo     [0m] [1mfetch                         [0m [36mstatus[0m=[35m200[0m [36murl[0m=[35m'https://news.google.com/rss/search?q=BRK.B+earnings+analysis&hl=en-US&gl=US&ceid=US:en'[0m
[2m2026-04-04T00:05:01.320424Z[0m [[32m[1minfo     [0m] [1mparsed                        [0m [36mchannel[0m=[35mgoogle_broad[0m [36mraw[0m=[35m100[0m
[2m2026-04-04T00:05:01.322571Z[0m [[32m[1minfo     [0m] [1mquality_filter                [0m [36minput[0m=[35m400[0m [36mpassed[0m=[35m2[0m
[2m2026-04-04T00:05:01.322918Z[0m [[32m[1minfo     [0m] [1mdedup                         [0m [36mafter[0m=[35m2[0m [36mbefore[0m=[35m2[0m
[2m2026-04-04T00:05:01.323038Z[0m [[32m[1minfo     [0m] [1mfulltext_selection            [0m [36mcandidates[0m=[35m0[0m [36mfiltered[0m=[35m2[0m [36mmode[0m=[35mhigh-value[0m [36mticker[0m=[35mBRK.B[0m
[2m2026-04-04T00:05:01.328983Z[0m [[32m[1minfo     [0m] [1mcrawling                      [0m [36mchannel[0m=[35mGoogle->Benzinga[0m [36mtag[0m=[35mgoogle_benzinga[0m
[2m2026-04-04T00:05:04.365055Z[0m [[32m[1minfo     [0m] [1mfetch                         [0m [36mstatus[0m=[35m200[0m [36murl[0m=[35m'https://news.google.com/rss/search?q=WMT+site:benzinga.com&hl=en-US&gl=US&ceid=US:en'[0m
[2m2026-04-04T00:05:04.508411Z[0m [[32m[1minfo     [0m] [1mparsed                        [0m [36mchannel[0m=[35mgoogle_benzinga[0m [36mraw[0m=[35m100[0m
[2m2026-04-04T00:05:06.513342Z[0m [[32m[1minfo     [0m] [1mfetch                         [0m [36mstatus[0m=[35m200[0m [36murl[0m=[35m'https://news.google.com/rss/search?q=WMT+site:benzinga.com&hl=en-US&gl=US&ceid=US:en'[0m
[2m2026-04-04T00:05:06.574276Z[0m [[32m[1minfo     [0m] [1mparsed                        [0m [36mchannel[0m=[35mgoogle_benzinga[0m [36mraw[0m=[35m100[0m
[2m2026-04-04T00:05:06.574445Z[0m [[32m[1minfo     [0m] [1mcrawling                      [0m [36mchannel[0m=[35m'Google News (all)'[0m [36mtag[0m=[35mgoogle_broad[0m
[2m2026-04-04T00:05:09.040872Z[0m [[32m[1minfo     [0m] [1mfetch                         [0m [36mstatus[0m=[35m200[0m [36murl[0m=[35m'https://news.google.com/rss/search?q=WMT+stock+news&hl=en-US&gl=US&ceid=US:en'[0m
[2m2026-04-04T00:05:09.177682Z[0m [[32m[1minfo     [0m] [1mparsed                        [0m [36mchannel[0m=[35mgoogle_broad[0m [36mraw[0m=[35m100[0m
[2m2026-04-04T00:05:11.688148Z[0m [[32m[1minfo     [0m] [1mfetch                         [0m [36mstatus[0m=[35m200[0m [36murl[0m=[35m'https://news.google.com/rss/search?q=WMT+earnings+analysis&hl=en-US&gl=US&ceid=US:en'[0m
[2m2026-04-04T00:05:11.838468Z[0m [[32m[1minfo     [0m] [1mparsed                        [0m [36mchannel[0m=[35mgoogle_broad[0m [36mraw[0m=[35m100[0m
[2m2026-04-04T00:05:11.841960Z[0m [[32m[1minfo     [0m] [1mquality_filter                [0m [36minput[0m=[35m400[0m [36mpassed[0m=[35m14[0m
[2m2026-04-04T00:05:11.844067Z[0m [[32m[1minfo     [0m] [1mdedup                         [0m [36mafter[0m=[35m12[0m [36mbefore[0m=[35m14[0m
[2m2026-04-04T00:05:11.844393Z[0m [[32m[1minfo     [0m] [1mfulltext_selection            [0m [36mcandidates[0m=[35m8[0m [36mfiltered[0m=[35m12[0m [36mmode[0m=[35mhigh-value[0m [36mticker[0m=[35mWMT[0m
[2m2026-04-04T00:05:13.871870Z[0m [[32m[1minfo     [0m] [1mfetch                         [0m [36mstatus[0m=[35m200[0m [36murl[0m=[35mhttps://www.marketbeat.com/instant-alerts/filing-walmart-inc-wmt-shares-purchased-by-compa[0m
[2m2026-04-04T00:05:13.970266Z[0m [[32m[1minfo     [0m] [1mfetch                         [0m [36mstatus[0m=[35m200[0m [36murl[0m=[35mhttps://www.stocktitan.net/sec-filings/WMT/form-4-walmart-inc-insider-trading-activity-e6f[0m
[2m2026-04-04T00:05:14.214072Z[0m [[32m[1minfo     [0m] [1mfetch                         [0m [36mstatus[0m=[35m200[0m [36murl[0m=[35mhttps://www.stocktitan.net/sec-filings/WMT/form-4-walmart-inc-insider-trading-activity-db3[0m
[2m2026-04-04T00:05:14.248877Z[0m [[32m[1minfo     [0m] [1mfetch                         [0m [36mstatus[0m=[35m429[0m [36murl[0m=[35mhttps://www.stocktitan.net/sec-filings/WMT/form-4-walmart-inc-insider-trading-activity-f8c[0m
[2m2026-04-04T00:05:14.262780Z[0m [[32m[1minfo     [0m] [1mfetch                         [0m [36mstatus[0m=[35m200[0m [36murl[0m=[35mhttps://finbold.com/walmart-to-pay-2026s-second-dividend-in-april-heres-how-much-100-wmt-s[0m
[2m2026-04-04T00:05:14.380960Z[0m [[32m[1minfo     [0m] [1mfetch                         [0m [36mstatus[0m=[35m429[0m [36murl[0m=[35mhttps://www.stocktitan.net/sec-filings/WMT/form-4-walmart-inc-insider-trading-activity-6f4[0m
[2m2026-04-04T00:05:15.429395Z[0m [[32m[1minfo     [0m] [1mfetch                         [0m [36mstatus[0m=[35m429[0m [36murl[0m=[35mhttps://www.stocktitan.net/sec-filings/WMT/form-4-walmart-inc-insider-trading-activity-291[0m
[2m2026-04-04T00:05:15.523423Z[0m [[32m[1minfo     [0m] [1mfetch                         [0m [36mstatus[0m=[35m429[0m [36murl[0m=[35mhttps://www.stocktitan.net/sec-filings/WMT/form-4-walmart-inc-insider-trading-activity-d9b[0m
[2m2026-04-04T00:05:15.727164Z[0m [[32m[1minfo     [0m] [1mcrawling                      [0m [36mchannel[0m=[35mGoogle->Benzinga[0m [36mtag[0m=[35mgoogle_benzinga[0m
[2m2026-04-04T00:05:18.343913Z[0m [[32m[1minfo     [0m] [1mfetch                         [0m [36mstatus[0m=[35m200[0m [36murl[0m=[35m'https://news.google.com/rss/search?q=JPM+site:benzinga.com&hl=en-US&gl=US&ceid=US:en'[0m
[2m2026-04-04T00:05:18.473727Z[0m [[32m[1minfo     [0m] [1mparsed                        [0m [36mchannel[0m=[35mgoogle_benzinga[0m [36mraw[0m=[35m100[0m
[2m2026-04-04T00:05:20.478789Z[0m [[32m[1minfo     [0m] [1mfetch                         [0m [36mstatus[0m=[35m200[0m [36murl[0m=[35m'https://news.google.com/rss/search?q=JPM+site:benzinga.com&hl=en-US&gl=US&ceid=US:en'[0m
[2m2026-04-04T00:05:20.539706Z[0m [[32m[1minfo     [0m] [1mparsed                        [0m [36mchannel[0m=[35mgoogle_benzinga[0m [36mraw[0m=[35m100[0m
[2m2026-04-04T00:05:20.539876Z[0m [[32m[1minfo     [0m] [1mcrawling                      [0m [36mchannel[0m=[35m'Google News (all)'[0m [36mtag[0m=[35mgoogle_broad[0m
[2m2026-04-04T00:05:23.017103Z[0m [[32m[1minfo     [0m] [1mfetch                         [0m [36mstatus[0m=[35m200[0m [36murl[0m=[35m'https://news.google.com/rss/search?q=JPM+stock+news&hl=en-US&gl=US&ceid=US:en'[0m
[2m2026-04-04T00:05:23.162522Z[0m [[32m[1minfo     [0m] [1mparsed                        [0m [36mchannel[0m=[35mgoogle_broad[0m [36mraw[0m=[35m100[0m
[2m2026-04-04T00:05:25.660183Z[0m [[32m[1minfo     [0m] [1mfetch                         [0m [36mstatus[0m=[35m200[0m [36murl[0m=[35m'https://news.google.com/rss/search?q=JPM+earnings+analysis&hl=en-US&gl=US&ceid=US:en'[0m
[2m2026-04-04T00:05:25.750614Z[0m [[32m[1minfo     [0m] [1mparsed                        [0m [36mchannel[0m=[35mgoogle_broad[0m [36mraw[0m=[35m100[0m
[2m2026-04-04T00:05:25.752122Z[0m [[32m[1minfo     [0m] [1mquality_filter                [0m [36minput[0m=[35m400[0m [36mpassed[0m=[35m2[0m
[2m2026-04-04T00:05:25.752524Z[0m [[32m[1minfo     [0m] [1mdedup                         [0m [36mafter[0m=[35m2[0m [36mbefore[0m=[35m2[0m
[2m2026-04-04T00:05:25.752639Z[0m [[32m[1minfo     [0m] [1mfulltext_selection            [0m [36mcandidates[0m=[35m2[0m [36mfiltered[0m=[35m2[0m [36mmode[0m=[35mhigh-value[0m [36mticker[0m=[35mJPM[0m
[2m2026-04-04T00:05:27.665395Z[0m [[32m[1minfo     [0m] [1mfetch                         [0m [36mstatus[0m=[35m200[0m [36murl[0m=[35mhttps://www.marketbeat.com/instant-alerts/filing-jpmorgan-chase-co-jpm-shares-bought-by-lv[0m
[2m2026-04-04T00:05:28.112488Z[0m [[32m[1minfo     [0m] [1mfetch                         [0m [36mstatus[0m=[35m403[0m [36murl[0m=[35mhttps://www.tipranks.com/news/jpmorgan-stock-jpm-looks-undervalued-despite-ai-and-apple-ca[0m
[2m2026-04-04T00:05:28.315408Z[0m [[32m[1minfo     [0m] [1mcrawling                      [0m [36mchannel[0m=[35mGoogle->Benzinga[0m [36mtag[0m=[35mgoogle_benzinga[0m
[2m2026-04-04T00:05:30.802279Z[0m [[32m[1minfo     [0m] [1mfetch                         [0m [36mstatus[0m=[35m200[0m [36murl[0m=[35m'https://news.google.com/rss/search?q=JNJ+site:benzinga.com&hl=en-US&gl=US&ceid=US:en'[0m
[2m2026-04-04T00:05:30.879426Z[0m [[32m[1minfo     [0m] [1mparsed                        [0m [36mchannel[0m=[35mgoogle_benzinga[0m [36mraw[0m=[35m100[0m
[2m2026-04-04T00:05:32.885381Z[0m [[32m[1minfo     [0m] [1mfetch                         [0m [36mstatus[0m=[35m200[0m [36murl[0m=[35m'https://news.google.com/rss/search?q=JNJ+site:benzinga.com&hl=en-US&gl=US&ceid=US:en'[0m
[2m2026-04-04T00:05:32.944437Z[0m [[32m[1minfo     [0m] [1mparsed                        [0m [36mchannel[0m=[35mgoogle_benzinga[0m [36mraw[0m=[35m100[0m
[2m2026-04-04T00:05:32.944611Z[0m [[32m[1minfo     [0m] [1mcrawling                      [0m [36mchannel[0m=[35m'Google News (all)'[0m [36mtag[0m=[35mgoogle_broad[0m
[2m2026-04-04T00:05:35.398797Z[0m [[32m[1minfo     [0m] [1mfetch                         [0m [36mstatus[0m=[35m200[0m [36murl[0m=[35m'https://news.google.com/rss/search?q=JNJ+stock+news&hl=en-US&gl=US&ceid=US:en'[0m
[2m2026-04-04T00:05:35.530570Z[0m [[32m[1minfo     [0m] [1mparsed                        [0m [36mchannel[0m=[35mgoogle_broad[0m [36mraw[0m=[35m100[0m
[2m2026-04-04T00:05:37.920167Z[0m [[32m[1minfo     [0m] [1mfetch                         [0m [36mstatus[0m=[35m200[0m [36murl[0m=[35m'https://news.google.com/rss/search?q=JNJ+earnings+analysis&hl=en-US&gl=US&ceid=US:en'[0m
[2m2026-04-04T00:05:38.002569Z[0m [[32m[1minfo     [0m] [1mparsed                        [0m [36mchannel[0m=[35mgoogle_broad[0m [36mraw[0m=[35m73[0m
[2m2026-04-04T00:05:38.005064Z[0m [[32m[1minfo     [0m] [1mquality_filter                [0m [36minput[0m=[35m373[0m [36mpassed[0m=[35m5[0m
[2m2026-04-04T00:05:38.005801Z[0m [[32m[1minfo     [0m] [1mdedup                         [0m [36mafter[0m=[35m5[0m [36mbefore[0m=[35m5[0m
[2m2026-04-04T00:05:38.005981Z[0m [[32m[1minfo     [0m] [1mfulltext_selection            [0m [36mcandidates[0m=[35m3[0m [36mfiltered[0m=[35m5[0m [36mmode[0m=[35mhigh-value[0m [36mticker[0m=[35mJNJ[0m
[2m2026-04-04T00:05:39.701665Z[0m [[32m[1minfo     [0m] [1mfetch                         [0m [36mstatus[0m=[35m200[0m [36murl[0m=[35mhttps://www.marketbeat.com/instant-alerts/filing-11271-shares-in-johnson-johnson-jnj-bough[0m
[2m2026-04-04T00:05:40.215331Z[0m [[32m[1minfo     [0m] [1mfetch                         [0m [36mstatus[0m=[35m200[0m [36murl[0m=[35mhttps://www.marketbeat.com/instant-alerts/filing-johnson-johnson-jnj-stock-holdings-lifted[0m
[2m2026-04-04T00:05:40.758041Z[0m [[32m[1minfo     [0m] [1mfetch                         [0m [36mstatus[0m=[35m200[0m [36murl[0m=[35mhttps://www.marketbeat.com/instant-alerts/filing-shrier-wealth-management-llc-acquires-sha[0m
[2m2026-04-04T00:05:41.021434Z[0m [[32m[1minfo     [0m] [1mcrawling                      [0m [36mchannel[0m=[35mGoogle->Benzinga[0m [36mtag[0m=[35mgoogle_benzinga[0m
[2m2026-04-04T00:05:43.736962Z[0m [[32m[1minfo     [0m] [1mfetch                         [0m [36mstatus[0m=[35m200[0m [36murl[0m=[35m'https://news.google.com/rss/search?q=COST+site:benzinga.com&hl=en-US&gl=US&ceid=US:en'[0m
[2m2026-04-04T00:05:43.865978Z[0m [[32m[1minfo     [0m] [1mparsed                        [0m [36mchannel[0m=[35mgoogle_benzinga[0m [36mraw[0m=[35m100[0m
[2m2026-04-04T00:05:45.871729Z[0m [[32m[1minfo     [0m] [1mfetch                         [0m [36mstatus[0m=[35m200[0m [36murl[0m=[35m'https://news.google.com/rss/search?q=COST+site:benzinga.com&hl=en-US&gl=US&ceid=US:en'[0m
[2m2026-04-04T00:05:45.931872Z[0m [[32m[1minfo     [0m] [1mparsed                        [0m [36mchannel[0m=[35mgoogle_benzinga[0m [36mraw[0m=[35m100[0m
[2m2026-04-04T00:05:45.932039Z[0m [[32m[1minfo     [0m] [1mcrawling                      [0m [36mchannel[0m=[35m'Google News (all)'[0m [36mtag[0m=[35mgoogle_broad[0m
[2m2026-04-04T00:05:48.356138Z[0m [[32m[1minfo     [0m] [1mfetch                         [0m [36mstatus[0m=[35m200[0m [36murl[0m=[35m'https://news.google.com/rss/search?q=COST+stock+news&hl=en-US&gl=US&ceid=US:en'[0m
[2m2026-04-04T00:05:48.418092Z[0m [[32m[1minfo     [0m] [1mparsed                        [0m [36mchannel[0m=[35mgoogle_broad[0m [36mraw[0m=[35m97[0m
[2m2026-04-04T00:05:50.919110Z[0m [[32m[1minfo     [0m] [1mfetch                         [0m [36mstatus[0m=[35m200[0m [36murl[0m=[35m'https://news.google.com/rss/search?q=COST+earnings+analysis&hl=en-US&gl=US&ceid=US:en'[0m
[2m2026-04-04T00:05:51.052463Z[0m [[32m[1minfo     [0m] [1mparsed                        [0m [36mchannel[0m=[35mgoogle_broad[0m [36mraw[0m=[35m100[0m
[2m2026-04-04T00:05:51.054372Z[0m [[32m[1minfo     [0m] [1mquality_filter                [0m [36minput[0m=[35m397[0m [36mpassed[0m=[35m4[0m
[2m2026-04-04T00:05:51.054969Z[0m [[32m[1minfo     [0m] [1mdedup                         [0m [36mafter[0m=[35m4[0m [36mbefore[0m=[35m4[0m
[2m2026-04-04T00:05:51.055099Z[0m [[32m[1minfo     [0m] [1mfulltext_selection            [0m [36mcandidates[0m=[35m3[0m [36mfiltered[0m=[35m4[0m [36mmode[0m=[35mhigh-value[0m [36mticker[0m=[35mCOST[0m
[2m2026-04-04T00:05:52.426103Z[0m [[32m[1minfo     [0m] [1mfetch                         [0m [36mstatus[0m=[35m403[0m [36murl[0m=[35mhttps://www.tipranks.com/news/costco-stock-cost-pops-on-significant-growth-runway-for-anot[0m
[2m2026-04-04T00:05:52.899741Z[0m [[32m[1minfo     [0m] [1mfetch                         [0m [36mstatus[0m=[35m403[0m [36murl[0m=[35mhttps://www.investing.com/news/analyst-ratings/rothmkm-upgrades-tilray-stock-on-internatio[0m
[2m2026-04-04T00:05:53.294477Z[0m [[32m[1minfo     [0m] [1mfetch                         [0m [36mstatus[0m=[35m403[0m [36murl[0m=[35mhttps://www.investing.com/news/analyst-ratings/rbc-capital-cuts-conagra-stock-price-target[0m
[2m2026-04-04T00:05:53.497564Z[0m [[32m[1minfo     [0m] [1mcrawling                      [0m [36mchannel[0m=[35mGoogle->Benzinga[0m [36mtag[0m=[35mgoogle_benzinga[0m
[2m2026-04-04T00:05:55.956083Z[0m [[32m[1minfo     [0m] [1mfetch                         [0m [36mstatus[0m=[35m200[0m [36murl[0m=[35m'https://news.google.com/rss/search?q=ABBV+site:benzinga.com&hl=en-US&gl=US&ceid=US:en'[0m
[2m2026-04-04T00:05:56.076141Z[0m [[32m[1minfo     [0m] [1mparsed                        [0m [36mchannel[0m=[35mgoogle_benzinga[0m [36mraw[0m=[35m76[0m
[2m2026-04-04T00:05:58.081814Z[0m [[32m[1minfo     [0m] [1mfetch                         [0m [36mstatus[0m=[35m200[0m [36murl[0m=[35m'https://news.google.com/rss/search?q=ABBV+site:benzinga.com&hl=en-US&gl=US&ceid=US:en'[0m
[2m2026-04-04T00:05:58.130709Z[0m [[32m[1minfo     [0m] [1mparsed                        [0m [36mchannel[0m=[35mgoogle_benzinga[0m [36mraw[0m=[35m76[0m
[2m2026-04-04T00:05:58.130878Z[0m [[32m[1minfo     [0m] [1mcrawling                      [0m [36mchannel[0m=[35m'Google News (all)'[0m [36mtag[0m=[35mgoogle_broad[0m
[2m2026-04-04T00:06:00.576652Z[0m [[32m[1minfo     [0m] [1mfetch                         [0m [36mstatus[0m=[35m200[0m [36murl[0m=[35m'https://news.google.com/rss/search?q=ABBV+stock+news&hl=en-US&gl=US&ceid=US:en'[0m
[2m2026-04-04T00:06:00.670364Z[0m [[32m[1minfo     [0m] [1mparsed                        [0m [36mchannel[0m=[35mgoogle_broad[0m [36mraw[0m=[35m100[0m
[2m2026-04-04T00:06:03.064772Z[0m [[32m[1minfo     [0m] [1mfetch                         [0m [36mstatus[0m=[35m200[0m [36murl[0m=[35m'https://news.google.com/rss/search?q=ABBV+earnings+analysis&hl=en-US&gl=US&ceid=US:en'[0m
[2m2026-04-04T00:06:03.270647Z[0m [[32m[1minfo     [0m] [1mparsed                        [0m [36mchannel[0m=[35mgoogle_broad[0m [36mraw[0m=[35m59[0m
[2m2026-04-04T00:06:03.274929Z[0m [[32m[1minfo     [0m] [1mquality_filter                [0m [36minput[0m=[35m311[0m [36mpassed[0m=[35m2[0m
[2m2026-04-04T00:06:03.277676Z[0m [[32m[1minfo     [0m] [1mdedup                         [0m [36mafter[0m=[35m2[0m [36mbefore[0m=[35m2[0m
[2m2026-04-04T00:06:03.277905Z[0m [[32m[1minfo     [0m] [1mfulltext_selection            [0m [36mcandidates[0m=[35m1[0m [36mfiltered[0m=[35m2[0m [36mmode[0m=[35mhigh-value[0m [36mticker[0m=[35mABBV[0m
[2m2026-04-04T00:06:05.497637Z[0m [[32m[1minfo     [0m] [1mfetch                         [0m [36mstatus[0m=[35m200[0m [36murl[0m=[35mhttps://www.marketbeat.com/instant-alerts/filing-banque-pictet-cie-sa-has-8887-million-sto[0m
[2m2026-04-04T00:06:05.760719Z[0m [[32m[1minfo     [0m] [1mcrawling                      [0m [36mchannel[0m=[35mGoogle->Benzinga[0m [36mtag[0m=[35mgoogle_benzinga[0m
[2m2026-04-04T00:06:08.322101Z[0m [[32m[1minfo     [0m] [1mfetch                         [0m [36mstatus[0m=[35m200[0m [36murl[0m=[35m'https://news.google.com/rss/search?q=NFLX+site:benzinga.com&hl=en-US&gl=US&ceid=US:en'[0m
[2m2026-04-04T00:06:08.473715Z[0m [[32m[1minfo     [0m] [1mparsed                        [0m [36mchannel[0m=[35mgoogle_benzinga[0m [36mraw[0m=[35m100[0m
[2m2026-04-04T00:06:10.479887Z[0m [[32m[1minfo     [0m] [1mfetch                         [0m [36mstatus[0m=[35m200[0m [36murl[0m=[35m'https://news.google.com/rss/search?q=NFLX+site:benzinga.com&hl=en-US&gl=US&ceid=US:en'[0m
[2m2026-04-04T00:06:10.540859Z[0m [[32m[1minfo     [0m] [1mparsed                        [0m [36mchannel[0m=[35mgoogle_benzinga[0m [36mraw[0m=[35m100[0m
[2m2026-04-04T00:06:10.541029Z[0m [[32m[1minfo     [0m] [1mcrawling                      [0m [36mchannel[0m=[35m'Google News (all)'[0m [36mtag[0m=[35mgoogle_broad[0m
[2m2026-04-04T00:06:12.962759Z[0m [[32m[1minfo     [0m] [1mfetch                         [0m [36mstatus[0m=[35m200[0m [36murl[0m=[35m'https://news.google.com/rss/search?q=NFLX+stock+news&hl=en-US&gl=US&ceid=US:en'[0m
[2m2026-04-04T00:06:13.098831Z[0m [[32m[1minfo     [0m] [1mparsed                        [0m [36mchannel[0m=[35mgoogle_broad[0m [36mraw[0m=[35m100[0m
[2m2026-04-04T00:06:15.582424Z[0m [[32m[1minfo     [0m] [1mfetch                         [0m [36mstatus[0m=[35m200[0m [36murl[0m=[35m'https://news.google.com/rss/search?q=NFLX+earnings+analysis&hl=en-US&gl=US&ceid=US:en'[0m
[2m2026-04-04T00:06:15.726659Z[0m [[32m[1minfo     [0m] [1mparsed                        [0m [36mchannel[0m=[35mgoogle_broad[0m [36mraw[0m=[35m100[0m
[2m2026-04-04T00:06:15.732320Z[0m [[32m[1minfo     [0m] [1mquality_filter                [0m [36minput[0m=[35m400[0m [36mpassed[0m=[35m28[0m
[2m2026-04-04T00:06:15.736915Z[0m [[32m[1minfo     [0m] [1mdedup                         [0m [36mafter[0m=[35m23[0m [36mbefore[0m=[35m28[0m
[2m2026-04-04T00:06:15.737398Z[0m [[32m[1minfo     [0m] [1mfulltext_selection            [0m [36mcandidates[0m=[35m6[0m [36mfiltered[0m=[35m23[0m [36mmode[0m=[35mhigh-value[0m [36mticker[0m=[35mNFLX[0m
[2m2026-04-04T00:06:17.079718Z[0m [[32m[1minfo     [0m] [1mfetch                         [0m [36mstatus[0m=[35m403[0m [36murl[0m=[35mhttps://www.investing.com/news/insider-trading-news/neumann-netflix-cfo-sells-28m-in-nflx-[0m
[2m2026-04-04T00:06:17.390729Z[0m [[32m[1minfo     [0m] [1mfetch                         [0m [36mstatus[0m=[35m200[0m [36murl[0m=[35mhttps://www.marketbeat.com/instant-alerts/filing-netflix-inc-nflx-stock-holdings-boosted-b[0m
[2m2026-04-04T00:06:17.713195Z[0m [[32m[1minfo     [0m] [1mfetch                         [0m [36mstatus[0m=[35m200[0m [36murl[0m=[35mhttps://www.insidermonkey.com/blog/derating-and-acquisition-concerns-pressured-netflix-nfl[0m
[2m2026-04-04T00:06:17.877161Z[0m [[32m[1minfo     [0m] [1mfetch                         [0m [36mstatus[0m=[35m200[0m [36murl[0m=[35mhttps://www.marketbeat.com/instant-alerts/filing-weatherly-asset-management-l-p-buys-36014[0m
[2m2026-04-04T00:06:18.118404Z[0m [[32m[1minfo     [0m] [1mfetch                         [0m [36mstatus[0m=[35m429[0m [36murl[0m=[35mhttps://www.stocktitan.net/sec-filings/NFLX/form-4-netflix-inc-insider-trading-activity-9f[0m
[2m2026-04-04T00:06:19.518281Z[0m [[32m[1minfo     [0m] [1mfetch                         [0m [36mstatus[0m=[35m200[0m [36murl[0m=[35mhttps://coincentral.com/netflix-nflx-stock-why-is-co-founder-reed-hastings-selling-40m-in-[0m
[2m2026-04-04T00:06:19.731837Z[0m [[32m[1minfo     [0m] [1mcrawling                      [0m [36mchannel[0m=[35mGoogle->Benzinga[0m [36mtag[0m=[35mgoogle_benzinga[0m
[2m2026-04-04T00:06:22.208627Z[0m [[32m[1minfo     [0m] [1mfetch                         [0m [36mstatus[0m=[35m200[0m [36murl[0m=[35m'https://news.google.com/rss/search?q=PG+site:benzinga.com&hl=en-US&gl=US&ceid=US:en'[0m
[2m2026-04-04T00:06:22.340434Z[0m [[32m[1minfo     [0m] [1mparsed                        [0m [36mchannel[0m=[35mgoogle_benzinga[0m [36mraw[0m=[35m87[0m
[2m2026-04-04T00:06:24.345848Z[0m [[32m[1minfo     [0m] [1mfetch                         [0m [36mstatus[0m=[35m200[0m [36murl[0m=[35m'https://news.google.com/rss/search?q=PG+site:benzinga.com&hl=en-US&gl=US&ceid=US:en'[0m
[2m2026-04-04T00:06:24.398452Z[0m [[32m[1minfo     [0m] [1mparsed                        [0m [36mchannel[0m=[35mgoogle_benzinga[0m [36mraw[0m=[35m87[0m
[2m2026-04-04T00:06:24.398613Z[0m [[32m[1minfo     [0m] [1mcrawling                      [0m [36mchannel[0m=[35m'Google News (all)'[0m [36mtag[0m=[35mgoogle_broad[0m
[2m2026-04-04T00:06:26.788749Z[0m [[32m[1minfo     [0m] [1mfetch                         [0m [36mstatus[0m=[35m200[0m [36murl[0m=[35m'https://news.google.com/rss/search?q=PG+stock+news&hl=en-US&gl=US&ceid=US:en'[0m
[2m2026-04-04T00:06:26.933723Z[0m [[32m[1minfo     [0m] [1mparsed                        [0m [36mchannel[0m=[35mgoogle_broad[0m [36mraw[0m=[35m100[0m
[2m2026-04-04T00:06:29.404933Z[0m [[32m[1minfo     [0m] [1mfetch                         [0m [36mstatus[0m=[35m200[0m [36murl[0m=[35m'https://news.google.com/rss/search?q=PG+earnings+analysis&hl=en-US&gl=US&ceid=US:en'[0m
[2m2026-04-04T00:06:29.471980Z[0m [[32m[1minfo     [0m] [1mparsed                        [0m [36mchannel[0m=[35mgoogle_broad[0m [36mraw[0m=[35m64[0m
[2m2026-04-04T00:06:29.473695Z[0m [[32m[1minfo     [0m] [1mquality_filter                [0m [36minput[0m=[35m338[0m [36mpassed[0m=[35m0[0m
[2m2026-04-04T00:06:29.473847Z[0m [[32m[1minfo     [0m] [1mdedup                         [0m [36mafter[0m=[35m0[0m [36mbefore[0m=[35m0[0m
[2m2026-04-04T00:06:29.473922Z[0m [[32m[1minfo     [0m] [1mfulltext_selection            [0m [36mcandidates[0m=[35m0[0m [36mfiltered[0m=[35m0[0m [36mmode[0m=[35mhigh-value[0m [36mticker[0m=[35mPG[0m
[2m2026-04-04T00:06:29.474707Z[0m [[32m[1minfo     [0m] [1mcrawling                      [0m [36mchannel[0m=[35mGoogle->Benzinga[0m [36mtag[0m=[35mgoogle_benzinga[0m
[2m2026-04-04T00:06:32.026974Z[0m [[32m[1minfo     [0m] [1mfetch                         [0m [36mstatus[0m=[35m200[0m [36murl[0m=[35m'https://news.google.com/rss/search?q=HD+site:benzinga.com&hl=en-US&gl=US&ceid=US:en'[0m
[2m2026-04-04T00:06:32.169713Z[0m [[32m[1minfo     [0m] [1mparsed                        [0m [36mchannel[0m=[35mgoogle_benzinga[0m [36mraw[0m=[35m100[0m
[2m2026-04-04T00:06:34.175385Z[0m [[32m[1minfo     [0m] [1mfetch                         [0m [36mstatus[0m=[35m200[0m [36murl[0m=[35m'https://news.google.com/rss/search?q=HD+site:benzinga.com&hl=en-US&gl=US&ceid=US:en'[0m
[2m2026-04-04T00:06:34.235362Z[0m [[32m[1minfo     [0m] [1mparsed                        [0m [36mchannel[0m=[35mgoogle_benzinga[0m [36mraw[0m=[35m100[0m
[2m2026-04-04T00:06:34.235535Z[0m [[32m[1minfo     [0m] [1mcrawling                      [0m [36mchannel[0m=[35m'Google News (all)'[0m [36mtag[0m=[35mgoogle_broad[0m
[2m2026-04-04T00:06:36.669644Z[0m [[32m[1minfo     [0m] [1mfetch                         [0m [36mstatus[0m=[35m200[0m [36murl[0m=[35m'https://news.google.com/rss/search?q=HD+stock+news&hl=en-US&gl=US&ceid=US:en'[0m
[2m2026-04-04T00:06:36.816349Z[0m [[32m[1minfo     [0m] [1mparsed                        [0m [36mchannel[0m=[35mgoogle_broad[0m [36mraw[0m=[35m100[0m
[2m2026-04-04T00:06:39.318131Z[0m [[32m[1minfo     [0m] [1mfetch                         [0m [36mstatus[0m=[35m200[0m [36murl[0m=[35m'https://news.google.com/rss/search?q=HD+earnings+analysis&hl=en-US&gl=US&ceid=US:en'[0m
[2m2026-04-04T00:06:39.475369Z[0m [[32m[1minfo     [0m] [1mparsed                        [0m [36mchannel[0m=[35mgoogle_broad[0m [36mraw[0m=[35m100[0m
[2m2026-04-04T00:06:39.477573Z[0m [[32m[1minfo     [0m] [1mquality_filter                [0m [36minput[0m=[35m400[0m [36mpassed[0m=[35m2[0m
[2m2026-04-04T00:06:39.477955Z[0m [[32m[1minfo     [0m] [1mdedup                         [0m [36mafter[0m=[35m2[0m [36mbefore[0m=[35m2[0m
[2m2026-04-04T00:06:39.478080Z[0m [[32m[1minfo     [0m] [1mfulltext_selection            [0m [36mcandidates[0m=[35m0[0m [36mfiltered[0m=[35m2[0m [36mmode[0m=[35mhigh-value[0m [36mticker[0m=[35mHD[0m
[2m2026-04-04T00:06:39.478834Z[0m [[32m[1minfo     [0m] [1mcrawling                      [0m [36mchannel[0m=[35mGoogle->Benzinga[0m [36mtag[0m=[35mgoogle_benzinga[0m
[2m2026-04-04T00:06:42.002607Z[0m [[32m[1minfo     [0m] [1mfetch                         [0m [36mstatus[0m=[35m200[0m [36murl[0m=[35m'https://news.google.com/rss/search?q=BAC+site:benzinga.com&hl=en-US&gl=US&ceid=US:en'[0m
[2m2026-04-04T00:06:42.146898Z[0m [[32m[1minfo     [0m] [1mparsed                        [0m [36mchannel[0m=[35mgoogle_benzinga[0m [36mraw[0m=[35m100[0m
[2m2026-04-04T00:06:44.152090Z[0m [[32m[1minfo     [0m] [1mfetch                         [0m [36mstatus[0m=[35m200[0m [36murl[0m=[35m'https://news.google.com/rss/search?q=BAC+site:benzinga.com&hl=en-US&gl=US&ceid=US:en'[0m
[2m2026-04-04T00:06:44.212444Z[0m [[32m[1minfo     [0m] [1mparsed                        [0m [36mchannel[0m=[35mgoogle_benzinga[0m [36mraw[0m=[35m100[0m
[2m2026-04-04T00:06:44.212629Z[0m [[32m[1minfo     [0m] [1mcrawling                      [0m [36mchannel[0m=[35m'Google News (all)'[0m [36mtag[0m=[35mgoogle_broad[0m
[2m2026-04-04T00:06:46.627706Z[0m [[32m[1minfo     [0m] [1mfetch                         [0m [36mstatus[0m=[35m200[0m [36murl[0m=[35m'https://news.google.com/rss/search?q=BAC+stock+news&hl=en-US&gl=US&ceid=US:en'[0m
[2m2026-04-04T00:06:46.772124Z[0m [[32m[1minfo     [0m] [1mparsed                        [0m [36mchannel[0m=[35mgoogle_broad[0m [36mraw[0m=[35m100[0m
[2m2026-04-04T00:06:49.192802Z[0m [[32m[1minfo     [0m] [1mfetch                         [0m [36mstatus[0m=[35m200[0m [36murl[0m=[35m'https://news.google.com/rss/search?q=BAC+earnings+analysis&hl=en-US&gl=US&ceid=US:en'[0m
[2m2026-04-04T00:06:49.257620Z[0m [[32m[1minfo     [0m] [1mparsed                        [0m [36mchannel[0m=[35mgoogle_broad[0m [36mraw[0m=[35m62[0m
[2m2026-04-04T00:06:49.258620Z[0m [[32m[1minfo     [0m] [1mquality_filter                [0m [36minput[0m=[35m362[0m [36mpassed[0m=[35m0[0m
[2m2026-04-04T00:06:49.258754Z[0m [[32m[1minfo     [0m] [1mdedup                         [0m [36mafter[0m=[35m0[0m [36mbefore[0m=[35m0[0m
[2m2026-04-04T00:06:49.258828Z[0m [[32m[1minfo     [0m] [1mfulltext_selection            [0m [36mcandidates[0m=[35m0[0m [36mfiltered[0m=[35m0[0m [36mmode[0m=[35mhigh-value[0m [36mticker[0m=[35mBAC[0m
[2m2026-04-04T00:06:49.259700Z[0m [[32m[1minfo     [0m] [1mcrawling                      [0m [36mchannel[0m=[35mGoogle->Benzinga[0m [36mtag[0m=[35mgoogle_benzinga[0m
[2m2026-04-04T00:06:52.221519Z[0m [[32m[1minfo     [0m] [1mfetch                         [0m [36mstatus[0m=[35m200[0m [36murl[0m=[35m'https://news.google.com/rss/search?q=KO+site:benzinga.com&hl=en-US&gl=US&ceid=US:en'[0m
[2m2026-04-04T00:06:52.373201Z[0m [[32m[1minfo     [0m] [1mparsed                        [0m [36mchannel[0m=[35mgoogle_benzinga[0m [36mraw[0m=[35m100[0m
[2m2026-04-04T00:06:54.379158Z[0m [[32m[1minfo     [0m] [1mfetch                         [0m [36mstatus[0m=[35m200[0m [36murl[0m=[35m'https://news.google.com/rss/search?q=KO+site:benzinga.com&hl=en-US&gl=US&ceid=US:en'[0m
[2m2026-04-04T00:06:54.440841Z[0m [[32m[1minfo     [0m] [1mparsed                        [0m [36mchannel[0m=[35mgoogle_benzinga[0m [36mraw[0m=[35m100[0m
[2m2026-04-04T00:06:54.441009Z[0m [[32m[1minfo     [0m] [1mcrawling                      [0m [36mchannel[0m=[35m'Google News (all)'[0m [36mtag[0m=[35mgoogle_broad[0m
[2m2026-04-04T00:06:56.888085Z[0m [[32m[1minfo     [0m] [1mfetch                         [0m [36mstatus[0m=[35m200[0m [36murl[0m=[35m'https://news.google.com/rss/search?q=KO+stock+news&hl=en-US&gl=US&ceid=US:en'[0m
[2m2026-04-04T00:06:57.039939Z[0m [[32m[1minfo     [0m] [1mparsed                        [0m [36mchannel[0m=[35mgoogle_broad[0m [36mraw[0m=[35m100[0m
[2m2026-04-04T00:06:59.435091Z[0m [[32m[1minfo     [0m] [1mfetch                         [0m [36mstatus[0m=[35m200[0m [36murl[0m=[35m'https://news.google.com/rss/search?q=KO+earnings+analysis&hl=en-US&gl=US&ceid=US:en'[0m
[2m2026-04-04T00:06:59.483960Z[0m [[32m[1minfo     [0m] [1mparsed                        [0m [36mchannel[0m=[35mgoogle_broad[0m [36mraw[0m=[35m55[0m
[2m2026-04-04T00:06:59.486955Z[0m [[32m[1minfo     [0m] [1mquality_filter                [0m [36minput[0m=[35m355[0m [36mpassed[0m=[35m9[0m
[2m2026-04-04T00:06:59.488342Z[0m [[32m[1minfo     [0m] [1mdedup                         [0m [36mafter[0m=[35m8[0m [36mbefore[0m=[35m9[0m
[2m2026-04-04T00:06:59.488571Z[0m [[32m[1minfo     [0m] [1mfulltext_selection            [0m [36mcandidates[0m=[35m0[0m [36mfiltered[0m=[35m8[0m [36mmode[0m=[35mhigh-value[0m [36mticker[0m=[35mKO[0m
[2m2026-04-04T00:06:59.489357Z[0m [[32m[1minfo     [0m] [1mcrawling                      [0m [36mchannel[0m=[35mGoogle->Benzinga[0m [36mtag[0m=[35mgoogle_benzinga[0m
[2m2026-04-04T00:07:02.068060Z[0m [[32m[1minfo     [0m] [1mfetch                         [0m [36mstatus[0m=[35m200[0m [36murl[0m=[35m'https://news.google.com/rss/search?q=CSCO+site:benzinga.com&hl=en-US&gl=US&ceid=US:en'[0m
[2m2026-04-04T00:07:02.285074Z[0m [[32m[1minfo     [0m] [1mparsed                        [0m [36mchannel[0m=[35mgoogle_benzinga[0m [36mraw[0m=[35m100[0m
[2m2026-04-04T00:07:04.291407Z[0m [[32m[1minfo     [0m] [1mfetch                         [0m [36mstatus[0m=[35m200[0m [36murl[0m=[35m'https://news.google.com/rss/search?q=CSCO+site:benzinga.com&hl=en-US&gl=US&ceid=US:en'[0m
[2m2026-04-04T00:07:04.384219Z[0m [[32m[1minfo     [0m] [1mparsed                        [0m [36mchannel[0m=[35mgoogle_benzinga[0m [36mraw[0m=[35m100[0m
[2m2026-04-04T00:07:04.384392Z[0m [[32m[1minfo     [0m] [1mcrawling                      [0m [36mchannel[0m=[35m'Google News (all)'[0m [36mtag[0m=[35mgoogle_broad[0m
[2m2026-04-04T00:07:06.856399Z[0m [[32m[1minfo     [0m] [1mfetch                         [0m [36mstatus[0m=[35m200[0m [36murl[0m=[35m'https://news.google.com/rss/search?q=CSCO+stock+news&hl=en-US&gl=US&ceid=US:en'[0m
[2m2026-04-04T00:07:06.987271Z[0m [[32m[1minfo     [0m] [1mparsed                        [0m [36mchannel[0m=[35mgoogle_broad[0m [36mraw[0m=[35m100[0m
[2m2026-04-04T00:07:09.456590Z[0m [[32m[1minfo     [0m] [1mfetch                         [0m [36mstatus[0m=[35m200[0m [36murl[0m=[35m'https://news.google.com/rss/search?q=CSCO+earnings+analysis&hl=en-US&gl=US&ceid=US:en'[0m
[2m2026-04-04T00:07:09.597579Z[0m [[32m[1minfo     [0m] [1mparsed                        [0m [36mchannel[0m=[35mgoogle_broad[0m [36mraw[0m=[35m100[0m
[2m2026-04-04T00:07:09.599443Z[0m [[32m[1minfo     [0m] [1mquality_filter                [0m [36minput[0m=[35m400[0m [36mpassed[0m=[35m1[0m
[2m2026-04-04T00:07:09.599695Z[0m [[32m[1minfo     [0m] [1mdedup                         [0m [36mafter[0m=[35m1[0m [36mbefore[0m=[35m1[0m
[2m2026-04-04T00:07:09.599799Z[0m [[32m[1minfo     [0m] [1mfulltext_selection            [0m [36mcandidates[0m=[35m0[0m [36mfiltered[0m=[35m1[0m [36mmode[0m=[35mhigh-value[0m [36mticker[0m=[35mCSCO[0m
[2m2026-04-04T00:07:09.600593Z[0m [[32m[1minfo     [0m] [1mcrawling                      [0m [36mchannel[0m=[35mGoogle->Benzinga[0m [36mtag[0m=[35mgoogle_benzinga[0m
[2m2026-04-04T00:07:12.562110Z[0m [[32m[1minfo     [0m] [1mfetch                         [0m [36mstatus[0m=[35m200[0m [36murl[0m=[35m'https://news.google.com/rss/search?q=MRK+site:benzinga.com&hl=en-US&gl=US&ceid=US:en'[0m
[2m2026-04-04T00:07:12.706189Z[0m [[32m[1minfo     [0m] [1mparsed                        [0m [36mchannel[0m=[35mgoogle_benzinga[0m [36mraw[0m=[35m100[0m
[2m2026-04-04T00:07:14.712753Z[0m [[32m[1minfo     [0m] [1mfetch                         [0m [36mstatus[0m=[35m200[0m [36murl[0m=[35m'https://news.google.com/rss/search?q=MRK+site:benzinga.com&hl=en-US&gl=US&ceid=US:en'[0m
[2m2026-04-04T00:07:14.773965Z[0m [[32m[1minfo     [0m] [1mparsed                        [0m [36mchannel[0m=[35mgoogle_benzinga[0m [36mraw[0m=[35m100[0m
[2m2026-04-04T00:07:14.774134Z[0m [[32m[1minfo     [0m] [1mcrawling                      [0m [36mchannel[0m=[35m'Google News (all)'[0m [36mtag[0m=[35mgoogle_broad[0m
[2m2026-04-04T00:07:17.186484Z[0m [[32m[1minfo     [0m] [1mfetch                         [0m [36mstatus[0m=[35m200[0m [36murl[0m=[35m'https://news.google.com/rss/search?q=MRK+stock+news&hl=en-US&gl=US&ceid=US:en'[0m
[2m2026-04-04T00:07:17.330944Z[0m [[32m[1minfo     [0m] [1mparsed                        [0m [36mchannel[0m=[35mgoogle_broad[0m [36mraw[0m=[35m100[0m
[2m2026-04-04T00:07:19.699484Z[0m [[32m[1minfo     [0m] [1mfetch                         [0m [36mstatus[0m=[35m200[0m [36murl[0m=[35m'https://news.google.com/rss/search?q=MRK+earnings+analysis&hl=en-US&gl=US&ceid=US:en'[0m
[2m2026-04-04T00:07:19.746137Z[0m [[32m[1minfo     [0m] [1mparsed                        [0m [36mchannel[0m=[35mgoogle_broad[0m [36mraw[0m=[35m54[0m
[2m2026-04-04T00:07:19.747884Z[0m [[32m[1minfo     [0m] [1mquality_filter                [0m [36minput[0m=[35m354[0m [36mpassed[0m=[35m3[0m
[2m2026-04-04T00:07:19.748372Z[0m [[32m[1minfo     [0m] [1mdedup                         [0m [36mafter[0m=[35m3[0m [36mbefore[0m=[35m3[0m
[2m2026-04-04T00:07:19.748529Z[0m [[32m[1minfo     [0m] [1mfulltext_selection            [0m [36mcandidates[0m=[35m2[0m [36mfiltered[0m=[35m3[0m [36mmode[0m=[35mhigh-value[0m [36mticker[0m=[35mMRK[0m
[2m2026-04-04T00:07:21.408160Z[0m [[32m[1minfo     [0m] [1mfetch                         [0m [36mstatus[0m=[35m200[0m [36murl[0m=[35mhttps://www.marketbeat.com/instant-alerts/filing-merck-co-inc-mrk-shares-bought-by-aberdee[0m
[2m2026-04-04T00:07:22.401571Z[0m [[32m[1minfo     [0m] [1mfetch                         [0m [36mstatus[0m=[35m200[0m [36murl[0m=[35mhttps://www.marketbeat.com/instant-alerts/filing-merck-co-inc-mrk-shares-purchased-by-comp[0m
[2m2026-04-04T00:07:23.011011Z[0m [[32m[1minfo     [0m] [1mcrawling                      [0m [36mchannel[0m=[35mGoogle->Benzinga[0m [36mtag[0m=[35mgoogle_benzinga[0m
[2m2026-04-04T00:07:25.595411Z[0m [[32m[1minfo     [0m] [1mfetch                         [0m [36mstatus[0m=[35m200[0m [36murl[0m=[35m'https://news.google.com/rss/search?q=PM+site:benzinga.com&hl=en-US&gl=US&ceid=US:en'[0m
[2m2026-04-04T00:07:25.730787Z[0m [[32m[1minfo     [0m] [1mparsed                        [0m [36mchannel[0m=[35mgoogle_benzinga[0m [36mraw[0m=[35m100[0m
[2m2026-04-04T00:07:27.737278Z[0m [[32m[1minfo     [0m] [1mfetch                         [0m [36mstatus[0m=[35m200[0m [36murl[0m=[35m'https://news.google.com/rss/search?q=PM+site:benzinga.com&hl=en-US&gl=US&ceid=US:en'[0m
[2m2026-04-04T00:07:27.796309Z[0m [[32m[1minfo     [0m] [1mparsed                        [0m [36mchannel[0m=[35mgoogle_benzinga[0m [36mraw[0m=[35m100[0m
[2m2026-04-04T00:07:27.796475Z[0m [[32m[1minfo     [0m] [1mcrawling                      [0m [36mchannel[0m=[35m'Google News (all)'[0m [36mtag[0m=[35mgoogle_broad[0m
[2m2026-04-04T00:07:30.219514Z[0m [[32m[1minfo     [0m] [1mfetch                         [0m [36mstatus[0m=[35m200[0m [36murl[0m=[35m'https://news.google.com/rss/search?q=PM+stock+news&hl=en-US&gl=US&ceid=US:en'[0m
[2m2026-04-04T00:07:30.348399Z[0m [[32m[1minfo     [0m] [1mparsed                        [0m [36mchannel[0m=[35mgoogle_broad[0m [36mraw[0m=[35m86[0m
[2m2026-04-04T00:07:32.755387Z[0m [[32m[1minfo     [0m] [1mfetch                         [0m [36mstatus[0m=[35m200[0m [36murl[0m=[35m'https://news.google.com/rss/search?q=PM+earnings+analysis&hl=en-US&gl=US&ceid=US:en'[0m
[2m2026-04-04T00:07:32.776945Z[0m [[32m[1minfo     [0m] [1mparsed                        [0m [36mchannel[0m=[35mgoogle_broad[0m [36mraw[0m=[35m30[0m
[2m2026-04-04T00:07:32.778673Z[0m [[32m[1minfo     [0m] [1mquality_filter                [0m [36minput[0m=[35m316[0m [36mpassed[0m=[35m0[0m
[2m2026-04-04T00:07:32.778815Z[0m [[32m[1minfo     [0m] [1mdedup                         [0m [36mafter[0m=[35m0[0m [36mbefore[0m=[35m0[0m
[2m2026-04-04T00:07:32.778890Z[0m [[32m[1minfo     [0m] [1mfulltext_selection            [0m [36mcandidates[0m=[35m0[0m [36mfiltered[0m=[35m0[0m [36mmode[0m=[35mhigh-value[0m [36mticker[0m=[35mPM[0m
[2m2026-04-04T00:07:32.779611Z[0m [[32m[1minfo     [0m] [1mcrawling                      [0m [36mchannel[0m=[35mGoogle->Benzinga[0m [36mtag[0m=[35mgoogle_benzinga[0m
[2m2026-04-04T00:07:35.316851Z[0m [[32m[1minfo     [0m] [1mfetch                         [0m [36mstatus[0m=[35m200[0m [36murl[0m=[35m'https://news.google.com/rss/search?q=UNH+site:benzinga.com&hl=en-US&gl=US&ceid=US:en'[0m
[2m2026-04-04T00:07:35.461717Z[0m [[32m[1minfo     [0m] [1mparsed                        [0m [36mchannel[0m=[35mgoogle_benzinga[0m [36mraw[0m=[35m100[0m
[2m2026-04-04T00:07:37.467357Z[0m [[32m[1minfo     [0m] [1mfetch                         [0m [36mstatus[0m=[35m200[0m [36murl[0m=[35m'https://news.google.com/rss/search?q=UNH+site:benzinga.com&hl=en-US&gl=US&ceid=US:en'[0m
[2m2026-04-04T00:07:37.533978Z[0m [[32m[1minfo     [0m] [1mparsed                        [0m [36mchannel[0m=[35mgoogle_benzinga[0m [36mraw[0m=[35m100[0m
[2m2026-04-04T00:07:37.534152Z[0m [[32m[1minfo     [0m] [1mcrawling                      [0m [36mchannel[0m=[35m'Google News (all)'[0m [36mtag[0m=[35mgoogle_broad[0m
[2m2026-04-04T00:07:40.053922Z[0m [[32m[1minfo     [0m] [1mfetch                         [0m [36mstatus[0m=[35m200[0m [36murl[0m=[35m'https://news.google.com/rss/search?q=UNH+stock+news&hl=en-US&gl=US&ceid=US:en'[0m
[2m2026-04-04T00:07:40.198647Z[0m [[32m[1minfo     [0m] [1mparsed                        [0m [36mchannel[0m=[35mgoogle_broad[0m [36mraw[0m=[35m100[0m
[2m2026-04-04T00:07:42.661060Z[0m [[32m[1minfo     [0m] [1mfetch                         [0m [36mstatus[0m=[35m200[0m [36murl[0m=[35m'https://news.google.com/rss/search?q=UNH+earnings+analysis&hl=en-US&gl=US&ceid=US:en'[0m
[2m2026-04-04T00:07:42.805083Z[0m [[32m[1minfo     [0m] [1mparsed                        [0m [36mchannel[0m=[35mgoogle_broad[0m [36mraw[0m=[35m100[0m
[2m2026-04-04T00:07:42.807672Z[0m [[32m[1minfo     [0m] [1mquality_filter                [0m [36minput[0m=[35m400[0m [36mpassed[0m=[35m7[0m
[2m2026-04-04T00:07:42.808789Z[0m [[32m[1minfo     [0m] [1mdedup                         [0m [36mafter[0m=[35m7[0m [36mbefore[0m=[35m7[0m
[2m2026-04-04T00:07:42.809019Z[0m [[32m[1minfo     [0m] [1mfulltext_selection            [0m [36mcandidates[0m=[35m4[0m [36mfiltered[0m=[35m7[0m [36mmode[0m=[35mhigh-value[0m [36mticker[0m=[35mUNH[0m
[2m2026-04-04T00:07:44.987920Z[0m [[32m[1minfo     [0m] [1mfetch                         [0m [36mstatus[0m=[35m200[0m [36murl[0m=[35mhttps://www.marketbeat.com/instant-alerts/unitedhealth-group-nyseunh-shares-up-12-after-an[0m
[2m2026-04-04T00:07:45.322554Z[0m [[32m[1minfo     [0m] [1mfetch                         [0m [36mstatus[0m=[35m403[0m [36murl[0m=[35mhttps://www.bitget.com/news/detail/12560605333086[0m
[2m2026-04-04T00:07:45.403733Z[0m [[32m[1minfo     [0m] [1mfetch                         [0m [36mstatus[0m=[35m200[0m [36murl[0m=[35mhttps://www.barchart.com/story/news/1122677/unitedhealth-stock-is-down-nearly-50-over-the-[0m
[2m2026-04-04T00:07:45.743385Z[0m [[32m[1minfo     [0m] [1mfetch                         [0m [36mstatus[0m=[35m200[0m [36murl[0m=[35mhttps://markets.financialcontent.com/stocks/article/stockstory-2026-4-2-health-insurance-p[0m
[2m2026-04-04T00:07:46.230894Z[0m [[32m[1minfo     [0m] [1mcrawling                      [0m [36mchannel[0m=[35mGoogle->Benzinga[0m [36mtag[0m=[35mgoogle_benzinga[0m
[2m2026-04-04T00:07:49.300040Z[0m [[32m[1minfo     [0m] [1mfetch                         [0m [36mstatus[0m=[35m200[0m [36murl[0m=[35m'https://news.google.com/rss/search?q=MS+site:benzinga.com&hl=en-US&gl=US&ceid=US:en'[0m
[2m2026-04-04T00:07:49.451785Z[0m [[32m[1minfo     [0m] [1mparsed                        [0m [36mchannel[0m=[35mgoogle_benzinga[0m [36mraw[0m=[35m100[0m
[2m2026-04-04T00:07:51.457635Z[0m [[32m[1minfo     [0m] [1mfetch                         [0m [36mstatus[0m=[35m200[0m [36murl[0m=[35m'https://news.google.com/rss/search?q=MS+site:benzinga.com&hl=en-US&gl=US&ceid=US:en'[0m
[2m2026-04-04T00:07:51.519513Z[0m [[32m[1minfo     [0m] [1mparsed                        [0m [36mchannel[0m=[35mgoogle_benzinga[0m [36mraw[0m=[35m100[0m
[2m2026-04-04T00:07:51.519682Z[0m [[32m[1minfo     [0m] [1mcrawling                      [0m [36mchannel[0m=[35m'Google News (all)'[0m [36mtag[0m=[35mgoogle_broad[0m
[2m2026-04-04T00:07:53.925644Z[0m [[32m[1minfo     [0m] [1mfetch                         [0m [36mstatus[0m=[35m200[0m [36murl[0m=[35m'https://news.google.com/rss/search?q=MS+stock+news&hl=en-US&gl=US&ceid=US:en'[0m
[2m2026-04-04T00:07:54.062713Z[0m [[32m[1minfo     [0m] [1mparsed                        [0m [36mchannel[0m=[35mgoogle_broad[0m [36mraw[0m=[35m70[0m
[2m2026-04-04T00:07:56.586813Z[0m [[32m[1minfo     [0m] [1mfetch                         [0m [36mstatus[0m=[35m200[0m [36murl[0m=[35m'https://news.google.com/rss/search?q=MS+earnings+analysis&hl=en-US&gl=US&ceid=US:en'[0m
[2m2026-04-04T00:07:56.744656Z[0m [[32m[1minfo     [0m] [1mparsed                        [0m [36mchannel[0m=[35mgoogle_broad[0m [36mraw[0m=[35m100[0m
[2m2026-04-04T00:07:56.746593Z[0m [[32m[1minfo     [0m] [1mquality_filter                [0m [36minput[0m=[35m370[0m [36mpassed[0m=[35m1[0m
[2m2026-04-04T00:07:56.746880Z[0m [[32m[1minfo     [0m] [1mdedup                         [0m [36mafter[0m=[35m1[0m [36mbefore[0m=[35m1[0m
[2m2026-04-04T00:07:56.746973Z[0m [[32m[1minfo     [0m] [1mfulltext_selection            [0m [36mcandidates[0m=[35m1[0m [36mfiltered[0m=[35m1[0m [36mmode[0m=[35mhigh-value[0m [36mticker[0m=[35mMS[0m
[2m2026-04-04T00:08:00.308810Z[0m [[31m[1merror    [0m] [1mfetch_error                   [0m [36merror[0m=[35m'400, message=\'Got more than 8190 bytes when reading: b"connect-src \\\'self\\\' wss:'[0m [36murl[0m=[35mhttps://finance.yahoo.com/markets/stocks/articles/morgan-stanley-ms-be[0m
[2m2026-04-04T00:08:00.511809Z[0m [[32m[1minfo     [0m] [1mcrawling                      [0m [36mchannel[0m=[35mGoogle->Benzinga[0m [36mtag[0m=[35mgoogle_benzinga[0m
[2m2026-04-04T00:08:03.042985Z[0m [[32m[1minfo     [0m] [1mfetch                         [0m [36mstatus[0m=[35m200[0m [36murl[0m=[35m'https://news.google.com/rss/search?q=GS+site:benzinga.com&hl=en-US&gl=US&ceid=US:en'[0m
[2m2026-04-04T00:08:03.259221Z[0m [[32m[1minfo     [0m] [1mparsed                        [0m [36mchannel[0m=[35mgoogle_benzinga[0m [36mraw[0m=[35m100[0m
[2m2026-04-04T00:08:05.264809Z[0m [[32m[1minfo     [0m] [1mfetch                         [0m [36mstatus[0m=[35m200[0m [36murl[0m=[35m'https://news.google.com/rss/search?q=GS+site:benzinga.com&hl=en-US&gl=US&ceid=US:en'[0m
[2m2026-04-04T00:08:05.326925Z[0m [[32m[1minfo     [0m] [1mparsed                        [0m [36mchannel[0m=[35mgoogle_benzinga[0m [36mraw[0m=[35m100[0m
[2m2026-04-04T00:08:05.327127Z[0m [[32m[1minfo     [0m] [1mcrawling                      [0m [36mchannel[0m=[35m'Google News (all)'[0m [36mtag[0m=[35mgoogle_broad[0m
[2m2026-04-04T00:08:07.824831Z[0m [[32m[1minfo     [0m] [1mfetch                         [0m [36mstatus[0m=[35m200[0m [36murl[0m=[35m'https://news.google.com/rss/search?q=GS+stock+news&hl=en-US&gl=US&ceid=US:en'[0m
[2m2026-04-04T00:08:07.953494Z[0m [[32m[1minfo     [0m] [1mparsed                        [0m [36mchannel[0m=[35mgoogle_broad[0m [36mraw[0m=[35m100[0m
[2m2026-04-04T00:08:10.413193Z[0m [[32m[1minfo     [0m] [1mfetch                         [0m [36mstatus[0m=[35m200[0m [36murl[0m=[35m'https://news.google.com/rss/search?q=GS+earnings+analysis&hl=en-US&gl=US&ceid=US:en'[0m
[2m2026-04-04T00:08:10.493119Z[0m [[32m[1minfo     [0m] [1mparsed                        [0m [36mchannel[0m=[35mgoogle_broad[0m [36mraw[0m=[35m74[0m
[2m2026-04-04T00:08:10.494831Z[0m [[32m[1minfo     [0m] [1mquality_filter                [0m [36minput[0m=[35m374[0m [36mpassed[0m=[35m0[0m
[2m2026-04-04T00:08:10.494984Z[0m [[32m[1minfo     [0m] [1mdedup                         [0m [36mafter[0m=[35m0[0m [36mbefore[0m=[35m0[0m
[2m2026-04-04T00:08:10.495062Z[0m [[32m[1minfo     [0m] [1mfulltext_selection            [0m [36mcandidates[0m=[35m0[0m [36mfiltered[0m=[35m0[0m [36mmode[0m=[35mhigh-value[0m [36mticker[0m=[35mGS[0m
[2m2026-04-04T00:08:10.495868Z[0m [[32m[1minfo     [0m] [1mcrawling                      [0m [36mchannel[0m=[35mGoogle->Benzinga[0m [36mtag[0m=[35mgoogle_benzinga[0m
[2m2026-04-04T00:08:12.974532Z[0m [[32m[1minfo     [0m] [1mfetch                         [0m [36mstatus[0m=[35m200[0m [36murl[0m=[35m'https://news.google.com/rss/search?q=WFC+site:benzinga.com&hl=en-US&gl=US&ceid=US:en'[0m
[2m2026-04-04T00:08:13.118501Z[0m [[32m[1minfo     [0m] [1mparsed                        [0m [36mchannel[0m=[35mgoogle_benzinga[0m [36mraw[0m=[35m94[0m
[2m2026-04-04T00:08:15.124022Z[0m [[32m[1minfo     [0m] [1mfetch                         [0m [36mstatus[0m=[35m200[0m [36murl[0m=[35m'https://news.google.com/rss/search?q=WFC+site:benzinga.com&hl=en-US&gl=US&ceid=US:en'[0m
[2m2026-04-04T00:08:15.184139Z[0m [[32m[1minfo     [0m] [1mparsed                        [0m [36mchannel[0m=[35mgoogle_benzinga[0m [36mraw[0m=[35m94[0m
[2m2026-04-04T00:08:15.184322Z[0m [[32m[1minfo     [0m] [1mcrawling                      [0m [36mchannel[0m=[35m'Google News (all)'[0m [36mtag[0m=[35mgoogle_broad[0m
[2m2026-04-04T00:08:17.674406Z[0m [[32m[1minfo     [0m] [1mfetch                         [0m [36mstatus[0m=[35m200[0m [36murl[0m=[35m'https://news.google.com/rss/search?q=WFC+stock+news&hl=en-US&gl=US&ceid=US:en'[0m
[2m2026-04-04T00:08:17.819292Z[0m [[32m[1minfo     [0m] [1mparsed                        [0m [36mchannel[0m=[35mgoogle_broad[0m [36mraw[0m=[35m100[0m
[2m2026-04-04T00:08:20.266553Z[0m [[32m[1minfo     [0m] [1mfetch                         [0m [36mstatus[0m=[35m200[0m [36murl[0m=[35m'https://news.google.com/rss/search?q=WFC+earnings+analysis&hl=en-US&gl=US&ceid=US:en'[0m
[2m2026-04-04T00:08:20.383849Z[0m [[32m[1minfo     [0m] [1mparsed                        [0m [36mchannel[0m=[35mgoogle_broad[0m [36mraw[0m=[35m72[0m
[2m2026-04-04T00:08:20.385134Z[0m [[32m[1minfo     [0m] [1mquality_filter                [0m [36minput[0m=[35m360[0m [36mpassed[0m=[35m0[0m
[2m2026-04-04T00:08:20.385331Z[0m [[32m[1minfo     [0m] [1mdedup                         [0m [36mafter[0m=[35m0[0m [36mbefore[0m=[35m0[0m
[2m2026-04-04T00:08:20.385410Z[0m [[32m[1minfo     [0m] [1mfulltext_selection            [0m [36mcandidates[0m=[35m0[0m [36mfiltered[0m=[35m0[0m [36mmode[0m=[35mhigh-value[0m [36mticker[0m=[35mWFC[0m
[2m2026-04-04T00:08:20.386138Z[0m [[32m[1minfo     [0m] [1mcrawling                      [0m [36mchannel[0m=[35mGoogle->Benzinga[0m [36mtag[0m=[35mgoogle_benzinga[0m
[2m2026-04-04T00:08:23.348919Z[0m [[32m[1minfo     [0m] [1mfetch                         [0m [36mstatus[0m=[35m200[0m [36murl[0m=[35m'https://news.google.com/rss/search?q=MCD+site:benzinga.com&hl=en-US&gl=US&ceid=US:en'[0m
[2m2026-04-04T00:08:23.499361Z[0m [[32m[1minfo     [0m] [1mparsed                        [0m [36mchannel[0m=[35mgoogle_benzinga[0m [36mraw[0m=[35m100[0m
[2m2026-04-04T00:08:25.505590Z[0m [[32m[1minfo     [0m] [1mfetch                         [0m [36mstatus[0m=[35m200[0m [36murl[0m=[35m'https://news.google.com/rss/search?q=MCD+site:benzinga.com&hl=en-US&gl=US&ceid=US:en'[0m
[2m2026-04-04T00:08:25.566689Z[0m [[32m[1minfo     [0m] [1mparsed                        [0m [36mchannel[0m=[35mgoogle_benzinga[0m [36mraw[0m=[35m100[0m
[2m2026-04-04T00:08:25.566857Z[0m [[32m[1minfo     [0m] [1mcrawling                      [0m [36mchannel[0m=[35m'Google News (all)'[0m [36mtag[0m=[35mgoogle_broad[0m
[2m2026-04-04T00:08:28.190067Z[0m [[32m[1minfo     [0m] [1mfetch                         [0m [36mstatus[0m=[35m200[0m [36murl[0m=[35m'https://news.google.com/rss/search?q=MCD+stock+news&hl=en-US&gl=US&ceid=US:en'[0m
[2m2026-04-04T00:08:28.337670Z[0m [[32m[1minfo     [0m] [1mparsed                        [0m [36mchannel[0m=[35mgoogle_broad[0m [36mraw[0m=[35m100[0m
[2m2026-04-04T00:08:30.862901Z[0m [[32m[1minfo     [0m] [1mfetch                         [0m [36mstatus[0m=[35m200[0m [36murl[0m=[35m'https://news.google.com/rss/search?q=MCD+earnings+analysis&hl=en-US&gl=US&ceid=US:en'[0m
[2m2026-04-04T00:08:31.016541Z[0m [[32m[1minfo     [0m] [1mparsed                        [0m [36mchannel[0m=[35mgoogle_broad[0m [36mraw[0m=[35m100[0m
[2m2026-04-04T00:08:31.019220Z[0m [[32m[1minfo     [0m] [1mquality_filter                [0m [36minput[0m=[35m400[0m [36mpassed[0m=[35m6[0m
[2m2026-04-04T00:08:31.020125Z[0m [[32m[1minfo     [0m] [1mdedup                         [0m [36mafter[0m=[35m6[0m [36mbefore[0m=[35m6[0m
[2m2026-04-04T00:08:31.020316Z[0m [[32m[1minfo     [0m] [1mfulltext_selection            [0m [36mcandidates[0m=[35m4[0m [36mfiltered[0m=[35m6[0m [36mmode[0m=[35mhigh-value[0m [36mticker[0m=[35mMCD[0m
[2m2026-04-04T00:08:33.403587Z[0m [[32m[1minfo     [0m] [1mfetch                         [0m [36mstatus[0m=[35m200[0m [36murl[0m=[35mhttps://www.marketbeat.com/instant-alerts/filing-banque-pictet-cie-sa-trims-position-in-mc[0m
[2m2026-04-04T00:08:33.490570Z[0m [[32m[1minfo     [0m] [1mfetch                         [0m [36mstatus[0m=[35m200[0m [36murl[0m=[35mhttps://www.marketbeat.com/instant-alerts/filing-mcdonalds-corporation-mcd-shares-acquired[0m
[2m2026-04-04T00:08:33.763794Z[0m [[32m[1minfo     [0m] [1mfetch                         [0m [36mstatus[0m=[35m200[0m [36murl[0m=[35mhttps://seekingalpha.com/news/4571956-mcdonalds-tries-to-reclaim-its-value-crown-with-unde[0m
[2m2026-04-04T00:08:33.820602Z[0m [[32m[1minfo     [0m] [1mfetch                         [0m [36mstatus[0m=[35m200[0m [36murl[0m=[35mhttps://www.marketbeat.com/instant-alerts/filing-aberdeen-group-plc-trims-stake-in-mcdonal[0m
[2m2026-04-04T00:08:34.166482Z[0m [[32m[1minfo     [0m] [1mcrawling                      [0m [36mchannel[0m=[35mGoogle->Benzinga[0m [36mtag[0m=[35mgoogle_benzinga[0m
[2m2026-04-04T00:08:36.622147Z[0m [[32m[1minfo     [0m] [1mfetch                         [0m [36mstatus[0m=[35m200[0m [36murl[0m=[35m'https://news.google.com/rss/search?q=TMUS+site:benzinga.com&hl=en-US&gl=US&ceid=US:en'[0m
[2m2026-04-04T00:08:36.748383Z[0m [[32m[1minfo     [0m] [1mparsed                        [0m [36mchannel[0m=[35mgoogle_benzinga[0m [36mraw[0m=[35m83[0m
[2m2026-04-04T00:08:38.754882Z[0m [[32m[1minfo     [0m] [1mfetch                         [0m [36mstatus[0m=[35m200[0m [36murl[0m=[35m'https://news.google.com/rss/search?q=TMUS+site:benzinga.com&hl=en-US&gl=US&ceid=US:en'[0m
[2m2026-04-04T00:08:38.806979Z[0m [[32m[1minfo     [0m] [1mparsed                        [0m [36mchannel[0m=[35mgoogle_benzinga[0m [36mraw[0m=[35m83[0m
[2m2026-04-04T00:08:38.807153Z[0m [[32m[1minfo     [0m] [1mcrawling                      [0m [36mchannel[0m=[35m'Google News (all)'[0m [36mtag[0m=[35mgoogle_broad[0m
[2m2026-04-04T00:08:41.451708Z[0m [[32m[1minfo     [0m] [1mfetch                         [0m [36mstatus[0m=[35m200[0m [36murl[0m=[35m'https://news.google.com/rss/search?q=TMUS+stock+news&hl=en-US&gl=US&ceid=US:en'[0m
[2m2026-04-04T00:08:41.595099Z[0m [[32m[1minfo     [0m] [1mparsed                        [0m [36mchannel[0m=[35mgoogle_broad[0m [36mraw[0m=[35m100[0m
[2m2026-04-04T00:08:44.078110Z[0m [[32m[1minfo     [0m] [1mfetch                         [0m [36mstatus[0m=[35m200[0m [36murl[0m=[35m'https://news.google.com/rss/search?q=TMUS+earnings+analysis&hl=en-US&gl=US&ceid=US:en'[0m
[2m2026-04-04T00:08:44.140367Z[0m [[32m[1minfo     [0m] [1mparsed                        [0m [36mchannel[0m=[35mgoogle_broad[0m [36mraw[0m=[35m66[0m
[2m2026-04-04T00:08:44.141675Z[0m [[32m[1minfo     [0m] [1mquality_filter                [0m [36minput[0m=[35m332[0m [36mpassed[0m=[35m0[0m
[2m2026-04-04T00:08:44.141829Z[0m [[32m[1minfo     [0m] [1mdedup                         [0m [36mafter[0m=[35m0[0m [36mbefore[0m=[35m0[0m
[2m2026-04-04T00:08:44.141905Z[0m [[32m[1minfo     [0m] [1mfulltext_selection            [0m [36mcandidates[0m=[35m0[0m [36mfiltered[0m=[35m0[0m [36mmode[0m=[35mhigh-value[0m [36mticker[0m=[35mTMUS[0m
[2m2026-04-04T00:08:44.142692Z[0m [[32m[1minfo     [0m] [1mcrawling                      [0m [36mchannel[0m=[35mGoogle->Benzinga[0m [36mtag[0m=[35mgoogle_benzinga[0m
[2m2026-04-04T00:08:46.595371Z[0m [[32m[1minfo     [0m] [1mfetch                         [0m [36mstatus[0m=[35m200[0m [36murl[0m=[35m'https://news.google.com/rss/search?q=LIN+site:benzinga.com&hl=en-US&gl=US&ceid=US:en'[0m
[2m2026-04-04T00:08:46.741861Z[0m [[32m[1minfo     [0m] [1mparsed                        [0m [36mchannel[0m=[35mgoogle_benzinga[0m [36mraw[0m=[35m100[0m
[2m2026-04-04T00:08:48.747250Z[0m [[32m[1minfo     [0m] [1mfetch                         [0m [36mstatus[0m=[35m200[0m [36murl[0m=[35m'https://news.google.com/rss/search?q=LIN+site:benzinga.com&hl=en-US&gl=US&ceid=US:en'[0m
[2m2026-04-04T00:08:48.806489Z[0m [[32m[1minfo     [0m] [1mparsed                        [0m [36mchannel[0m=[35mgoogle_benzinga[0m [36mraw[0m=[35m100[0m
[2m2026-04-04T00:08:48.806657Z[0m [[32m[1minfo     [0m] [1mcrawling                      [0m [36mchannel[0m=[35m'Google News (all)'[0m [36mtag[0m=[35mgoogle_broad[0m
[2m2026-04-04T00:08:51.232883Z[0m [[32m[1minfo     [0m] [1mfetch                         [0m [36mstatus[0m=[35m200[0m [36murl[0m=[35m'https://news.google.com/rss/search?q=LIN+stock+news&hl=en-US&gl=US&ceid=US:en'[0m
[2m2026-04-04T00:08:51.351555Z[0m [[32m[1minfo     [0m] [1mparsed                        [0m [36mchannel[0m=[35mgoogle_broad[0m [36mraw[0m=[35m73[0m
[2m2026-04-04T00:08:53.784313Z[0m [[32m[1minfo     [0m] [1mfetch                         [0m [36mstatus[0m=[35m200[0m [36murl[0m=[35m'https://news.google.com/rss/search?q=LIN+earnings+analysis&hl=en-US&gl=US&ceid=US:en'[0m
[2m2026-04-04T00:08:53.902184Z[0m [[32m[1minfo     [0m] [1mparsed                        [0m [36mchannel[0m=[35mgoogle_broad[0m [36mraw[0m=[35m72[0m
[2m2026-04-04T00:08:53.903726Z[0m [[32m[1minfo     [0m] [1mquality_filter                [0m [36minput[0m=[35m345[0m [36mpassed[0m=[35m2[0m
[2m2026-04-04T00:08:53.904069Z[0m [[32m[1minfo     [0m] [1mdedup                         [0m [36mafter[0m=[35m2[0m [36mbefore[0m=[35m2[0m
[2m2026-04-04T00:08:53.904187Z[0m [[32m[1minfo     [0m] [1mfulltext_selection            [0m [36mcandidates[0m=[35m0[0m [36mfiltered[0m=[35m2[0m [36mmode[0m=[35mhigh-value[0m [36mticker[0m=[35mLIN[0m
[2m2026-04-04T00:08:53.904967Z[0m [[32m[1minfo     [0m] [1mcrawling                      [0m [36mchannel[0m=[35mGoogle->Benzinga[0m [36mtag[0m=[35mgoogle_benzinga[0m
[2m2026-04-04T00:08:56.841433Z[0m [[32m[1minfo     [0m] [1mfetch                         [0m [36mstatus[0m=[35m200[0m [36murl[0m=[35m'https://news.google.com/rss/search?q=PEP+site:benzinga.com&hl=en-US&gl=US&ceid=US:en'[0m
[2m2026-04-04T00:08:56.965732Z[0m [[32m[1minfo     [0m] [1mparsed                        [0m [36mchannel[0m=[35mgoogle_benzinga[0m [36mraw[0m=[35m78[0m
[2m2026-04-04T00:08:58.971344Z[0m [[32m[1minfo     [0m] [1mfetch                         [0m [36mstatus[0m=[35m200[0m [36murl[0m=[35m'https://news.google.com/rss/search?q=PEP+site:benzinga.com&hl=en-US&gl=US&ceid=US:en'[0m
[2m2026-04-04T00:08:59.019606Z[0m [[32m[1minfo     [0m] [1mparsed                        [0m [36mchannel[0m=[35mgoogle_benzinga[0m [36mraw[0m=[35m78[0m
[2m2026-04-04T00:08:59.019759Z[0m [[32m[1minfo     [0m] [1mcrawling                      [0m [36mchannel[0m=[35m'Google News (all)'[0m [36mtag[0m=[35mgoogle_broad[0m
[2m2026-04-04T00:09:01.445987Z[0m [[32m[1minfo     [0m] [1mfetch                         [0m [36mstatus[0m=[35m200[0m [36murl[0m=[35m'https://news.google.com/rss/search?q=PEP+stock+news&hl=en-US&gl=US&ceid=US:en'[0m
[2m2026-04-04T00:09:01.883806Z[0m [[32m[1minfo     [0m] [1mparsed                        [0m [36mchannel[0m=[35mgoogle_broad[0m [36mraw[0m=[35m100[0m
[2m2026-04-04T00:09:04.291135Z[0m [[32m[1minfo     [0m] [1mfetch                         [0m [36mstatus[0m=[35m200[0m [36murl[0m=[35m'https://news.google.com/rss/search?q=PEP+earnings+analysis&hl=en-US&gl=US&ceid=US:en'[0m
[2m2026-04-04T00:09:04.350203Z[0m [[32m[1minfo     [0m] [1mparsed                        [0m [36mchannel[0m=[35mgoogle_broad[0m [36mraw[0m=[35m62[0m
[2m2026-04-04T00:09:04.351840Z[0m [[32m[1minfo     [0m] [1mquality_filter                [0m [36minput[0m=[35m318[0m [36mpassed[0m=[35m2[0m
[2m2026-04-04T00:09:04.352204Z[0m [[32m[1minfo     [0m] [1mdedup                         [0m [36mafter[0m=[35m2[0m [36mbefore[0m=[35m2[0m
[2m2026-04-04T00:09:04.352334Z[0m [[32m[1minfo     [0m] [1mfulltext_selection            [0m [36mcandidates[0m=[35m2[0m [36mfiltered[0m=[35m2[0m [36mmode[0m=[35mhigh-value[0m [36mticker[0m=[35mPEP[0m
[2m2026-04-04T00:09:06.470935Z[0m [[32m[1minfo     [0m] [1mfetch                         [0m [36mstatus[0m=[35m200[0m [36murl[0m=[35mhttps://www.msn.com/en-us/money/topstocks/will-pepsico-pep-beat-estimates-again-in-its-nex[0m
[2m2026-04-04T00:09:06.586053Z[0m [[32m[1minfo     [0m] [1mfetch                         [0m [36mstatus[0m=[35m200[0m [36murl[0m=[35mhttps://www.tradingview.com/news/zacks:cba967511094b:0-3-consistent-dividend-payers-outper[0m
[2m2026-04-04T00:09:06.930907Z[0m [[32m[1minfo     [0m] [1mcrawling                      [0m [36mchannel[0m=[35mGoogle->Benzinga[0m [36mtag[0m=[35mgoogle_benzinga[0m
[2m2026-04-04T00:09:09.487857Z[0m [[32m[1minfo     [0m] [1mfetch                         [0m [36mstatus[0m=[35m200[0m [36murl[0m=[35m'https://news.google.com/rss/search?q=INTC+intel+site:benzinga.com&hl=en-US&gl=US&ceid=US:e'[0m
[2m2026-04-04T00:09:09.636084Z[0m [[32m[1minfo     [0m] [1mparsed                        [0m [36mchannel[0m=[35mgoogle_benzinga[0m [36mraw[0m=[35m100[0m
[2m2026-04-04T00:09:12.112165Z[0m [[32m[1minfo     [0m] [1mfetch                         [0m [36mstatus[0m=[35m200[0m [36murl[0m=[35m'https://news.google.com/rss/search?q=intel+site:benzinga.com&hl=en-US&gl=US&ceid=US:en'[0m
[2m2026-04-04T00:09:12.260409Z[0m [[32m[1minfo     [0m] [1mparsed                        [0m [36mchannel[0m=[35mgoogle_benzinga[0m [36mraw[0m=[35m100[0m
[2m2026-04-04T00:09:12.260596Z[0m [[32m[1minfo     [0m] [1mcrawling                      [0m [36mchannel[0m=[35m'Google News (all)'[0m [36mtag[0m=[35mgoogle_broad[0m
[2m2026-04-04T00:09:14.765495Z[0m [[32m[1minfo     [0m] [1mfetch                         [0m [36mstatus[0m=[35m200[0m [36murl[0m=[35m'https://news.google.com/rss/search?q=INTC+intel+stock+news&hl=en-US&gl=US&ceid=US:en'[0m
[2m2026-04-04T00:09:14.908154Z[0m [[32m[1minfo     [0m] [1mparsed                        [0m [36mchannel[0m=[35mgoogle_broad[0m [36mraw[0m=[35m100[0m
[2m2026-04-04T00:09:17.401590Z[0m [[32m[1minfo     [0m] [1mfetch                         [0m [36mstatus[0m=[35m200[0m [36murl[0m=[35m'https://news.google.com/rss/search?q=INTC+intel+earnings+analysis&hl=en-US&gl=US&ceid=US:e'[0m
[2m2026-04-04T00:09:17.544914Z[0m [[32m[1minfo     [0m] [1mparsed                        [0m [36mchannel[0m=[35mgoogle_broad[0m [36mraw[0m=[35m100[0m
[2m2026-04-04T00:09:17.548732Z[0m [[32m[1minfo     [0m] [1mquality_filter                [0m [36minput[0m=[35m400[0m [36mpassed[0m=[35m18[0m
[2m2026-04-04T00:09:17.551442Z[0m [[32m[1minfo     [0m] [1mdedup                         [0m [36mafter[0m=[35m17[0m [36mbefore[0m=[35m18[0m
[2m2026-04-04T00:09:17.551786Z[0m [[32m[1minfo     [0m] [1mfulltext_selection            [0m [36mcandidates[0m=[35m8[0m [36mfiltered[0m=[35m17[0m [36mmode[0m=[35mhigh-value[0m [36mticker[0m=[35mINTC[0m
[2m2026-04-04T00:09:19.361971Z[0m [[32m[1minfo     [0m] [1mfetch                         [0m [36mstatus[0m=[35m200[0m [36murl[0m=[35mhttps://www.tradingview.com/news/zacks:1e3393f1b094b:0-can-intc-s-advancements-in-ai-infer[0m
[2m2026-04-04T00:09:19.589382Z[0m [[32m[1minfo     [0m] [1mfetch                         [0m [36mstatus[0m=[35m403[0m [36murl[0m=[35mhttps://www.tipranks.com/news/intel-plans-to-ramp-up-relationship-with-sambanova-intel-sto[0m
[2m2026-04-04T00:09:19.626582Z[0m [[32m[1minfo     [0m] [1mfetch                         [0m [36mstatus[0m=[35m401[0m [36murl[0m=[35mhttps://www.marketwatch.com/story/intels-stock-has-been-climbing-and-this-could-be-its-nex[0m
[2m2026-04-04T00:09:20.671556Z[0m [[32m[1minfo     [0m] [1mfetch                         [0m [36mstatus[0m=[35m200[0m [36murl[0m=[35mhttps://seekingalpha.com/article/4888174-intel-the-easy-money-is-gone[0m
[2m2026-04-04T00:09:20.794115Z[0m [[32m[1minfo     [0m] [1mfetch                         [0m [36mstatus[0m=[35m200[0m [36murl[0m=[35mhttps://www.theglobeandmail.com/investing/markets/stocks/INTC/pressreleases/1139751/erste-[0m
[2m2026-04-04T00:09:20.985481Z[0m [[32m[1minfo     [0m] [1mfetch                         [0m [36mstatus[0m=[35m200[0m [36murl[0m=[35mhttps://247wallst.com/investing/2026/04/02/intel-climbs-4-as-ai-hardware-momentum-and-fab-[0m
[2m2026-04-04T00:09:21.403462Z[0m [[32m[1minfo     [0m] [1mfetch                         [0m [36mstatus[0m=[35m200[0m [36murl[0m=[35mhttps://www.marketbeat.com/instant-alerts/filing-dorato-capital-management-takes-position-[0m
[2m2026-04-04T00:09:22.504989Z[0m [[32m[1minfo     [0m] [1mfetch                         [0m [36mstatus[0m=[35m200[0m [36murl[0m=[35mhttps://coincentral.com/intel-intc-stock-pops-9-after-reclaiming-full-control-of-key-irish[0m
[2m2026-04-04T00:09:22.732250Z[0m [[32m[1minfo     [0m] [1mcrawling                      [0m [36mchannel[0m=[35mGoogle->Benzinga[0m [36mtag[0m=[35mgoogle_benzinga[0m
[2m2026-04-04T00:09:25.705430Z[0m [[32m[1minfo     [0m] [1mfetch                         [0m [36mstatus[0m=[35m200[0m [36murl[0m=[35m'https://news.google.com/rss/search?q=VZ+site:benzinga.com&hl=en-US&gl=US&ceid=US:en'[0m
[2m2026-04-04T00:09:25.848933Z[0m [[32m[1minfo     [0m] [1mparsed                        [0m [36mchannel[0m=[35mgoogle_benzinga[0m [36mraw[0m=[35m100[0m
[2m2026-04-04T00:09:27.855088Z[0m [[32m[1minfo     [0m] [1mfetch                         [0m [36mstatus[0m=[35m200[0m [36murl[0m=[35m'https://news.google.com/rss/search?q=VZ+site:benzinga.com&hl=en-US&gl=US&ceid=US:en'[0m
[2m2026-04-04T00:09:27.915191Z[0m [[32m[1minfo     [0m] [1mparsed                        [0m [36mchannel[0m=[35mgoogle_benzinga[0m [36mraw[0m=[35m100[0m
[2m2026-04-04T00:09:27.915378Z[0m [[32m[1minfo     [0m] [1mcrawling                      [0m [36mchannel[0m=[35m'Google News (all)'[0m [36mtag[0m=[35mgoogle_broad[0m
[2m2026-04-04T00:09:30.452809Z[0m [[32m[1minfo     [0m] [1mfetch                         [0m [36mstatus[0m=[35m200[0m [36murl[0m=[35m'https://news.google.com/rss/search?q=VZ+stock+news&hl=en-US&gl=US&ceid=US:en'[0m
[2m2026-04-04T00:09:30.596322Z[0m [[32m[1minfo     [0m] [1mparsed                        [0m [36mchannel[0m=[35mgoogle_broad[0m [36mraw[0m=[35m100[0m
[2m2026-04-04T00:09:32.987183Z[0m [[32m[1minfo     [0m] [1mfetch                         [0m [36mstatus[0m=[35m200[0m [36murl[0m=[35m'https://news.google.com/rss/search?q=VZ+earnings+analysis&hl=en-US&gl=US&ceid=US:en'[0m
[2m2026-04-04T00:09:33.052611Z[0m [[32m[1minfo     [0m] [1mparsed                        [0m [36mchannel[0m=[35mgoogle_broad[0m [36mraw[0m=[35m63[0m
[2m2026-04-04T00:09:33.055410Z[0m [[32m[1minfo     [0m] [1mquality_filter                [0m [36minput[0m=[35m363[0m [36mpassed[0m=[35m6[0m
[2m2026-04-04T00:09:33.056319Z[0m [[32m[1minfo     [0m] [1mdedup                         [0m [36mafter[0m=[35m6[0m [36mbefore[0m=[35m6[0m
[2m2026-04-04T00:09:33.056501Z[0m [[32m[1minfo     [0m] [1mfulltext_selection            [0m [36mcandidates[0m=[35m1[0m [36mfiltered[0m=[35m6[0m [36mmode[0m=[35mhigh-value[0m [36mticker[0m=[35mVZ[0m
[2m2026-04-04T00:09:34.814989Z[0m [[32m[1minfo     [0m] [1mfetch                         [0m [36mstatus[0m=[35m200[0m [36murl[0m=[35mhttps://www.marketbeat.com/instant-alerts/verizon-communications-nysevz-stock-rating-upgra[0m
[2m2026-04-04T00:09:35.074320Z[0m [[32m[1minfo     [0m] [1mcrawling                      [0m [36mchannel[0m=[35mGoogle->Benzinga[0m [36mtag[0m=[35mgoogle_benzinga[0m
[2m2026-04-04T00:09:37.526861Z[0m [[32m[1minfo     [0m] [1mfetch                         [0m [36mstatus[0m=[35m200[0m [36murl[0m=[35m'https://news.google.com/rss/search?q=AMGN+site:benzinga.com&hl=en-US&gl=US&ceid=US:en'[0m
[2m2026-04-04T00:09:37.656630Z[0m [[32m[1minfo     [0m] [1mparsed                        [0m [36mchannel[0m=[35mgoogle_benzinga[0m [36mraw[0m=[35m89[0m
[2m2026-04-04T00:09:39.662123Z[0m [[32m[1minfo     [0m] [1mfetch                         [0m [36mstatus[0m=[35m200[0m [36murl[0m=[35m'https://news.google.com/rss/search?q=AMGN+site:benzinga.com&hl=en-US&gl=US&ceid=US:en'[0m
[2m2026-04-04T00:09:39.717441Z[0m [[32m[1minfo     [0m] [1mparsed                        [0m [36mchannel[0m=[35mgoogle_benzinga[0m [36mraw[0m=[35m89[0m
[2m2026-04-04T00:09:39.717615Z[0m [[32m[1minfo     [0m] [1mcrawling                      [0m [36mchannel[0m=[35m'Google News (all)'[0m [36mtag[0m=[35mgoogle_broad[0m
[2m2026-04-04T00:09:42.223347Z[0m [[32m[1minfo     [0m] [1mfetch                         [0m [36mstatus[0m=[35m200[0m [36murl[0m=[35m'https://news.google.com/rss/search?q=AMGN+stock+news&hl=en-US&gl=US&ceid=US:en'[0m
[2m2026-04-04T00:09:42.367498Z[0m [[32m[1minfo     [0m] [1mparsed                        [0m [36mchannel[0m=[35mgoogle_broad[0m [36mraw[0m=[35m100[0m
[2m2026-04-04T00:09:44.753403Z[0m [[32m[1minfo     [0m] [1mfetch                         [0m [36mstatus[0m=[35m200[0m [36murl[0m=[35m'https://news.google.com/rss/search?q=AMGN+earnings+analysis&hl=en-US&gl=US&ceid=US:en'[0m
[2m2026-04-04T00:09:44.799506Z[0m [[32m[1minfo     [0m] [1mparsed                        [0m [36mchannel[0m=[35mgoogle_broad[0m [36mraw[0m=[35m52[0m
[2m2026-04-04T00:09:44.801452Z[0m [[32m[1minfo     [0m] [1mquality_filter                [0m [36minput[0m=[35m330[0m [36mpassed[0m=[35m4[0m
[2m2026-04-04T00:09:44.802020Z[0m [[32m[1minfo     [0m] [1mdedup                         [0m [36mafter[0m=[35m4[0m [36mbefore[0m=[35m4[0m
[2m2026-04-04T00:09:44.802170Z[0m [[32m[1minfo     [0m] [1mfulltext_selection            [0m [36mcandidates[0m=[35m2[0m [36mfiltered[0m=[35m4[0m [36mmode[0m=[35mhigh-value[0m [36mticker[0m=[35mAMGN[0m
[2m2026-04-04T00:09:46.868843Z[0m [[32m[1minfo     [0m] [1mfetch                         [0m [36mstatus[0m=[35m200[0m [36murl[0m=[35mhttps://www.marketbeat.com/instant-alerts/filing-hf-advisory-group-llc-buys-7548-shares-of[0m
[2m2026-04-04T00:09:46.973327Z[0m [[32m[1minfo     [0m] [1mfetch                         [0m [36mstatus[0m=[35m200[0m [36murl[0m=[35mhttps://www.marketbeat.com/instant-alerts/filing-dorato-capital-management-invests-158-mil[0m
[2m2026-04-04T00:09:47.186584Z[0m [[32m[1minfo     [0m] [1mcrawling                      [0m [36mchannel[0m=[35mGoogle->Benzinga[0m [36mtag[0m=[35mgoogle_benzinga[0m
[2m2026-04-04T00:09:49.621608Z[0m [[32m[1minfo     [0m] [1mfetch                         [0m [36mstatus[0m=[35m200[0m [36murl[0m=[35m'https://news.google.com/rss/search?q=ABT+site:benzinga.com&hl=en-US&gl=US&ceid=US:en'[0m
[2m2026-04-04T00:09:49.669606Z[0m [[32m[1minfo     [0m] [1mparsed                        [0m [36mchannel[0m=[35mgoogle_benzinga[0m [36mraw[0m=[35m53[0m
[2m2026-04-04T00:09:51.674839Z[0m [[32m[1minfo     [0m] [1mfetch                         [0m [36mstatus[0m=[35m200[0m [36murl[0m=[35m'https://news.google.com/rss/search?q=ABT+site:benzinga.com&hl=en-US&gl=US&ceid=US:en'[0m
[2m2026-04-04T00:09:51.708200Z[0m [[32m[1minfo     [0m] [1mparsed                        [0m [36mchannel[0m=[35mgoogle_benzinga[0m [36mraw[0m=[35m53[0m
[2m2026-04-04T00:09:51.708381Z[0m [[32m[1minfo     [0m] [1mcrawling                      [0m [36mchannel[0m=[35m'Google News (all)'[0m [36mtag[0m=[35mgoogle_broad[0m
[2m2026-04-04T00:09:54.186667Z[0m [[32m[1minfo     [0m] [1mfetch                         [0m [36mstatus[0m=[35m200[0m [36murl[0m=[35m'https://news.google.com/rss/search?q=ABT+stock+news&hl=en-US&gl=US&ceid=US:en'[0m
[2m2026-04-04T00:09:54.332034Z[0m [[32m[1minfo     [0m] [1mparsed                        [0m [36mchannel[0m=[35mgoogle_broad[0m [36mraw[0m=[35m100[0m
[2m2026-04-04T00:09:56.803263Z[0m [[32m[1minfo     [0m] [1mfetch                         [0m [36mstatus[0m=[35m200[0m [36murl[0m=[35m'https://news.google.com/rss/search?q=ABT+earnings+analysis&hl=en-US&gl=US&ceid=US:en'[0m
[2m2026-04-04T00:09:56.857292Z[0m [[32m[1minfo     [0m] [1mparsed                        [0m [36mchannel[0m=[35mgoogle_broad[0m [36mraw[0m=[35m57[0m
[2m2026-04-04T00:09:56.859257Z[0m [[32m[1minfo     [0m] [1mquality_filter                [0m [36minput[0m=[35m263[0m [36mpassed[0m=[35m6[0m
[2m2026-04-04T00:09:56.860094Z[0m [[32m[1minfo     [0m] [1mdedup                         [0m [36mafter[0m=[35m6[0m [36mbefore[0m=[35m6[0m
[2m2026-04-04T00:09:56.860287Z[0m [[32m[1minfo     [0m] [1mfulltext_selection            [0m [36mcandidates[0m=[35m0[0m [36mfiltered[0m=[35m6[0m [36mmode[0m=[35mhigh-value[0m [36mticker[0m=[35mABT[0m
[2m2026-04-04T00:09:56.861025Z[0m [[32m[1minfo     [0m] [1mcrawling                      [0m [36mchannel[0m=[35mGoogle->Benzinga[0m [36mtag[0m=[35mgoogle_benzinga[0m
[2m2026-04-04T00:09:59.389107Z[0m [[32m[1minfo     [0m] [1mfetch                         [0m [36mstatus[0m=[35m200[0m [36murl[0m=[35m'https://news.google.com/rss/search?q=DIS+site:benzinga.com&hl=en-US&gl=US&ceid=US:en'[0m
[2m2026-04-04T00:09:59.524448Z[0m [[32m[1minfo     [0m] [1mparsed                        [0m [36mchannel[0m=[35mgoogle_benzinga[0m [36mraw[0m=[35m100[0m
[2m2026-04-04T00:10:01.530568Z[0m [[32m[1minfo     [0m] [1mfetch                         [0m [36mstatus[0m=[35m200[0m [36murl[0m=[35m'https://news.google.com/rss/search?q=DIS+site:benzinga.com&hl=en-US&gl=US&ceid=US:en'[0m
[2m2026-04-04T00:10:01.825102Z[0m [[32m[1minfo     [0m] [1mparsed                        [0m [36mchannel[0m=[35mgoogle_benzinga[0m [36mraw[0m=[35m100[0m
[2m2026-04-04T00:10:01.825307Z[0m [[32m[1minfo     [0m] [1mcrawling                      [0m [36mchannel[0m=[35m'Google News (all)'[0m [36mtag[0m=[35mgoogle_broad[0m
[2m2026-04-04T00:10:04.324488Z[0m [[32m[1minfo     [0m] [1mfetch                         [0m [36mstatus[0m=[35m200[0m [36murl[0m=[35m'https://news.google.com/rss/search?q=DIS+stock+news&hl=en-US&gl=US&ceid=US:en'[0m
[2m2026-04-04T00:10:04.480170Z[0m [[32m[1minfo     [0m] [1mparsed                        [0m [36mchannel[0m=[35mgoogle_broad[0m [36mraw[0m=[35m100[0m
[2m2026-04-04T00:10:06.988812Z[0m [[32m[1minfo     [0m] [1mfetch                         [0m [36mstatus[0m=[35m200[0m [36murl[0m=[35m'https://news.google.com/rss/search?q=DIS+earnings+analysis&hl=en-US&gl=US&ceid=US:en'[0m
[2m2026-04-04T00:10:07.141777Z[0m [[32m[1minfo     [0m] [1mparsed                        [0m [36mchannel[0m=[35mgoogle_broad[0m [36mraw[0m=[35m100[0m
[2m2026-04-04T00:10:07.144574Z[0m [[32m[1minfo     [0m] [1mquality_filter                [0m [36minput[0m=[35m400[0m [36mpassed[0m=[35m10[0m
[2m2026-04-04T00:10:07.146012Z[0m [[32m[1minfo     [0m] [1mdedup                         [0m [36mafter[0m=[35m10[0m [36mbefore[0m=[35m10[0m
[2m2026-04-04T00:10:07.146352Z[0m [[32m[1minfo     [0m] [1mfulltext_selection            [0m [36mcandidates[0m=[35m0[0m [36mfiltered[0m=[35m10[0m [36mmode[0m=[35mhigh-value[0m [36mticker[0m=[35mDIS[0m
[2m2026-04-04T00:10:07.147161Z[0m [[32m[1minfo     [0m] [1mcrawling                      [0m [36mchannel[0m=[35mGoogle->Benzinga[0m [36mtag[0m=[35mgoogle_benzinga[0m
[2m2026-04-04T00:10:09.566483Z[0m [[32m[1minfo     [0m] [1mfetch                         [0m [36mstatus[0m=[35m200[0m [36murl[0m=[35m'https://news.google.com/rss/search?q=GILD+site:benzinga.com&hl=en-US&gl=US&ceid=US:en'[0m
[2m2026-04-04T00:10:09.598151Z[0m [[32m[1minfo     [0m] [1mparsed                        [0m [36mchannel[0m=[35mgoogle_benzinga[0m [36mraw[0m=[35m40[0m
[2m2026-04-04T00:10:11.603585Z[0m [[32m[1minfo     [0m] [1mfetch                         [0m [36mstatus[0m=[35m200[0m [36murl[0m=[35m'https://news.google.com/rss/search?q=GILD+site:benzinga.com&hl=en-US&gl=US&ceid=US:en'[0m
[2m2026-04-04T00:10:11.628672Z[0m [[32m[1minfo     [0m] [1mparsed                        [0m [36mchannel[0m=[35mgoogle_benzinga[0m [36mraw[0m=[35m40[0m
[2m2026-04-04T00:10:11.628833Z[0m [[32m[1minfo     [0m] [1mcrawling                      [0m [36mchannel[0m=[35m'Google News (all)'[0m [36mtag[0m=[35mgoogle_broad[0m
[2m2026-04-04T00:10:14.064432Z[0m [[32m[1minfo     [0m] [1mfetch                         [0m [36mstatus[0m=[35m200[0m [36murl[0m=[35m'https://news.google.com/rss/search?q=GILD+stock+news&hl=en-US&gl=US&ceid=US:en'[0m
[2m2026-04-04T00:10:14.208006Z[0m [[32m[1minfo     [0m] [1mparsed                        [0m [36mchannel[0m=[35mgoogle_broad[0m [36mraw[0m=[35m100[0m
[2m2026-04-04T00:10:16.673385Z[0m [[32m[1minfo     [0m] [1mfetch                         [0m [36mstatus[0m=[35m200[0m [36murl[0m=[35m'https://news.google.com/rss/search?q=GILD+earnings+analysis&hl=en-US&gl=US&ceid=US:en'[0m
[2m2026-04-04T00:10:16.796553Z[0m [[32m[1minfo     [0m] [1mparsed                        [0m [36mchannel[0m=[35mgoogle_broad[0m [36mraw[0m=[35m76[0m
[2m2026-04-04T00:10:16.797696Z[0m [[32m[1minfo     [0m] [1mquality_filter                [0m [36minput[0m=[35m256[0m [36mpassed[0m=[35m0[0m
[2m2026-04-04T00:10:16.797892Z[0m [[32m[1minfo     [0m] [1mdedup                         [0m [36mafter[0m=[35m0[0m [36mbefore[0m=[35m0[0m
[2m2026-04-04T00:10:16.798009Z[0m [[32m[1minfo     [0m] [1mfulltext_selection            [0m [36mcandidates[0m=[35m0[0m [36mfiltered[0m=[35m0[0m [36mmode[0m=[35mhigh-value[0m [36mticker[0m=[35mGILD[0m
[2m2026-04-04T00:10:16.798757Z[0m [[32m[1minfo     [0m] [1mcrawling                      [0m [36mchannel[0m=[35mGoogle->Benzinga[0m [36mtag[0m=[35mgoogle_benzinga[0m
[2m2026-04-04T00:10:19.183371Z[0m [[32m[1minfo     [0m] [1mfetch                         [0m [36mstatus[0m=[35m200[0m [36murl[0m=[35m'https://news.google.com/rss/search?q=APH+site:benzinga.com&hl=en-US&gl=US&ceid=US:en'[0m
[2m2026-04-04T00:10:19.212701Z[0m [[32m[1minfo     [0m] [1mparsed                        [0m [36mchannel[0m=[35mgoogle_benzinga[0m [36mraw[0m=[35m36[0m
[2m2026-04-04T00:10:21.218117Z[0m [[32m[1minfo     [0m] [1mfetch                         [0m [36mstatus[0m=[35m200[0m [36murl[0m=[35m'https://news.google.com/rss/search?q=APH+site:benzinga.com&hl=en-US&gl=US&ceid=US:en'[0m
[2m2026-04-04T00:10:21.241179Z[0m [[32m[1minfo     [0m] [1mparsed                        [0m [36mchannel[0m=[35mgoogle_benzinga[0m [36mraw[0m=[35m36[0m
[2m2026-04-04T00:10:21.241371Z[0m [[32m[1minfo     [0m] [1mcrawling                      [0m [36mchannel[0m=[35m'Google News (all)'[0m [36mtag[0m=[35mgoogle_broad[0m
[2m2026-04-04T00:10:23.701477Z[0m [[32m[1minfo     [0m] [1mfetch                         [0m [36mstatus[0m=[35m200[0m [36murl[0m=[35m'https://news.google.com/rss/search?q=APH+stock+news&hl=en-US&gl=US&ceid=US:en'[0m
[2m2026-04-04T00:10:23.837413Z[0m [[32m[1minfo     [0m] [1mparsed                        [0m [36mchannel[0m=[35mgoogle_broad[0m [36mraw[0m=[35m100[0m
[2m2026-04-04T00:10:26.224626Z[0m [[32m[1minfo     [0m] [1mfetch                         [0m [36mstatus[0m=[35m200[0m [36murl[0m=[35m'https://news.google.com/rss/search?q=APH+earnings+analysis&hl=en-US&gl=US&ceid=US:en'[0m
[2m2026-04-04T00:10:26.256364Z[0m [[32m[1minfo     [0m] [1mparsed                        [0m [36mchannel[0m=[35mgoogle_broad[0m [36mraw[0m=[35m39[0m
[2m2026-04-04T00:10:26.257656Z[0m [[32m[1minfo     [0m] [1mquality_filter                [0m [36minput[0m=[35m211[0m [36mpassed[0m=[35m2[0m
[2m2026-04-04T00:10:26.258022Z[0m [[32m[1minfo     [0m] [1mdedup                         [0m [36mafter[0m=[35m2[0m [36mbefore[0m=[35m2[0m
[2m2026-04-04T00:10:26.258144Z[0m [[32m[1minfo     [0m] [1mfulltext_selection            [0m [36mcandidates[0m=[35m2[0m [36mfiltered[0m=[35m2[0m [36mmode[0m=[35mhigh-value[0m [36mticker[0m=[35mAPH[0m
[2m2026-04-04T00:10:28.836801Z[0m [[32m[1minfo     [0m] [1mfetch                         [0m [36mstatus[0m=[35m200[0m [36murl[0m=[35mhttps://www.marketbeat.com/instant-alerts/filing-amphenol-corporation-aph-shares-purchased[0m
[2m2026-04-04T00:10:28.866155Z[0m [[32m[1minfo     [0m] [1mfetch                         [0m [36mstatus[0m=[35m200[0m [36murl[0m=[35mhttps://www.marketbeat.com/instant-alerts/filing-amphenol-corporation-aph-shares-bought-by[0m
[2m2026-04-04T00:10:29.118708Z[0m [[32m[1minfo     [0m] [1mcrawling                      [0m [36mchannel[0m=[35mGoogle->Benzinga[0m [36mtag[0m=[35mgoogle_benzinga[0m
[2m2026-04-04T00:10:31.558756Z[0m [[32m[1minfo     [0m] [1mfetch                         [0m [36mstatus[0m=[35m200[0m [36murl[0m=[35m'https://news.google.com/rss/search?q=TJX+site:benzinga.com&hl=en-US&gl=US&ceid=US:en'[0m
[2m2026-04-04T00:10:31.613117Z[0m [[32m[1minfo     [0m] [1mparsed                        [0m [36mchannel[0m=[35mgoogle_benzinga[0m [36mraw[0m=[35m56[0m
[2m2026-04-04T00:10:33.619575Z[0m [[32m[1minfo     [0m] [1mfetch                         [0m [36mstatus[0m=[35m200[0m [36murl[0m=[35m'https://news.google.com/rss/search?q=TJX+site:benzinga.com&hl=en-US&gl=US&ceid=US:en'[0m
[2m2026-04-04T00:10:33.653648Z[0m [[32m[1minfo     [0m] [1mparsed                        [0m [36mchannel[0m=[35mgoogle_benzinga[0m [36mraw[0m=[35m56[0m
[2m2026-04-04T00:10:33.653813Z[0m [[32m[1minfo     [0m] [1mcrawling                      [0m [36mchannel[0m=[35m'Google News (all)'[0m [36mtag[0m=[35mgoogle_broad[0m
[2m2026-04-04T00:10:36.173329Z[0m [[32m[1minfo     [0m] [1mfetch                         [0m [36mstatus[0m=[35m200[0m [36murl[0m=[35m'https://news.google.com/rss/search?q=TJX+stock+news&hl=en-US&gl=US&ceid=US:en'[0m
[2m2026-04-04T00:10:36.310169Z[0m [[32m[1minfo     [0m] [1mparsed                        [0m [36mchannel[0m=[35mgoogle_broad[0m [36mraw[0m=[35m100[0m
[2m2026-04-04T00:10:38.721281Z[0m [[32m[1minfo     [0m] [1mfetch                         [0m [36mstatus[0m=[35m200[0m [36murl[0m=[35m'https://news.google.com/rss/search?q=TJX+earnings+analysis&hl=en-US&gl=US&ceid=US:en'[0m
[2m2026-04-04T00:10:38.777861Z[0m [[32m[1minfo     [0m] [1mparsed                        [0m [36mchannel[0m=[35mgoogle_broad[0m [36mraw[0m=[35m59[0m
[2m2026-04-04T00:10:38.779225Z[0m [[32m[1minfo     [0m] [1mquality_filter                [0m [36minput[0m=[35m271[0m [36mpassed[0m=[35m2[0m
[2m2026-04-04T00:10:38.779658Z[0m [[32m[1minfo     [0m] [1mdedup                         [0m [36mafter[0m=[35m2[0m [36mbefore[0m=[35m2[0m
[2m2026-04-04T00:10:38.779781Z[0m [[32m[1minfo     [0m] [1mfulltext_selection            [0m [36mcandidates[0m=[35m1[0m [36mfiltered[0m=[35m2[0m [36mmode[0m=[35mhigh-value[0m [36mticker[0m=[35mTJX[0m
[2m2026-04-04T00:10:40.834711Z[0m [[32m[1minfo     [0m] [1mfetch                         [0m [36mstatus[0m=[35m403[0m [36murl[0m=[35mhttps://www.investing.com/news/analyst-ratings/ubs-reiterates-tjx-stock-buy-rating-on-mark[0m
[2m2026-04-04T00:10:41.037235Z[0m [[32m[1minfo     [0m] [1mcrawling                      [0m [36mchannel[0m=[35mGoogle->Benzinga[0m [36mtag[0m=[35mgoogle_benzinga[0m
[2m2026-04-04T00:10:43.459680Z[0m [[32m[1minfo     [0m] [1mfetch                         [0m [36mstatus[0m=[35m200[0m [36murl[0m=[35m'https://news.google.com/rss/search?q=SCHW+site:benzinga.com&hl=en-US&gl=US&ceid=US:en'[0m
[2m2026-04-04T00:10:43.517983Z[0m [[32m[1minfo     [0m] [1mparsed                        [0m [36mchannel[0m=[35mgoogle_benzinga[0m [36mraw[0m=[35m60[0m
[2m2026-04-04T00:10:45.523666Z[0m [[32m[1minfo     [0m] [1mfetch                         [0m [36mstatus[0m=[35m200[0m [36murl[0m=[35m'https://news.google.com/rss/search?q=SCHW+site:benzinga.com&hl=en-US&gl=US&ceid=US:en'[0m
[2m2026-04-04T00:10:45.561237Z[0m [[32m[1minfo     [0m] [1mparsed                        [0m [36mchannel[0m=[35mgoogle_benzinga[0m [36mraw[0m=[35m60[0m
[2m2026-04-04T00:10:45.561404Z[0m [[32m[1minfo     [0m] [1mcrawling                      [0m [36mchannel[0m=[35m'Google News (all)'[0m [36mtag[0m=[35mgoogle_broad[0m
[2m2026-04-04T00:10:47.991941Z[0m [[32m[1minfo     [0m] [1mfetch                         [0m [36mstatus[0m=[35m200[0m [36murl[0m=[35m'https://news.google.com/rss/search?q=SCHW+stock+news&hl=en-US&gl=US&ceid=US:en'[0m
[2m2026-04-04T00:10:48.138675Z[0m [[32m[1minfo     [0m] [1mparsed                        [0m [36mchannel[0m=[35mgoogle_broad[0m [36mraw[0m=[35m100[0m
[2m2026-04-04T00:10:50.513775Z[0m [[32m[1minfo     [0m] [1mfetch                         [0m [36mstatus[0m=[35m200[0m [36murl[0m=[35m'https://news.google.com/rss/search?q=SCHW+earnings+analysis&hl=en-US&gl=US&ceid=US:en'[0m
[2m2026-04-04T00:10:50.546365Z[0m [[32m[1minfo     [0m] [1mparsed                        [0m [36mchannel[0m=[35mgoogle_broad[0m [36mraw[0m=[35m41[0m
[2m2026-04-04T00:10:50.548193Z[0m [[32m[1minfo     [0m] [1mquality_filter                [0m [36minput[0m=[35m261[0m [36mpassed[0m=[35m5[0m
[2m2026-04-04T00:10:50.548955Z[0m [[32m[1minfo     [0m] [1mdedup                         [0m [36mafter[0m=[35m5[0m [36mbefore[0m=[35m5[0m
[2m2026-04-04T00:10:50.549129Z[0m [[32m[1minfo     [0m] [1mfulltext_selection            [0m [36mcandidates[0m=[35m1[0m [36mfiltered[0m=[35m5[0m [36mmode[0m=[35mhigh-value[0m [36mticker[0m=[35mSCHW[0m
[2m2026-04-04T00:10:53.252431Z[0m [[31m[1merror    [0m] [1mfetch_error                   [0m [36merror[0m=[35m'400, message=\'Got more than 8190 bytes when reading: b"connect-src \\\'self\\\' wss:'[0m [36murl[0m=[35mhttps://finance.yahoo.com/markets/stocks/articles/charles-schwab-schw-[0m
[2m2026-04-04T00:10:53.455082Z[0m [[32m[1minfo     [0m] [1mcrawling                      [0m [36mchannel[0m=[35mGoogle->Benzinga[0m [36mtag[0m=[35mgoogle_benzinga[0m
[2m2026-04-04T00:10:55.955801Z[0m [[32m[1minfo     [0m] [1mfetch                         [0m [36mstatus[0m=[35m200[0m [36murl[0m=[35m'https://news.google.com/rss/search?q=PFE+site:benzinga.com&hl=en-US&gl=US&ceid=US:en'[0m
[2m2026-04-04T00:10:56.096632Z[0m [[32m[1minfo     [0m] [1mparsed                        [0m [36mchannel[0m=[35mgoogle_benzinga[0m [36mraw[0m=[35m100[0m
[2m2026-04-04T00:10:58.101980Z[0m [[32m[1minfo     [0m] [1mfetch                         [0m [36mstatus[0m=[35m200[0m [36murl[0m=[35m'https://news.google.com/rss/search?q=PFE+site:benzinga.com&hl=en-US&gl=US&ceid=US:en'[0m
[2m2026-04-04T00:10:58.163003Z[0m [[32m[1minfo     [0m] [1mparsed                        [0m [36mchannel[0m=[35mgoogle_benzinga[0m [36mraw[0m=[35m100[0m
[2m2026-04-04T00:10:58.163172Z[0m [[32m[1minfo     [0m] [1mcrawling                      [0m [36mchannel[0m=[35m'Google News (all)'[0m [36mtag[0m=[35mgoogle_broad[0m
[2m2026-04-04T00:11:00.614812Z[0m [[32m[1minfo     [0m] [1mfetch                         [0m [36mstatus[0m=[35m200[0m [36murl[0m=[35m'https://news.google.com/rss/search?q=PFE+stock+news&hl=en-US&gl=US&ceid=US:en'[0m
[2m2026-04-04T00:11:00.696082Z[0m [[32m[1minfo     [0m] [1mparsed                        [0m [36mchannel[0m=[35mgoogle_broad[0m [36mraw[0m=[35m100[0m
[2m2026-04-04T00:11:03.150190Z[0m [[32m[1minfo     [0m] [1mfetch                         [0m [36mstatus[0m=[35m200[0m [36murl[0m=[35m'https://news.google.com/rss/search?q=PFE+earnings+analysis&hl=en-US&gl=US&ceid=US:en'[0m
[2m2026-04-04T00:11:03.281954Z[0m [[32m[1minfo     [0m] [1mparsed                        [0m [36mchannel[0m=[35mgoogle_broad[0m [36mraw[0m=[35m96[0m
[2m2026-04-04T00:11:03.283710Z[0m [[32m[1minfo     [0m] [1mquality_filter                [0m [36minput[0m=[35m396[0m [36mpassed[0m=[35m3[0m
[2m2026-04-04T00:11:03.284124Z[0m [[32m[1minfo     [0m] [1mdedup                         [0m [36mafter[0m=[35m2[0m [36mbefore[0m=[35m3[0m
[2m2026-04-04T00:11:03.284260Z[0m [[32m[1minfo     [0m] [1mfulltext_selection            [0m [36mcandidates[0m=[35m1[0m [36mfiltered[0m=[35m2[0m [36mmode[0m=[35mhigh-value[0m [36mticker[0m=[35mPFE[0m
[2m2026-04-04T00:11:05.476808Z[0m [[32m[1minfo     [0m] [1mfetch                         [0m [36mstatus[0m=[35m200[0m [36murl[0m=[35mhttps://www.marketbeat.com/instant-alerts/filing-pfizer-inc-pfe-stock-position-reduced-by-[0m
[2m2026-04-04T00:11:05.692330Z[0m [[32m[1minfo     [0m] [1mcrawling                      [0m [36mchannel[0m=[35mGoogle->Benzinga[0m [36mtag[0m=[35mgoogle_benzinga[0m
[2m2026-04-04T00:11:08.633829Z[0m [[32m[1minfo     [0m] [1mfetch                         [0m [36mstatus[0m=[35m200[0m [36murl[0m=[35m'https://news.google.com/rss/search?q=HON+site:benzinga.com&hl=en-US&gl=US&ceid=US:en'[0m
[2m2026-04-04T00:11:08.772302Z[0m [[32m[1minfo     [0m] [1mparsed                        [0m [36mchannel[0m=[35mgoogle_benzinga[0m [36mraw[0m=[35m92[0m
[2m2026-04-04T00:11:10.777660Z[0m [[32m[1minfo     [0m] [1mfetch                         [0m [36mstatus[0m=[35m200[0m [36murl[0m=[35m'https://news.google.com/rss/search?q=HON+site:benzinga.com&hl=en-US&gl=US&ceid=US:en'[0m
[2m2026-04-04T00:11:10.834069Z[0m [[32m[1minfo     [0m] [1mparsed                        [0m [36mchannel[0m=[35mgoogle_benzinga[0m [36mraw[0m=[35m92[0m
[2m2026-04-04T00:11:10.834253Z[0m [[32m[1minfo     [0m] [1mcrawling                      [0m [36mchannel[0m=[35m'Google News (all)'[0m [36mtag[0m=[35mgoogle_broad[0m
[2m2026-04-04T00:11:13.334726Z[0m [[32m[1minfo     [0m] [1mfetch                         [0m [36mstatus[0m=[35m200[0m [36murl[0m=[35m'https://news.google.com/rss/search?q=HON+stock+news&hl=en-US&gl=US&ceid=US:en'[0m
[2m2026-04-04T00:11:13.480086Z[0m [[32m[1minfo     [0m] [1mparsed                        [0m [36mchannel[0m=[35mgoogle_broad[0m [36mraw[0m=[35m100[0m
[2m2026-04-04T00:11:15.915976Z[0m [[32m[1minfo     [0m] [1mfetch                         [0m [36mstatus[0m=[35m200[0m [36murl[0m=[35m'https://news.google.com/rss/search?q=HON+earnings+analysis&hl=en-US&gl=US&ceid=US:en'[0m
[2m2026-04-04T00:11:15.977035Z[0m [[32m[1minfo     [0m] [1mparsed                        [0m [36mchannel[0m=[35mgoogle_broad[0m [36mraw[0m=[35m65[0m
[2m2026-04-04T00:11:15.978795Z[0m [[32m[1minfo     [0m] [1mquality_filter                [0m [36minput[0m=[35m349[0m [36mpassed[0m=[35m3[0m
[2m2026-04-04T00:11:15.979280Z[0m [[32m[1minfo     [0m] [1mdedup                         [0m [36mafter[0m=[35m3[0m [36mbefore[0m=[35m3[0m
[2m2026-04-04T00:11:15.979412Z[0m [[32m[1minfo     [0m] [1mfulltext_selection            [0m [36mcandidates[0m=[35m2[0m [36mfiltered[0m=[35m3[0m [36mmode[0m=[35mhigh-value[0m [36mticker[0m=[35mHON[0m
[2m2026-04-04T00:11:18.770167Z[0m [[32m[1minfo     [0m] [1mfetch                         [0m [36mstatus[0m=[35m200[0m [36murl[0m=[35mhttps://quartr.com/companies/hon-precision-inc_22454[0m
[2m2026-04-04T00:11:19.497582Z[0m [[32m[1minfo     [0m] [1mfetch                         [0m [36mstatus[0m=[35m200[0m [36murl[0m=[35mhttps://www.ad-hoc-news.de/boerse/ueberblick/hon-hai-precision-industry-co-ltd-stock-leade[0m
[2m2026-04-04T00:11:19.701598Z[0m [[32m[1minfo     [0m] [1mcrawling                      [0m [36mchannel[0m=[35mGoogle->Benzinga[0m [36mtag[0m=[35mgoogle_benzinga[0m
[2m2026-04-04T00:11:22.762805Z[0m [[32m[1minfo     [0m] [1mfetch                         [0m [36mstatus[0m=[35m200[0m [36murl[0m=[35m'https://news.google.com/rss/search?q=LOW+site:benzinga.com&hl=en-US&gl=US&ceid=US:en'[0m
[2m2026-04-04T00:11:22.911750Z[0m [[32m[1minfo     [0m] [1mparsed                        [0m [36mchannel[0m=[35mgoogle_benzinga[0m [36mraw[0m=[35m100[0m
[2m2026-04-04T00:11:24.918335Z[0m [[32m[1minfo     [0m] [1mfetch                         [0m [36mstatus[0m=[35m200[0m [36murl[0m=[35m'https://news.google.com/rss/search?q=LOW+site:benzinga.com&hl=en-US&gl=US&ceid=US:en'[0m
[2m2026-04-04T00:11:24.978961Z[0m [[32m[1minfo     [0m] [1mparsed                        [0m [36mchannel[0m=[35mgoogle_benzinga[0m [36mraw[0m=[35m100[0m
[2m2026-04-04T00:11:24.979122Z[0m [[32m[1minfo     [0m] [1mcrawling                      [0m [36mchannel[0m=[35m'Google News (all)'[0m [36mtag[0m=[35mgoogle_broad[0m
[2m2026-04-04T00:11:27.450173Z[0m [[32m[1minfo     [0m] [1mfetch                         [0m [36mstatus[0m=[35m200[0m [36murl[0m=[35m'https://news.google.com/rss/search?q=LOW+stock+news&hl=en-US&gl=US&ceid=US:en'[0m
[2m2026-04-04T00:11:27.594702Z[0m [[32m[1minfo     [0m] [1mparsed                        [0m [36mchannel[0m=[35mgoogle_broad[0m [36mraw[0m=[35m100[0m
[2m2026-04-04T00:11:30.170191Z[0m [[32m[1minfo     [0m] [1mfetch                         [0m [36mstatus[0m=[35m200[0m [36murl[0m=[35m'https://news.google.com/rss/search?q=LOW+earnings+analysis&hl=en-US&gl=US&ceid=US:en'[0m
[2m2026-04-04T00:11:30.323169Z[0m [[32m[1minfo     [0m] [1mparsed                        [0m [36mchannel[0m=[35mgoogle_broad[0m [36mraw[0m=[35m100[0m
[2m2026-04-04T00:11:30.326586Z[0m [[32m[1minfo     [0m] [1mquality_filter                [0m [36minput[0m=[35m400[0m [36mpassed[0m=[35m14[0m
[2m2026-04-04T00:11:30.328747Z[0m [[32m[1minfo     [0m] [1mdedup                         [0m [36mafter[0m=[35m14[0m [36mbefore[0m=[35m14[0m
[2m2026-04-04T00:11:30.329098Z[0m [[32m[1minfo     [0m] [1mfulltext_selection            [0m [36mcandidates[0m=[35m3[0m [36mfiltered[0m=[35m14[0m [36mmode[0m=[35mhigh-value[0m [36mticker[0m=[35mLOW[0m
[2m2026-04-04T00:11:32.390849Z[0m [[32m[1minfo     [0m] [1mfetch                         [0m [36mstatus[0m=[35m403[0m [36murl[0m=[35mhttps://www.investing.com/news/stock-market-news/which-global-stocks-offer-highquality-div[0m
[2m2026-04-04T00:11:33.459138Z[0m [[31m[1merror    [0m] [1mfetch_error                   [0m [36merror[0m=[35m'400, message=\'Got more than 8190 bytes when reading: b"connect-src \\\'self\\\' wss:'[0m [36murl[0m=[35mhttps://sg.finance.yahoo.com/news/coinbase-stock-dips-barclays-holds-1[0m
[2m2026-04-04T00:11:33.665723Z[0m [[32m[1minfo     [0m] [1mfetch                         [0m [36mstatus[0m=[35m200[0m [36murl[0m=[35mhttps://www.stocktitan.net/sec-filings/LOW/form-4-lowes-companies-inc-insider-trading-acti[0m
[2m2026-04-04T00:11:33.888743Z[0m [[32m[1minfo     [0m] [1mcrawling                      [0m [36mchannel[0m=[35mGoogle->Benzinga[0m [36mtag[0m=[35mgoogle_benzinga[0m
[2m2026-04-04T00:11:36.466323Z[0m [[32m[1minfo     [0m] [1mfetch                         [0m [36mstatus[0m=[35m200[0m [36murl[0m=[35m'https://news.google.com/rss/search?q=WELL+site:benzinga.com&hl=en-US&gl=US&ceid=US:en'[0m
[2m2026-04-04T00:11:36.609697Z[0m [[32m[1minfo     [0m] [1mparsed                        [0m [36mchannel[0m=[35mgoogle_benzinga[0m [36mraw[0m=[35m100[0m
[2m2026-04-04T00:11:38.615009Z[0m [[32m[1minfo     [0m] [1mfetch                         [0m [36mstatus[0m=[35m200[0m [36murl[0m=[35m'https://news.google.com/rss/search?q=WELL+site:benzinga.com&hl=en-US&gl=US&ceid=US:en'[0m
[2m2026-04-04T00:11:38.675367Z[0m [[32m[1minfo     [0m] [1mparsed                        [0m [36mchannel[0m=[35mgoogle_benzinga[0m [36mraw[0m=[35m100[0m
[2m2026-04-04T00:11:38.675536Z[0m [[32m[1minfo     [0m] [1mcrawling                      [0m [36mchannel[0m=[35m'Google News (all)'[0m [36mtag[0m=[35mgoogle_broad[0m
[2m2026-04-04T00:11:41.116882Z[0m [[32m[1minfo     [0m] [1mfetch                         [0m [36mstatus[0m=[35m200[0m [36murl[0m=[35m'https://news.google.com/rss/search?q=WELL+stock+news&hl=en-US&gl=US&ceid=US:en'[0m
[2m2026-04-04T00:11:41.235899Z[0m [[32m[1minfo     [0m] [1mparsed                        [0m [36mchannel[0m=[35mgoogle_broad[0m [36mraw[0m=[35m76[0m
[2m2026-04-04T00:11:44.005556Z[0m [[32m[1minfo     [0m] [1mfetch                         [0m [36mstatus[0m=[35m200[0m [36murl[0m=[35m'https://news.google.com/rss/search?q=WELL+earnings+analysis&hl=en-US&gl=US&ceid=US:en'[0m
[2m2026-04-04T00:11:44.061128Z[0m [[32m[1minfo     [0m] [1mparsed                        [0m [36mchannel[0m=[35mgoogle_broad[0m [36mraw[0m=[35m55[0m
[2m2026-04-04T00:11:44.062517Z[0m [[32m[1minfo     [0m] [1mquality_filter                [0m [36minput[0m=[35m331[0m [36mpassed[0m=[35m1[0m
[2m2026-04-04T00:11:44.062769Z[0m [[32m[1minfo     [0m] [1mdedup                         [0m [36mafter[0m=[35m1[0m [36mbefore[0m=[35m1[0m
[2m2026-04-04T00:11:44.062869Z[0m [[32m[1minfo     [0m] [1mfulltext_selection            [0m [36mcandidates[0m=[35m0[0m [36mfiltered[0m=[35m1[0m [36mmode[0m=[35mhigh-value[0m [36mticker[0m=[35mWELL[0m
[2m2026-04-04T00:11:44.063579Z[0m [[32m[1minfo     [0m] [1mcrawling                      [0m [36mchannel[0m=[35mGoogle->Benzinga[0m [36mtag[0m=[35mgoogle_benzinga[0m
[2m2026-04-04T00:11:47.022709Z[0m [[32m[1minfo     [0m] [1mfetch                         [0m [36mstatus[0m=[35m200[0m [36murl[0m=[35m'https://news.google.com/rss/search?q=NEM+site:benzinga.com&hl=en-US&gl=US&ceid=US:en'[0m
[2m2026-04-04T00:11:47.165469Z[0m [[32m[1minfo     [0m] [1mparsed                        [0m [36mchannel[0m=[35mgoogle_benzinga[0m [36mraw[0m=[35m94[0m
[2m2026-04-04T00:11:49.170811Z[0m [[32m[1minfo     [0m] [1mfetch                         [0m [36mstatus[0m=[35m200[0m [36murl[0m=[35m'https://news.google.com/rss/search?q=NEM+site:benzinga.com&hl=en-US&gl=US&ceid=US:en'[0m
[2m2026-04-04T00:11:49.228812Z[0m [[32m[1minfo     [0m] [1mparsed                        [0m [36mchannel[0m=[35mgoogle_benzinga[0m [36mraw[0m=[35m94[0m
[2m2026-04-04T00:11:49.228985Z[0m [[32m[1minfo     [0m] [1mcrawling                      [0m [36mchannel[0m=[35m'Google News (all)'[0m [36mtag[0m=[35mgoogle_broad[0m
[2m2026-04-04T00:11:51.671327Z[0m [[32m[1minfo     [0m] [1mfetch                         [0m [36mstatus[0m=[35m200[0m [36murl[0m=[35m'https://news.google.com/rss/search?q=NEM+stock+news&hl=en-US&gl=US&ceid=US:en'[0m
[2m2026-04-04T00:11:51.807575Z[0m [[32m[1minfo     [0m] [1mparsed                        [0m [36mchannel[0m=[35mgoogle_broad[0m [36mraw[0m=[35m100[0m
[2m2026-04-04T00:11:54.203919Z[0m [[32m[1minfo     [0m] [1mfetch                         [0m [36mstatus[0m=[35m200[0m [36murl[0m=[35m'https://news.google.com/rss/search?q=NEM+earnings+analysis&hl=en-US&gl=US&ceid=US:en'[0m
[2m2026-04-04T00:11:54.252197Z[0m [[32m[1minfo     [0m] [1mparsed                        [0m [36mchannel[0m=[35mgoogle_broad[0m [36mraw[0m=[35m61[0m
[2m2026-04-04T00:11:54.254055Z[0m [[32m[1minfo     [0m] [1mquality_filter                [0m [36minput[0m=[35m349[0m [36mpassed[0m=[35m4[0m
[2m2026-04-04T00:11:54.254674Z[0m [[32m[1minfo     [0m] [1mdedup                         [0m [36mafter[0m=[35m4[0m [36mbefore[0m=[35m4[0m
[2m2026-04-04T00:11:54.254884Z[0m [[32m[1minfo     [0m] [1mfulltext_selection            [0m [36mcandidates[0m=[35m2[0m [36mfiltered[0m=[35m4[0m [36mmode[0m=[35mhigh-value[0m [36mticker[0m=[35mNEM[0m
[2m2026-04-04T00:11:56.179437Z[0m [[32m[1minfo     [0m] [1mfetch                         [0m [36mstatus[0m=[35m200[0m [36murl[0m=[35mhttps://www.msn.com/en-us/money/topstocks/will-newmont-nem-beat-estimates-again-in-its-nex[0m
[2m2026-04-04T00:11:56.207312Z[0m [[32m[1minfo     [0m] [1mfetch                         [0m [36mstatus[0m=[35m200[0m [36murl[0m=[35mhttps://seekingalpha.com/news/4572227-sa-analyst-upgrades-downgrades-mu-nem-lng-msft[0m
[2m2026-04-04T00:11:56.421032Z[0m [[32m[1minfo     [0m] [1mcrawling                      [0m [36mchannel[0m=[35mGoogle->Benzinga[0m [36mtag[0m=[35mgoogle_benzinga[0m
[2m2026-04-04T00:11:59.359814Z[0m [[32m[1minfo     [0m] [1mfetch                         [0m [36mstatus[0m=[35m200[0m [36murl[0m=[35m'https://news.google.com/rss/search?q=CB+site:benzinga.com&hl=en-US&gl=US&ceid=US:en'[0m
[2m2026-04-04T00:11:59.407370Z[0m [[32m[1minfo     [0m] [1mparsed                        [0m [36mchannel[0m=[35mgoogle_benzinga[0m [36mraw[0m=[35m54[0m
[2m2026-04-04T00:12:01.415394Z[0m [[32m[1minfo     [0m] [1mfetch                         [0m [36mstatus[0m=[35m200[0m [36murl[0m=[35m'https://news.google.com/rss/search?q=CB+site:benzinga.com&hl=en-US&gl=US&ceid=US:en'[0m
[2m2026-04-04T00:12:01.520712Z[0m [[32m[1minfo     [0m] [1mparsed                        [0m [36mchannel[0m=[35mgoogle_benzinga[0m [36mraw[0m=[35m54[0m
[2m2026-04-04T00:12:01.520892Z[0m [[32m[1minfo     [0m] [1mcrawling                      [0m [36mchannel[0m=[35m'Google News (all)'[0m [36mtag[0m=[35mgoogle_broad[0m
[2m2026-04-04T00:12:03.926649Z[0m [[32m[1minfo     [0m] [1mfetch                         [0m [36mstatus[0m=[35m200[0m [36murl[0m=[35m'https://news.google.com/rss/search?q=CB+stock+news&hl=en-US&gl=US&ceid=US:en'[0m
[2m2026-04-04T00:12:04.037300Z[0m [[32m[1minfo     [0m] [1mparsed                        [0m [36mchannel[0m=[35mgoogle_broad[0m [36mraw[0m=[35m61[0m
[2m2026-04-04T00:12:06.475723Z[0m [[32m[1minfo     [0m] [1mfetch                         [0m [36mstatus[0m=[35m200[0m [36murl[0m=[35m'https://news.google.com/rss/search?q=CB+earnings+analysis&hl=en-US&gl=US&ceid=US:en'[0m
[2m2026-04-04T00:12:06.592604Z[0m [[32m[1minfo     [0m] [1mparsed                        [0m [36mchannel[0m=[35mgoogle_broad[0m [36mraw[0m=[35m69[0m
[2m2026-04-04T00:12:06.594385Z[0m [[32m[1minfo     [0m] [1mquality_filter                [0m [36minput[0m=[35m238[0m [36mpassed[0m=[35m1[0m
[2m2026-04-04T00:12:06.594648Z[0m [[32m[1minfo     [0m] [1mdedup                         [0m [36mafter[0m=[35m1[0m [36mbefore[0m=[35m1[0m
[2m2026-04-04T00:12:06.594754Z[0m [[32m[1minfo     [0m] [1mfulltext_selection            [0m [36mcandidates[0m=[35m0[0m [36mfiltered[0m=[35m1[0m [36mmode[0m=[35mhigh-value[0m [36mticker[0m=[35mCB[0m
[2m2026-04-04T00:12:06.595567Z[0m [[32m[1minfo     [0m] [1mcrawling                      [0m [36mchannel[0m=[35mGoogle->Benzinga[0m [36mtag[0m=[35mgoogle_benzinga[0m
[2m2026-04-04T00:12:08.966362Z[0m [[32m[1minfo     [0m] [1mfetch                         [0m [36mstatus[0m=[35m200[0m [36murl[0m=[35m'https://news.google.com/rss/search?q=PLD+site:benzinga.com&hl=en-US&gl=US&ceid=US:en'[0m
[2m2026-04-04T00:12:08.983302Z[0m [[32m[1minfo     [0m] [1mparsed                        [0m [36mchannel[0m=[35mgoogle_benzinga[0m [36mraw[0m=[35m26[0m
[2m2026-04-04T00:12:10.988616Z[0m [[32m[1minfo     [0m] [1mfetch                         [0m [36mstatus[0m=[35m200[0m [36murl[0m=[35m'https://news.google.com/rss/search?q=PLD+site:benzinga.com&hl=en-US&gl=US&ceid=US:en'[0m
[2m2026-04-04T00:12:11.005873Z[0m [[32m[1minfo     [0m] [1mparsed                        [0m [36mchannel[0m=[35mgoogle_benzinga[0m [36mraw[0m=[35m26[0m
[2m2026-04-04T00:12:11.006046Z[0m [[32m[1minfo     [0m] [1mcrawling                      [0m [36mchannel[0m=[35m'Google News (all)'[0m [36mtag[0m=[35mgoogle_broad[0m
[2m2026-04-04T00:12:13.398774Z[0m [[32m[1minfo     [0m] [1mfetch                         [0m [36mstatus[0m=[35m200[0m [36murl[0m=[35m'https://news.google.com/rss/search?q=PLD+stock+news&hl=en-US&gl=US&ceid=US:en'[0m
[2m2026-04-04T00:12:13.461351Z[0m [[32m[1minfo     [0m] [1mparsed                        [0m [36mchannel[0m=[35mgoogle_broad[0m [36mraw[0m=[35m67[0m
[2m2026-04-04T00:12:15.818895Z[0m [[32m[1minfo     [0m] [1mfetch                         [0m [36mstatus[0m=[35m200[0m [36murl[0m=[35m'https://news.google.com/rss/search?q=PLD+earnings+analysis&hl=en-US&gl=US&ceid=US:en'[0m
[2m2026-04-04T00:12:15.863617Z[0m [[32m[1minfo     [0m] [1mparsed                        [0m [36mchannel[0m=[35mgoogle_broad[0m [36mraw[0m=[35m50[0m
[2m2026-04-04T00:12:15.865854Z[0m [[32m[1minfo     [0m] [1mquality_filter                [0m [36minput[0m=[35m169[0m [36mpassed[0m=[35m7[0m
[2m2026-04-04T00:12:15.866886Z[0m [[32m[1minfo     [0m] [1mdedup                         [0m [36mafter[0m=[35m6[0m [36mbefore[0m=[35m7[0m
[2m2026-04-04T00:12:15.867066Z[0m [[32m[1minfo     [0m] [1mfulltext_selection            [0m [36mcandidates[0m=[35m2[0m [36mfiltered[0m=[35m6[0m [36mmode[0m=[35mhigh-value[0m [36mticker[0m=[35mPLD[0m
[2m2026-04-04T00:12:17.812934Z[0m [[32m[1minfo     [0m] [1mfetch                         [0m [36mstatus[0m=[35m200[0m [36murl[0m=[35mhttps://www.insidermonkey.com/blog/prologis-pld-surged-following-a-beat-and-raise-earnings[0m
[2m2026-04-04T00:12:18.071603Z[0m [[32m[1minfo     [0m] [1mfetch                         [0m [36mstatus[0m=[35m200[0m [36murl[0m=[35mhttps://www.stocktitan.net/sec-filings/PLD/form-4-prologis-inc-insider-trading-activity-17[0m
[2m2026-04-04T00:12:18.294059Z[0m [[32m[1minfo     [0m] [1mcrawling                      [0m [36mchannel[0m=[35mGoogle->Benzinga[0m [36mtag[0m=[35mgoogle_benzinga[0m
[2m2026-04-04T00:12:20.708003Z[0m [[32m[1minfo     [0m] [1mfetch                         [0m [36mstatus[0m=[35m200[0m [36murl[0m=[35m'https://news.google.com/rss/search?q=GLW+site:benzinga.com&hl=en-US&gl=US&ceid=US:en'[0m
[2m2026-04-04T00:12:20.755381Z[0m [[32m[1minfo     [0m] [1mparsed                        [0m [36mchannel[0m=[35mgoogle_benzinga[0m [36mraw[0m=[35m53[0m
[2m2026-04-04T00:12:22.761382Z[0m [[32m[1minfo     [0m] [1mfetch                         [0m [36mstatus[0m=[35m200[0m [36murl[0m=[35m'https://news.google.com/rss/search?q=GLW+site:benzinga.com&hl=en-US&gl=US&ceid=US:en'[0m
[2m2026-04-04T00:12:22.794814Z[0m [[32m[1minfo     [0m] [1mparsed                        [0m [36mchannel[0m=[35mgoogle_benzinga[0m [36mraw[0m=[35m53[0m
[2m2026-04-04T00:12:22.794982Z[0m [[32m[1minfo     [0m] [1mcrawling                      [0m [36mchannel[0m=[35m'Google News (all)'[0m [36mtag[0m=[35mgoogle_broad[0m
[2m2026-04-04T00:12:25.265663Z[0m [[32m[1minfo     [0m] [1mfetch                         [0m [36mstatus[0m=[35m200[0m [36murl[0m=[35m'https://news.google.com/rss/search?q=GLW+stock+news&hl=en-US&gl=US&ceid=US:en'[0m
[2m2026-04-04T00:12:25.409817Z[0m [[32m[1minfo     [0m] [1mparsed                        [0m [36mchannel[0m=[35mgoogle_broad[0m [36mraw[0m=[35m100[0m
[2m2026-04-04T00:12:27.834479Z[0m [[32m[1minfo     [0m] [1mfetch                         [0m [36mstatus[0m=[35m200[0m [36murl[0m=[35m'https://news.google.com/rss/search?q=GLW+earnings+analysis&hl=en-US&gl=US&ceid=US:en'[0m
[2m2026-04-04T00:12:27.890629Z[0m [[32m[1minfo     [0m] [1mparsed                        [0m [36mchannel[0m=[35mgoogle_broad[0m [36mraw[0m=[35m58[0m
[2m2026-04-04T00:12:27.893598Z[0m [[32m[1minfo     [0m] [1mquality_filter                [0m [36minput[0m=[35m264[0m [36mpassed[0m=[35m13[0m
[2m2026-04-04T00:12:27.895506Z[0m [[32m[1minfo     [0m] [1mdedup                         [0m [36mafter[0m=[35m13[0m [36mbefore[0m=[35m13[0m
[2m2026-04-04T00:12:27.895799Z[0m [[32m[1minfo     [0m] [1mfulltext_selection            [0m [36mcandidates[0m=[35m4[0m [36mfiltered[0m=[35m13[0m [36mmode[0m=[35mhigh-value[0m [36mticker[0m=[35mGLW[0m
[2m2026-04-04T00:12:29.949667Z[0m [[32m[1minfo     [0m] [1mfetch                         [0m [36mstatus[0m=[35m200[0m [36murl[0m=[35mhttps://www.marketbeat.com/instant-alerts/filing-corning-incorporated-glw-stock-holdings-c[0m
[2m2026-04-04T00:12:30.994998Z[0m [[32m[1minfo     [0m] [1mfetch                         [0m [36mstatus[0m=[35m200[0m [36murl[0m=[35mhttps://www.stocktitan.net/sec-filings/GLW/form-4-corning-inc-ny-insider-trading-activity-[0m
[2m2026-04-04T00:12:31.026065Z[0m [[32m[1minfo     [0m] [1mfetch                         [0m [36mstatus[0m=[35m200[0m [36murl[0m=[35mhttps://www.stocktitan.net/sec-filings/GLW/form-4-corning-inc-ny-insider-trading-activity-[0m
[2m2026-04-04T00:12:31.261719Z[0m [[31m[1merror    [0m] [1mfetch_error                   [0m [36merror[0m=[35m'400, message=\'Got more than 8190 bytes when reading: b"connect-src \\\'self\\\' wss:'[0m [36murl[0m=[35mhttps://finance.yahoo.com/markets/stocks/articles/why-corning-glw-stoc[0m
[2m2026-04-04T00:12:31.465475Z[0m [[32m[1minfo     [0m] [1mcrawling                      [0m [36mchannel[0m=[35mGoogle->Benzinga[0m [36mtag[0m=[35mgoogle_benzinga[0m
[2m2026-04-04T00:12:34.085515Z[0m [[32m[1minfo     [0m] [1mfetch                         [0m [36mstatus[0m=[35m200[0m [36murl[0m=[35m'https://news.google.com/rss/search?q=ACN+site:benzinga.com&hl=en-US&gl=US&ceid=US:en'[0m
[2m2026-04-04T00:12:34.222962Z[0m [[32m[1minfo     [0m] [1mparsed                        [0m [36mchannel[0m=[35mgoogle_benzinga[0m [36mraw[0m=[35m90[0m
[2m2026-04-04T00:12:36.228467Z[0m [[32m[1minfo     [0m] [1mfetch                         [0m [36mstatus[0m=[35m200[0m [36murl[0m=[35m'https://news.google.com/rss/search?q=ACN+site:benzinga.com&hl=en-US&gl=US&ceid=US:en'[0m
[2m2026-04-04T00:12:36.282695Z[0m [[32m[1minfo     [0m] [1mparsed                        [0m [36mchannel[0m=[35mgoogle_benzinga[0m [36mraw[0m=[35m90[0m
[2m2026-04-04T00:12:36.282857Z[0m [[32m[1minfo     [0m] [1mcrawling                      [0m [36mchannel[0m=[35m'Google News (all)'[0m [36mtag[0m=[35mgoogle_broad[0m
[2m2026-04-04T00:12:38.725743Z[0m [[32m[1minfo     [0m] [1mfetch                         [0m [36mstatus[0m=[35m200[0m [36murl[0m=[35m'https://news.google.com/rss/search?q=ACN+stock+news&hl=en-US&gl=US&ceid=US:en'[0m
[2m2026-04-04T00:12:38.869553Z[0m [[32m[1minfo     [0m] [1mparsed                        [0m [36mchannel[0m=[35mgoogle_broad[0m [36mraw[0m=[35m100[0m
[2m2026-04-04T00:12:41.255804Z[0m [[32m[1minfo     [0m] [1mfetch                         [0m [36mstatus[0m=[35m200[0m [36murl[0m=[35m'https://news.google.com/rss/search?q=ACN+earnings+analysis&hl=en-US&gl=US&ceid=US:en'[0m
[2m2026-04-04T00:12:41.312398Z[0m [[32m[1minfo     [0m] [1mparsed                        [0m [36mchannel[0m=[35mgoogle_broad[0m [36mraw[0m=[35m59[0m
[2m2026-04-04T00:12:41.314285Z[0m [[32m[1minfo     [0m] [1mquality_filter                [0m [36minput[0m=[35m339[0m [36mpassed[0m=[35m1[0m
[2m2026-04-04T00:12:41.314572Z[0m [[32m[1minfo     [0m] [1mdedup                         [0m [36mafter[0m=[35m1[0m [36mbefore[0m=[35m1[0m
[2m2026-04-04T00:12:41.314675Z[0m [[32m[1minfo     [0m] [1mfulltext_selection            [0m [36mcandidates[0m=[35m1[0m [36mfiltered[0m=[35m1[0m [36mmode[0m=[35mhigh-value[0m [36mticker[0m=[35mACN[0m
[2m2026-04-04T00:12:43.075449Z[0m [[32m[1minfo     [0m] [1mfetch                         [0m [36mstatus[0m=[35m200[0m [36murl[0m=[35mhttps://www.marketbeat.com/instant-alerts/filing-matrix-asset-advisors-inc-ny-boosts-stock[0m
[2m2026-04-04T00:12:43.307450Z[0m [[32m[1minfo     [0m] [1mcrawling                      [0m [36mchannel[0m=[35mGoogle->Benzinga[0m [36mtag[0m=[35mgoogle_benzinga[0m
[2m2026-04-04T00:12:46.198334Z[0m [[32m[1minfo     [0m] [1mfetch                         [0m [36mstatus[0m=[35m200[0m [36murl[0m=[35m'https://news.google.com/rss/search?q=BMY+site:benzinga.com&hl=en-US&gl=US&ceid=US:en'[0m
[2m2026-04-04T00:12:46.251960Z[0m [[32m[1minfo     [0m] [1mparsed                        [0m [36mchannel[0m=[35mgoogle_benzinga[0m [36mraw[0m=[35m56[0m
[2m2026-04-04T00:12:48.257974Z[0m [[32m[1minfo     [0m] [1mfetch                         [0m [36mstatus[0m=[35m200[0m [36murl[0m=[35m'https://news.google.com/rss/search?q=BMY+site:benzinga.com&hl=en-US&gl=US&ceid=US:en'[0m
[2m2026-04-04T00:12:48.292475Z[0m [[32m[1minfo     [0m] [1mparsed                        [0m [36mchannel[0m=[35mgoogle_benzinga[0m [36mraw[0m=[35m56[0m
[2m2026-04-04T00:12:48.292687Z[0m [[32m[1minfo     [0m] [1mcrawling                      [0m [36mchannel[0m=[35m'Google News (all)'[0m [36mtag[0m=[35mgoogle_broad[0m
[2m2026-04-04T00:12:50.777479Z[0m [[32m[1minfo     [0m] [1mfetch                         [0m [36mstatus[0m=[35m200[0m [36murl[0m=[35m'https://news.google.com/rss/search?q=BMY+stock+news&hl=en-US&gl=US&ceid=US:en'[0m
[2m2026-04-04T00:12:50.921601Z[0m [[32m[1minfo     [0m] [1mparsed                        [0m [36mchannel[0m=[35mgoogle_broad[0m [36mraw[0m=[35m100[0m
[2m2026-04-04T00:12:53.295578Z[0m [[32m[1minfo     [0m] [1mfetch                         [0m [36mstatus[0m=[35m200[0m [36murl[0m=[35m'https://news.google.com/rss/search?q=BMY+earnings+analysis&hl=en-US&gl=US&ceid=US:en'[0m
[2m2026-04-04T00:12:53.357306Z[0m [[32m[1minfo     [0m] [1mparsed                        [0m [36mchannel[0m=[35mgoogle_broad[0m [36mraw[0m=[35m67[0m
[2m2026-04-04T00:12:53.359119Z[0m [[32m[1minfo     [0m] [1mquality_filter                [0m [36minput[0m=[35m279[0m [36mpassed[0m=[35m2[0m
[2m2026-04-04T00:12:53.359491Z[0m [[32m[1minfo     [0m] [1mdedup                         [0m [36mafter[0m=[35m2[0m [36mbefore[0m=[35m2[0m
[2m2026-04-04T00:12:53.359604Z[0m [[32m[1minfo     [0m] [1mfulltext_selection            [0m [36mcandidates[0m=[35m1[0m [36mfiltered[0m=[35m2[0m [36mmode[0m=[35mhigh-value[0m [36mticker[0m=[35mBMY[0m
[2m2026-04-04T00:12:55.089400Z[0m [[32m[1minfo     [0m] [1mfetch                         [0m [36mstatus[0m=[35m403[0m [36murl[0m=[35mhttps://au.investing.com/news/insider-trading-news/elkins-bristol-myers-squibb-cfo-sells-1[0m
[2m2026-04-04T00:12:55.291686Z[0m [[32m[1minfo     [0m] [1mcrawling                      [0m [36mchannel[0m=[35mGoogle->Benzinga[0m [36mtag[0m=[35mgoogle_benzinga[0m
[2m2026-04-04T00:12:57.698739Z[0m [[32m[1minfo     [0m] [1mfetch                         [0m [36mstatus[0m=[35m200[0m [36murl[0m=[35m'https://news.google.com/rss/search?q=MDT+site:benzinga.com&hl=en-US&gl=US&ceid=US:en'[0m
[2m2026-04-04T00:12:57.741517Z[0m [[32m[1minfo     [0m] [1mparsed                        [0m [36mchannel[0m=[35mgoogle_benzinga[0m [36mraw[0m=[35m47[0m
[2m2026-04-04T00:12:59.747177Z[0m [[32m[1minfo     [0m] [1mfetch                         [0m [36mstatus[0m=[35m200[0m [36murl[0m=[35m'https://news.google.com/rss/search?q=MDT+site:benzinga.com&hl=en-US&gl=US&ceid=US:en'[0m
[2m2026-04-04T00:12:59.776793Z[0m [[32m[1minfo     [0m] [1mparsed                        [0m [36mchannel[0m=[35mgoogle_benzinga[0m [36mraw[0m=[35m47[0m
[2m2026-04-04T00:12:59.776954Z[0m [[32m[1minfo     [0m] [1mcrawling                      [0m [36mchannel[0m=[35m'Google News (all)'[0m [36mtag[0m=[35mgoogle_broad[0m
[2m2026-04-04T00:13:02.294817Z[0m [[32m[1minfo     [0m] [1mfetch                         [0m [36mstatus[0m=[35m200[0m [36murl[0m=[35m'https://news.google.com/rss/search?q=MDT+stock+news&hl=en-US&gl=US&ceid=US:en'[0m
[2m2026-04-04T00:13:02.572205Z[0m [[32m[1minfo     [0m] [1mparsed                        [0m [36mchannel[0m=[35mgoogle_broad[0m [36mraw[0m=[35m100[0m
[2m2026-04-04T00:13:05.024947Z[0m [[32m[1minfo     [0m] [1mfetch                         [0m [36mstatus[0m=[35m200[0m [36murl[0m=[35m'https://news.google.com/rss/search?q=MDT+earnings+analysis&hl=en-US&gl=US&ceid=US:en'[0m
[2m2026-04-04T00:13:05.085524Z[0m [[32m[1minfo     [0m] [1mparsed                        [0m [36mchannel[0m=[35mgoogle_broad[0m [36mraw[0m=[35m55[0m
[2m2026-04-04T00:13:05.086812Z[0m [[32m[1minfo     [0m] [1mquality_filter                [0m [36minput[0m=[35m249[0m [36mpassed[0m=[35m1[0m
[2m2026-04-04T00:13:05.087085Z[0m [[32m[1minfo     [0m] [1mdedup                         [0m [36mafter[0m=[35m1[0m [36mbefore[0m=[35m1[0m
[2m2026-04-04T00:13:05.087186Z[0m [[32m[1minfo     [0m] [1mfulltext_selection            [0m [36mcandidates[0m=[35m1[0m [36mfiltered[0m=[35m1[0m [36mmode[0m=[35mhigh-value[0m [36mticker[0m=[35mMDT[0m
[2m2026-04-04T00:13:07.140818Z[0m [[32m[1minfo     [0m] [1mfetch                         [0m [36mstatus[0m=[35m200[0m [36murl[0m=[35mhttps://www.marketbeat.com/instant-alerts/filing-genesis-financial-group-llc-acquires-shar[0m
[2m2026-04-04T00:13:07.353291Z[0m [[32m[1minfo     [0m] [1mcrawling                      [0m [36mchannel[0m=[35mGoogle->Benzinga[0m [36mtag[0m=[35mgoogle_benzinga[0m
[2m2026-04-04T00:13:09.743687Z[0m [[32m[1minfo     [0m] [1mfetch                         [0m [36mstatus[0m=[35m200[0m [36murl[0m=[35m'https://news.google.com/rss/search?q=PGR+site:benzinga.com&hl=en-US&gl=US&ceid=US:en'[0m
[2m2026-04-04T00:13:09.761128Z[0m [[32m[1minfo     [0m] [1mparsed                        [0m [36mchannel[0m=[35mgoogle_benzinga[0m [36mraw[0m=[35m26[0m
[2m2026-04-04T00:13:11.768963Z[0m [[32m[1minfo     [0m] [1mfetch                         [0m [36mstatus[0m=[35m200[0m [36murl[0m=[35m'https://news.google.com/rss/search?q=PGR+site:benzinga.com&hl=en-US&gl=US&ceid=US:en'[0m
[2m2026-04-04T00:13:11.786428Z[0m [[32m[1minfo     [0m] [1mparsed                        [0m [36mchannel[0m=[35mgoogle_benzinga[0m [36mraw[0m=[35m26[0m
[2m2026-04-04T00:13:11.786593Z[0m [[32m[1minfo     [0m] [1mcrawling                      [0m [36mchannel[0m=[35m'Google News (all)'[0m [36mtag[0m=[35mgoogle_broad[0m
[2m2026-04-04T00:13:14.227188Z[0m [[32m[1minfo     [0m] [1mfetch                         [0m [36mstatus[0m=[35m200[0m [36murl[0m=[35m'https://news.google.com/rss/search?q=PGR+stock+news&hl=en-US&gl=US&ceid=US:en'[0m
[2m2026-04-04T00:13:14.380327Z[0m [[32m[1minfo     [0m] [1mparsed                        [0m [36mchannel[0m=[35mgoogle_broad[0m [36mraw[0m=[35m100[0m
[2m2026-04-04T00:13:16.765287Z[0m [[32m[1minfo     [0m] [1mfetch                         [0m [36mstatus[0m=[35m200[0m [36murl[0m=[35m'https://news.google.com/rss/search?q=PGR+earnings+analysis&hl=en-US&gl=US&ceid=US:en'[0m
[2m2026-04-04T00:13:16.816599Z[0m [[32m[1minfo     [0m] [1mparsed                        [0m [36mchannel[0m=[35mgoogle_broad[0m [36mraw[0m=[35m50[0m
[2m2026-04-04T00:13:16.817888Z[0m [[32m[1minfo     [0m] [1mquality_filter                [0m [36minput[0m=[35m202[0m [36mpassed[0m=[35m2[0m
[2m2026-04-04T00:13:16.818320Z[0m [[32m[1minfo     [0m] [1mdedup                         [0m [36mafter[0m=[35m1[0m [36mbefore[0m=[35m2[0m
[2m2026-04-04T00:13:16.818452Z[0m [[32m[1minfo     [0m] [1mfulltext_selection            [0m [36mcandidates[0m=[35m1[0m [36mfiltered[0m=[35m1[0m [36mmode[0m=[35mhigh-value[0m [36mticker[0m=[35mPGR[0m
[2m2026-04-04T00:13:19.151338Z[0m [[32m[1minfo     [0m] [1mfetch                         [0m [36mstatus[0m=[35m200[0m [36murl[0m=[35mhttps://stockstory.org/us/stocks/nyse/pgr/news/earnings/property-and-casualty-insurance-st[0m
[2m2026-04-04T00:13:19.356678Z[0m [[32m[1minfo     [0m] [1mcrawling                      [0m [36mchannel[0m=[35mGoogle->Benzinga[0m [36mtag[0m=[35mgoogle_benzinga[0m
[2m2026-04-04T00:13:21.769716Z[0m [[32m[1minfo     [0m] [1mfetch                         [0m [36mstatus[0m=[35m200[0m [36murl[0m=[35m'https://news.google.com/rss/search?q=COF+site:benzinga.com&hl=en-US&gl=US&ceid=US:en'[0m
[2m2026-04-04T00:13:21.880344Z[0m [[32m[1minfo     [0m] [1mparsed                        [0m [36mchannel[0m=[35mgoogle_benzinga[0m [36mraw[0m=[35m61[0m
[2m2026-04-04T00:13:23.886293Z[0m [[32m[1minfo     [0m] [1mfetch                         [0m [36mstatus[0m=[35m200[0m [36murl[0m=[35m'https://news.google.com/rss/search?q=COF+site:benzinga.com&hl=en-US&gl=US&ceid=US:en'[0m
[2m2026-04-04T00:13:23.923743Z[0m [[32m[1minfo     [0m] [1mparsed                        [0m [36mchannel[0m=[35mgoogle_benzinga[0m [36mraw[0m=[35m61[0m
[2m2026-04-04T00:13:23.923905Z[0m [[32m[1minfo     [0m] [1mcrawling                      [0m [36mchannel[0m=[35m'Google News (all)'[0m [36mtag[0m=[35mgoogle_broad[0m
[2m2026-04-04T00:13:26.381849Z[0m [[32m[1minfo     [0m] [1mfetch                         [0m [36mstatus[0m=[35m200[0m [36murl[0m=[35m'https://news.google.com/rss/search?q=COF+stock+news&hl=en-US&gl=US&ceid=US:en'[0m
[2m2026-04-04T00:13:26.522808Z[0m [[32m[1minfo     [0m] [1mparsed                        [0m [36mchannel[0m=[35mgoogle_broad[0m [36mraw[0m=[35m100[0m
[2m2026-04-04T00:13:28.907041Z[0m [[32m[1minfo     [0m] [1mfetch                         [0m [36mstatus[0m=[35m200[0m [36murl[0m=[35m'https://news.google.com/rss/search?q=COF+earnings+analysis&hl=en-US&gl=US&ceid=US:en'[0m
[2m2026-04-04T00:13:28.943428Z[0m [[32m[1minfo     [0m] [1mparsed                        [0m [36mchannel[0m=[35mgoogle_broad[0m [36mraw[0m=[35m47[0m
[2m2026-04-04T00:13:28.945016Z[0m [[32m[1minfo     [0m] [1mquality_filter                [0m [36minput[0m=[35m269[0m [36mpassed[0m=[35m2[0m
[2m2026-04-04T00:13:28.945413Z[0m [[32m[1minfo     [0m] [1mdedup                         [0m [36mafter[0m=[35m2[0m [36mbefore[0m=[35m2[0m
[2m2026-04-04T00:13:28.945545Z[0m [[32m[1minfo     [0m] [1mfulltext_selection            [0m [36mcandidates[0m=[35m0[0m [36mfiltered[0m=[35m2[0m [36mmode[0m=[35mhigh-value[0m [36mticker[0m=[35mCOF[0m
[2m2026-04-04T00:13:28.946279Z[0m [[32m[1minfo     [0m] [1mcrawling                      [0m [36mchannel[0m=[35mGoogle->Benzinga[0m [36mtag[0m=[35mgoogle_benzinga[0m
[2m2026-04-04T00:13:31.787066Z[0m [[32m[1minfo     [0m] [1mfetch                         [0m [36mstatus[0m=[35m200[0m [36murl[0m=[35m'https://news.google.com/rss/search?q=MCK+site:benzinga.com&hl=en-US&gl=US&ceid=US:en'[0m
[2m2026-04-04T00:13:31.801466Z[0m [[32m[1minfo     [0m] [1mparsed                        [0m [36mchannel[0m=[35mgoogle_benzinga[0m [36mraw[0m=[35m21[0m
[2m2026-04-04T00:13:33.807573Z[0m [[32m[1minfo     [0m] [1mfetch                         [0m [36mstatus[0m=[35m200[0m [36murl[0m=[35m'https://news.google.com/rss/search?q=MCK+site:benzinga.com&hl=en-US&gl=US&ceid=US:en'[0m
[2m2026-04-04T00:13:33.822052Z[0m [[32m[1minfo     [0m] [1mparsed                        [0m [36mchannel[0m=[35mgoogle_benzinga[0m [36mraw[0m=[35m21[0m
[2m2026-04-04T00:13:33.822227Z[0m [[32m[1minfo     [0m] [1mcrawling                      [0m [36mchannel[0m=[35m'Google News (all)'[0m [36mtag[0m=[35mgoogle_broad[0m
[2m2026-04-04T00:13:36.269876Z[0m [[32m[1minfo     [0m] [1mfetch                         [0m [36mstatus[0m=[35m200[0m [36murl[0m=[35m'https://news.google.com/rss/search?q=MCK+stock+news&hl=en-US&gl=US&ceid=US:en'[0m
[2m2026-04-04T00:13:36.414360Z[0m [[32m[1minfo     [0m] [1mparsed                        [0m [36mchannel[0m=[35mgoogle_broad[0m [36mraw[0m=[35m100[0m
[2m2026-04-04T00:13:38.825176Z[0m [[32m[1minfo     [0m] [1mfetch                         [0m [36mstatus[0m=[35m200[0m [36murl[0m=[35m'https://news.google.com/rss/search?q=MCK+earnings+analysis&hl=en-US&gl=US&ceid=US:en'[0m
[2m2026-04-04T00:13:38.870403Z[0m [[32m[1minfo     [0m] [1mparsed                        [0m [36mchannel[0m=[35mgoogle_broad[0m [36mraw[0m=[35m51[0m
[2m2026-04-04T00:13:38.871598Z[0m [[32m[1minfo     [0m] [1mquality_filter                [0m [36minput[0m=[35m193[0m [36mpassed[0m=[35m1[0m
[2m2026-04-04T00:13:38.871922Z[0m [[32m[1minfo     [0m] [1mdedup                         [0m [36mafter[0m=[35m1[0m [36mbefore[0m=[35m1[0m
[2m2026-04-04T00:13:38.872055Z[0m [[32m[1minfo     [0m] [1mfulltext_selection            [0m [36mcandidates[0m=[35m1[0m [36mfiltered[0m=[35m1[0m [36mmode[0m=[35mhigh-value[0m [36mticker[0m=[35mMCK[0m
[2m2026-04-04T00:13:40.823095Z[0m [[32m[1minfo     [0m] [1mfetch                         [0m [36mstatus[0m=[35m200[0m [36murl[0m=[35mhttps://www.marketbeat.com/instant-alerts/filing-mckesson-corporation-mck-stock-holdings-i[0m
[2m2026-04-04T00:13:41.169081Z[0m [[32m[1minfo     [0m] [1mcrawling                      [0m [36mchannel[0m=[35mGoogle->Benzinga[0m [36mtag[0m=[35mgoogle_benzinga[0m
[2m2026-04-04T00:13:44.042715Z[0m [[32m[1minfo     [0m] [1mfetch                         [0m [36mstatus[0m=[35m200[0m [36murl[0m=[35m'https://news.google.com/rss/search?q=HCA+site:benzinga.com&hl=en-US&gl=US&ceid=US:en'[0m
[2m2026-04-04T00:13:44.143041Z[0m [[32m[1minfo     [0m] [1mparsed                        [0m [36mchannel[0m=[35mgoogle_benzinga[0m [36mraw[0m=[35m65[0m
[2m2026-04-04T00:13:46.148669Z[0m [[32m[1minfo     [0m] [1mfetch                         [0m [36mstatus[0m=[35m200[0m [36murl[0m=[35m'https://news.google.com/rss/search?q=HCA+site:benzinga.com&hl=en-US&gl=US&ceid=US:en'[0m
[2m2026-04-04T00:13:46.213364Z[0m [[32m[1minfo     [0m] [1mparsed                        [0m [36mchannel[0m=[35mgoogle_benzinga[0m [36mraw[0m=[35m65[0m
[2m2026-04-04T00:13:46.213610Z[0m [[32m[1minfo     [0m] [1mcrawling                      [0m [36mchannel[0m=[35m'Google News (all)'[0m [36mtag[0m=[35mgoogle_broad[0m
[2m2026-04-04T00:13:48.659469Z[0m [[32m[1minfo     [0m] [1mfetch                         [0m [36mstatus[0m=[35m200[0m [36murl[0m=[35m'https://news.google.com/rss/search?q=HCA+stock+news&hl=en-US&gl=US&ceid=US:en'[0m
[2m2026-04-04T00:13:48.844287Z[0m [[32m[1minfo     [0m] [1mparsed                        [0m [36mchannel[0m=[35mgoogle_broad[0m [36mraw[0m=[35m100[0m
[2m2026-04-04T00:13:51.195365Z[0m [[32m[1minfo     [0m] [1mfetch                         [0m [36mstatus[0m=[35m200[0m [36murl[0m=[35m'https://news.google.com/rss/search?q=HCA+earnings+analysis&hl=en-US&gl=US&ceid=US:en'[0m
[2m2026-04-04T00:13:51.256467Z[0m [[32m[1minfo     [0m] [1mparsed                        [0m [36mchannel[0m=[35mgoogle_broad[0m [36mraw[0m=[35m47[0m
[2m2026-04-04T00:13:51.259003Z[0m [[32m[1minfo     [0m] [1mquality_filter                [0m [36minput[0m=[35m277[0m [36mpassed[0m=[35m4[0m
[2m2026-04-04T00:13:51.259925Z[0m [[32m[1minfo     [0m] [1mdedup                         [0m [36mafter[0m=[35m3[0m [36mbefore[0m=[35m4[0m
[2m2026-04-04T00:13:51.260135Z[0m [[32m[1minfo     [0m] [1mfulltext_selection            [0m [36mcandidates[0m=[35m3[0m [36mfiltered[0m=[35m3[0m [36mmode[0m=[35mhigh-value[0m [36mticker[0m=[35mHCA[0m
[2m2026-04-04T00:13:53.211748Z[0m [[32m[1minfo     [0m] [1mfetch                         [0m [36mstatus[0m=[35m200[0m [36murl[0m=[35mhttps://www.marketbeat.com/instant-alerts/filing-blue-trust-inc-has-1108-million-stock-pos[0m
[2m2026-04-04T00:13:53.490953Z[0m [[32m[1minfo     [0m] [1mfetch                         [0m [36mstatus[0m=[35m403[0m [36murl[0m=[35mhttps://www.investing.com/news/analyst-ratings/cantor-fitzgerald-reiterates-hca-healthcare[0m
[2m2026-04-04T00:13:54.248810Z[0m [[32m[1minfo     [0m] [1mfetch                         [0m [36mstatus[0m=[35m200[0m [36murl[0m=[35mhttps://www.investors.com/research/ibd-stock-of-the-day/hca-stock-of-the-day-ai-winner-pal[0m
[2m2026-04-04T00:13:54.754395Z[0m [[32m[1minfo     [0m] [1mcrawling                      [0m [36mchannel[0m=[35mGoogle->Benzinga[0m [36mtag[0m=[35mgoogle_benzinga[0m
[2m2026-04-04T00:13:57.326347Z[0m [[32m[1minfo     [0m] [1mfetch                         [0m [36mstatus[0m=[35m200[0m [36murl[0m=[35m'https://news.google.com/rss/search?q=MO+site:benzinga.com&hl=en-US&gl=US&ceid=US:en'[0m
[2m2026-04-04T00:13:57.474489Z[0m [[32m[1minfo     [0m] [1mparsed                        [0m [36mchannel[0m=[35mgoogle_benzinga[0m [36mraw[0m=[35m100[0m
[2m2026-04-04T00:13:59.481028Z[0m [[32m[1minfo     [0m] [1mfetch                         [0m [36mstatus[0m=[35m200[0m [36murl[0m=[35m'https://news.google.com/rss/search?q=MO+site:benzinga.com&hl=en-US&gl=US&ceid=US:en'[0m
[2m2026-04-04T00:13:59.598461Z[0m [[32m[1minfo     [0m] [1mparsed                        [0m [36mchannel[0m=[35mgoogle_benzinga[0m [36mraw[0m=[35m100[0m
[2m2026-04-04T00:13:59.598691Z[0m [[32m[1minfo     [0m] [1mcrawling                      [0m [36mchannel[0m=[35m'Google News (all)'[0m [36mtag[0m=[35mgoogle_broad[0m
[2m2026-04-04T00:14:02.046971Z[0m [[32m[1minfo     [0m] [1mfetch                         [0m [36mstatus[0m=[35m200[0m [36murl[0m=[35m'https://news.google.com/rss/search?q=MO+stock+news&hl=en-US&gl=US&ceid=US:en'[0m
[2m2026-04-04T00:14:02.259552Z[0m [[32m[1minfo     [0m] [1mparsed                        [0m [36mchannel[0m=[35mgoogle_broad[0m [36mraw[0m=[35m100[0m
[2m2026-04-04T00:14:04.668079Z[0m [[32m[1minfo     [0m] [1mfetch                         [0m [36mstatus[0m=[35m200[0m [36murl[0m=[35m'https://news.google.com/rss/search?q=MO+earnings+analysis&hl=en-US&gl=US&ceid=US:en'[0m
[2m2026-04-04T00:14:04.742674Z[0m [[32m[1minfo     [0m] [1mparsed                        [0m [36mchannel[0m=[35mgoogle_broad[0m [36mraw[0m=[35m50[0m
[2m2026-04-04T00:14:04.745605Z[0m [[32m[1minfo     [0m] [1mquality_filter                [0m [36minput[0m=[35m350[0m [36mpassed[0m=[35m0[0m
[2m2026-04-04T00:14:04.745841Z[0m [[32m[1minfo     [0m] [1mdedup                         [0m [36mafter[0m=[35m0[0m [36mbefore[0m=[35m0[0m
[2m2026-04-04T00:14:04.745983Z[0m [[32m[1minfo     [0m] [1mfulltext_selection            [0m [36mcandidates[0m=[35m0[0m [36mfiltered[0m=[35m0[0m [36mmode[0m=[35mhigh-value[0m [36mticker[0m=[35mMO[0m
[2m2026-04-04T00:14:04.747142Z[0m [[32m[1minfo     [0m] [1mcrawling                      [0m [36mchannel[0m=[35mGoogle->Benzinga[0m [36mtag[0m=[35mgoogle_benzinga[0m
[2m2026-04-04T00:14:07.720933Z[0m [[32m[1minfo     [0m] [1mfetch                         [0m [36mstatus[0m=[35m200[0m [36murl[0m=[35m'https://news.google.com/rss/search?q=SBUX+site:benzinga.com&hl=en-US&gl=US&ceid=US:en'[0m
[2m2026-04-04T00:14:07.871029Z[0m [[32m[1minfo     [0m] [1mparsed                        [0m [36mchannel[0m=[35mgoogle_benzinga[0m [36mraw[0m=[35m100[0m
[2m2026-04-04T00:14:09.876666Z[0m [[32m[1minfo     [0m] [1mfetch                         [0m [36mstatus[0m=[35m200[0m [36murl[0m=[35m'https://news.google.com/rss/search?q=SBUX+site:benzinga.com&hl=en-US&gl=US&ceid=US:en'[0m
[2m2026-04-04T00:14:09.949248Z[0m [[32m[1minfo     [0m] [1mparsed                        [0m [36mchannel[0m=[35mgoogle_benzinga[0m [36mraw[0m=[35m100[0m
[2m2026-04-04T00:14:09.949412Z[0m [[32m[1minfo     [0m] [1mcrawling                      [0m [36mchannel[0m=[35m'Google News (all)'[0m [36mtag[0m=[35mgoogle_broad[0m
[2m2026-04-04T00:14:12.450794Z[0m [[32m[1minfo     [0m] [1mfetch                         [0m [36mstatus[0m=[35m200[0m [36murl[0m=[35m'https://news.google.com/rss/search?q=SBUX+stock+news&hl=en-US&gl=US&ceid=US:en'[0m
[2m2026-04-04T00:14:12.594855Z[0m [[32m[1minfo     [0m] [1mparsed                        [0m [36mchannel[0m=[35mgoogle_broad[0m [36mraw[0m=[35m100[0m
[2m2026-04-04T00:14:15.061050Z[0m [[32m[1minfo     [0m] [1mfetch                         [0m [36mstatus[0m=[35m200[0m [36murl[0m=[35m'https://news.google.com/rss/search?q=SBUX+earnings+analysis&hl=en-US&gl=US&ceid=US:en'[0m
[2m2026-04-04T00:14:15.212096Z[0m [[32m[1minfo     [0m] [1mparsed                        [0m [36mchannel[0m=[35mgoogle_broad[0m [36mraw[0m=[35m100[0m
[2m2026-04-04T00:14:15.214140Z[0m [[32m[1minfo     [0m] [1mquality_filter                [0m [36minput[0m=[35m400[0m [36mpassed[0m=[35m5[0m
[2m2026-04-04T00:14:15.214926Z[0m [[32m[1minfo     [0m] [1mdedup                         [0m [36mafter[0m=[35m5[0m [36mbefore[0m=[35m5[0m
[2m2026-04-04T00:14:15.215084Z[0m [[32m[1minfo     [0m] [1mfulltext_selection            [0m [36mcandidates[0m=[35m3[0m [36mfiltered[0m=[35m5[0m [36mmode[0m=[35mhigh-value[0m [36mticker[0m=[35mSBUX[0m
[2m2026-04-04T00:14:17.216180Z[0m [[32m[1minfo     [0m] [1mfetch                         [0m [36mstatus[0m=[35m200[0m [36murl[0m=[35mhttps://www.marketbeat.com/instant-alerts/filing-hf-advisory-group-llc-increases-position-[0m
[2m2026-04-04T00:14:17.394366Z[0m [[32m[1minfo     [0m] [1mfetch                         [0m [36mstatus[0m=[35m200[0m [36murl[0m=[35mhttps://blockonomi.com/starbucks-sbux-stock-flat-despite-china-partnership-closure-and-emp[0m
[2m2026-04-04T00:14:19.224172Z[0m [[32m[1minfo     [0m] [1mfetch                         [0m [36mstatus[0m=[35m200[0m [36murl[0m=[35mhttps://coincentral.com/starbucks-sbux-stock-unmoved-as-china-deal-and-bonus-plan-land-on-[0m
[2m2026-04-04T00:14:19.474130Z[0m [[32m[1minfo     [0m] [1mcrawling                      [0m [36mchannel[0m=[35mGoogle->Benzinga[0m [36mtag[0m=[35mgoogle_benzinga[0m
[2m2026-04-04T00:14:21.957641Z[0m [[32m[1minfo     [0m] [1mfetch                         [0m [36mstatus[0m=[35m200[0m [36murl[0m=[35m'https://news.google.com/rss/search?q=CMCSA+site:benzinga.com&hl=en-US&gl=US&ceid=US:en'[0m
[2m2026-04-04T00:14:22.106841Z[0m [[32m[1minfo     [0m] [1mparsed                        [0m [36mchannel[0m=[35mgoogle_benzinga[0m [36mraw[0m=[35m100[0m
[2m2026-04-04T00:14:24.113662Z[0m [[32m[1minfo     [0m] [1mfetch                         [0m [36mstatus[0m=[35m200[0m [36murl[0m=[35m'https://news.google.com/rss/search?q=CMCSA+site:benzinga.com&hl=en-US&gl=US&ceid=US:en'[0m
[2m2026-04-04T00:14:24.174709Z[0m [[32m[1minfo     [0m] [1mparsed                        [0m [36mchannel[0m=[35mgoogle_benzinga[0m [36mraw[0m=[35m100[0m
[2m2026-04-04T00:14:24.174871Z[0m [[32m[1minfo     [0m] [1mcrawling                      [0m [36mchannel[0m=[35m'Google News (all)'[0m [36mtag[0m=[35mgoogle_broad[0m
[2m2026-04-04T00:14:26.659874Z[0m [[32m[1minfo     [0m] [1mfetch                         [0m [36mstatus[0m=[35m200[0m [36murl[0m=[35m'https://news.google.com/rss/search?q=CMCSA+stock+news&hl=en-US&gl=US&ceid=US:en'[0m
[2m2026-04-04T00:14:26.803265Z[0m [[32m[1minfo     [0m] [1mparsed                        [0m [36mchannel[0m=[35mgoogle_broad[0m [36mraw[0m=[35m100[0m
[2m2026-04-04T00:14:29.217885Z[0m [[32m[1minfo     [0m] [1mfetch                         [0m [36mstatus[0m=[35m200[0m [36murl[0m=[35m'https://news.google.com/rss/search?q=CMCSA+earnings+analysis&hl=en-US&gl=US&ceid=US:en'[0m
[2m2026-04-04T00:14:29.331763Z[0m [[32m[1minfo     [0m] [1mparsed                        [0m [36mchannel[0m=[35mgoogle_broad[0m [36mraw[0m=[35m67[0m
[2m2026-04-04T00:14:29.334012Z[0m [[32m[1minfo     [0m] [1mquality_filter                [0m [36minput[0m=[35m367[0m [36mpassed[0m=[35m4[0m
[2m2026-04-04T00:14:29.334665Z[0m [[32m[1minfo     [0m] [1mdedup                         [0m [36mafter[0m=[35m3[0m [36mbefore[0m=[35m4[0m
[2m2026-04-04T00:14:29.334814Z[0m [[32m[1minfo     [0m] [1mfulltext_selection            [0m [36mcandidates[0m=[35m1[0m [36mfiltered[0m=[35m3[0m [36mmode[0m=[35mhigh-value[0m [36mticker[0m=[35mCMCSA[0m
[2m2026-04-04T00:14:31.401293Z[0m [[32m[1minfo     [0m] [1mfetch                         [0m [36mstatus[0m=[35m200[0m [36murl[0m=[35mhttps://www.marketbeat.com/instant-alerts/filing-matrix-asset-advisors-inc-ny-lowers-stake[0m
[2m2026-04-04T00:14:31.614591Z[0m [[32m[1minfo     [0m] [1mcrawling                      [0m [36mchannel[0m=[35mGoogle->Benzinga[0m [36mtag[0m=[35mgoogle_benzinga[0m
[2m2026-04-04T00:14:34.574200Z[0m [[32m[1minfo     [0m] [1mfetch                         [0m [36mstatus[0m=[35m200[0m [36murl[0m=[35m'https://news.google.com/rss/search?q=CVS+site:benzinga.com&hl=en-US&gl=US&ceid=US:en'[0m
[2m2026-04-04T00:14:34.717666Z[0m [[32m[1minfo     [0m] [1mparsed                        [0m [36mchannel[0m=[35mgoogle_benzinga[0m [36mraw[0m=[35m100[0m
[2m2026-04-04T00:14:36.723019Z[0m [[32m[1minfo     [0m] [1mfetch                         [0m [36mstatus[0m=[35m200[0m [36murl[0m=[35m'https://news.google.com/rss/search?q=CVS+site:benzinga.com&hl=en-US&gl=US&ceid=US:en'[0m
[2m2026-04-04T00:14:36.782474Z[0m [[32m[1minfo     [0m] [1mparsed                        [0m [36mchannel[0m=[35mgoogle_benzinga[0m [36mraw[0m=[35m100[0m
[2m2026-04-04T00:14:36.782638Z[0m [[32m[1minfo     [0m] [1mcrawling                      [0m [36mchannel[0m=[35m'Google News (all)'[0m [36mtag[0m=[35mgoogle_broad[0m
[2m2026-04-04T00:14:39.282417Z[0m [[32m[1minfo     [0m] [1mfetch                         [0m [36mstatus[0m=[35m200[0m [36murl[0m=[35m'https://news.google.com/rss/search?q=CVS+stock+news&hl=en-US&gl=US&ceid=US:en'[0m
[2m2026-04-04T00:14:39.426856Z[0m [[32m[1minfo     [0m] [1mparsed                        [0m [36mchannel[0m=[35mgoogle_broad[0m [36mraw[0m=[35m100[0m
[2m2026-04-04T00:14:41.876347Z[0m [[32m[1minfo     [0m] [1mfetch                         [0m [36mstatus[0m=[35m200[0m [36murl[0m=[35m'https://news.google.com/rss/search?q=CVS+earnings+analysis&hl=en-US&gl=US&ceid=US:en'[0m
[2m2026-04-04T00:14:41.995881Z[0m [[32m[1minfo     [0m] [1mparsed                        [0m [36mchannel[0m=[35mgoogle_broad[0m [36mraw[0m=[35m71[0m
[2m2026-04-04T00:14:41.998806Z[0m [[32m[1minfo     [0m] [1mquality_filter                [0m [36minput[0m=[35m371[0m [36mpassed[0m=[35m12[0m
[2m2026-04-04T00:14:42.000668Z[0m [[32m[1minfo     [0m] [1mdedup                         [0m [36mafter[0m=[35m12[0m [36mbefore[0m=[35m12[0m
[2m2026-04-04T00:14:42.000970Z[0m [[32m[1minfo     [0m] [1mfulltext_selection            [0m [36mcandidates[0m=[35m4[0m [36mfiltered[0m=[35m12[0m [36mmode[0m=[35mhigh-value[0m [36mticker[0m=[35mCVS[0m
[2m2026-04-04T00:14:43.993323Z[0m [[32m[1minfo     [0m] [1mfetch                         [0m [36mstatus[0m=[35m200[0m [36murl[0m=[35mhttps://www.marketbeat.com/instant-alerts/filing-aberdeen-group-plc-lowers-stake-in-cvs-he[0m
[2m2026-04-04T00:14:44.143380Z[0m [[32m[1minfo     [0m] [1mfetch                         [0m [36mstatus[0m=[35m200[0m [36murl[0m=[35mhttps://www.stocktitan.net/sec-filings/CVS/form-4-cvs-health-corp-insider-trading-activity[0m
[2m2026-04-04T00:14:44.281635Z[0m [[32m[1minfo     [0m] [1mfetch                         [0m [36mstatus[0m=[35m200[0m [36murl[0m=[35mhttps://www.stocktitan.net/sec-filings/CVS/form-4-cvs-health-corp-insider-trading-activity[0m
[2m2026-04-04T00:14:45.195379Z[0m [[31m[1merror    [0m] [1mfetch_error                   [0m [36merror[0m=[35m'400, message=\'Got more than 8190 bytes when reading: b"connect-src \\\'self\\\' wss:'[0m [36murl[0m=[35mhttps://finance.yahoo.com/markets/stocks/articles/cvs-health-corporati[0m
[2m2026-04-04T00:14:45.398817Z[0m [[32m[1minfo     [0m] [1mcrawling                      [0m [36mchannel[0m=[35mGoogle->Benzinga[0m [36mtag[0m=[35mgoogle_benzinga[0m
[2m2026-04-04T00:14:47.954444Z[0m [[32m[1minfo     [0m] [1mfetch                         [0m [36mstatus[0m=[35m200[0m [36murl[0m=[35m'https://news.google.com/rss/search?q=UPS+site:benzinga.com&hl=en-US&gl=US&ceid=US:en'[0m
[2m2026-04-04T00:14:48.091007Z[0m [[32m[1minfo     [0m] [1mparsed                        [0m [36mchannel[0m=[35mgoogle_benzinga[0m [36mraw[0m=[35m100[0m
[2m2026-04-04T00:14:50.096630Z[0m [[32m[1minfo     [0m] [1mfetch                         [0m [36mstatus[0m=[35m200[0m [36murl[0m=[35m'https://news.google.com/rss/search?q=UPS+site:benzinga.com&hl=en-US&gl=US&ceid=US:en'[0m
[2m2026-04-04T00:14:50.157981Z[0m [[32m[1minfo     [0m] [1mparsed                        [0m [36mchannel[0m=[35mgoogle_benzinga[0m [36mraw[0m=[35m100[0m
[2m2026-04-04T00:14:50.158148Z[0m [[32m[1minfo     [0m] [1mcrawling                      [0m [36mchannel[0m=[35m'Google News (all)'[0m [36mtag[0m=[35mgoogle_broad[0m
[2m2026-04-04T00:14:52.669403Z[0m [[32m[1minfo     [0m] [1mfetch                         [0m [36mstatus[0m=[35m200[0m [36murl[0m=[35m'https://news.google.com/rss/search?q=UPS+stock+news&hl=en-US&gl=US&ceid=US:en'[0m
[2m2026-04-04T00:14:52.805337Z[0m [[32m[1minfo     [0m] [1mparsed                        [0m [36mchannel[0m=[35mgoogle_broad[0m [36mraw[0m=[35m100[0m
[2m2026-04-04T00:14:55.287300Z[0m [[32m[1minfo     [0m] [1mfetch                         [0m [36mstatus[0m=[35m200[0m [36murl[0m=[35m'https://news.google.com/rss/search?q=UPS+earnings+analysis&hl=en-US&gl=US&ceid=US:en'[0m
[2m2026-04-04T00:14:55.437298Z[0m [[32m[1minfo     [0m] [1mparsed                        [0m [36mchannel[0m=[35mgoogle_broad[0m [36mraw[0m=[35m100[0m
[2m2026-04-04T00:14:55.438779Z[0m [[32m[1minfo     [0m] [1mquality_filter                [0m [36minput[0m=[35m400[0m [36mpassed[0m=[35m2[0m
[2m2026-04-04T00:14:55.439076Z[0m [[32m[1minfo     [0m] [1mdedup                         [0m [36mafter[0m=[35m2[0m [36mbefore[0m=[35m2[0m
[2m2026-04-04T00:14:55.439191Z[0m [[32m[1minfo     [0m] [1mfulltext_selection            [0m [36mcandidates[0m=[35m0[0m [36mfiltered[0m=[35m2[0m [36mmode[0m=[35mhigh-value[0m [36mticker[0m=[35mUPS[0m
[2m2026-04-04T00:14:55.439925Z[0m [[32m[1minfo     [0m] [1mcrawling                      [0m [36mchannel[0m=[35mGoogle->Benzinga[0m [36mtag[0m=[35mgoogle_benzinga[0m
[2m2026-04-04T00:14:57.856834Z[0m [[32m[1minfo     [0m] [1mfetch                         [0m [36mstatus[0m=[35m200[0m [36murl[0m=[35m'https://news.google.com/rss/search?q=EQIX+site:benzinga.com&hl=en-US&gl=US&ceid=US:en'[0m
[2m2026-04-04T00:14:57.925201Z[0m [[32m[1minfo     [0m] [1mparsed                        [0m [36mchannel[0m=[35mgoogle_benzinga[0m [36mraw[0m=[35m70[0m
[2m2026-04-04T00:14:59.930550Z[0m [[32m[1minfo     [0m] [1mfetch                         [0m [36mstatus[0m=[35m200[0m [36murl[0m=[35m'https://news.google.com/rss/search?q=EQIX+site:benzinga.com&hl=en-US&gl=US&ceid=US:en'[0m
[2m2026-04-04T00:14:59.972318Z[0m [[32m[1minfo     [0m] [1mparsed                        [0m [36mchannel[0m=[35mgoogle_benzinga[0m [36mraw[0m=[35m70[0m
[2m2026-04-04T00:14:59.972483Z[0m [[32m[1minfo     [0m] [1mcrawling                      [0m [36mchannel[0m=[35m'Google News (all)'[0m [36mtag[0m=[35mgoogle_broad[0m
[2m2026-04-04T00:15:02.464372Z[0m [[32m[1minfo     [0m] [1mfetch                         [0m [36mstatus[0m=[35m200[0m [36murl[0m=[35m'https://news.google.com/rss/search?q=EQIX+stock+news&hl=en-US&gl=US&ceid=US:en'[0m
[2m2026-04-04T00:15:02.672384Z[0m [[32m[1minfo     [0m] [1mparsed                        [0m [36mchannel[0m=[35mgoogle_broad[0m [36mraw[0m=[35m100[0m
[2m2026-04-04T00:15:05.032961Z[0m [[32m[1minfo     [0m] [1mfetch                         [0m [36mstatus[0m=[35m200[0m [36murl[0m=[35m'https://news.google.com/rss/search?q=EQIX+earnings+analysis&hl=en-US&gl=US&ceid=US:en'[0m
[2m2026-04-04T00:15:05.078407Z[0m [[32m[1minfo     [0m] [1mparsed                        [0m [36mchannel[0m=[35mgoogle_broad[0m [36mraw[0m=[35m40[0m
[2m2026-04-04T00:15:05.084084Z[0m [[32m[1minfo     [0m] [1mquality_filter                [0m [36minput[0m=[35m280[0m [36mpassed[0m=[35m2[0m
[2m2026-04-04T00:15:05.084441Z[0m [[32m[1minfo     [0m] [1mdedup                         [0m [36mafter[0m=[35m1[0m [36mbefore[0m=[35m2[0m
[2m2026-04-04T00:15:05.084567Z[0m [[32m[1minfo     [0m] [1mfulltext_selection            [0m [36mcandidates[0m=[35m1[0m [36mfiltered[0m=[35m1[0m [36mmode[0m=[35mhigh-value[0m [36mticker[0m=[35mEQIX[0m
[2m2026-04-04T00:15:08.069313Z[0m [[32m[1minfo     [0m] [1mfetch                         [0m [36mstatus[0m=[35m200[0m [36murl[0m=[35mhttps://intellectia.ai/en/stock/EQIX/news[0m
[2m2026-04-04T00:15:08.679693Z[0m [[32m[1minfo     [0m] [1mcrawling                      [0m [36mchannel[0m=[35mGoogle->Benzinga[0m [36mtag[0m=[35mgoogle_benzinga[0m
[2m2026-04-04T00:15:11.223447Z[0m [[32m[1minfo     [0m] [1mfetch                         [0m [36mstatus[0m=[35m200[0m [36murl[0m=[35m'https://news.google.com/rss/search?q=NKE+site:benzinga.com&hl=en-US&gl=US&ceid=US:en'[0m
[2m2026-04-04T00:15:11.359333Z[0m [[32m[1minfo     [0m] [1mparsed                        [0m [36mchannel[0m=[35mgoogle_benzinga[0m [36mraw[0m=[35m100[0m
[2m2026-04-04T00:15:13.368067Z[0m [[32m[1minfo     [0m] [1mfetch                         [0m [36mstatus[0m=[35m200[0m [36murl[0m=[35m'https://news.google.com/rss/search?q=NKE+site:benzinga.com&hl=en-US&gl=US&ceid=US:en'[0m
[2m2026-04-04T00:15:13.429251Z[0m [[32m[1minfo     [0m] [1mparsed                        [0m [36mchannel[0m=[35mgoogle_benzinga[0m [36mraw[0m=[35m100[0m
[2m2026-04-04T00:15:13.429421Z[0m [[32m[1minfo     [0m] [1mcrawling                      [0m [36mchannel[0m=[35m'Google News (all)'[0m [36mtag[0m=[35mgoogle_broad[0m
[2m2026-04-04T00:15:15.885259Z[0m [[32m[1minfo     [0m] [1mfetch                         [0m [36mstatus[0m=[35m200[0m [36murl[0m=[35m'https://news.google.com/rss/search?q=NKE+stock+news&hl=en-US&gl=US&ceid=US:en'[0m
[2m2026-04-04T00:15:16.035056Z[0m [[32m[1minfo     [0m] [1mparsed                        [0m [36mchannel[0m=[35mgoogle_broad[0m [36mraw[0m=[35m100[0m
[2m2026-04-04T00:15:18.529602Z[0m [[32m[1minfo     [0m] [1mfetch                         [0m [36mstatus[0m=[35m200[0m [36murl[0m=[35m'https://news.google.com/rss/search?q=NKE+earnings+analysis&hl=en-US&gl=US&ceid=US:en'[0m
[2m2026-04-04T00:15:18.674706Z[0m [[32m[1minfo     [0m] [1mparsed                        [0m [36mchannel[0m=[35mgoogle_broad[0m [36mraw[0m=[35m100[0m
[2m2026-04-04T00:15:18.676811Z[0m [[32m[1minfo     [0m] [1mquality_filter                [0m [36minput[0m=[35m400[0m [36mpassed[0m=[35m5[0m
[2m2026-04-04T00:15:18.677538Z[0m [[32m[1minfo     [0m] [1mdedup                         [0m [36mafter[0m=[35m4[0m [36mbefore[0m=[35m5[0m
[2m2026-04-04T00:15:18.677682Z[0m [[32m[1minfo     [0m] [1mfulltext_selection            [0m [36mcandidates[0m=[35m3[0m [36mfiltered[0m=[35m4[0m [36mmode[0m=[35mhigh-value[0m [36mticker[0m=[35mNKE[0m
[2m2026-04-04T00:15:20.695157Z[0m [[32m[1minfo     [0m] [1mfetch                         [0m [36mstatus[0m=[35m403[0m [36murl[0m=[35mhttps://www.gurufocus.com/news/8769041/nke-downgraded-by-goldman-sachs-target-price-lowere[0m
[2m2026-04-04T00:15:21.309512Z[0m [[32m[1minfo     [0m] [1mfetch                         [0m [36mstatus[0m=[35m200[0m [36murl[0m=[35mhttps://www.marketbeat.com/instant-alerts/china-renaissance-issues-pessimistic-forecast-fo[0m
[2m2026-04-04T00:15:21.572444Z[0m [[32m[1minfo     [0m] [1mcrawling                      [0m [36mchannel[0m=[35mGoogle->Benzinga[0m [36mtag[0m=[35mgoogle_benzinga[0m
[2m2026-04-04T00:15:23.962799Z[0m [[32m[1minfo     [0m] [1mfetch                         [0m [36mstatus[0m=[35m200[0m [36murl[0m=[35m'https://news.google.com/rss/search?q=WMB+site:benzinga.com&hl=en-US&gl=US&ceid=US:en'[0m
[2m2026-04-04T00:15:23.979615Z[0m [[32m[1minfo     [0m] [1mparsed                        [0m [36mchannel[0m=[35mgoogle_benzinga[0m [36mraw[0m=[35m25[0m
[2m2026-04-04T00:15:25.985088Z[0m [[32m[1minfo     [0m] [1mfetch                         [0m [36mstatus[0m=[35m200[0m [36murl[0m=[35m'https://news.google.com/rss/search?q=WMB+site:benzinga.com&hl=en-US&gl=US&ceid=US:en'[0m
[2m2026-04-04T00:15:26.001830Z[0m [[32m[1minfo     [0m] [1mparsed                        [0m [36mchannel[0m=[35mgoogle_benzinga[0m [36mraw[0m=[35m25[0m
[2m2026-04-04T00:15:26.001995Z[0m [[32m[1minfo     [0m] [1mcrawling                      [0m [36mchannel[0m=[35m'Google News (all)'[0m [36mtag[0m=[35mgoogle_broad[0m
[2m2026-04-04T00:15:28.430934Z[0m [[32m[1minfo     [0m] [1mfetch                         [0m [36mstatus[0m=[35m200[0m [36murl[0m=[35m'https://news.google.com/rss/search?q=WMB+stock+news&hl=en-US&gl=US&ceid=US:en'[0m
[2m2026-04-04T00:15:28.571293Z[0m [[32m[1minfo     [0m] [1mparsed                        [0m [36mchannel[0m=[35mgoogle_broad[0m [36mraw[0m=[35m94[0m
[2m2026-04-04T00:15:30.923134Z[0m [[32m[1minfo     [0m] [1mfetch                         [0m [36mstatus[0m=[35m200[0m [36murl[0m=[35m'https://news.google.com/rss/search?q=WMB+earnings+analysis&hl=en-US&gl=US&ceid=US:en'[0m
[2m2026-04-04T00:15:30.966808Z[0m [[32m[1minfo     [0m] [1mparsed                        [0m [36mchannel[0m=[35mgoogle_broad[0m [36mraw[0m=[35m47[0m
[2m2026-04-04T00:15:30.968382Z[0m [[32m[1minfo     [0m] [1mquality_filter                [0m [36minput[0m=[35m191[0m [36mpassed[0m=[35m3[0m
[2m2026-04-04T00:15:30.968897Z[0m [[32m[1minfo     [0m] [1mdedup                         [0m [36mafter[0m=[35m3[0m [36mbefore[0m=[35m3[0m
[2m2026-04-04T00:15:30.969045Z[0m [[32m[1minfo     [0m] [1mfulltext_selection            [0m [36mcandidates[0m=[35m2[0m [36mfiltered[0m=[35m3[0m [36mmode[0m=[35mhigh-value[0m [36mticker[0m=[35mWMB[0m
[2m2026-04-04T00:15:32.902194Z[0m [[32m[1minfo     [0m] [1mfetch                         [0m [36mstatus[0m=[35m403[0m [36murl[0m=[35mhttps://www.gurufocus.com/news/8765865/wmb-scotiabank-maintains-rating-raises-price-target[0m
[2m2026-04-04T00:15:33.232446Z[0m [[32m[1minfo     [0m] [1mfetch                         [0m [36mstatus[0m=[35m200[0m [36murl[0m=[35mhttps://www.marketbeat.com/instant-alerts/filing-williams-companies-inc-the-wmb-stock-posi[0m
[2m2026-04-04T00:15:33.486696Z[0m [[32m[1minfo     [0m] [1mcrawling                      [0m [36mchannel[0m=[35mGoogle->Benzinga[0m [36mtag[0m=[35mgoogle_benzinga[0m
[2m2026-04-04T00:15:36.002107Z[0m [[32m[1minfo     [0m] [1mfetch                         [0m [36mstatus[0m=[35m200[0m [36murl[0m=[35m'https://news.google.com/rss/search?q=FDX+site:benzinga.com&hl=en-US&gl=US&ceid=US:en'[0m
[2m2026-04-04T00:15:36.171332Z[0m [[32m[1minfo     [0m] [1mparsed                        [0m [36mchannel[0m=[35mgoogle_benzinga[0m [36mraw[0m=[35m100[0m
[2m2026-04-04T00:15:38.177273Z[0m [[32m[1minfo     [0m] [1mfetch                         [0m [36mstatus[0m=[35m200[0m [36murl[0m=[35m'https://news.google.com/rss/search?q=FDX+site:benzinga.com&hl=en-US&gl=US&ceid=US:en'[0m
[2m2026-04-04T00:15:38.238158Z[0m [[32m[1minfo     [0m] [1mparsed                        [0m [36mchannel[0m=[35mgoogle_benzinga[0m [36mraw[0m=[35m100[0m
[2m2026-04-04T00:15:38.238342Z[0m [[32m[1minfo     [0m] [1mcrawling                      [0m [36mchannel[0m=[35m'Google News (all)'[0m [36mtag[0m=[35mgoogle_broad[0m
[2m2026-04-04T00:15:40.733135Z[0m [[32m[1minfo     [0m] [1mfetch                         [0m [36mstatus[0m=[35m200[0m [36murl[0m=[35m'https://news.google.com/rss/search?q=FDX+stock+news&hl=en-US&gl=US&ceid=US:en'[0m
[2m2026-04-04T00:15:40.907010Z[0m [[32m[1minfo     [0m] [1mparsed                        [0m [36mchannel[0m=[35mgoogle_broad[0m [36mraw[0m=[35m100[0m
[2m2026-04-04T00:15:43.385166Z[0m [[32m[1minfo     [0m] [1mfetch                         [0m [36mstatus[0m=[35m200[0m [36murl[0m=[35m'https://news.google.com/rss/search?q=FDX+earnings+analysis&hl=en-US&gl=US&ceid=US:en'[0m
[2m2026-04-04T00:15:43.537840Z[0m [[32m[1minfo     [0m] [1mparsed                        [0m [36mchannel[0m=[35mgoogle_broad[0m [36mraw[0m=[35m100[0m
[2m2026-04-04T00:15:43.539473Z[0m [[32m[1minfo     [0m] [1mquality_filter                [0m [36minput[0m=[35m400[0m [36mpassed[0m=[35m1[0m
[2m2026-04-04T00:15:43.539732Z[0m [[32m[1minfo     [0m] [1mdedup                         [0m [36mafter[0m=[35m1[0m [36mbefore[0m=[35m1[0m
[2m2026-04-04T00:15:43.539832Z[0m [[32m[1minfo     [0m] [1mfulltext_selection            [0m [36mcandidates[0m=[35m1[0m [36mfiltered[0m=[35m1[0m [36mmode[0m=[35mhigh-value[0m [36mticker[0m=[35mFDX[0m
[2m2026-04-04T00:15:45.549632Z[0m [[32m[1minfo     [0m] [1mfetch                         [0m [36mstatus[0m=[35m200[0m [36murl[0m=[35mhttps://www.marketbeat.com/instant-alerts/filing-herbst-group-llc-acquires-shares-of-5100-[0m
[2m2026-04-04T00:15:46.176451Z[0m [[32m[1minfo     [0m] [1mcrawling                      [0m [36mchannel[0m=[35mGoogle->Benzinga[0m [36mtag[0m=[35mgoogle_benzinga[0m
[2m2026-04-04T00:15:48.535775Z[0m [[32m[1minfo     [0m] [1mfetch                         [0m [36mstatus[0m=[35m200[0m [36murl[0m=[35m'https://news.google.com/rss/search?q=MRSH+site:benzinga.com&hl=en-US&gl=US&ceid=US:en'[0m
[2m2026-04-04T00:15:48.543820Z[0m [[32m[1minfo     [0m] [1mparsed                        [0m [36mchannel[0m=[35mgoogle_benzinga[0m [36mraw[0m=[35m7[0m
[2m2026-04-04T00:15:50.549280Z[0m [[32m[1minfo     [0m] [1mfetch                         [0m [36mstatus[0m=[35m200[0m [36murl[0m=[35m'https://news.google.com/rss/search?q=MRSH+site:benzinga.com&hl=en-US&gl=US&ceid=US:en'[0m
[2m2026-04-04T00:15:50.555266Z[0m [[32m[1minfo     [0m] [1mparsed                        [0m [36mchannel[0m=[35mgoogle_benzinga[0m [36mraw[0m=[35m7[0m
[2m2026-04-04T00:15:50.555415Z[0m [[32m[1minfo     [0m] [1mcrawling                      [0m [36mchannel[0m=[35m'Google News (all)'[0m [36mtag[0m=[35mgoogle_broad[0m
[2m2026-04-04T00:15:53.019944Z[0m [[32m[1minfo     [0m] [1mfetch                         [0m [36mstatus[0m=[35m200[0m [36murl[0m=[35m'https://news.google.com/rss/search?q=MRSH+stock+news&hl=en-US&gl=US&ceid=US:en'[0m
[2m2026-04-04T00:15:53.152124Z[0m [[32m[1minfo     [0m] [1mparsed                        [0m [36mchannel[0m=[35mgoogle_broad[0m [36mraw[0m=[35m100[0m
[2m2026-04-04T00:15:55.520348Z[0m [[32m[1minfo     [0m] [1mfetch                         [0m [36mstatus[0m=[35m200[0m [36murl[0m=[35m'https://news.google.com/rss/search?q=MRSH+earnings+analysis&hl=en-US&gl=US&ceid=US:en'[0m
[2m2026-04-04T00:15:55.552826Z[0m [[32m[1minfo     [0m] [1mparsed                        [0m [36mchannel[0m=[35mgoogle_broad[0m [36mraw[0m=[35m41[0m
[2m2026-04-04T00:15:55.554657Z[0m [[32m[1minfo     [0m] [1mquality_filter                [0m [36minput[0m=[35m155[0m [36mpassed[0m=[35m5[0m
[2m2026-04-04T00:15:55.555355Z[0m [[32m[1minfo     [0m] [1mdedup                         [0m [36mafter[0m=[35m4[0m [36mbefore[0m=[35m5[0m
[2m2026-04-04T00:15:55.555503Z[0m [[32m[1minfo     [0m] [1mfulltext_selection            [0m [36mcandidates[0m=[35m2[0m [36mfiltered[0m=[35m4[0m [36mmode[0m=[35mhigh-value[0m [36mticker[0m=[35mMRSH[0m
[2m2026-04-04T00:15:57.656933Z[0m [[32m[1minfo     [0m] [1mfetch                         [0m [36mstatus[0m=[35m200[0m [36murl[0m=[35mhttps://www.marketbeat.com/instant-alerts/filing-marsh-mclennan-companies-inc-mrsh-positio[0m
[2m2026-04-04T00:15:58.484441Z[0m [[31m[1merror    [0m] [1mfetch_error                   [0m [36merror[0m=[35m'400, message=\'Got more than 8190 bytes when reading: b"connect-src \\\'self\\\' wss:'[0m [36murl[0m=[35mhttps://finance.yahoo.com/markets/stocks/articles/investment-story-shi[0m
[2m2026-04-04T00:15:58.687809Z[0m [[32m[1minfo     [0m] [1mcrawling                      [0m [36mchannel[0m=[35mGoogle->Benzinga[0m [36mtag[0m=[35mgoogle_benzinga[0m
[2m2026-04-04T00:16:01.202074Z[0m [[32m[1minfo     [0m] [1mfetch                         [0m [36mstatus[0m=[35m200[0m [36murl[0m=[35m'https://news.google.com/rss/search?q=SHW+site:benzinga.com&hl=en-US&gl=US&ceid=US:en'[0m
[2m2026-04-04T00:16:01.242127Z[0m [[32m[1minfo     [0m] [1mparsed                        [0m [36mchannel[0m=[35mgoogle_benzinga[0m [36mraw[0m=[35m45[0m
[2m2026-04-04T00:16:03.250324Z[0m [[32m[1minfo     [0m] [1mfetch                         [0m [36mstatus[0m=[35m200[0m [36murl[0m=[35m'https://news.google.com/rss/search?q=SHW+site:benzinga.com&hl=en-US&gl=US&ceid=US:en'[0m
[2m2026-04-04T00:16:03.280077Z[0m [[32m[1minfo     [0m] [1mparsed                        [0m [36mchannel[0m=[35mgoogle_benzinga[0m [36mraw[0m=[35m45[0m
[2m2026-04-04T00:16:03.280262Z[0m [[32m[1minfo     [0m] [1mcrawling                      [0m [36mchannel[0m=[35m'Google News (all)'[0m [36mtag[0m=[35mgoogle_broad[0m
[2m2026-04-04T00:16:05.687729Z[0m [[32m[1minfo     [0m] [1mfetch                         [0m [36mstatus[0m=[35m200[0m [36murl[0m=[35m'https://news.google.com/rss/search?q=SHW+stock+news&hl=en-US&gl=US&ceid=US:en'[0m
[2m2026-04-04T00:16:05.821799Z[0m [[32m[1minfo     [0m] [1mparsed                        [0m [36mchannel[0m=[35mgoogle_broad[0m [36mraw[0m=[35m100[0m
[2m2026-04-04T00:16:08.200788Z[0m [[32m[1minfo     [0m] [1mfetch                         [0m [36mstatus[0m=[35m200[0m [36murl[0m=[35m'https://news.google.com/rss/search?q=SHW+earnings+analysis&hl=en-US&gl=US&ceid=US:en'[0m
[2m2026-04-04T00:16:08.237275Z[0m [[32m[1minfo     [0m] [1mparsed                        [0m [36mchannel[0m=[35mgoogle_broad[0m [36mraw[0m=[35m55[0m
[2m2026-04-04T00:16:08.238703Z[0m [[32m[1minfo     [0m] [1mquality_filter                [0m [36minput[0m=[35m245[0m [36mpassed[0m=[35m2[0m
[2m2026-04-04T00:16:08.239080Z[0m [[32m[1minfo     [0m] [1mdedup                         [0m [36mafter[0m=[35m2[0m [36mbefore[0m=[35m2[0m
[2m2026-04-04T00:16:08.239190Z[0m [[32m[1minfo     [0m] [1mfulltext_selection            [0m [36mcandidates[0m=[35m2[0m [36mfiltered[0m=[35m2[0m [36mmode[0m=[35mhigh-value[0m [36mticker[0m=[35mSHW[0m
[2m2026-04-04T00:16:10.035469Z[0m [[32m[1minfo     [0m] [1mfetch                         [0m [36mstatus[0m=[35m403[0m [36murl[0m=[35mhttps://www.gurufocus.com/news/8769098/sherwinwilliams-shw-analyst-rating-update-by-ubs-pr[0m
[2m2026-04-04T00:16:10.166642Z[0m [[32m[1minfo     [0m] [1mfetch                         [0m [36mstatus[0m=[35m200[0m [36murl[0m=[35mhttps://www.marketbeat.com/instant-alerts/ubs-group-issues-pessimistic-forecast-for-sherwi[0m
[2m2026-04-04T00:16:10.396159Z[0m [[32m[1minfo     [0m] [1mcrawling                      [0m [36mchannel[0m=[35mGoogle->Benzinga[0m [36mtag[0m=[35mgoogle_benzinga[0m
[2m2026-04-04T00:16:12.798862Z[0m [[32m[1minfo     [0m] [1mfetch                         [0m [36mstatus[0m=[35m200[0m [36murl[0m=[35m'https://news.google.com/rss/search?q=AMT+site:benzinga.com&hl=en-US&gl=US&ceid=US:en'[0m
[2m2026-04-04T00:16:12.857651Z[0m [[32m[1minfo     [0m] [1mparsed                        [0m [36mchannel[0m=[35mgoogle_benzinga[0m [36mraw[0m=[35m59[0m
[2m2026-04-04T00:16:14.863737Z[0m [[32m[1minfo     [0m] [1mfetch                         [0m [36mstatus[0m=[35m200[0m [36murl[0m=[35m'https://news.google.com/rss/search?q=AMT+site:benzinga.com&hl=en-US&gl=US&ceid=US:en'[0m
[2m2026-04-04T00:16:14.899995Z[0m [[32m[1minfo     [0m] [1mparsed                        [0m [36mchannel[0m=[35mgoogle_benzinga[0m [36mraw[0m=[35m59[0m
[2m2026-04-04T00:16:14.900156Z[0m [[32m[1minfo     [0m] [1mcrawling                      [0m [36mchannel[0m=[35m'Google News (all)'[0m [36mtag[0m=[35mgoogle_broad[0m
[2m2026-04-04T00:16:17.372655Z[0m [[32m[1minfo     [0m] [1mfetch                         [0m [36mstatus[0m=[35m200[0m [36murl[0m=[35m'https://news.google.com/rss/search?q=AMT+stock+news&hl=en-US&gl=US&ceid=US:en'[0m
[2m2026-04-04T00:16:17.516832Z[0m [[32m[1minfo     [0m] [1mparsed                        [0m [36mchannel[0m=[35mgoogle_broad[0m [36mraw[0m=[35m100[0m
[2m2026-04-04T00:16:19.902374Z[0m [[32m[1minfo     [0m] [1mfetch                         [0m [36mstatus[0m=[35m200[0m [36murl[0m=[35m'https://news.google.com/rss/search?q=AMT+earnings+analysis&hl=en-US&gl=US&ceid=US:en'[0m
[2m2026-04-04T00:16:19.958677Z[0m [[32m[1minfo     [0m] [1mparsed                        [0m [36mchannel[0m=[35mgoogle_broad[0m [36mraw[0m=[35m59[0m
[2m2026-04-04T00:16:19.959958Z[0m [[32m[1minfo     [0m] [1mquality_filter                [0m [36minput[0m=[35m277[0m [36mpassed[0m=[35m1[0m
[2m2026-04-04T00:16:19.960196Z[0m [[32m[1minfo     [0m] [1mdedup                         [0m [36mafter[0m=[35m1[0m [36mbefore[0m=[35m1[0m
[2m2026-04-04T00:16:19.960314Z[0m [[32m[1minfo     [0m] [1mfulltext_selection            [0m [36mcandidates[0m=[35m1[0m [36mfiltered[0m=[35m1[0m [36mmode[0m=[35mhigh-value[0m [36mticker[0m=[35mAMT[0m
[2m2026-04-04T00:16:21.974886Z[0m [[32m[1minfo     [0m] [1mfetch                         [0m [36mstatus[0m=[35m200[0m [36murl[0m=[35mhttps://www.defenseworld.net/2026/04/02/american-tower-nyseamt-upgraded-at-truist-financia[0m
[2m2026-04-04T00:16:22.178377Z[0m [[32m[1minfo     [0m] [1mcrawling                      [0m [36mchannel[0m=[35mGoogle->Benzinga[0m [36mtag[0m=[35mgoogle_benzinga[0m
[2m2026-04-04T00:16:24.644151Z[0m [[32m[1minfo     [0m] [1mfetch                         [0m [36mstatus[0m=[35m200[0m [36murl[0m=[35m'https://news.google.com/rss/search?q=BX+site:benzinga.com&hl=en-US&gl=US&ceid=US:en'[0m
[2m2026-04-04T00:16:24.788486Z[0m [[32m[1minfo     [0m] [1mparsed                        [0m [36mchannel[0m=[35mgoogle_benzinga[0m [36mraw[0m=[35m100[0m
[2m2026-04-04T00:16:26.793902Z[0m [[32m[1minfo     [0m] [1mfetch                         [0m [36mstatus[0m=[35m200[0m [36murl[0m=[35m'https://news.google.com/rss/search?q=BX+site:benzinga.com&hl=en-US&gl=US&ceid=US:en'[0m
[2m2026-04-04T00:16:26.855101Z[0m [[32m[1minfo     [0m] [1mparsed                        [0m [36mchannel[0m=[35mgoogle_benzinga[0m [36mraw[0m=[35m100[0m
[2m2026-04-04T00:16:26.855288Z[0m [[32m[1minfo     [0m] [1mcrawling                      [0m [36mchannel[0m=[35m'Google News (all)'[0m [36mtag[0m=[35mgoogle_broad[0m
[2m2026-04-04T00:16:29.359458Z[0m [[32m[1minfo     [0m] [1mfetch                         [0m [36mstatus[0m=[35m200[0m [36murl[0m=[35m'https://news.google.com/rss/search?q=BX+stock+news&hl=en-US&gl=US&ceid=US:en'[0m
[2m2026-04-04T00:16:29.505506Z[0m [[32m[1minfo     [0m] [1mparsed                        [0m [36mchannel[0m=[35mgoogle_broad[0m [36mraw[0m=[35m100[0m
[2m2026-04-04T00:16:31.904431Z[0m [[32m[1minfo     [0m] [1mfetch                         [0m [36mstatus[0m=[35m200[0m [36murl[0m=[35m'https://news.google.com/rss/search?q=BX+earnings+analysis&hl=en-US&gl=US&ceid=US:en'[0m
[2m2026-04-04T00:16:31.960668Z[0m [[32m[1minfo     [0m] [1mparsed                        [0m [36mchannel[0m=[35mgoogle_broad[0m [36mraw[0m=[35m58[0m
[2m2026-04-04T00:16:31.963242Z[0m [[32m[1minfo     [0m] [1mquality_filter                [0m [36minput[0m=[35m358[0m [36mpassed[0m=[35m6[0m
[2m2026-04-04T00:16:31.964017Z[0m [[32m[1minfo     [0m] [1mdedup                         [0m [36mafter[0m=[35m6[0m [36mbefore[0m=[35m6[0m
[2m2026-04-04T00:16:31.964198Z[0m [[32m[1minfo     [0m] [1mfulltext_selection            [0m [36mcandidates[0m=[35m1[0m [36mfiltered[0m=[35m6[0m [36mmode[0m=[35mhigh-value[0m [36mticker[0m=[35mBX[0m
[2m2026-04-04T00:16:34.506546Z[0m [[32m[1minfo     [0m] [1mfetch                         [0m [36mstatus[0m=[35m200[0m [36murl[0m=[35mhttps://www.stocktitan.net/sec-filings/BX/form-4-blackstone-inc-insider-trading-activity-0[0m
[2m2026-04-04T00:16:34.731095Z[0m [[32m[1minfo     [0m] [1mcrawling                      [0m [36mchannel[0m=[35mGoogle->Benzinga[0m [36mtag[0m=[35mgoogle_benzinga[0m
[2m2026-04-04T00:16:37.140488Z[0m [[32m[1minfo     [0m] [1mfetch                         [0m [36mstatus[0m=[35m200[0m [36murl[0m=[35m'https://news.google.com/rss/search?q=JCI+site:benzinga.com&hl=en-US&gl=US&ceid=US:en'[0m
[2m2026-04-04T00:16:37.180923Z[0m [[32m[1minfo     [0m] [1mparsed                        [0m [36mchannel[0m=[35mgoogle_benzinga[0m [36mraw[0m=[35m42[0m
[2m2026-04-04T00:16:39.186298Z[0m [[32m[1minfo     [0m] [1mfetch                         [0m [36mstatus[0m=[35m200[0m [36murl[0m=[35m'https://news.google.com/rss/search?q=JCI+site:benzinga.com&hl=en-US&gl=US&ceid=US:en'[0m
[2m2026-04-04T00:16:39.213090Z[0m [[32m[1minfo     [0m] [1mparsed                        [0m [36mchannel[0m=[35mgoogle_benzinga[0m [36mraw[0m=[35m42[0m
[2m2026-04-04T00:16:39.213269Z[0m [[32m[1minfo     [0m] [1mcrawling                      [0m [36mchannel[0m=[35m'Google News (all)'[0m [36mtag[0m=[35mgoogle_broad[0m
[2m2026-04-04T00:16:41.718446Z[0m [[32m[1minfo     [0m] [1mfetch                         [0m [36mstatus[0m=[35m200[0m [36murl[0m=[35m'https://news.google.com/rss/search?q=JCI+stock+news&hl=en-US&gl=US&ceid=US:en'[0m
[2m2026-04-04T00:16:41.851659Z[0m [[32m[1minfo     [0m] [1mparsed                        [0m [36mchannel[0m=[35mgoogle_broad[0m [36mraw[0m=[35m100[0m
[2m2026-04-04T00:16:44.211314Z[0m [[32m[1minfo     [0m] [1mfetch                         [0m [36mstatus[0m=[35m200[0m [36murl[0m=[35m'https://news.google.com/rss/search?q=JCI+earnings+analysis&hl=en-US&gl=US&ceid=US:en'[0m
[2m2026-04-04T00:16:44.249983Z[0m [[32m[1minfo     [0m] [1mparsed                        [0m [36mchannel[0m=[35mgoogle_broad[0m [36mraw[0m=[35m49[0m
[2m2026-04-04T00:16:44.251379Z[0m [[32m[1minfo     [0m] [1mquality_filter                [0m [36minput[0m=[35m233[0m [36mpassed[0m=[35m1[0m
[2m2026-04-04T00:16:44.251657Z[0m [[32m[1minfo     [0m] [1mdedup                         [0m [36mafter[0m=[35m1[0m [36mbefore[0m=[35m1[0m
[2m2026-04-04T00:16:44.251761Z[0m [[32m[1minfo     [0m] [1mfulltext_selection            [0m [36mcandidates[0m=[35m0[0m [36mfiltered[0m=[35m1[0m [36mmode[0m=[35mhigh-value[0m [36mticker[0m=[35mJCI[0m
[2m2026-04-04T00:16:44.252485Z[0m [[32m[1minfo     [0m] [1mcrawling                      [0m [36mchannel[0m=[35mGoogle->Benzinga[0m [36mtag[0m=[35mgoogle_benzinga[0m
[2m2026-04-04T00:16:47.120873Z[0m [[32m[1minfo     [0m] [1mfetch                         [0m [36mstatus[0m=[35m200[0m [36murl[0m=[35m'https://news.google.com/rss/search?q=MMM+site:benzinga.com&hl=en-US&gl=US&ceid=US:en'[0m
[2m2026-04-04T00:16:47.149579Z[0m [[32m[1minfo     [0m] [1mparsed                        [0m [36mchannel[0m=[35mgoogle_benzinga[0m [36mraw[0m=[35m35[0m
[2m2026-04-04T00:16:49.155030Z[0m [[32m[1minfo     [0m] [1mfetch                         [0m [36mstatus[0m=[35m200[0m [36murl[0m=[35m'https://news.google.com/rss/search?q=MMM+site:benzinga.com&hl=en-US&gl=US&ceid=US:en'[0m
[2m2026-04-04T00:16:49.177786Z[0m [[32m[1minfo     [0m] [1mparsed                        [0m [36mchannel[0m=[35mgoogle_benzinga[0m [36mraw[0m=[35m35[0m
[2m2026-04-04T00:16:49.177951Z[0m [[32m[1minfo     [0m] [1mcrawling                      [0m [36mchannel[0m=[35m'Google News (all)'[0m [36mtag[0m=[35mgoogle_broad[0m
[2m2026-04-04T00:16:51.666134Z[0m [[32m[1minfo     [0m] [1mfetch                         [0m [36mstatus[0m=[35m200[0m [36murl[0m=[35m'https://news.google.com/rss/search?q=MMM+stock+news&hl=en-US&gl=US&ceid=US:en'[0m
[2m2026-04-04T00:16:51.810148Z[0m [[32m[1minfo     [0m] [1mparsed                        [0m [36mchannel[0m=[35mgoogle_broad[0m [36mraw[0m=[35m100[0m
[2m2026-04-04T00:16:54.189385Z[0m [[32m[1minfo     [0m] [1mfetch                         [0m [36mstatus[0m=[35m200[0m [36murl[0m=[35m'https://news.google.com/rss/search?q=MMM+earnings+analysis&hl=en-US&gl=US&ceid=US:en'[0m
[2m2026-04-04T00:16:54.233917Z[0m [[32m[1minfo     [0m] [1mparsed                        [0m [36mchannel[0m=[35mgoogle_broad[0m [36mraw[0m=[35m51[0m
[2m2026-04-04T00:16:54.235162Z[0m [[32m[1minfo     [0m] [1mquality_filter                [0m [36minput[0m=[35m221[0m [36mpassed[0m=[35m2[0m
[2m2026-04-04T00:16:54.235609Z[0m [[32m[1minfo     [0m] [1mdedup                         [0m [36mafter[0m=[35m2[0m [36mbefore[0m=[35m2[0m
[2m2026-04-04T00:16:54.235727Z[0m [[32m[1minfo     [0m] [1mfulltext_selection            [0m [36mcandidates[0m=[35m1[0m [36mfiltered[0m=[35m2[0m [36mmode[0m=[35mhigh-value[0m [36mticker[0m=[35mMMM[0m
[2m2026-04-04T00:16:55.899752Z[0m [[32m[1minfo     [0m] [1mfetch                         [0m [36mstatus[0m=[35m403[0m [36murl[0m=[35mhttps://www.gurufocus.com/news/8765793/3m-mmm-analyst-rating-update-barclays-lowers-price-[0m
[2m2026-04-04T00:16:56.102073Z[0m [[32m[1minfo     [0m] [1mcrawling                      [0m [36mchannel[0m=[35mGoogle->Benzinga[0m [36mtag[0m=[35mgoogle_benzinga[0m
[2m2026-04-04T00:16:58.495639Z[0m [[32m[1minfo     [0m] [1mfetch                         [0m [36mstatus[0m=[35m200[0m [36murl[0m=[35m'https://news.google.com/rss/search?q=ECL+site:benzinga.com&hl=en-US&gl=US&ceid=US:en'[0m
[2m2026-04-04T00:16:58.510463Z[0m [[32m[1minfo     [0m] [1mparsed                        [0m [36mchannel[0m=[35mgoogle_benzinga[0m [36mraw[0m=[35m22[0m
[2m2026-04-04T00:17:00.515633Z[0m [[32m[1minfo     [0m] [1mfetch                         [0m [36mstatus[0m=[35m200[0m [36murl[0m=[35m'https://news.google.com/rss/search?q=ECL+site:benzinga.com&hl=en-US&gl=US&ceid=US:en'[0m
[2m2026-04-04T00:17:00.530767Z[0m [[32m[1minfo     [0m] [1mparsed                        [0m [36mchannel[0m=[35mgoogle_benzinga[0m [36mraw[0m=[35m22[0m
[2m2026-04-04T00:17:00.530943Z[0m [[32m[1minfo     [0m] [1mcrawling                      [0m [36mchannel[0m=[35m'Google News (all)'[0m [36mtag[0m=[35mgoogle_broad[0m
[2m2026-04-04T00:17:02.987427Z[0m [[32m[1minfo     [0m] [1mfetch                         [0m [36mstatus[0m=[35m200[0m [36murl[0m=[35m'https://news.google.com/rss/search?q=ECL+stock+news&hl=en-US&gl=US&ceid=US:en'[0m
[2m2026-04-04T00:17:03.128799Z[0m [[32m[1minfo     [0m] [1mparsed                        [0m [36mchannel[0m=[35mgoogle_broad[0m [36mraw[0m=[35m87[0m
[2m2026-04-04T00:17:05.465737Z[0m [[32m[1minfo     [0m] [1mfetch                         [0m [36mstatus[0m=[35m200[0m [36murl[0m=[35m'https://news.google.com/rss/search?q=ECL+earnings+analysis&hl=en-US&gl=US&ceid=US:en'[0m
[2m2026-04-04T00:17:05.496599Z[0m [[32m[1minfo     [0m] [1mparsed                        [0m [36mchannel[0m=[35mgoogle_broad[0m [36mraw[0m=[35m38[0m
[2m2026-04-04T00:17:05.499035Z[0m [[32m[1minfo     [0m] [1mquality_filter                [0m [36minput[0m=[35m169[0m [36mpassed[0m=[35m11[0m
[2m2026-04-04T00:17:05.500476Z[0m [[32m[1minfo     [0m] [1mdedup                         [0m [36mafter[0m=[35m9[0m [36mbefore[0m=[35m11[0m
[2m2026-04-04T00:17:05.500726Z[0m [[32m[1minfo     [0m] [1mfulltext_selection            [0m [36mcandidates[0m=[35m1[0m [36mfiltered[0m=[35m9[0m [36mmode[0m=[35mhigh-value[0m [36mticker[0m=[35mECL[0m
[2m2026-04-04T00:17:08.431979Z[0m [[32m[1minfo     [0m] [1mfetch                         [0m [36mstatus[0m=[35m200[0m [36murl[0m=[35mhttps://intellectia.ai/en/stock/ECL/earnings[0m
[2m2026-04-04T00:17:09.036355Z[0m [[32m[1minfo     [0m] [1mcrawling                      [0m [36mchannel[0m=[35mGoogle->Benzinga[0m [36mtag[0m=[35mgoogle_benzinga[0m
[2m2026-04-04T00:17:11.539788Z[0m [[32m[1minfo     [0m] [1mfetch                         [0m [36mstatus[0m=[35m200[0m [36murl[0m=[35m'https://news.google.com/rss/search?q=ADP+site:benzinga.com&hl=en-US&gl=US&ceid=US:en'[0m
[2m2026-04-04T00:17:11.649374Z[0m [[32m[1minfo     [0m] [1mparsed                        [0m [36mchannel[0m=[35mgoogle_benzinga[0m [36mraw[0m=[35m100[0m
[2m2026-04-04T00:17:13.654525Z[0m [[32m[1minfo     [0m] [1mfetch                         [0m [36mstatus[0m=[35m200[0m [36murl[0m=[35m'https://news.google.com/rss/search?q=ADP+site:benzinga.com&hl=en-US&gl=US&ceid=US:en'[0m
[2m2026-04-04T00:17:13.716378Z[0m [[32m[1minfo     [0m] [1mparsed                        [0m [36mchannel[0m=[35mgoogle_benzinga[0m [36mraw[0m=[35m100[0m
[2m2026-04-04T00:17:13.716553Z[0m [[32m[1minfo     [0m] [1mcrawling                      [0m [36mchannel[0m=[35m'Google News (all)'[0m [36mtag[0m=[35mgoogle_broad[0m
[2m2026-04-04T00:17:16.199601Z[0m [[32m[1minfo     [0m] [1mfetch                         [0m [36mstatus[0m=[35m200[0m [36murl[0m=[35m'https://news.google.com/rss/search?q=ADP+stock+news&hl=en-US&gl=US&ceid=US:en'[0m
[2m2026-04-04T00:17:16.333514Z[0m [[32m[1minfo     [0m] [1mparsed                        [0m [36mchannel[0m=[35mgoogle_broad[0m [36mraw[0m=[35m100[0m
[2m2026-04-04T00:17:18.727634Z[0m [[32m[1minfo     [0m] [1mfetch                         [0m [36mstatus[0m=[35m200[0m [36murl[0m=[35m'https://news.google.com/rss/search?q=ADP+earnings+analysis&hl=en-US&gl=US&ceid=US:en'[0m
[2m2026-04-04T00:17:18.777378Z[0m [[32m[1minfo     [0m] [1mparsed                        [0m [36mchannel[0m=[35mgoogle_broad[0m [36mraw[0m=[35m62[0m
[2m2026-04-04T00:17:18.778941Z[0m [[32m[1minfo     [0m] [1mquality_filter                [0m [36minput[0m=[35m362[0m [36mpassed[0m=[35m2[0m
[2m2026-04-04T00:17:18.779323Z[0m [[32m[1minfo     [0m] [1mdedup                         [0m [36mafter[0m=[35m2[0m [36mbefore[0m=[35m2[0m
[2m2026-04-04T00:17:18.779438Z[0m [[32m[1minfo     [0m] [1mfulltext_selection            [0m [36mcandidates[0m=[35m2[0m [36mfiltered[0m=[35m2[0m [36mmode[0m=[35mhigh-value[0m [36mticker[0m=[35mADP[0m
[2m2026-04-04T00:17:21.992054Z[0m [[31m[1merror    [0m] [1mfetch_error                   [0m [36merror[0m=[35m'400, message=\'Got more than 8190 bytes when reading: b"connect-src \\\'self\\\' wss:'[0m [36murl[0m=[35mhttps://finance.yahoo.com/markets/stocks/articles/adp-adp-share-price-[0m
[2m2026-04-04T00:17:22.633747Z[0m [[32m[1minfo     [0m] [1mfetch                         [0m [36mstatus[0m=[35m200[0m [36murl[0m=[35mhttps://www.equiti.com/jo-en/news/market-news/us-retail-sales-manufacturing-pmi-and-adp-be[0m
[2m2026-04-04T00:17:23.933911Z[0m [[32m[1minfo     [0m] [1mcrawling                      [0m [36mchannel[0m=[35mGoogle->Benzinga[0m [36mtag[0m=[35mgoogle_benzinga[0m
[2m2026-04-04T00:17:26.398084Z[0m [[32m[1minfo     [0m] [1mfetch                         [0m [36mstatus[0m=[35m200[0m [36murl[0m=[35m'https://news.google.com/rss/search?q=PNC+site:benzinga.com&hl=en-US&gl=US&ceid=US:en'[0m
[2m2026-04-04T00:17:26.531892Z[0m [[32m[1minfo     [0m] [1mparsed                        [0m [36mchannel[0m=[35mgoogle_benzinga[0m [36mraw[0m=[35m91[0m
[2m2026-04-04T00:17:28.539262Z[0m [[32m[1minfo     [0m] [1mfetch                         [0m [36mstatus[0m=[35m200[0m [36murl[0m=[35m'https://news.google.com/rss/search?q=PNC+site:benzinga.com&hl=en-US&gl=US&ceid=US:en'[0m
[2m2026-04-04T00:17:28.593969Z[0m [[32m[1minfo     [0m] [1mparsed                        [0m [36mchannel[0m=[35mgoogle_benzinga[0m [36mraw[0m=[35m91[0m
[2m2026-04-04T00:17:28.594127Z[0m [[32m[1minfo     [0m] [1mcrawling                      [0m [36mchannel[0m=[35m'Google News (all)'[0m [36mtag[0m=[35mgoogle_broad[0m
[2m2026-04-04T00:17:31.128796Z[0m [[32m[1minfo     [0m] [1mfetch                         [0m [36mstatus[0m=[35m200[0m [36murl[0m=[35m'https://news.google.com/rss/search?q=PNC+stock+news&hl=en-US&gl=US&ceid=US:en'[0m
[2m2026-04-04T00:17:31.272420Z[0m [[32m[1minfo     [0m] [1mparsed                        [0m [36mchannel[0m=[35mgoogle_broad[0m [36mraw[0m=[35m100[0m
[2m2026-04-04T00:17:33.705505Z[0m [[32m[1minfo     [0m] [1mfetch                         [0m [36mstatus[0m=[35m200[0m [36murl[0m=[35m'https://news.google.com/rss/search?q=PNC+earnings+analysis&hl=en-US&gl=US&ceid=US:en'[0m
[2m2026-04-04T00:17:33.819076Z[0m [[32m[1minfo     [0m] [1mparsed                        [0m [36mchannel[0m=[35mgoogle_broad[0m [36mraw[0m=[35m67[0m
[2m2026-04-04T00:17:33.822803Z[0m [[32m[1minfo     [0m] [1mquality_filter                [0m [36minput[0m=[35m349[0m [36mpassed[0m=[35m17[0m
[2m2026-04-04T00:17:33.825264Z[0m [[32m[1minfo     [0m] [1mdedup                         [0m [36mafter[0m=[35m15[0m [36mbefore[0m=[35m17[0m
[2m2026-04-04T00:17:33.825562Z[0m [[32m[1minfo     [0m] [1mfulltext_selection            [0m [36mcandidates[0m=[35m8[0m [36mfiltered[0m=[35m15[0m [36mmode[0m=[35mhigh-value[0m [36mticker[0m=[35mPNC[0m
[2m2026-04-04T00:17:35.182397Z[0m [[32m[1minfo     [0m] [1mfetch                         [0m [36mstatus[0m=[35m401[0m [36murl[0m=[35mhttps://www.marketwatch.com/data-news/pnc-financial-services-group-inc-stock-outperforms-c[0m
[2m2026-04-04T00:17:35.546672Z[0m [[32m[1minfo     [0m] [1mfetch                         [0m [36mstatus[0m=[35m403[0m [36murl[0m=[35mhttps://in.investing.com/news/company-news/pnc-declares-170-quarterly-dividend-on-common-s[0m
[2m2026-04-04T00:17:35.773166Z[0m [[32m[1minfo     [0m] [1mfetch                         [0m [36mstatus[0m=[35m200[0m [36murl[0m=[35mhttps://www.prnewswire.com/news-releases/pnc-declares-dividend-of-1-70-on-common-stock-302[0m
[2m2026-04-04T00:17:36.107102Z[0m [[32m[1minfo     [0m] [1mfetch                         [0m [36mstatus[0m=[35m403[0m [36murl[0m=[35mhttps://www.marketscreener.com/news/the-pnc-financial-services-group-inc-declares-quarterl[0m
[2m2026-04-04T00:17:36.617461Z[0m [[31m[1merror    [0m] [1mfetch_error                   [0m [36merror[0m=[35m'400, message=\'Got more than 8190 bytes when reading: b"connect-src \\\'self\\\' wss:'[0m [36murl[0m=[35mhttps://finance.yahoo.com/markets/stocks/articles/why-pnc-financial-se[0m
[2m2026-04-04T00:17:36.910472Z[0m [[32m[1minfo     [0m] [1mfetch                         [0m [36mstatus[0m=[35m403[0m [36murl[0m=[35mhttps://www.bitget.com/news/detail/12560605333002[0m
[2m2026-04-04T00:17:37.299890Z[0m [[32m[1minfo     [0m] [1mfetch                         [0m [36mstatus[0m=[35m200[0m [36murl[0m=[35mhttps://www.stocktitan.net/news/PNC/pnc-declares-dividend-of-1-70-on-common-vwqkzwqf0jua.h[0m
[2m2026-04-04T00:17:37.652080Z[0m [[32m[1minfo     [0m] [1mfetch                         [0m [36mstatus[0m=[35m200[0m [36murl[0m=[35mhttps://www.sharewise.com/de/news_articles/Will_The_PNC_Financial_Services_Group_PNC_Beat_[0m
[2m2026-04-04T00:17:37.857952Z[0m [[32m[1minfo     [0m] [1mcrawling                      [0m [36mchannel[0m=[35mGoogle->Benzinga[0m [36mtag[0m=[35mgoogle_benzinga[0m
[2m2026-04-04T00:17:40.296883Z[0m [[32m[1minfo     [0m] [1mfetch                         [0m [36mstatus[0m=[35m200[0m [36murl[0m=[35m'https://news.google.com/rss/search?q=USB+site:benzinga.com&hl=en-US&gl=US&ceid=US:en'[0m
[2m2026-04-04T00:17:40.421025Z[0m [[32m[1minfo     [0m] [1mparsed                        [0m [36mchannel[0m=[35mgoogle_benzinga[0m [36mraw[0m=[35m85[0m
[2m2026-04-04T00:17:42.426791Z[0m [[32m[1minfo     [0m] [1mfetch                         [0m [36mstatus[0m=[35m200[0m [36murl[0m=[35m'https://news.google.com/rss/search?q=USB+site:benzinga.com&hl=en-US&gl=US&ceid=US:en'[0m
[2m2026-04-04T00:17:42.477545Z[0m [[32m[1minfo     [0m] [1mparsed                        [0m [36mchannel[0m=[35mgoogle_benzinga[0m [36mraw[0m=[35m85[0m
[2m2026-04-04T00:17:42.477704Z[0m [[32m[1minfo     [0m] [1mcrawling                      [0m [36mchannel[0m=[35m'Google News (all)'[0m [36mtag[0m=[35mgoogle_broad[0m
[2m2026-04-04T00:17:44.945982Z[0m [[32m[1minfo     [0m] [1mfetch                         [0m [36mstatus[0m=[35m200[0m [36murl[0m=[35m'https://news.google.com/rss/search?q=USB+stock+news&hl=en-US&gl=US&ceid=US:en'[0m
[2m2026-04-04T00:17:45.080104Z[0m [[32m[1minfo     [0m] [1mparsed                        [0m [36mchannel[0m=[35mgoogle_broad[0m [36mraw[0m=[35m94[0m
[2m2026-04-04T00:17:47.513469Z[0m [[32m[1minfo     [0m] [1mfetch                         [0m [36mstatus[0m=[35m200[0m [36murl[0m=[35m'https://news.google.com/rss/search?q=USB+earnings+analysis&hl=en-US&gl=US&ceid=US:en'[0m
[2m2026-04-04T00:17:47.573723Z[0m [[32m[1minfo     [0m] [1mparsed                        [0m [36mchannel[0m=[35mgoogle_broad[0m [36mraw[0m=[35m65[0m
[2m2026-04-04T00:17:47.575053Z[0m [[32m[1minfo     [0m] [1mquality_filter                [0m [36minput[0m=[35m329[0m [36mpassed[0m=[35m1[0m
[2m2026-04-04T00:17:47.575327Z[0m [[32m[1minfo     [0m] [1mdedup                         [0m [36mafter[0m=[35m1[0m [36mbefore[0m=[35m1[0m
[2m2026-04-04T00:17:47.575452Z[0m [[32m[1minfo     [0m] [1mfulltext_selection            [0m [36mcandidates[0m=[35m1[0m [36mfiltered[0m=[35m1[0m [36mmode[0m=[35mhigh-value[0m [36mticker[0m=[35mUSB[0m
[2m2026-04-04T00:17:50.788636Z[0m [[32m[1minfo     [0m] [1mfetch                         [0m [36mstatus[0m=[35m200[0m [36murl[0m=[35mhttps://www.sharewise.com/de/news_articles/Will_US_Bancorp_USB_Beat_Estimates_Again_in_Its[0m
[2m2026-04-04T00:17:50.992364Z[0m [[32m[1minfo     [0m] [1mcrawling                      [0m [36mchannel[0m=[35mGoogle->Benzinga[0m [36mtag[0m=[35mgoogle_benzinga[0m
[2m2026-04-04T00:17:53.356499Z[0m [[32m[1minfo     [0m] [1mfetch                         [0m [36mstatus[0m=[35m200[0m [36murl[0m=[35m'https://news.google.com/rss/search?q=EMR+site:benzinga.com&hl=en-US&gl=US&ceid=US:en'[0m
[2m2026-04-04T00:17:53.371489Z[0m [[32m[1minfo     [0m] [1mparsed                        [0m [36mchannel[0m=[35mgoogle_benzinga[0m [36mraw[0m=[35m22[0m
[2m2026-04-04T00:17:55.376824Z[0m [[32m[1minfo     [0m] [1mfetch                         [0m [36mstatus[0m=[35m200[0m [36murl[0m=[35m'https://news.google.com/rss/search?q=EMR+site:benzinga.com&hl=en-US&gl=US&ceid=US:en'[0m
[2m2026-04-04T00:17:55.391422Z[0m [[32m[1minfo     [0m] [1mparsed                        [0m [36mchannel[0m=[35mgoogle_benzinga[0m [36mraw[0m=[35m22[0m
[2m2026-04-04T00:17:55.391583Z[0m [[32m[1minfo     [0m] [1mcrawling                      [0m [36mchannel[0m=[35m'Google News (all)'[0m [36mtag[0m=[35mgoogle_broad[0m
[2m2026-04-04T00:17:57.819629Z[0m [[32m[1minfo     [0m] [1mfetch                         [0m [36mstatus[0m=[35m200[0m [36murl[0m=[35m'https://news.google.com/rss/search?q=EMR+stock+news&hl=en-US&gl=US&ceid=US:en'[0m
[2m2026-04-04T00:17:57.935339Z[0m [[32m[1minfo     [0m] [1mparsed                        [0m [36mchannel[0m=[35mgoogle_broad[0m [36mraw[0m=[35m70[0m
[2m2026-04-04T00:18:00.322856Z[0m [[32m[1minfo     [0m] [1mfetch                         [0m [36mstatus[0m=[35m200[0m [36murl[0m=[35m'https://news.google.com/rss/search?q=EMR+earnings+analysis&hl=en-US&gl=US&ceid=US:en'[0m
[2m2026-04-04T00:18:00.364130Z[0m [[32m[1minfo     [0m] [1mparsed                        [0m [36mchannel[0m=[35mgoogle_broad[0m [36mraw[0m=[35m45[0m
[2m2026-04-04T00:18:00.365869Z[0m [[32m[1minfo     [0m] [1mquality_filter                [0m [36minput[0m=[35m159[0m [36mpassed[0m=[35m3[0m
[2m2026-04-04T00:18:00.366349Z[0m [[32m[1minfo     [0m] [1mdedup                         [0m [36mafter[0m=[35m3[0m [36mbefore[0m=[35m3[0m
[2m2026-04-04T00:18:00.366482Z[0m [[32m[1minfo     [0m] [1mfulltext_selection            [0m [36mcandidates[0m=[35m2[0m [36mfiltered[0m=[35m3[0m [36mmode[0m=[35mhigh-value[0m [36mticker[0m=[35mEMR[0m
[2m2026-04-04T00:18:01.932809Z[0m [[32m[1minfo     [0m] [1mfetch                         [0m [36mstatus[0m=[35m403[0m [36murl[0m=[35mhttps://www.gurufocus.com/news/8765737/emerson-electric-emr-sees-price-target-lowered-by-b[0m
[2m2026-04-04T00:18:02.276079Z[0m [[32m[1minfo     [0m] [1mfetch                         [0m [36mstatus[0m=[35m403[0m [36murl[0m=[35mhttps://www.gurufocus.com/news/8765566/emr-wells-fargo-lowers-price-target-amidst-maintain[0m
[2m2026-04-04T00:18:02.479677Z[0m [[32m[1minfo     [0m] [1mcrawling                      [0m [36mchannel[0m=[35mGoogle->Benzinga[0m [36mtag[0m=[35mgoogle_benzinga[0m
[2m2026-04-04T00:18:05.331804Z[0m [[32m[1minfo     [0m] [1mfetch                         [0m [36mstatus[0m=[35m200[0m [36murl[0m=[35m'https://news.google.com/rss/search?q=ITW+site:benzinga.com&hl=en-US&gl=US&ceid=US:en'[0m
[2m2026-04-04T00:18:05.340730Z[0m [[32m[1minfo     [0m] [1mparsed                        [0m [36mchannel[0m=[35mgoogle_benzinga[0m [36mraw[0m=[35m12[0m
[2m2026-04-04T00:18:07.346725Z[0m [[32m[1minfo     [0m] [1mfetch                         [0m [36mstatus[0m=[35m200[0m [36murl[0m=[35m'https://news.google.com/rss/search?q=ITW+site:benzinga.com&hl=en-US&gl=US&ceid=US:en'[0m
[2m2026-04-04T00:18:07.355803Z[0m [[32m[1minfo     [0m] [1mparsed                        [0m [36mchannel[0m=[35mgoogle_benzinga[0m [36mraw[0m=[35m12[0m
[2m2026-04-04T00:18:07.355967Z[0m [[32m[1minfo     [0m] [1mcrawling                      [0m [36mchannel[0m=[35m'Google News (all)'[0m [36mtag[0m=[35mgoogle_broad[0m
[2m2026-04-04T00:18:09.783201Z[0m [[32m[1minfo     [0m] [1mfetch                         [0m [36mstatus[0m=[35m200[0m [36murl[0m=[35m'https://news.google.com/rss/search?q=ITW+stock+news&hl=en-US&gl=US&ceid=US:en'[0m
[2m2026-04-04T00:18:09.923668Z[0m [[32m[1minfo     [0m] [1mparsed                        [0m [36mchannel[0m=[35mgoogle_broad[0m [36mraw[0m=[35m94[0m
[2m2026-04-04T00:18:12.275510Z[0m [[32m[1minfo     [0m] [1mfetch                         [0m [36mstatus[0m=[35m200[0m [36murl[0m=[35m'https://news.google.com/rss/search?q=ITW+earnings+analysis&hl=en-US&gl=US&ceid=US:en'[0m
[2m2026-04-04T00:18:12.308471Z[0m [[32m[1minfo     [0m] [1mparsed                        [0m [36mchannel[0m=[35mgoogle_broad[0m [36mraw[0m=[35m41[0m
[2m2026-04-04T00:18:12.309842Z[0m [[32m[1minfo     [0m] [1mquality_filter                [0m [36minput[0m=[35m159[0m [36mpassed[0m=[35m2[0m
[2m2026-04-04T00:18:12.310328Z[0m [[32m[1minfo     [0m] [1mdedup                         [0m [36mafter[0m=[35m2[0m [36mbefore[0m=[35m2[0m
[2m2026-04-04T00:18:12.310450Z[0m [[32m[1minfo     [0m] [1mfulltext_selection            [0m [36mcandidates[0m=[35m1[0m [36mfiltered[0m=[35m2[0m [36mmode[0m=[35mhigh-value[0m [36mticker[0m=[35mITW[0m
[2m2026-04-04T00:18:13.865924Z[0m [[32m[1minfo     [0m] [1mfetch                         [0m [36mstatus[0m=[35m403[0m [36murl[0m=[35mhttps://www.bitget.com/news/detail/12560605335036[0m
[2m2026-04-04T00:18:14.068199Z[0m [[32m[1minfo     [0m] [1mcrawling                      [0m [36mchannel[0m=[35mGoogle->Benzinga[0m [36mtag[0m=[35mgoogle_benzinga[0m
[2m2026-04-04T00:18:16.449911Z[0m [[32m[1minfo     [0m] [1mfetch                         [0m [36mstatus[0m=[35m200[0m [36murl[0m=[35m'https://news.google.com/rss/search?q=MNST+site:benzinga.com&hl=en-US&gl=US&ceid=US:en'[0m
[2m2026-04-04T00:18:16.472428Z[0m [[32m[1minfo     [0m] [1mparsed                        [0m [36mchannel[0m=[35mgoogle_benzinga[0m [36mraw[0m=[35m24[0m
[2m2026-04-04T00:18:18.477546Z[0m [[32m[1minfo     [0m] [1mfetch                         [0m [36mstatus[0m=[35m200[0m [36murl[0m=[35m'https://news.google.com/rss/search?q=MNST+site:benzinga.com&hl=en-US&gl=US&ceid=US:en'[0m
[2m2026-04-04T00:18:18.493662Z[0m [[32m[1minfo     [0m] [1mparsed                        [0m [36mchannel[0m=[35mgoogle_benzinga[0m [36mraw[0m=[35m24[0m
[2m2026-04-04T00:18:18.493822Z[0m [[32m[1minfo     [0m] [1mcrawling                      [0m [36mchannel[0m=[35m'Google News (all)'[0m [36mtag[0m=[35mgoogle_broad[0m
[2m2026-04-04T00:18:20.931035Z[0m [[32m[1minfo     [0m] [1mfetch                         [0m [36mstatus[0m=[35m200[0m [36murl[0m=[35m'https://news.google.com/rss/search?q=MNST+stock+news&hl=en-US&gl=US&ceid=US:en'[0m
[2m2026-04-04T00:18:21.073965Z[0m [[32m[1minfo     [0m] [1mparsed                        [0m [36mchannel[0m=[35mgoogle_broad[0m [36mraw[0m=[35m99[0m
[2m2026-04-04T00:18:23.422669Z[0m [[32m[1minfo     [0m] [1mfetch                         [0m [36mstatus[0m=[35m200[0m [36murl[0m=[35m'https://news.google.com/rss/search?q=MNST+earnings+analysis&hl=en-US&gl=US&ceid=US:en'[0m
[2m2026-04-04T00:18:23.463135Z[0m [[32m[1minfo     [0m] [1mparsed                        [0m [36mchannel[0m=[35mgoogle_broad[0m [36mraw[0m=[35m44[0m
[2m2026-04-04T00:18:23.464260Z[0m [[32m[1minfo     [0m] [1mquality_filter                [0m [36minput[0m=[35m191[0m [36mpassed[0m=[35m1[0m
[2m2026-04-04T00:18:23.464587Z[0m [[32m[1minfo     [0m] [1mdedup                         [0m [36mafter[0m=[35m1[0m [36mbefore[0m=[35m1[0m
[2m2026-04-04T00:18:23.464697Z[0m [[32m[1minfo     [0m] [1mfulltext_selection            [0m [36mcandidates[0m=[35m0[0m [36mfiltered[0m=[35m1[0m [36mmode[0m=[35mhigh-value[0m [36mticker[0m=[35mMNST[0m
[2m2026-04-04T00:18:23.465412Z[0m [[32m[1minfo     [0m] [1mcrawling                      [0m [36mchannel[0m=[35mGoogle->Benzinga[0m [36mtag[0m=[35mgoogle_benzinga[0m
[2m2026-04-04T00:18:25.831503Z[0m [[32m[1minfo     [0m] [1mfetch                         [0m [36mstatus[0m=[35m200[0m [36murl[0m=[35m'https://news.google.com/rss/search?q=CRH+site:benzinga.com&hl=en-US&gl=US&ceid=US:en'[0m
[2m2026-04-04T00:18:25.852160Z[0m [[32m[1minfo     [0m] [1mparsed                        [0m [36mchannel[0m=[35mgoogle_benzinga[0m [36mraw[0m=[35m21[0m
[2m2026-04-04T00:18:27.857715Z[0m [[32m[1minfo     [0m] [1mfetch                         [0m [36mstatus[0m=[35m200[0m [36murl[0m=[35m'https://news.google.com/rss/search?q=CRH+site:benzinga.com&hl=en-US&gl=US&ceid=US:en'[0m
[2m2026-04-04T00:18:27.871796Z[0m [[32m[1minfo     [0m] [1mparsed                        [0m [36mchannel[0m=[35mgoogle_benzinga[0m [36mraw[0m=[35m21[0m
[2m2026-04-04T00:18:27.871953Z[0m [[32m[1minfo     [0m] [1mcrawling                      [0m [36mchannel[0m=[35m'Google News (all)'[0m [36mtag[0m=[35mgoogle_broad[0m
[2m2026-04-04T00:18:30.341443Z[0m [[32m[1minfo     [0m] [1mfetch                         [0m [36mstatus[0m=[35m200[0m [36murl[0m=[35m'https://news.google.com/rss/search?q=CRH+stock+news&hl=en-US&gl=US&ceid=US:en'[0m
[2m2026-04-04T00:18:30.492166Z[0m [[32m[1minfo     [0m] [1mparsed                        [0m [36mchannel[0m=[35mgoogle_broad[0m [36mraw[0m=[35m100[0m
[2m2026-04-04T00:18:32.870686Z[0m [[32m[1minfo     [0m] [1mfetch                         [0m [36mstatus[0m=[35m200[0m [36murl[0m=[35m'https://news.google.com/rss/search?q=CRH+earnings+analysis&hl=en-US&gl=US&ceid=US:en'[0m
[2m2026-04-04T00:18:32.914578Z[0m [[32m[1minfo     [0m] [1mparsed                        [0m [36mchannel[0m=[35mgoogle_broad[0m [36mraw[0m=[35m49[0m
[2m2026-04-04T00:18:32.916106Z[0m [[32m[1minfo     [0m] [1mquality_filter                [0m [36minput[0m=[35m191[0m [36mpassed[0m=[35m4[0m
[2m2026-04-04T00:18:32.916662Z[0m [[32m[1minfo     [0m] [1mdedup                         [0m [36mafter[0m=[35m4[0m [36mbefore[0m=[35m4[0m
[2m2026-04-04T00:18:32.916801Z[0m [[32m[1minfo     [0m] [1mfulltext_selection            [0m [36mcandidates[0m=[35m2[0m [36mfiltered[0m=[35m4[0m [36mmode[0m=[35mhigh-value[0m [36mticker[0m=[35mCRH[0m
[2m2026-04-04T00:18:34.859506Z[0m [[32m[1minfo     [0m] [1mfetch                         [0m [36mstatus[0m=[35m403[0m [36murl[0m=[35mhttps://www.tipranks.com/news/company-announcements/crh-continues-300m-share-buyback-with-[0m
[2m2026-04-04T00:18:35.121765Z[0m [[32m[1minfo     [0m] [1mfetch                         [0m [36mstatus[0m=[35m200[0m [36murl[0m=[35mhttps://www.marketbeat.com/instant-alerts/filing-10545-shares-in-crh-plc-crh-acquired-by-a[0m
[2m2026-04-04T00:18:35.339120Z[0m [[32m[1minfo     [0m] [1mcrawling                      [0m [36mchannel[0m=[35mGoogle->Benzinga[0m [36mtag[0m=[35mgoogle_benzinga[0m
[2m2026-04-04T00:18:37.709754Z[0m [[32m[1minfo     [0m] [1mfetch                         [0m [36mstatus[0m=[35m200[0m [36murl[0m=[35m'https://news.google.com/rss/search?q=CL+colgate-palmolive+site:benzinga.com&hl=en-US&gl=US'[0m
[2m2026-04-04T00:18:37.724537Z[0m [[32m[1minfo     [0m] [1mparsed                        [0m [36mchannel[0m=[35mgoogle_benzinga[0m [36mraw[0m=[35m22[0m
[2m2026-04-04T00:18:40.022038Z[0m [[32m[1minfo     [0m] [1mfetch                         [0m [36mstatus[0m=[35m200[0m [36murl[0m=[35m'https://news.google.com/rss/search?q=colgate-palmolive+site:benzinga.com&hl=en-US&gl=US&ce'[0m
[2m2026-04-04T00:18:40.065306Z[0m [[32m[1minfo     [0m] [1mparsed                        [0m [36mchannel[0m=[35mgoogle_benzinga[0m [36mraw[0m=[35m48[0m
[2m2026-04-04T00:18:40.065467Z[0m [[32m[1minfo     [0m] [1mcrawling                      [0m [36mchannel[0m=[35m'Google News (all)'[0m [36mtag[0m=[35mgoogle_broad[0m
[2m2026-04-04T00:18:42.522511Z[0m [[32m[1minfo     [0m] [1mfetch                         [0m [36mstatus[0m=[35m200[0m [36murl[0m=[35m'https://news.google.com/rss/search?q=CL+colgate-palmolive+stock+news&hl=en-US&gl=US&ceid=U'[0m
[2m2026-04-04T00:18:42.672911Z[0m [[32m[1minfo     [0m] [1mparsed                        [0m [36mchannel[0m=[35mgoogle_broad[0m [36mraw[0m=[35m100[0m
[2m2026-04-04T00:18:45.051547Z[0m [[32m[1minfo     [0m] [1mfetch                         [0m [36mstatus[0m=[35m200[0m [36murl[0m=[35m'https://news.google.com/rss/search?q=CL+colgate-palmolive+earnings+analysis&hl=en-US&gl=US'[0m
[2m2026-04-04T00:18:45.100296Z[0m [[32m[1minfo     [0m] [1mparsed                        [0m [36mchannel[0m=[35mgoogle_broad[0m [36mraw[0m=[35m46[0m
[2m2026-04-04T00:18:45.106201Z[0m [[32m[1minfo     [0m] [1mquality_filter                [0m [36minput[0m=[35m216[0m [36mpassed[0m=[35m7[0m
[2m2026-04-04T00:18:45.111109Z[0m [[32m[1minfo     [0m] [1mdedup                         [0m [36mafter[0m=[35m7[0m [36mbefore[0m=[35m7[0m
[2m2026-04-04T00:18:45.111407Z[0m [[32m[1minfo     [0m] [1mfulltext_selection            [0m [36mcandidates[0m=[35m4[0m [36mfiltered[0m=[35m7[0m [36mmode[0m=[35mhigh-value[0m [36mticker[0m=[35mCL[0m
[2m2026-04-04T00:18:46.878261Z[0m [[32m[1minfo     [0m] [1mfetch                         [0m [36mstatus[0m=[35m200[0m [36murl[0m=[35mhttps://www.insidermonkey.com/blog/deutsche-bank-upgrades-colgate-palmolive-company-cl-to-[0m
[2m2026-04-04T00:18:47.184011Z[0m [[32m[1minfo     [0m] [1mfetch                         [0m [36mstatus[0m=[35m200[0m [36murl[0m=[35mhttps://www.marketbeat.com/instant-alerts/filing-colgate-palmolive-company-cl-shares-bough[0m
[2m2026-04-04T00:18:47.217483Z[0m [[32m[1minfo     [0m] [1mfetch                         [0m [36mstatus[0m=[35m200[0m [36murl[0m=[35mhttps://www.marketbeat.com/instant-alerts/filing-compagnie-lombard-odier-scma-trims-stake-[0m
[2m2026-04-04T00:18:48.045425Z[0m [[31m[1merror    [0m] [1mfetch_error                   [0m [36merror[0m=[35m'400, message=\'Got more than 8190 bytes when reading: b"connect-src \\\'self\\\' wss:'[0m [36murl[0m=[35mhttps://finance.yahoo.com/markets/stocks/articles/expect-colgate-palmo[0m
[2m2026-04-04T00:18:48.249038Z[0m [[32m[1minfo     [0m] [1mcrawling                      [0m [36mchannel[0m=[35mGoogle->Benzinga[0m [36mtag[0m=[35mgoogle_benzinga[0m
[2m2026-04-04T00:18:50.646076Z[0m [[32m[1minfo     [0m] [1mfetch                         [0m [36mstatus[0m=[35m200[0m [36murl[0m=[35m'https://news.google.com/rss/search?q=ORLY+site:benzinga.com&hl=en-US&gl=US&ceid=US:en'[0m
[2m2026-04-04T00:18:50.664606Z[0m [[32m[1minfo     [0m] [1mparsed                        [0m [36mchannel[0m=[35mgoogle_benzinga[0m [36mraw[0m=[35m23[0m
[2m2026-04-04T00:18:52.669853Z[0m [[32m[1minfo     [0m] [1mfetch                         [0m [36mstatus[0m=[35m200[0m [36murl[0m=[35m'https://news.google.com/rss/search?q=ORLY+site:benzinga.com&hl=en-US&gl=US&ceid=US:en'[0m
[2m2026-04-04T00:18:52.685068Z[0m [[32m[1minfo     [0m] [1mparsed                        [0m [36mchannel[0m=[35mgoogle_benzinga[0m [36mraw[0m=[35m23[0m
[2m2026-04-04T00:18:52.685247Z[0m [[32m[1minfo     [0m] [1mcrawling                      [0m [36mchannel[0m=[35m'Google News (all)'[0m [36mtag[0m=[35mgoogle_broad[0m
[2m2026-04-04T00:18:55.081349Z[0m [[32m[1minfo     [0m] [1mfetch                         [0m [36mstatus[0m=[35m200[0m [36murl[0m=[35m'https://news.google.com/rss/search?q=ORLY+stock+news&hl=en-US&gl=US&ceid=US:en'[0m
[2m2026-04-04T00:18:55.200977Z[0m [[32m[1minfo     [0m] [1mparsed                        [0m [36mchannel[0m=[35mgoogle_broad[0m [36mraw[0m=[35m74[0m
[2m2026-04-04T00:18:57.537405Z[0m [[32m[1minfo     [0m] [1mfetch                         [0m [36mstatus[0m=[35m200[0m [36murl[0m=[35m'https://news.google.com/rss/search?q=ORLY+earnings+analysis&hl=en-US&gl=US&ceid=US:en'[0m
[2m2026-04-04T00:18:57.559461Z[0m [[32m[1minfo     [0m] [1mparsed                        [0m [36mchannel[0m=[35mgoogle_broad[0m [36mraw[0m=[35m34[0m
[2m2026-04-04T00:18:57.560608Z[0m [[32m[1minfo     [0m] [1mquality_filter                [0m [36minput[0m=[35m154[0m [36mpassed[0m=[35m1[0m
[2m2026-04-04T00:18:57.560886Z[0m [[32m[1minfo     [0m] [1mdedup                         [0m [36mafter[0m=[35m1[0m [36mbefore[0m=[35m1[0m
[2m2026-04-04T00:18:57.560988Z[0m [[32m[1minfo     [0m] [1mfulltext_selection            [0m [36mcandidates[0m=[35m0[0m [36mfiltered[0m=[35m1[0m [36mmode[0m=[35mhigh-value[0m [36mticker[0m=[35mORLY[0m
[2m2026-04-04T00:18:57.561694Z[0m [[32m[1minfo     [0m] [1mcrawling                      [0m [36mchannel[0m=[35mGoogle->Benzinga[0m [36mtag[0m=[35mgoogle_benzinga[0m
[2m2026-04-04T00:18:59.982459Z[0m [[32m[1minfo     [0m] [1mfetch                         [0m [36mstatus[0m=[35m200[0m [36murl[0m=[35m'https://news.google.com/rss/search?q=MDLZ+site:benzinga.com&hl=en-US&gl=US&ceid=US:en'[0m
[2m2026-04-04T00:19:00.038780Z[0m [[32m[1minfo     [0m] [1mparsed                        [0m [36mchannel[0m=[35mgoogle_benzinga[0m [36mraw[0m=[35m42[0m
[2m2026-04-04T00:19:02.043840Z[0m [[32m[1minfo     [0m] [1mfetch                         [0m [36mstatus[0m=[35m200[0m [36murl[0m=[35m'https://news.google.com/rss/search?q=MDLZ+site:benzinga.com&hl=en-US&gl=US&ceid=US:en'[0m
[2m2026-04-04T00:19:02.114088Z[0m [[32m[1minfo     [0m] [1mparsed                        [0m [36mchannel[0m=[35mgoogle_benzinga[0m [36mraw[0m=[35m42[0m
[2m2026-04-04T00:19:02.114277Z[0m [[32m[1minfo     [0m] [1mcrawling                      [0m [36mchannel[0m=[35m'Google News (all)'[0m [36mtag[0m=[35mgoogle_broad[0m
[2m2026-04-04T00:19:04.551274Z[0m [[32m[1minfo     [0m] [1mfetch                         [0m [36mstatus[0m=[35m200[0m [36murl[0m=[35m'https://news.google.com/rss/search?q=MDLZ+stock+news&hl=en-US&gl=US&ceid=US:en'[0m
[2m2026-04-04T00:19:04.712927Z[0m [[32m[1minfo     [0m] [1mparsed                        [0m [36mchannel[0m=[35mgoogle_broad[0m [36mraw[0m=[35m98[0m
[2m2026-04-04T00:19:07.086570Z[0m [[32m[1minfo     [0m] [1mfetch                         [0m [36mstatus[0m=[35m200[0m [36murl[0m=[35m'https://news.google.com/rss/search?q=MDLZ+earnings+analysis&hl=en-US&gl=US&ceid=US:en'[0m
[2m2026-04-04T00:19:07.129978Z[0m [[32m[1minfo     [0m] [1mparsed                        [0m [36mchannel[0m=[35mgoogle_broad[0m [36mraw[0m=[35m47[0m
[2m2026-04-04T00:19:07.131310Z[0m [[32m[1minfo     [0m] [1mquality_filter                [0m [36minput[0m=[35m229[0m [36mpassed[0m=[35m2[0m
[2m2026-04-04T00:19:07.131722Z[0m [[32m[1minfo     [0m] [1mdedup                         [0m [36mafter[0m=[35m2[0m [36mbefore[0m=[35m2[0m
[2m2026-04-04T00:19:07.131845Z[0m [[32m[1minfo     [0m] [1mfulltext_selection            [0m [36mcandidates[0m=[35m0[0m [36mfiltered[0m=[35m2[0m [36mmode[0m=[35mhigh-value[0m [36mticker[0m=[35mMDLZ[0m
[2m2026-04-04T00:19:07.132694Z[0m [[32m[1minfo     [0m] [1mcrawling                      [0m [36mchannel[0m=[35mGoogle->Benzinga[0m [36mtag[0m=[35mgoogle_benzinga[0m
[2m2026-04-04T00:19:09.571160Z[0m [[32m[1minfo     [0m] [1mfetch                         [0m [36mstatus[0m=[35m200[0m [36murl[0m=[35m'https://news.google.com/rss/search?q=CI+the+cigna+group+site:benzinga.com&hl=en-US&gl=US&c'[0m
[2m2026-04-04T00:19:09.602402Z[0m [[32m[1minfo     [0m] [1mparsed                        [0m [36mchannel[0m=[35mgoogle_benzinga[0m [36mraw[0m=[35m39[0m
[2m2026-04-04T00:19:11.958045Z[0m [[32m[1minfo     [0m] [1mfetch                         [0m [36mstatus[0m=[35m200[0m [36murl[0m=[35m'https://news.google.com/rss/search?q=the+cigna+group+site:benzinga.com&hl=en-US&gl=US&ceid'[0m
[2m2026-04-04T00:19:12.015862Z[0m [[32m[1minfo     [0m] [1mparsed                        [0m [36mchannel[0m=[35mgoogle_benzinga[0m [36mraw[0m=[35m59[0m
[2m2026-04-04T00:19:12.016030Z[0m [[32m[1minfo     [0m] [1mcrawling                      [0m [36mchannel[0m=[35m'Google News (all)'[0m [36mtag[0m=[35mgoogle_broad[0m
[2m2026-04-04T00:19:14.492832Z[0m [[32m[1minfo     [0m] [1mfetch                         [0m [36mstatus[0m=[35m200[0m [36murl[0m=[35m'https://news.google.com/rss/search?q=CI+the+cigna+group+stock+news&hl=en-US&gl=US&ceid=US:'[0m
[2m2026-04-04T00:19:14.643480Z[0m [[32m[1minfo     [0m] [1mparsed                        [0m [36mchannel[0m=[35mgoogle_broad[0m [36mraw[0m=[35m100[0m
[2m2026-04-04T00:19:17.029989Z[0m [[32m[1minfo     [0m] [1mfetch                         [0m [36mstatus[0m=[35m200[0m [36murl[0m=[35m'https://news.google.com/rss/search?q=CI+the+cigna+group+earnings+analysis&hl=en-US&gl=US&c'[0m
[2m2026-04-04T00:19:17.069397Z[0m [[32m[1minfo     [0m] [1mparsed                        [0m [36mchannel[0m=[35mgoogle_broad[0m [36mraw[0m=[35m41[0m
[2m2026-04-04T00:19:17.072359Z[0m [[32m[1minfo     [0m] [1mquality_filter                [0m [36minput[0m=[35m239[0m [36mpassed[0m=[35m7[0m
[2m2026-04-04T00:19:17.073363Z[0m [[32m[1minfo     [0m] [1mdedup                         [0m [36mafter[0m=[35m5[0m [36mbefore[0m=[35m7[0m
[2m2026-04-04T00:19:17.073537Z[0m [[32m[1minfo     [0m] [1mfulltext_selection            [0m [36mcandidates[0m=[35m3[0m [36mfiltered[0m=[35m5[0m [36mmode[0m=[35mhigh-value[0m [36mticker[0m=[35mCI[0m
[2m2026-04-04T00:19:19.220250Z[0m [[32m[1minfo     [0m] [1mfetch                         [0m [36mstatus[0m=[35m200[0m [36murl[0m=[35mhttps://finviz.com/news/341996/the-cigna-groups-first-quarter-2026-earnings-release-detail[0m
[2m2026-04-04T00:19:19.671532Z[0m [[31m[1merror    [0m] [1mfetch_error                   [0m [36merror[0m=[35m'400, message=\'Got more than 8190 bytes when reading: b"connect-src \\\'self\\\' wss:'[0m [36murl[0m=[35mhttps://finance.yahoo.com/sectors/healthcare/articles/cigna-ceo-shift-[0m
[2m2026-04-04T00:19:19.793312Z[0m [[32m[1minfo     [0m] [1mfetch                         [0m [36mstatus[0m=[35m200[0m [36murl[0m=[35mhttps://www.stocktitan.net/news/CI/the-cigna-group-s-first-quarter-2026-earnings-release-s[0m
[2m2026-04-04T00:19:20.016742Z[0m [[32m[1minfo     [0m] [1mcrawling                      [0m [36mchannel[0m=[35mGoogle->Benzinga[0m [36mtag[0m=[35mgoogle_benzinga[0m
[2m2026-04-04T00:19:22.385529Z[0m [[32m[1minfo     [0m] [1mfetch                         [0m [36mstatus[0m=[35m200[0m [36murl[0m=[35m'https://news.google.com/rss/search?q=TDG+site:benzinga.com&hl=en-US&gl=US&ceid=US:en'[0m
[2m2026-04-04T00:19:22.400873Z[0m [[32m[1minfo     [0m] [1mparsed                        [0m [36mchannel[0m=[35mgoogle_benzinga[0m [36mraw[0m=[35m20[0m
[2m2026-04-04T00:19:24.406271Z[0m [[32m[1minfo     [0m] [1mfetch                         [0m [36mstatus[0m=[35m200[0m [36murl[0m=[35m'https://news.google.com/rss/search?q=TDG+site:benzinga.com&hl=en-US&gl=US&ceid=US:en'[0m
[2m2026-04-04T00:19:24.419914Z[0m [[32m[1minfo     [0m] [1mparsed                        [0m [36mchannel[0m=[35mgoogle_benzinga[0m [36mraw[0m=[35m20[0m
[2m2026-04-04T00:19:24.420073Z[0m [[32m[1minfo     [0m] [1mcrawling                      [0m [36mchannel[0m=[35m'Google News (all)'[0m [36mtag[0m=[35mgoogle_broad[0m
[2m2026-04-04T00:19:26.837577Z[0m [[32m[1minfo     [0m] [1mfetch                         [0m [36mstatus[0m=[35m200[0m [36murl[0m=[35m'https://news.google.com/rss/search?q=TDG+stock+news&hl=en-US&gl=US&ceid=US:en'[0m
[2m2026-04-04T00:19:26.960095Z[0m [[32m[1minfo     [0m] [1mparsed                        [0m [36mchannel[0m=[35mgoogle_broad[0m [36mraw[0m=[35m80[0m
[2m2026-04-04T00:19:29.340672Z[0m [[32m[1minfo     [0m] [1mfetch                         [0m [36mstatus[0m=[35m200[0m [36murl[0m=[35m'https://news.google.com/rss/search?q=TDG+earnings+analysis&hl=en-US&gl=US&ceid=US:en'[0m
[2m2026-04-04T00:19:29.381609Z[0m [[32m[1minfo     [0m] [1mparsed                        [0m [36mchannel[0m=[35mgoogle_broad[0m [36mraw[0m=[35m45[0m
[2m2026-04-04T00:19:29.382740Z[0m [[32m[1minfo     [0m] [1mquality_filter                [0m [36minput[0m=[35m165[0m [36mpassed[0m=[35m1[0m
[2m2026-04-04T00:19:29.383088Z[0m [[32m[1minfo     [0m] [1mdedup                         [0m [36mafter[0m=[35m1[0m [36mbefore[0m=[35m1[0m
[2m2026-04-04T00:19:29.383231Z[0m [[32m[1minfo     [0m] [1mfulltext_selection            [0m [36mcandidates[0m=[35m1[0m [36mfiltered[0m=[35m1[0m [36mmode[0m=[35mhigh-value[0m [36mticker[0m=[35mTDG[0m
[2m2026-04-04T00:19:31.205620Z[0m [[32m[1minfo     [0m] [1mfetch                         [0m [36mstatus[0m=[35m403[0m [36murl[0m=[35mhttps://www.gurufocus.com/news/8765364/transdigm-group-tdg-wells-fargo-initiates-coverage-[0m
[2m2026-04-04T00:19:31.407788Z[0m [[32m[1minfo     [0m] [1mcrawling                      [0m [36mchannel[0m=[35mGoogle->Benzinga[0m [36mtag[0m=[35mgoogle_benzinga[0m
[2m2026-04-04T00:19:33.828927Z[0m [[32m[1minfo     [0m] [1mfetch                         [0m [36mstatus[0m=[35m200[0m [36murl[0m=[35m'https://news.google.com/rss/search?q=COR+site:benzinga.com&hl=en-US&gl=US&ceid=US:en'[0m
[2m2026-04-04T00:19:33.863193Z[0m [[32m[1minfo     [0m] [1mparsed                        [0m [36mchannel[0m=[35mgoogle_benzinga[0m [36mraw[0m=[35m45[0m
[2m2026-04-04T00:19:35.868993Z[0m [[32m[1minfo     [0m] [1mfetch                         [0m [36mstatus[0m=[35m200[0m [36murl[0m=[35m'https://news.google.com/rss/search?q=COR+site:benzinga.com&hl=en-US&gl=US&ceid=US:en'[0m
[2m2026-04-04T00:19:35.897991Z[0m [[32m[1minfo     [0m] [1mparsed                        [0m [36mchannel[0m=[35mgoogle_benzinga[0m [36mraw[0m=[35m45[0m
[2m2026-04-04T00:19:35.898163Z[0m [[32m[1minfo     [0m] [1mcrawling                      [0m [36mchannel[0m=[35m'Google News (all)'[0m [36mtag[0m=[35mgoogle_broad[0m
[2m2026-04-04T00:19:38.349418Z[0m [[32m[1minfo     [0m] [1mfetch                         [0m [36mstatus[0m=[35m200[0m [36murl[0m=[35m'https://news.google.com/rss/search?q=COR+stock+news&hl=en-US&gl=US&ceid=US:en'[0m
[2m2026-04-04T00:19:38.472470Z[0m [[32m[1minfo     [0m] [1mparsed                        [0m [36mchannel[0m=[35mgoogle_broad[0m [36mraw[0m=[35m82[0m
[2m2026-04-04T00:19:40.925724Z[0m [[32m[1minfo     [0m] [1mfetch                         [0m [36mstatus[0m=[35m200[0m [36murl[0m=[35m'https://news.google.com/rss/search?q=COR+earnings+analysis&hl=en-US&gl=US&ceid=US:en'[0m
[2m2026-04-04T00:19:41.042685Z[0m [[32m[1minfo     [0m] [1mparsed                        [0m [36mchannel[0m=[35mgoogle_broad[0m [36mraw[0m=[35m72[0m
[2m2026-04-04T00:19:41.044090Z[0m [[32m[1minfo     [0m] [1mquality_filter                [0m [36minput[0m=[35m244[0m [36mpassed[0m=[35m1[0m
[2m2026-04-04T00:19:41.044353Z[0m [[32m[1minfo     [0m] [1mdedup                         [0m [36mafter[0m=[35m1[0m [36mbefore[0m=[35m1[0m
[2m2026-04-04T00:19:41.044460Z[0m [[32m[1minfo     [0m] [1mfulltext_selection            [0m [36mcandidates[0m=[35m0[0m [36mfiltered[0m=[35m1[0m [36mmode[0m=[35mhigh-value[0m [36mticker[0m=[35mCOR[0m
[2m2026-04-04T00:19:41.045185Z[0m [[32m[1minfo     [0m] [1mcrawling                      [0m [36mchannel[0m=[35mGoogle->Benzinga[0m [36mtag[0m=[35mgoogle_benzinga[0m
[2m2026-04-04T00:19:44.018629Z[0m [[32m[1minfo     [0m] [1mfetch                         [0m [36mstatus[0m=[35m200[0m [36murl[0m=[35m'https://news.google.com/rss/search?q=AON+site:benzinga.com&hl=en-US&gl=US&ceid=US:en'[0m
[2m2026-04-04T00:19:44.071174Z[0m [[32m[1minfo     [0m] [1mparsed                        [0m [36mchannel[0m=[35mgoogle_benzinga[0m [36mraw[0m=[35m56[0m
[2m2026-04-04T00:19:46.079098Z[0m [[32m[1minfo     [0m] [1mfetch                         [0m [36mstatus[0m=[35m200[0m [36murl[0m=[35m'https://news.google.com/rss/search?q=AON+site:benzinga.com&hl=en-US&gl=US&ceid=US:en'[0m
[2m2026-04-04T00:19:46.113033Z[0m [[32m[1minfo     [0m] [1mparsed                        [0m [36mchannel[0m=[35mgoogle_benzinga[0m [36mraw[0m=[35m56[0m
[2m2026-04-04T00:19:46.113201Z[0m [[32m[1minfo     [0m] [1mcrawling                      [0m [36mchannel[0m=[35m'Google News (all)'[0m [36mtag[0m=[35mgoogle_broad[0m
[2m2026-04-04T00:19:48.582134Z[0m [[32m[1minfo     [0m] [1mfetch                         [0m [36mstatus[0m=[35m200[0m [36murl[0m=[35m'https://news.google.com/rss/search?q=AON+stock+news&hl=en-US&gl=US&ceid=US:en'[0m
[2m2026-04-04T00:19:48.723329Z[0m [[32m[1minfo     [0m] [1mparsed                        [0m [36mchannel[0m=[35mgoogle_broad[0m [36mraw[0m=[35m95[0m
[2m2026-04-04T00:19:51.191679Z[0m [[32m[1minfo     [0m] [1mfetch                         [0m [36mstatus[0m=[35m200[0m [36murl[0m=[35m'https://news.google.com/rss/search?q=AON+earnings+analysis&hl=en-US&gl=US&ceid=US:en'[0m
[2m2026-04-04T00:19:51.224664Z[0m [[32m[1minfo     [0m] [1mparsed                        [0m [36mchannel[0m=[35mgoogle_broad[0m [36mraw[0m=[35m42[0m
[2m2026-04-04T00:19:51.226388Z[0m [[32m[1minfo     [0m] [1mquality_filter                [0m [36minput[0m=[35m249[0m [36mpassed[0m=[35m4[0m
[2m2026-04-04T00:19:51.226942Z[0m [[32m[1minfo     [0m] [1mdedup                         [0m [36mafter[0m=[35m2[0m [36mbefore[0m=[35m4[0m
[2m2026-04-04T00:19:51.227043Z[0m [[32m[1minfo     [0m] [1mfulltext_selection            [0m [36mcandidates[0m=[35m2[0m [36mfiltered[0m=[35m2[0m [36mmode[0m=[35mhigh-value[0m [36mticker[0m=[35mAON[0m
[2m2026-04-04T00:19:53.072053Z[0m [[32m[1minfo     [0m] [1mfetch                         [0m [36mstatus[0m=[35m403[0m [36murl[0m=[35mhttps://www.bitget.com/news/detail/12560605335581[0m
[2m2026-04-04T00:19:54.065676Z[0m [[32m[1minfo     [0m] [1mfetch                         [0m [36mstatus[0m=[35m200[0m [36murl[0m=[35mhttps://www.inkl.com/news/here-s-what-to-expect-from-aon-s-next-earnings-report[0m
[2m2026-04-04T00:19:54.499910Z[0m [[32m[1minfo     [0m] [1mcrawling                      [0m [36mchannel[0m=[35mGoogle->Benzinga[0m [36mtag[0m=[35mgoogle_benzinga[0m
[2m2026-04-04T00:19:57.124469Z[0m [[32m[1minfo     [0m] [1mfetch                         [0m [36mstatus[0m=[35m200[0m [36murl[0m=[35m'https://news.google.com/rss/search?q=GM+site:benzinga.com&hl=en-US&gl=US&ceid=US:en'[0m
[2m2026-04-04T00:19:57.267179Z[0m [[32m[1minfo     [0m] [1mparsed                        [0m [36mchannel[0m=[35mgoogle_benzinga[0m [36mraw[0m=[35m100[0m
[2m2026-04-04T00:19:59.272841Z[0m [[32m[1minfo     [0m] [1mfetch                         [0m [36mstatus[0m=[35m200[0m [36murl[0m=[35m'https://news.google.com/rss/search?q=GM+site:benzinga.com&hl=en-US&gl=US&ceid=US:en'[0m
[2m2026-04-04T00:19:59.332003Z[0m [[32m[1minfo     [0m] [1mparsed                        [0m [36mchannel[0m=[35mgoogle_benzinga[0m [36mraw[0m=[35m100[0m
[2m2026-04-04T00:19:59.332170Z[0m [[32m[1minfo     [0m] [1mcrawling                      [0m [36mchannel[0m=[35m'Google News (all)'[0m [36mtag[0m=[35mgoogle_broad[0m
[2m2026-04-04T00:20:01.806175Z[0m [[32m[1minfo     [0m] [1mfetch                         [0m [36mstatus[0m=[35m200[0m [36murl[0m=[35m'https://news.google.com/rss/search?q=GM+stock+news&hl=en-US&gl=US&ceid=US:en'[0m
[2m2026-04-04T00:20:02.091161Z[0m [[32m[1minfo     [0m] [1mparsed                        [0m [36mchannel[0m=[35mgoogle_broad[0m [36mraw[0m=[35m100[0m
[2m2026-04-04T00:20:04.686577Z[0m [[32m[1minfo     [0m] [1mfetch                         [0m [36mstatus[0m=[35m200[0m [36murl[0m=[35m'https://news.google.com/rss/search?q=GM+earnings+analysis&hl=en-US&gl=US&ceid=US:en'[0m
[2m2026-04-04T00:20:04.848915Z[0m [[32m[1minfo     [0m] [1mparsed                        [0m [36mchannel[0m=[35mgoogle_broad[0m [36mraw[0m=[35m100[0m
[2m2026-04-04T00:20:04.851649Z[0m [[32m[1minfo     [0m] [1mquality_filter                [0m [36minput[0m=[35m400[0m [36mpassed[0m=[35m5[0m
[2m2026-04-04T00:20:04.852448Z[0m [[32m[1minfo     [0m] [1mdedup                         [0m [36mafter[0m=[35m4[0m [36mbefore[0m=[35m5[0m
[2m2026-04-04T00:20:04.852644Z[0m [[32m[1minfo     [0m] [1mfulltext_selection            [0m [36mcandidates[0m=[35m1[0m [36mfiltered[0m=[35m4[0m [36mmode[0m=[35mhigh-value[0m [36mticker[0m=[35mGM[0m
[2m2026-04-04T00:20:07.151004Z[0m [[32m[1minfo     [0m] [1mfetch                         [0m [36mstatus[0m=[35m403[0m [36murl[0m=[35mhttps://invezz.com/news/2026/04/02/gm-stock-falls-as-q1-sales-slump-high-rates-and-gas-wei[0m
[2m2026-04-04T00:20:07.353643Z[0m [[32m[1minfo     [0m] [1mcrawling                      [0m [36mchannel[0m=[35mGoogle->Benzinga[0m [36mtag[0m=[35mgoogle_benzinga[0m
[2m2026-04-04T00:20:09.732745Z[0m [[32m[1minfo     [0m] [1mfetch                         [0m [36mstatus[0m=[35m200[0m [36murl[0m=[35m'https://news.google.com/rss/search?q=ELV+site:benzinga.com&hl=en-US&gl=US&ceid=US:en'[0m
[2m2026-04-04T00:20:09.761223Z[0m [[32m[1minfo     [0m] [1mparsed                        [0m [36mchannel[0m=[35mgoogle_benzinga[0m [36mraw[0m=[35m35[0m
[2m2026-04-04T00:20:11.766534Z[0m [[32m[1minfo     [0m] [1mfetch                         [0m [36mstatus[0m=[35m200[0m [36murl[0m=[35m'https://news.google.com/rss/search?q=ELV+site:benzinga.com&hl=en-US&gl=US&ceid=US:en'[0m
[2m2026-04-04T00:20:11.788899Z[0m [[32m[1minfo     [0m] [1mparsed                        [0m [36mchannel[0m=[35mgoogle_benzinga[0m [36mraw[0m=[35m35[0m
[2m2026-04-04T00:20:11.789059Z[0m [[32m[1minfo     [0m] [1mcrawling                      [0m [36mchannel[0m=[35m'Google News (all)'[0m [36mtag[0m=[35mgoogle_broad[0m
[2m2026-04-04T00:20:14.230107Z[0m [[32m[1minfo     [0m] [1mfetch                         [0m [36mstatus[0m=[35m200[0m [36murl[0m=[35m'https://news.google.com/rss/search?q=ELV+stock+news&hl=en-US&gl=US&ceid=US:en'[0m
[2m2026-04-04T00:20:14.380619Z[0m [[32m[1minfo     [0m] [1mparsed                        [0m [36mchannel[0m=[35mgoogle_broad[0m [36mraw[0m=[35m100[0m
[2m2026-04-04T00:20:16.810255Z[0m [[32m[1minfo     [0m] [1mfetch                         [0m [36mstatus[0m=[35m200[0m [36murl[0m=[35m'https://news.google.com/rss/search?q=ELV+earnings+analysis&hl=en-US&gl=US&ceid=US:en'[0m
[2m2026-04-04T00:20:16.869108Z[0m [[32m[1minfo     [0m] [1mparsed                        [0m [36mchannel[0m=[35mgoogle_broad[0m [36mraw[0m=[35m62[0m
[2m2026-04-04T00:20:16.870466Z[0m [[32m[1minfo     [0m] [1mquality_filter                [0m [36minput[0m=[35m232[0m [36mpassed[0m=[35m2[0m
[2m2026-04-04T00:20:16.870836Z[0m [[32m[1minfo     [0m] [1mdedup                         [0m [36mafter[0m=[35m2[0m [36mbefore[0m=[35m2[0m
[2m2026-04-04T00:20:16.870948Z[0m [[32m[1minfo     [0m] [1mfulltext_selection            [0m [36mcandidates[0m=[35m1[0m [36mfiltered[0m=[35m2[0m [36mmode[0m=[35mhigh-value[0m [36mticker[0m=[35mELV[0m
[2m2026-04-04T00:20:20.345055Z[0m [[32m[1minfo     [0m] [1mfetch                         [0m [36mstatus[0m=[35m200[0m [36murl[0m=[35mhttps://www.sharewise.com/de/news_articles/Will_Elevance_Health_ELV_Beat_Estimates_Again_i[0m
[2m2026-04-04T00:20:20.549074Z[0m [[32m[1minfo     [0m] [1mcrawling                      [0m [36mchannel[0m=[35mGoogle->Benzinga[0m [36mtag[0m=[35mgoogle_benzinga[0m
[2m2026-04-04T00:20:23.079080Z[0m [[32m[1minfo     [0m] [1mfetch                         [0m [36mstatus[0m=[35m200[0m [36murl[0m=[35m'https://news.google.com/rss/search?q=WBD+site:benzinga.com&hl=en-US&gl=US&ceid=US:en'[0m
[2m2026-04-04T00:20:23.214725Z[0m [[32m[1minfo     [0m] [1mparsed                        [0m [36mchannel[0m=[35mgoogle_benzinga[0m [36mraw[0m=[35m100[0m
[2m2026-04-04T00:20:25.221372Z[0m [[32m[1minfo     [0m] [1mfetch                         [0m [36mstatus[0m=[35m200[0m [36murl[0m=[35m'https://news.google.com/rss/search?q=WBD+site:benzinga.com&hl=en-US&gl=US&ceid=US:en'[0m
[2m2026-04-04T00:20:25.281845Z[0m [[32m[1minfo     [0m] [1mparsed                        [0m [36mchannel[0m=[35mgoogle_benzinga[0m [36mraw[0m=[35m100[0m
[2m2026-04-04T00:20:25.282009Z[0m [[32m[1minfo     [0m] [1mcrawling                      [0m [36mchannel[0m=[35m'Google News (all)'[0m [36mtag[0m=[35mgoogle_broad[0m
[2m2026-04-04T00:20:27.754601Z[0m [[32m[1minfo     [0m] [1mfetch                         [0m [36mstatus[0m=[35m200[0m [36murl[0m=[35m'https://news.google.com/rss/search?q=WBD+stock+news&hl=en-US&gl=US&ceid=US:en'[0m
[2m2026-04-04T00:20:27.892314Z[0m [[32m[1minfo     [0m] [1mparsed                        [0m [36mchannel[0m=[35mgoogle_broad[0m [36mraw[0m=[35m100[0m
[2m2026-04-04T00:20:30.248680Z[0m [[32m[1minfo     [0m] [1mfetch                         [0m [36mstatus[0m=[35m200[0m [36murl[0m=[35m'https://news.google.com/rss/search?q=WBD+earnings+analysis&hl=en-US&gl=US&ceid=US:en'[0m
[2m2026-04-04T00:20:30.291644Z[0m [[32m[1minfo     [0m] [1mparsed                        [0m [36mchannel[0m=[35mgoogle_broad[0m [36mraw[0m=[35m47[0m
[2m2026-04-04T00:20:30.293024Z[0m [[32m[1minfo     [0m] [1mquality_filter                [0m [36minput[0m=[35m347[0m [36mpassed[0m=[35m1[0m
[2m2026-04-04T00:20:30.293314Z[0m [[32m[1minfo     [0m] [1mdedup                         [0m [36mafter[0m=[35m1[0m [36mbefore[0m=[35m1[0m
[2m2026-04-04T00:20:30.293425Z[0m [[32m[1minfo     [0m] [1mfulltext_selection            [0m [36mcandidates[0m=[35m1[0m [36mfiltered[0m=[35m1[0m [36mmode[0m=[35mhigh-value[0m [36mticker[0m=[35mWBD[0m
[2m2026-04-04T00:20:32.534147Z[0m [[32m[1minfo     [0m] [1mfetch                         [0m [36mstatus[0m=[35m200[0m [36murl[0m=[35mhttps://www.marketbeat.com/instant-alerts/filing-325574-shares-in-warner-bros-discovery-in[0m
[2m2026-04-04T00:20:32.781310Z[0m [[32m[1minfo     [0m] [1mcrawling                      [0m [36mchannel[0m=[35mGoogle->Benzinga[0m [36mtag[0m=[35mgoogle_benzinga[0m
[2m2026-04-04T00:20:35.219054Z[0m [[32m[1minfo     [0m] [1mfetch                         [0m [36mstatus[0m=[35m200[0m [36murl[0m=[35m'https://news.google.com/rss/search?q=TEL+site:benzinga.com&hl=en-US&gl=US&ceid=US:en'[0m
[2m2026-04-04T00:20:35.353529Z[0m [[32m[1minfo     [0m] [1mparsed                        [0m [36mchannel[0m=[35mgoogle_benzinga[0m [36mraw[0m=[35m83[0m
[2m2026-04-04T00:20:37.359034Z[0m [[32m[1minfo     [0m] [1mfetch                         [0m [36mstatus[0m=[35m200[0m [36murl[0m=[35m'https://news.google.com/rss/search?q=TEL+site:benzinga.com&hl=en-US&gl=US&ceid=US:en'[0m
[2m2026-04-04T00:20:37.409355Z[0m [[32m[1minfo     [0m] [1mparsed                        [0m [36mchannel[0m=[35mgoogle_benzinga[0m [36mraw[0m=[35m83[0m
[2m2026-04-04T00:20:37.409525Z[0m [[32m[1minfo     [0m] [1mcrawling                      [0m [36mchannel[0m=[35m'Google News (all)'[0m [36mtag[0m=[35mgoogle_broad[0m
[2m2026-04-04T00:20:39.915623Z[0m [[32m[1minfo     [0m] [1mfetch                         [0m [36mstatus[0m=[35m200[0m [36murl[0m=[35m'https://news.google.com/rss/search?q=TEL+stock+news&hl=en-US&gl=US&ceid=US:en'[0m
[2m2026-04-04T00:20:40.070043Z[0m [[32m[1minfo     [0m] [1mparsed                        [0m [36mchannel[0m=[35mgoogle_broad[0m [36mraw[0m=[35m100[0m
[2m2026-04-04T00:20:42.536148Z[0m [[32m[1minfo     [0m] [1mfetch                         [0m [36mstatus[0m=[35m200[0m [36murl[0m=[35m'https://news.google.com/rss/search?q=TEL+earnings+analysis&hl=en-US&gl=US&ceid=US:en'[0m
[2m2026-04-04T00:20:42.581358Z[0m [[32m[1minfo     [0m] [1mparsed                        [0m [36mchannel[0m=[35mgoogle_broad[0m [36mraw[0m=[35m52[0m
[2m2026-04-04T00:20:42.583143Z[0m [[32m[1minfo     [0m] [1mquality_filter                [0m [36minput[0m=[35m318[0m [36mpassed[0m=[35m2[0m
[2m2026-04-04T00:20:42.583739Z[0m [[32m[1minfo     [0m] [1mdedup                         [0m [36mafter[0m=[35m2[0m [36mbefore[0m=[35m2[0m
[2m2026-04-04T00:20:42.583888Z[0m [[32m[1minfo     [0m] [1mfulltext_selection            [0m [36mcandidates[0m=[35m0[0m [36mfiltered[0m=[35m2[0m [36mmode[0m=[35mhigh-value[0m [36mticker[0m=[35mTEL[0m
[2m2026-04-04T00:20:42.584687Z[0m [[32m[1minfo     [0m] [1mcrawling                      [0m [36mchannel[0m=[35mGoogle->Benzinga[0m [36mtag[0m=[35mgoogle_benzinga[0m
[2m2026-04-04T00:20:44.954657Z[0m [[32m[1minfo     [0m] [1mfetch                         [0m [36mstatus[0m=[35m200[0m [36murl[0m=[35m'https://news.google.com/rss/search?q=TRV+site:benzinga.com&hl=en-US&gl=US&ceid=US:en'[0m
[2m2026-04-04T00:20:44.970524Z[0m [[32m[1minfo     [0m] [1mparsed                        [0m [36mchannel[0m=[35mgoogle_benzinga[0m [36mraw[0m=[35m18[0m
[2m2026-04-04T00:20:46.976138Z[0m [[32m[1minfo     [0m] [1mfetch                         [0m [36mstatus[0m=[35m200[0m [36murl[0m=[35m'https://news.google.com/rss/search?q=TRV+site:benzinga.com&hl=en-US&gl=US&ceid=US:en'[0m
[2m2026-04-04T00:20:46.989006Z[0m [[32m[1minfo     [0m] [1mparsed                        [0m [36mchannel[0m=[35mgoogle_benzinga[0m [36mraw[0m=[35m18[0m
[2m2026-04-04T00:20:46.989163Z[0m [[32m[1minfo     [0m] [1mcrawling                      [0m [36mchannel[0m=[35m'Google News (all)'[0m [36mtag[0m=[35mgoogle_broad[0m
[2m2026-04-04T00:20:49.370568Z[0m [[32m[1minfo     [0m] [1mfetch                         [0m [36mstatus[0m=[35m200[0m [36murl[0m=[35m'https://news.google.com/rss/search?q=TRV+stock+news&hl=en-US&gl=US&ceid=US:en'[0m
[2m2026-04-04T00:20:49.488764Z[0m [[32m[1minfo     [0m] [1mparsed                        [0m [36mchannel[0m=[35mgoogle_broad[0m [36mraw[0m=[35m73[0m
[2m2026-04-04T00:20:51.873599Z[0m [[32m[1minfo     [0m] [1mfetch                         [0m [36mstatus[0m=[35m200[0m [36murl[0m=[35m'https://news.google.com/rss/search?q=TRV+earnings+analysis&hl=en-US&gl=US&ceid=US:en'[0m
[2m2026-04-04T00:20:51.905513Z[0m [[32m[1minfo     [0m] [1mparsed                        [0m [36mchannel[0m=[35mgoogle_broad[0m [36mraw[0m=[35m40[0m
[2m2026-04-04T00:20:51.906711Z[0m [[32m[1minfo     [0m] [1mquality_filter                [0m [36minput[0m=[35m149[0m [36mpassed[0m=[35m2[0m
[2m2026-04-04T00:20:51.907093Z[0m [[32m[1minfo     [0m] [1mdedup                         [0m [36mafter[0m=[35m2[0m [36mbefore[0m=[35m2[0m
[2m2026-04-04T00:20:51.907237Z[0m [[32m[1minfo     [0m] [1mfulltext_selection            [0m [36mcandidates[0m=[35m0[0m [36mfiltered[0m=[35m2[0m [36mmode[0m=[35mhigh-value[0m [36mticker[0m=[35mTRV[0m
[2m2026-04-04T00:20:51.907933Z[0m [[32m[1minfo     [0m] [1mcrawling                      [0m [36mchannel[0m=[35mGoogle->Benzinga[0m [36mtag[0m=[35mgoogle_benzinga[0m
[2m2026-04-04T00:20:54.780261Z[0m [[32m[1minfo     [0m] [1mfetch                         [0m [36mstatus[0m=[35m200[0m [36murl[0m=[35m'https://news.google.com/rss/search?q=ROST+site:benzinga.com&hl=en-US&gl=US&ceid=US:en'[0m
[2m2026-04-04T00:20:54.797040Z[0m [[32m[1minfo     [0m] [1mparsed                        [0m [36mchannel[0m=[35mgoogle_benzinga[0m [36mraw[0m=[35m24[0m
[2m2026-04-04T00:20:56.802263Z[0m [[32m[1minfo     [0m] [1mfetch                         [0m [36mstatus[0m=[35m200[0m [36murl[0m=[35m'https://news.google.com/rss/search?q=ROST+site:benzinga.com&hl=en-US&gl=US&ceid=US:en'[0m
[2m2026-04-04T00:20:56.818586Z[0m [[32m[1minfo     [0m] [1mparsed                        [0m [36mchannel[0m=[35mgoogle_benzinga[0m [36mraw[0m=[35m24[0m
[2m2026-04-04T00:20:56.818758Z[0m [[32m[1minfo     [0m] [1mcrawling                      [0m [36mchannel[0m=[35m'Google News (all)'[0m [36mtag[0m=[35mgoogle_broad[0m
[2m2026-04-04T00:20:59.251145Z[0m [[32m[1minfo     [0m] [1mfetch                         [0m [36mstatus[0m=[35m200[0m [36murl[0m=[35m'https://news.google.com/rss/search?q=ROST+stock+news&hl=en-US&gl=US&ceid=US:en'[0m
[2m2026-04-04T00:20:59.373284Z[0m [[32m[1minfo     [0m] [1mparsed                        [0m [36mchannel[0m=[35mgoogle_broad[0m [36mraw[0m=[35m81[0m
[2m2026-04-04T00:21:01.756737Z[0m [[32m[1minfo     [0m] [1mfetch                         [0m [36mstatus[0m=[35m200[0m [36murl[0m=[35m'https://news.google.com/rss/search?q=ROST+earnings+analysis&hl=en-US&gl=US&ceid=US:en'[0m
[2m2026-04-04T00:21:01.844796Z[0m [[32m[1minfo     [0m] [1mparsed                        [0m [36mchannel[0m=[35mgoogle_broad[0m [36mraw[0m=[35m47[0m
[2m2026-04-04T00:21:01.847152Z[0m [[32m[1minfo     [0m] [1mquality_filter                [0m [36minput[0m=[35m176[0m [36mpassed[0m=[35m2[0m
[2m2026-04-04T00:21:01.849627Z[0m [[32m[1minfo     [0m] [1mdedup                         [0m [36mafter[0m=[35m2[0m [36mbefore[0m=[35m2[0m
[2m2026-04-04T00:21:01.849850Z[0m [[32m[1minfo     [0m] [1mfulltext_selection            [0m [36mcandidates[0m=[35m1[0m [36mfiltered[0m=[35m2[0m [36mmode[0m=[35mhigh-value[0m [36mticker[0m=[35mROST[0m
[2m2026-04-04T00:21:04.596589Z[0m [[31m[1merror    [0m] [1mfetch_error                   [0m [36merror[0m=[35m'400, message=\'Got more than 8190 bytes when reading: b"connect-src \\\'self\\\' wss:'[0m [36murl[0m=[35mhttps://finance.yahoo.com/markets/stocks/articles/ross-stores-rost-3-s[0m
[2m2026-04-04T00:21:04.798906Z[0m [[32m[1minfo     [0m] [1mcrawling                      [0m [36mchannel[0m=[35mGoogle->Benzinga[0m [36mtag[0m=[35mgoogle_benzinga[0m
[2m2026-04-04T00:21:07.155149Z[0m [[32m[1minfo     [0m] [1mfetch                         [0m [36mstatus[0m=[35m200[0m [36murl[0m=[35m'https://news.google.com/rss/search?q=SPG+site:benzinga.com&hl=en-US&gl=US&ceid=US:en'[0m
[2m2026-04-04T00:21:07.167185Z[0m [[32m[1minfo     [0m] [1mparsed                        [0m [36mchannel[0m=[35mgoogle_benzinga[0m [36mraw[0m=[35m17[0m
[2m2026-04-04T00:21:09.172336Z[0m [[32m[1minfo     [0m] [1mfetch                         [0m [36mstatus[0m=[35m200[0m [36murl[0m=[35m'https://news.google.com/rss/search?q=SPG+site:benzinga.com&hl=en-US&gl=US&ceid=US:en'[0m
[2m2026-04-04T00:21:09.184499Z[0m [[32m[1minfo     [0m] [1mparsed                        [0m [36mchannel[0m=[35mgoogle_benzinga[0m [36mraw[0m=[35m17[0m
[2m2026-04-04T00:21:09.184680Z[0m [[32m[1minfo     [0m] [1mcrawling                      [0m [36mchannel[0m=[35m'Google News (all)'[0m [36mtag[0m=[35mgoogle_broad[0m
[2m2026-04-04T00:21:11.637394Z[0m [[32m[1minfo     [0m] [1mfetch                         [0m [36mstatus[0m=[35m200[0m [36murl[0m=[35m'https://news.google.com/rss/search?q=SPG+stock+news&hl=en-US&gl=US&ceid=US:en'[0m
[2m2026-04-04T00:21:11.780383Z[0m [[32m[1minfo     [0m] [1mparsed                        [0m [36mchannel[0m=[35mgoogle_broad[0m [36mraw[0m=[35m97[0m
[2m2026-04-04T00:21:14.149765Z[0m [[32m[1minfo     [0m] [1mfetch                         [0m [36mstatus[0m=[35m200[0m [36murl[0m=[35m'https://news.google.com/rss/search?q=SPG+earnings+analysis&hl=en-US&gl=US&ceid=US:en'[0m
[2m2026-04-04T00:21:14.204160Z[0m [[32m[1minfo     [0m] [1mparsed                        [0m [36mchannel[0m=[35mgoogle_broad[0m [36mraw[0m=[35m54[0m
[2m2026-04-04T00:21:14.206380Z[0m [[32m[1minfo     [0m] [1mquality_filter                [0m [36minput[0m=[35m185[0m [36mpassed[0m=[35m8[0m
[2m2026-04-04T00:21:14.207494Z[0m [[32m[1minfo     [0m] [1mdedup                         [0m [36mafter[0m=[35m8[0m [36mbefore[0m=[35m8[0m
[2m2026-04-04T00:21:14.207711Z[0m [[32m[1minfo     [0m] [1mfulltext_selection            [0m [36mcandidates[0m=[35m2[0m [36mfiltered[0m=[35m8[0m [36mmode[0m=[35mhigh-value[0m [36mticker[0m=[35mSPG[0m
[2m2026-04-04T00:21:16.137102Z[0m [[32m[1minfo     [0m] [1mfetch                         [0m [36mstatus[0m=[35m200[0m [36murl[0m=[35mhttps://www.msn.com/en-us/money/topstocks/is-simon-property-group-inc-spg-the-most-profita[0m
[2m2026-04-04T00:21:16.775898Z[0m [[32m[1minfo     [0m] [1mfetch                         [0m [36mstatus[0m=[35m200[0m [36murl[0m=[35mhttps://www.stocktitan.net/sec-filings/SPG/form-4-simon-property-group-inc-insider-trading[0m
[2m2026-04-04T00:21:16.997090Z[0m [[32m[1minfo     [0m] [1mcrawling                      [0m [36mchannel[0m=[35mGoogle->Benzinga[0m [36mtag[0m=[35mgoogle_benzinga[0m
[2m2026-04-04T00:21:19.385398Z[0m [[32m[1minfo     [0m] [1mfetch                         [0m [36mstatus[0m=[35m200[0m [36murl[0m=[35m'https://news.google.com/rss/search?q=SRE+site:benzinga.com&hl=en-US&gl=US&ceid=US:en'[0m
[2m2026-04-04T00:21:19.398373Z[0m [[32m[1minfo     [0m] [1mparsed                        [0m [36mchannel[0m=[35mgoogle_benzinga[0m [36mraw[0m=[35m19[0m
[2m2026-04-04T00:21:21.404860Z[0m [[32m[1minfo     [0m] [1mfetch                         [0m [36mstatus[0m=[35m200[0m [36murl[0m=[35m'https://news.google.com/rss/search?q=SRE+site:benzinga.com&hl=en-US&gl=US&ceid=US:en'[0m
[2m2026-04-04T00:21:21.417708Z[0m [[32m[1minfo     [0m] [1mparsed                        [0m [36mchannel[0m=[35mgoogle_benzinga[0m [36mraw[0m=[35m19[0m
[2m2026-04-04T00:21:21.417862Z[0m [[32m[1minfo     [0m] [1mcrawling                      [0m [36mchannel[0m=[35m'Google News (all)'[0m [36mtag[0m=[35mgoogle_broad[0m
[2m2026-04-04T00:21:23.867410Z[0m [[32m[1minfo     [0m] [1mfetch                         [0m [36mstatus[0m=[35m200[0m [36murl[0m=[35m'https://news.google.com/rss/search?q=SRE+stock+news&hl=en-US&gl=US&ceid=US:en'[0m
[2m2026-04-04T00:21:23.992104Z[0m [[32m[1minfo     [0m] [1mparsed                        [0m [36mchannel[0m=[35mgoogle_broad[0m [36mraw[0m=[35m92[0m
[2m2026-04-04T00:21:26.395611Z[0m [[32m[1minfo     [0m] [1mfetch                         [0m [36mstatus[0m=[35m200[0m [36murl[0m=[35m'https://news.google.com/rss/search?q=SRE+earnings+analysis&hl=en-US&gl=US&ceid=US:en'[0m
[2m2026-04-04T00:21:26.440835Z[0m [[32m[1minfo     [0m] [1mparsed                        [0m [36mchannel[0m=[35mgoogle_broad[0m [36mraw[0m=[35m51[0m
[2m2026-04-04T00:21:26.443517Z[0m [[32m[1minfo     [0m] [1mquality_filter                [0m [36minput[0m=[35m181[0m [36mpassed[0m=[35m11[0m
[2m2026-04-04T00:21:26.444988Z[0m [[32m[1minfo     [0m] [1mdedup                         [0m [36mafter[0m=[35m7[0m [36mbefore[0m=[35m11[0m
[2m2026-04-04T00:21:26.445250Z[0m [[32m[1minfo     [0m] [1mfulltext_selection            [0m [36mcandidates[0m=[35m0[0m [36mfiltered[0m=[35m7[0m [36mmode[0m=[35mhigh-value[0m [36mticker[0m=[35mSRE[0m
[2m2026-04-04T00:21:26.446019Z[0m [[32m[1minfo     [0m] [1mcrawling                      [0m [36mchannel[0m=[35mGoogle->Benzinga[0m [36mtag[0m=[35mgoogle_benzinga[0m
[2m2026-04-04T00:21:29.387146Z[0m [[32m[1minfo     [0m] [1mfetch                         [0m [36mstatus[0m=[35m200[0m [36murl[0m=[35m'https://news.google.com/rss/search?q=TFC+site:benzinga.com&hl=en-US&gl=US&ceid=US:en'[0m
[2m2026-04-04T00:21:29.403061Z[0m [[32m[1minfo     [0m] [1mparsed                        [0m [36mchannel[0m=[35mgoogle_benzinga[0m [36mraw[0m=[35m24[0m
[2m2026-04-04T00:21:31.408709Z[0m [[32m[1minfo     [0m] [1mfetch                         [0m [36mstatus[0m=[35m200[0m [36murl[0m=[35m'https://news.google.com/rss/search?q=TFC+site:benzinga.com&hl=en-US&gl=US&ceid=US:en'[0m
[2m2026-04-04T00:21:31.424661Z[0m [[32m[1minfo     [0m] [1mparsed                        [0m [36mchannel[0m=[35mgoogle_benzinga[0m [36mraw[0m=[35m24[0m
[2m2026-04-04T00:21:31.424819Z[0m [[32m[1minfo     [0m] [1mcrawling                      [0m [36mchannel[0m=[35m'Google News (all)'[0m [36mtag[0m=[35mgoogle_broad[0m
[2m2026-04-04T00:21:33.901929Z[0m [[32m[1minfo     [0m] [1mfetch                         [0m [36mstatus[0m=[35m200[0m [36murl[0m=[35m'https://news.google.com/rss/search?q=TFC+stock+news&hl=en-US&gl=US&ceid=US:en'[0m
[2m2026-04-04T00:21:34.044332Z[0m [[32m[1minfo     [0m] [1mparsed                        [0m [36mchannel[0m=[35mgoogle_broad[0m [36mraw[0m=[35m98[0m
[2m2026-04-04T00:21:36.371544Z[0m [[32m[1minfo     [0m] [1mfetch                         [0m [36mstatus[0m=[35m200[0m [36murl[0m=[35m'https://news.google.com/rss/search?q=TFC+earnings+analysis&hl=en-US&gl=US&ceid=US:en'[0m
[2m2026-04-04T00:21:36.391973Z[0m [[32m[1minfo     [0m] [1mparsed                        [0m [36mchannel[0m=[35mgoogle_broad[0m [36mraw[0m=[35m32[0m
[2m2026-04-04T00:21:36.393066Z[0m [[32m[1minfo     [0m] [1mquality_filter                [0m [36minput[0m=[35m178[0m [36mpassed[0m=[35m1[0m
[2m2026-04-04T00:21:36.393434Z[0m [[32m[1minfo     [0m] [1mdedup                         [0m [36mafter[0m=[35m1[0m [36mbefore[0m=[35m1[0m
[2m2026-04-04T00:21:36.393557Z[0m [[32m[1minfo     [0m] [1mfulltext_selection            [0m [36mcandidates[0m=[35m1[0m [36mfiltered[0m=[35m1[0m [36mmode[0m=[35mhigh-value[0m [36mticker[0m=[35mTFC[0m
[2m2026-04-04T00:21:39.608957Z[0m [[32m[1minfo     [0m] [1mfetch                         [0m [36mstatus[0m=[35m200[0m [36murl[0m=[35mhttps://www.marketbeat.com/instant-alerts/filing-blue-trust-inc-increases-stock-position-i[0m
[2m2026-04-04T00:21:39.822823Z[0m [[32m[1minfo     [0m] [1mcrawling                      [0m [36mchannel[0m=[35mGoogle->Benzinga[0m [36mtag[0m=[35mgoogle_benzinga[0m
[2m2026-04-04T00:21:42.214131Z[0m [[32m[1minfo     [0m] [1mfetch                         [0m [36mstatus[0m=[35m200[0m [36murl[0m=[35m'https://news.google.com/rss/search?q=AZO+site:benzinga.com&hl=en-US&gl=US&ceid=US:en'[0m
[2m2026-04-04T00:21:42.228964Z[0m [[32m[1minfo     [0m] [1mparsed                        [0m [36mchannel[0m=[35mgoogle_benzinga[0m [36mraw[0m=[35m21[0m
[2m2026-04-04T00:21:44.234128Z[0m [[32m[1minfo     [0m] [1mfetch                         [0m [36mstatus[0m=[35m200[0m [36murl[0m=[35m'https://news.google.com/rss/search?q=AZO+site:benzinga.com&hl=en-US&gl=US&ceid=US:en'[0m
[2m2026-04-04T00:21:44.250296Z[0m [[32m[1minfo     [0m] [1mparsed                        [0m [36mchannel[0m=[35mgoogle_benzinga[0m [36mraw[0m=[35m21[0m
[2m2026-04-04T00:21:44.250456Z[0m [[32m[1minfo     [0m] [1mcrawling                      [0m [36mchannel[0m=[35m'Google News (all)'[0m [36mtag[0m=[35mgoogle_broad[0m
[2m2026-04-04T00:21:46.641746Z[0m [[32m[1minfo     [0m] [1mfetch                         [0m [36mstatus[0m=[35m200[0m [36murl[0m=[35m'https://news.google.com/rss/search?q=AZO+stock+news&hl=en-US&gl=US&ceid=US:en'[0m
[2m2026-04-04T00:21:46.771517Z[0m [[32m[1minfo     [0m] [1mparsed                        [0m [36mchannel[0m=[35mgoogle_broad[0m [36mraw[0m=[35m80[0m
[2m2026-04-04T00:21:49.113379Z[0m [[32m[1minfo     [0m] [1mfetch                         [0m [36mstatus[0m=[35m200[0m [36murl[0m=[35m'https://news.google.com/rss/search?q=AZO+earnings+analysis&hl=en-US&gl=US&ceid=US:en'[0m
[2m2026-04-04T00:21:49.147109Z[0m [[32m[1minfo     [0m] [1mparsed                        [0m [36mchannel[0m=[35mgoogle_broad[0m [36mraw[0m=[35m43[0m
[2m2026-04-04T00:21:49.149148Z[0m [[32m[1minfo     [0m] [1mquality_filter                [0m [36minput[0m=[35m165[0m [36mpassed[0m=[35m7[0m
[2m2026-04-04T00:21:49.150052Z[0m [[32m[1minfo     [0m] [1mdedup                         [0m [36mafter[0m=[35m7[0m [36mbefore[0m=[35m7[0m
[2m2026-04-04T00:21:49.150241Z[0m [[32m[1minfo     [0m] [1mfulltext_selection            [0m [36mcandidates[0m=[35m3[0m [36mfiltered[0m=[35m7[0m [36mmode[0m=[35mhigh-value[0m [36mticker[0m=[35mAZO[0m
[2m2026-04-04T00:21:51.899600Z[0m [[32m[1minfo     [0m] [1mfetch                         [0m [36mstatus[0m=[35m200[0m [36murl[0m=[35mhttps://www.stocktitan.net/sec-filings/AZO/form-4-autozone-inc-insider-trading-activity-b0[0m
[2m2026-04-04T00:21:51.911906Z[0m [[32m[1minfo     [0m] [1mfetch                         [0m [36mstatus[0m=[35m200[0m [36murl[0m=[35mhttps://www.stocktitan.net/sec-filings/AZO/form-4-autozone-inc-insider-trading-activity-05[0m
[2m2026-04-04T00:21:52.065367Z[0m [[31m[1merror    [0m] [1mfetch_error                   [0m [36merror[0m=[35m'400, message=\'Got more than 8190 bytes when reading: b"connect-src \\\'self\\\' wss:'[0m [36murl[0m=[35mhttps://finance.yahoo.com/markets/stocks/articles/why-autozone-azo-dow[0m
[2m2026-04-04T00:21:52.268917Z[0m [[32m[1minfo     [0m] [1mcrawling                      [0m [36mchannel[0m=[35mGoogle->Benzinga[0m [36mtag[0m=[35mgoogle_benzinga[0m
[2m2026-04-04T00:21:54.665081Z[0m [[32m[1minfo     [0m] [1mfetch                         [0m [36mstatus[0m=[35m200[0m [36murl[0m=[35m'https://news.google.com/rss/search?q=O+realty+income+corporation+site:benzinga.com&hl=en-U'[0m
[2m2026-04-04T00:21:54.685578Z[0m [[32m[1minfo     [0m] [1mparsed                        [0m [36mchannel[0m=[35mgoogle_benzinga[0m [36mraw[0m=[35m31[0m
[2m2026-04-04T00:21:57.215478Z[0m [[32m[1minfo     [0m] [1mfetch                         [0m [36mstatus[0m=[35m200[0m [36murl[0m=[35m'https://news.google.com/rss/search?q=realty+income+corporation+site:benzinga.com&hl=en-US&'[0m
[2m2026-04-04T00:21:57.356264Z[0m [[32m[1minfo     [0m] [1mparsed                        [0m [36mchannel[0m=[35mgoogle_benzinga[0m [36mraw[0m=[35m100[0m
[2m2026-04-04T00:21:57.356432Z[0m [[32m[1minfo     [0m] [1mcrawling                      [0m [36mchannel[0m=[35m'Google News (all)'[0m [36mtag[0m=[35mgoogle_broad[0m
[2m2026-04-04T00:21:59.889332Z[0m [[32m[1minfo     [0m] [1mfetch                         [0m [36mstatus[0m=[35m200[0m [36murl[0m=[35m'https://news.google.com/rss/search?q=O+realty+income+corporation+stock+news&hl=en-US&gl=US'[0m
[2m2026-04-04T00:22:00.029414Z[0m [[32m[1minfo     [0m] [1mparsed                        [0m [36mchannel[0m=[35mgoogle_broad[0m [36mraw[0m=[35m100[0m
[2m2026-04-04T00:22:02.431983Z[0m [[32m[1minfo     [0m] [1mfetch                         [0m [36mstatus[0m=[35m200[0m [36murl[0m=[35m'https://news.google.com/rss/search?q=O+realty+income+corporation+earnings+analysis&hl=en-U'[0m
[2m2026-04-04T00:22:02.589877Z[0m [[32m[1minfo     [0m] [1mparsed                        [0m [36mchannel[0m=[35mgoogle_broad[0m [36mraw[0m=[35m63[0m
[2m2026-04-04T00:22:02.595793Z[0m [[32m[1minfo     [0m] [1mquality_filter                [0m [36minput[0m=[35m294[0m [36mpassed[0m=[35m6[0m
[2m2026-04-04T00:22:02.597348Z[0m [[32m[1minfo     [0m] [1mdedup                         [0m [36mafter[0m=[35m6[0m [36mbefore[0m=[35m6[0m
[2m2026-04-04T00:22:02.597599Z[0m [[32m[1minfo     [0m] [1mfulltext_selection            [0m [36mcandidates[0m=[35m3[0m [36mfiltered[0m=[35m6[0m [36mmode[0m=[35mhigh-value[0m [36mticker[0m=[35mO[0m
[2m2026-04-04T00:22:04.948926Z[0m [[32m[1minfo     [0m] [1mfetch                         [0m [36mstatus[0m=[35m200[0m [36murl[0m=[35mhttps://seekingalpha.com/article/4888003-realty-income-reit-dont-miss-out-on-this-dividend[0m
[2m2026-04-04T00:22:05.053385Z[0m [[32m[1minfo     [0m] [1mfetch                         [0m [36mstatus[0m=[35m200[0m [36murl[0m=[35mhttps://www.marketbeat.com/instant-alerts/realty-income-nyseo-insider-michelle-bushore-sel[0m
[2m2026-04-04T00:22:05.528661Z[0m [[32m[1minfo     [0m] [1mfetch                         [0m [36mstatus[0m=[35m200[0m [36murl[0m=[35mhttps://seekingalpha.com/article/4888031-realty-income-remains-in-play-as-growth-is-set-to[0m
[2m2026-04-04T00:22:05.743239Z[0m [[32m[1minfo     [0m] [1mcrawling                      [0m [36mchannel[0m=[35mGoogle->Benzinga[0m [36mtag[0m=[35mgoogle_benzinga[0m
[2m2026-04-04T00:22:08.107884Z[0m [[32m[1minfo     [0m] [1mfetch                         [0m [36mstatus[0m=[35m200[0m [36murl[0m=[35m'https://news.google.com/rss/search?q=APD+site:benzinga.com&hl=en-US&gl=US&ceid=US:en'[0m
[2m2026-04-04T00:22:08.121001Z[0m [[32m[1minfo     [0m] [1mparsed                        [0m [36mchannel[0m=[35mgoogle_benzinga[0m [36mraw[0m=[35m17[0m
[2m2026-04-04T00:22:10.126178Z[0m [[32m[1minfo     [0m] [1mfetch                         [0m [36mstatus[0m=[35m200[0m [36murl[0m=[35m'https://news.google.com/rss/search?q=APD+site:benzinga.com&hl=en-US&gl=US&ceid=US:en'[0m
[2m2026-04-04T00:22:10.138197Z[0m [[32m[1minfo     [0m] [1mparsed                        [0m [36mchannel[0m=[35mgoogle_benzinga[0m [36mraw[0m=[35m17[0m
[2m2026-04-04T00:22:10.138376Z[0m [[32m[1minfo     [0m] [1mcrawling                      [0m [36mchannel[0m=[35m'Google News (all)'[0m [36mtag[0m=[35mgoogle_broad[0m
[2m2026-04-04T00:22:12.563166Z[0m [[32m[1minfo     [0m] [1mfetch                         [0m [36mstatus[0m=[35m200[0m [36murl[0m=[35m'https://news.google.com/rss/search?q=APD+stock+news&hl=en-US&gl=US&ceid=US:en'[0m
[2m2026-04-04T00:22:12.691436Z[0m [[32m[1minfo     [0m] [1mparsed                        [0m [36mchannel[0m=[35mgoogle_broad[0m [36mraw[0m=[35m84[0m
[2m2026-04-04T00:22:15.034968Z[0m [[32m[1minfo     [0m] [1mfetch                         [0m [36mstatus[0m=[35m200[0m [36murl[0m=[35m'https://news.google.com/rss/search?q=APD+earnings+analysis&hl=en-US&gl=US&ceid=US:en'[0m
[2m2026-04-04T00:22:15.069764Z[0m [[32m[1minfo     [0m] [1mparsed                        [0m [36mchannel[0m=[35mgoogle_broad[0m [36mraw[0m=[35m42[0m
[2m2026-04-04T00:22:15.070583Z[0m [[32m[1minfo     [0m] [1mquality_filter                [0m [36minput[0m=[35m160[0m [36mpassed[0m=[35m0[0m
[2m2026-04-04T00:22:15.070714Z[0m [[32m[1minfo     [0m] [1mdedup                         [0m [36mafter[0m=[35m0[0m [36mbefore[0m=[35m0[0m
[2m2026-04-04T00:22:15.070787Z[0m [[32m[1minfo     [0m] [1mfulltext_selection            [0m [36mcandidates[0m=[35m0[0m [36mfiltered[0m=[35m0[0m [36mmode[0m=[35mhigh-value[0m [36mticker[0m=[35mAPD[0m
[2m2026-04-04T00:22:15.071600Z[0m [[32m[1minfo     [0m] [1mcrawling                      [0m [36mchannel[0m=[35mGoogle->Benzinga[0m [36mtag[0m=[35mgoogle_benzinga[0m
[2m2026-04-04T00:22:17.936296Z[0m [[32m[1minfo     [0m] [1mfetch                         [0m [36mstatus[0m=[35m200[0m [36murl[0m=[35m'https://news.google.com/rss/search?q=DLR+site:benzinga.com&hl=en-US&gl=US&ceid=US:en'[0m
[2m2026-04-04T00:22:17.956106Z[0m [[32m[1minfo     [0m] [1mparsed                        [0m [36mchannel[0m=[35mgoogle_benzinga[0m [36mraw[0m=[35m31[0m
[2m2026-04-04T00:22:19.961513Z[0m [[32m[1minfo     [0m] [1mfetch                         [0m [36mstatus[0m=[35m200[0m [36murl[0m=[35m'https://news.google.com/rss/search?q=DLR+site:benzinga.com&hl=en-US&gl=US&ceid=US:en'[0m
[2m2026-04-04T00:22:19.981510Z[0m [[32m[1minfo     [0m] [1mparsed                        [0m [36mchannel[0m=[35mgoogle_benzinga[0m [36mraw[0m=[35m31[0m
[2m2026-04-04T00:22:19.981669Z[0m [[32m[1minfo     [0m] [1mcrawling                      [0m [36mchannel[0m=[35m'Google News (all)'[0m [36mtag[0m=[35mgoogle_broad[0m
[2m2026-04-04T00:22:22.369715Z[0m [[32m[1minfo     [0m] [1mfetch                         [0m [36mstatus[0m=[35m200[0m [36murl[0m=[35m'https://news.google.com/rss/search?q=DLR+stock+news&hl=en-US&gl=US&ceid=US:en'[0m
[2m2026-04-04T00:22:22.427649Z[0m [[32m[1minfo     [0m] [1mparsed                        [0m [36mchannel[0m=[35mgoogle_broad[0m [36mraw[0m=[35m61[0m
[2m2026-04-04T00:22:24.777486Z[0m [[32m[1minfo     [0m] [1mfetch                         [0m [36mstatus[0m=[35m200[0m [36murl[0m=[35m'https://news.google.com/rss/search?q=DLR+earnings+analysis&hl=en-US&gl=US&ceid=US:en'[0m
[2m2026-04-04T00:22:24.799922Z[0m [[32m[1minfo     [0m] [1mparsed                        [0m [36mchannel[0m=[35mgoogle_broad[0m [36mraw[0m=[35m35[0m
[2m2026-04-04T00:22:24.801577Z[0m [[32m[1minfo     [0m] [1mquality_filter                [0m [36minput[0m=[35m158[0m [36mpassed[0m=[35m4[0m
[2m2026-04-04T00:22:24.802225Z[0m [[32m[1minfo     [0m] [1mdedup                         [0m [36mafter[0m=[35m4[0m [36mbefore[0m=[35m4[0m
[2m2026-04-04T00:22:24.802378Z[0m [[32m[1minfo     [0m] [1mfulltext_selection            [0m [36mcandidates[0m=[35m1[0m [36mfiltered[0m=[35m4[0m [36mmode[0m=[35mhigh-value[0m [36mticker[0m=[35mDLR[0m
[2m2026-04-04T00:22:26.721397Z[0m [[32m[1minfo     [0m] [1mfetch                         [0m [36mstatus[0m=[35m200[0m [36murl[0m=[35mhttps://www.marketbeat.com/instant-alerts/digital-realty-trust-nysedlr-stock-rating-upgrad[0m
[2m2026-04-04T00:22:26.979529Z[0m [[32m[1minfo     [0m] [1mcrawling                      [0m [36mchannel[0m=[35mGoogle->Benzinga[0m [36mtag[0m=[35mgoogle_benzinga[0m
[2m2026-04-04T00:22:29.349827Z[0m [[32m[1minfo     [0m] [1mfetch                         [0m [36mstatus[0m=[35m200[0m [36murl[0m=[35m'https://news.google.com/rss/search?q=AJG+site:benzinga.com&hl=en-US&gl=US&ceid=US:en'[0m
[2m2026-04-04T00:22:29.364638Z[0m [[32m[1minfo     [0m] [1mparsed                        [0m [36mchannel[0m=[35mgoogle_benzinga[0m [36mraw[0m=[35m22[0m
[2m2026-04-04T00:22:31.370374Z[0m [[32m[1minfo     [0m] [1mfetch                         [0m [36mstatus[0m=[35m200[0m [36murl[0m=[35m'https://news.google.com/rss/search?q=AJG+site:benzinga.com&hl=en-US&gl=US&ceid=US:en'[0m
[2m2026-04-04T00:22:31.386173Z[0m [[32m[1minfo     [0m] [1mparsed                        [0m [36mchannel[0m=[35mgoogle_benzinga[0m [36mraw[0m=[35m22[0m
[2m2026-04-04T00:22:31.386360Z[0m [[32m[1minfo     [0m] [1mcrawling                      [0m [36mchannel[0m=[35m'Google News (all)'[0m [36mtag[0m=[35mgoogle_broad[0m
[2m2026-04-04T00:22:33.896349Z[0m [[32m[1minfo     [0m] [1mfetch                         [0m [36mstatus[0m=[35m200[0m [36murl[0m=[35m'https://news.google.com/rss/search?q=AJG+stock+news&hl=en-US&gl=US&ceid=US:en'[0m
[2m2026-04-04T00:22:34.047665Z[0m [[32m[1minfo     [0m] [1mparsed                        [0m [36mchannel[0m=[35mgoogle_broad[0m [36mraw[0m=[35m100[0m
[2m2026-04-04T00:22:36.465612Z[0m [[32m[1minfo     [0m] [1mfetch                         [0m [36mstatus[0m=[35m200[0m [36murl[0m=[35m'https://news.google.com/rss/search?q=AJG+earnings+analysis&hl=en-US&gl=US&ceid=US:en'[0m
[2m2026-04-04T00:22:36.521895Z[0m [[32m[1minfo     [0m] [1mparsed                        [0m [36mchannel[0m=[35mgoogle_broad[0m [36mraw[0m=[35m59[0m
[2m2026-04-04T00:22:36.524350Z[0m [[32m[1minfo     [0m] [1mquality_filter                [0m [36minput[0m=[35m203[0m [36mpassed[0m=[35m10[0m
[2m2026-04-04T00:22:36.525627Z[0m [[32m[1minfo     [0m] [1mdedup                         [0m [36mafter[0m=[35m9[0m [36mbefore[0m=[35m10[0m
[2m2026-04-04T00:22:36.525840Z[0m [[32m[1minfo     [0m] [1mfulltext_selection            [0m [36mcandidates[0m=[35m3[0m [36mfiltered[0m=[35m9[0m [36mmode[0m=[35mhigh-value[0m [36mticker[0m=[35mAJG[0m
[2m2026-04-04T00:22:38.539125Z[0m [[32m[1minfo     [0m] [1mfetch                         [0m [36mstatus[0m=[35m200[0m [36murl[0m=[35mhttps://www.bitget.com/amp/news/detail/12560605332472[0m
[2m2026-04-04T00:22:38.716921Z[0m [[32m[1minfo     [0m] [1mfetch                         [0m [36mstatus[0m=[35m200[0m [36murl[0m=[35mhttps://www.tradingview.com/news/zacks:f86396d55094b:0-ajg-benefits-from-its-acquisition-s[0m
[2m2026-04-04T00:22:38.916818Z[0m [[32m[1minfo     [0m] [1mfetch                         [0m [36mstatus[0m=[35m200[0m [36murl[0m=[35mhttps://www.stocktitan.net/sec-filings/AJG/form-4-arthur-j-gallagher-co-insider-trading-ac[0m
[2m2026-04-04T00:22:39.139794Z[0m [[32m[1minfo     [0m] [1mcrawling                      [0m [36mchannel[0m=[35mGoogle->Benzinga[0m [36mtag[0m=[35mgoogle_benzinga[0m
[2m2026-04-04T00:22:41.507411Z[0m [[32m[1minfo     [0m] [1mfetch                         [0m [36mstatus[0m=[35m200[0m [36murl[0m=[35m'https://news.google.com/rss/search?q=AFL+site:benzinga.com&hl=en-US&gl=US&ceid=US:en'[0m
[2m2026-04-04T00:22:41.528561Z[0m [[32m[1minfo     [0m] [1mparsed                        [0m [36mchannel[0m=[35mgoogle_benzinga[0m [36mraw[0m=[35m22[0m
[2m2026-04-04T00:22:43.533799Z[0m [[32m[1minfo     [0m] [1mfetch                         [0m [36mstatus[0m=[35m200[0m [36murl[0m=[35m'https://news.google.com/rss/search?q=AFL+site:benzinga.com&hl=en-US&gl=US&ceid=US:en'[0m
[2m2026-04-04T00:22:43.548858Z[0m [[32m[1minfo     [0m] [1mparsed                        [0m [36mchannel[0m=[35mgoogle_benzinga[0m [36mraw[0m=[35m22[0m
[2m2026-04-04T00:22:43.549010Z[0m [[32m[1minfo     [0m] [1mcrawling                      [0m [36mchannel[0m=[35m'Google News (all)'[0m [36mtag[0m=[35mgoogle_broad[0m
[2m2026-04-04T00:22:45.928195Z[0m [[32m[1minfo     [0m] [1mfetch                         [0m [36mstatus[0m=[35m200[0m [36murl[0m=[35m'https://news.google.com/rss/search?q=AFL+stock+news&hl=en-US&gl=US&ceid=US:en'[0m
[2m2026-04-04T00:22:45.978117Z[0m [[32m[1minfo     [0m] [1mparsed                        [0m [36mchannel[0m=[35mgoogle_broad[0m [36mraw[0m=[35m56[0m
[2m2026-04-04T00:22:48.432043Z[0m [[32m[1minfo     [0m] [1mfetch                         [0m [36mstatus[0m=[35m200[0m [36murl[0m=[35m'https://news.google.com/rss/search?q=AFL+earnings+analysis&hl=en-US&gl=US&ceid=US:en'[0m
[2m2026-04-04T00:22:48.503099Z[0m [[32m[1minfo     [0m] [1mparsed                        [0m [36mchannel[0m=[35mgoogle_broad[0m [36mraw[0m=[35m72[0m
[2m2026-04-04T00:22:48.504878Z[0m [[32m[1minfo     [0m] [1mquality_filter                [0m [36minput[0m=[35m172[0m [36mpassed[0m=[35m4[0m
[2m2026-04-04T00:22:48.505491Z[0m [[32m[1minfo     [0m] [1mdedup                         [0m [36mafter[0m=[35m3[0m [36mbefore[0m=[35m4[0m
[2m2026-04-04T00:22:48.505638Z[0m [[32m[1minfo     [0m] [1mfulltext_selection            [0m [36mcandidates[0m=[35m0[0m [36mfiltered[0m=[35m3[0m [36mmode[0m=[35mhigh-value[0m [36mticker[0m=[35mAFL[0m
[2m2026-04-04T00:22:48.506419Z[0m [[32m[1minfo     [0m] [1mcrawling                      [0m [36mchannel[0m=[35mGoogle->Benzinga[0m [36mtag[0m=[35mgoogle_benzinga[0m
[2m2026-04-04T00:22:51.518649Z[0m [[32m[1minfo     [0m] [1mfetch                         [0m [36mstatus[0m=[35m200[0m [36murl[0m=[35m'https://news.google.com/rss/search?q=F+ford+motor+company+site:benzinga.com&hl=en-US&gl=US'[0m
[2m2026-04-04T00:22:51.718823Z[0m [[32m[1minfo     [0m] [1mparsed                        [0m [36mchannel[0m=[35mgoogle_benzinga[0m [36mraw[0m=[35m100[0m
[2m2026-04-04T00:22:54.169245Z[0m [[32m[1minfo     [0m] [1mfetch                         [0m [36mstatus[0m=[35m200[0m [36murl[0m=[35m'https://news.google.com/rss/search?q=ford+motor+company+site:benzinga.com&hl=en-US&gl=US&c'[0m
[2m2026-04-04T00:22:54.305377Z[0m [[32m[1minfo     [0m] [1mparsed                        [0m [36mchannel[0m=[35mgoogle_benzinga[0m [36mraw[0m=[35m100[0m
[2m2026-04-04T00:22:54.305550Z[0m [[32m[1minfo     [0m] [1mcrawling                      [0m [36mchannel[0m=[35m'Google News (all)'[0m [36mtag[0m=[35mgoogle_broad[0m
[2m2026-04-04T00:22:56.843892Z[0m [[32m[1minfo     [0m] [1mfetch                         [0m [36mstatus[0m=[35m200[0m [36murl[0m=[35m'https://news.google.com/rss/search?q=F+ford+motor+company+stock+news&hl=en-US&gl=US&ceid=U'[0m
[2m2026-04-04T00:22:56.987717Z[0m [[32m[1minfo     [0m] [1mparsed                        [0m [36mchannel[0m=[35mgoogle_broad[0m [36mraw[0m=[35m100[0m
[2m2026-04-04T00:22:59.528195Z[0m [[32m[1minfo     [0m] [1mfetch                         [0m [36mstatus[0m=[35m200[0m [36murl[0m=[35m'https://news.google.com/rss/search?q=F+ford+motor+company+earnings+analysis&hl=en-US&gl=US'[0m
[2m2026-04-04T00:22:59.671724Z[0m [[32m[1minfo     [0m] [1mparsed                        [0m [36mchannel[0m=[35mgoogle_broad[0m [36mraw[0m=[35m98[0m
[2m2026-04-04T00:22:59.675383Z[0m [[32m[1minfo     [0m] [1mquality_filter                [0m [36minput[0m=[35m398[0m [36mpassed[0m=[35m9[0m
[2m2026-04-04T00:22:59.676685Z[0m [[32m[1minfo     [0m] [1mdedup                         [0m [36mafter[0m=[35m8[0m [36mbefore[0m=[35m9[0m
[2m2026-04-04T00:22:59.676902Z[0m [[32m[1minfo     [0m] [1mfulltext_selection            [0m [36mcandidates[0m=[35m6[0m [36mfiltered[0m=[35m8[0m [36mmode[0m=[35mhigh-value[0m [36mticker[0m=[35mF[0m
[2m2026-04-04T00:23:01.474799Z[0m [[32m[1minfo     [0m] [1mfetch                         [0m [36mstatus[0m=[35m200[0m [36murl[0m=[35mhttps://www.marketbeat.com/instant-alerts/filing-nisa-investment-advisors-llc-raises-posit[0m
[2m2026-04-04T00:23:01.674727Z[0m [[32m[1minfo     [0m] [1mfetch                         [0m [36mstatus[0m=[35m200[0m [36murl[0m=[35mhttps://seekingalpha.com/news/4572171-ford-q1-us-sales-down-nearly-9[0m
[2m2026-04-04T00:23:02.225307Z[0m [[32m[1minfo     [0m] [1mfetch                         [0m [36mstatus[0m=[35m200[0m [36murl[0m=[35mhttps://www.stocktitan.net/sec-filings/F/8-k-ford-motor-co-reports-material-event-5ed043e6[0m
[2m2026-04-04T00:23:02.903852Z[0m [[32m[1minfo     [0m] [1mfetch                         [0m [36mstatus[0m=[35m200[0m [36murl[0m=[35mhttps://www.theglobeandmail.com/investing/markets/stocks/F/pressreleases/1132430/ford-face[0m
[2m2026-04-04T00:23:03.607169Z[0m [[32m[1minfo     [0m] [1mfetch                         [0m [36mstatus[0m=[35m200[0m [36murl[0m=[35mhttps://www.theglobeandmail.com/investing/markets/stocks/F/pressreleases/1136413/ford-moto[0m
[2m2026-04-04T00:23:04.038525Z[0m [[32m[1minfo     [0m] [1mcrawling                      [0m [36mchannel[0m=[35mGoogle->Benzinga[0m [36mtag[0m=[35mgoogle_benzinga[0m
[2m2026-04-04T00:23:06.439608Z[0m [[32m[1minfo     [0m] [1mfetch                         [0m [36mstatus[0m=[35m200[0m [36murl[0m=[35m'https://news.google.com/rss/search?q=ALL+allstate+corporation+site:benzinga.com&hl=en-US&g'[0m
[2m2026-04-04T00:23:06.493928Z[0m [[32m[1minfo     [0m] [1mparsed                        [0m [36mchannel[0m=[35mgoogle_benzinga[0m [36mraw[0m=[35m57[0m
[2m2026-04-04T00:23:08.779755Z[0m [[32m[1minfo     [0m] [1mfetch                         [0m [36mstatus[0m=[35m200[0m [36murl[0m=[35m'https://news.google.com/rss/search?q=allstate+corporation+site:benzinga.com&hl=en-US&gl=US'[0m
[2m2026-04-04T00:23:08.834885Z[0m [[32m[1minfo     [0m] [1mparsed                        [0m [36mchannel[0m=[35mgoogle_benzinga[0m [36mraw[0m=[35m57[0m
[2m2026-04-04T00:23:08.835050Z[0m [[32m[1minfo     [0m] [1mcrawling                      [0m [36mchannel[0m=[35m'Google News (all)'[0m [36mtag[0m=[35mgoogle_broad[0m
[2m2026-04-04T00:23:11.334841Z[0m [[32m[1minfo     [0m] [1mfetch                         [0m [36mstatus[0m=[35m200[0m [36murl[0m=[35m'https://news.google.com/rss/search?q=ALL+allstate+corporation+stock+news&hl=en-US&gl=US&ce'[0m
[2m2026-04-04T00:23:11.462632Z[0m [[32m[1minfo     [0m] [1mparsed                        [0m [36mchannel[0m=[35mgoogle_broad[0m [36mraw[0m=[35m86[0m
[2m2026-04-04T00:23:13.829614Z[0m [[32m[1minfo     [0m] [1mfetch                         [0m [36mstatus[0m=[35m200[0m [36murl[0m=[35m'https://news.google.com/rss/search?q=ALL+allstate+corporation+earnings+analysis&hl=en-US&g'[0m
[2m2026-04-04T00:23:13.873971Z[0m [[32m[1minfo     [0m] [1mparsed                        [0m [36mchannel[0m=[35mgoogle_broad[0m [36mraw[0m=[35m49[0m
[2m2026-04-04T00:23:13.877028Z[0m [[32m[1minfo     [0m] [1mquality_filter                [0m [36minput[0m=[35m249[0m [36mpassed[0m=[35m6[0m
[2m2026-04-04T00:23:13.877845Z[0m [[32m[1minfo     [0m] [1mdedup                         [0m [36mafter[0m=[35m5[0m [36mbefore[0m=[35m6[0m
[2m2026-04-04T00:23:13.878018Z[0m [[32m[1minfo     [0m] [1mfulltext_selection            [0m [36mcandidates[0m=[35m1[0m [36mfiltered[0m=[35m5[0m [36mmode[0m=[35mhigh-value[0m [36mticker[0m=[35mALL[0m
[2m2026-04-04T00:23:16.936793Z[0m [[31m[1merror    [0m] [1mfetch_error                   [0m [36merror[0m=[35m'400, message=\'Got more than 8190 bytes when reading: b"connect-src \\\'self\\\' wss:'[0m [36murl[0m=[35mhttps://finance.yahoo.com/markets/stocks/articles/allstate-reports-140[0m
[2m2026-04-04T00:23:17.139630Z[0m [[32m[1minfo     [0m] [1mcrawling                      [0m [36mchannel[0m=[35mGoogle->Benzinga[0m [36mtag[0m=[35mgoogle_benzinga[0m
[2m2026-04-04T00:23:19.493966Z[0m [[32m[1minfo     [0m] [1mfetch                         [0m [36mstatus[0m=[35m200[0m [36murl[0m=[35m'https://news.google.com/rss/search?q=ZTS+site:benzinga.com&hl=en-US&gl=US&ceid=US:en'[0m
[2m2026-04-04T00:23:19.500785Z[0m [[32m[1minfo     [0m] [1mparsed                        [0m [36mchannel[0m=[35mgoogle_benzinga[0m [36mraw[0m=[35m8[0m
[2m2026-04-04T00:23:21.506097Z[0m [[32m[1minfo     [0m] [1mfetch                         [0m [36mstatus[0m=[35m200[0m [36murl[0m=[35m'https://news.google.com/rss/search?q=ZTS+site:benzinga.com&hl=en-US&gl=US&ceid=US:en'[0m
[2m2026-04-04T00:23:21.513547Z[0m [[32m[1minfo     [0m] [1mparsed                        [0m [36mchannel[0m=[35mgoogle_benzinga[0m [36mraw[0m=[35m8[0m
[2m2026-04-04T00:23:21.513702Z[0m [[32m[1minfo     [0m] [1mcrawling                      [0m [36mchannel[0m=[35m'Google News (all)'[0m [36mtag[0m=[35mgoogle_broad[0m
[2m2026-04-04T00:23:23.916392Z[0m [[32m[1minfo     [0m] [1mfetch                         [0m [36mstatus[0m=[35m200[0m [36murl[0m=[35m'https://news.google.com/rss/search?q=ZTS+stock+news&hl=en-US&gl=US&ceid=US:en'[0m
[2m2026-04-04T00:23:24.021377Z[0m [[32m[1minfo     [0m] [1mparsed                        [0m [36mchannel[0m=[35mgoogle_broad[0m [36mraw[0m=[35m95[0m
[2m2026-04-04T00:23:26.348137Z[0m [[32m[1minfo     [0m] [1mfetch                         [0m [36mstatus[0m=[35m200[0m [36murl[0m=[35m'https://news.google.com/rss/search?q=ZTS+earnings+analysis&hl=en-US&gl=US&ceid=US:en'[0m
[2m2026-04-04T00:23:26.367163Z[0m [[32m[1minfo     [0m] [1mparsed                        [0m [36mchannel[0m=[35mgoogle_broad[0m [36mraw[0m=[35m29[0m
[2m2026-04-04T00:23:26.368311Z[0m [[32m[1minfo     [0m] [1mquality_filter                [0m [36minput[0m=[35m140[0m [36mpassed[0m=[35m1[0m
[2m2026-04-04T00:23:26.368682Z[0m [[32m[1minfo     [0m] [1mdedup                         [0m [36mafter[0m=[35m1[0m [36mbefore[0m=[35m1[0m
[2m2026-04-04T00:23:26.368817Z[0m [[32m[1minfo     [0m] [1mfulltext_selection            [0m [36mcandidates[0m=[35m1[0m [36mfiltered[0m=[35m1[0m [36mmode[0m=[35mhigh-value[0m [36mticker[0m=[35mZTS[0m
[2m2026-04-04T00:23:28.739485Z[0m [[32m[1minfo     [0m] [1mfetch                         [0m [36mstatus[0m=[35m200[0m [36murl[0m=[35mhttps://www.marketbeat.com/instant-alerts/filing-nilsine-partners-llc-decreases-stock-posi[0m
[2m2026-04-04T00:23:28.997099Z[0m [[32m[1minfo     [0m] [1mcrawling                      [0m [36mchannel[0m=[35mGoogle->Benzinga[0m [36mtag[0m=[35mgoogle_benzinga[0m
[2m2026-04-04T00:23:31.447870Z[0m [[32m[1minfo     [0m] [1mfetch                         [0m [36mstatus[0m=[35m200[0m [36murl[0m=[35m'https://news.google.com/rss/search?q=AME+site:benzinga.com&hl=en-US&gl=US&ceid=US:en'[0m
[2m2026-04-04T00:23:31.505500Z[0m [[32m[1minfo     [0m] [1mparsed                        [0m [36mchannel[0m=[35mgoogle_benzinga[0m [36mraw[0m=[35m60[0m
[2m2026-04-04T00:23:33.511433Z[0m [[32m[1minfo     [0m] [1mfetch                         [0m [36mstatus[0m=[35m200[0m [36murl[0m=[35m'https://news.google.com/rss/search?q=AME+site:benzinga.com&hl=en-US&gl=US&ceid=US:en'[0m
[2m2026-04-04T00:23:33.549714Z[0m [[32m[1minfo     [0m] [1mparsed                        [0m [36mchannel[0m=[35mgoogle_benzinga[0m [36mraw[0m=[35m60[0m
[2m2026-04-04T00:23:33.549884Z[0m [[32m[1minfo     [0m] [1mcrawling                      [0m [36mchannel[0m=[35m'Google News (all)'[0m [36mtag[0m=[35mgoogle_broad[0m
[2m2026-04-04T00:23:35.958362Z[0m [[32m[1minfo     [0m] [1mfetch                         [0m [36mstatus[0m=[35m200[0m [36murl[0m=[35m'https://news.google.com/rss/search?q=AME+stock+news&hl=en-US&gl=US&ceid=US:en'[0m
[2m2026-04-04T00:23:36.027259Z[0m [[32m[1minfo     [0m] [1mparsed                        [0m [36mchannel[0m=[35mgoogle_broad[0m [36mraw[0m=[35m70[0m
[2m2026-04-04T00:23:38.420168Z[0m [[32m[1minfo     [0m] [1mfetch                         [0m [36mstatus[0m=[35m200[0m [36murl[0m=[35m'https://news.google.com/rss/search?q=AME+earnings+analysis&hl=en-US&gl=US&ceid=US:en'[0m
[2m2026-04-04T00:23:38.476889Z[0m [[32m[1minfo     [0m] [1mparsed                        [0m [36mchannel[0m=[35mgoogle_broad[0m [36mraw[0m=[35m59[0m
[2m2026-04-04T00:23:38.478389Z[0m [[32m[1minfo     [0m] [1mquality_filter                [0m [36minput[0m=[35m249[0m [36mpassed[0m=[35m1[0m
[2m2026-04-04T00:23:38.478682Z[0m [[32m[1minfo     [0m] [1mdedup                         [0m [36mafter[0m=[35m1[0m [36mbefore[0m=[35m1[0m
[2m2026-04-04T00:23:38.478788Z[0m [[32m[1minfo     [0m] [1mfulltext_selection            [0m [36mcandidates[0m=[35m0[0m [36mfiltered[0m=[35m1[0m [36mmode[0m=[35mhigh-value[0m [36mticker[0m=[35mAME[0m
[2m2026-04-04T00:23:38.479537Z[0m [[32m[1minfo     [0m] [1mcrawling                      [0m [36mchannel[0m=[35mGoogle->Benzinga[0m [36mtag[0m=[35mgoogle_benzinga[0m
[2m2026-04-04T00:23:41.308706Z[0m [[32m[1minfo     [0m] [1mfetch                         [0m [36mstatus[0m=[35m200[0m [36murl[0m=[35m'https://news.google.com/rss/search?q=GWW+site:benzinga.com&hl=en-US&gl=US&ceid=US:en'[0m
[2m2026-04-04T00:23:41.317929Z[0m [[32m[1minfo     [0m] [1mparsed                        [0m [36mchannel[0m=[35mgoogle_benzinga[0m [36mraw[0m=[35m12[0m
[2m2026-04-04T00:23:43.323253Z[0m [[32m[1minfo     [0m] [1mfetch                         [0m [36mstatus[0m=[35m200[0m [36murl[0m=[35m'https://news.google.com/rss/search?q=GWW+site:benzinga.com&hl=en-US&gl=US&ceid=US:en'[0m
[2m2026-04-04T00:23:43.332517Z[0m [[32m[1minfo     [0m] [1mparsed                        [0m [36mchannel[0m=[35mgoogle_benzinga[0m [36mraw[0m=[35m12[0m
[2m2026-04-04T00:23:43.332693Z[0m [[32m[1minfo     [0m] [1mcrawling                      [0m [36mchannel[0m=[35m'Google News (all)'[0m [36mtag[0m=[35mgoogle_broad[0m
[2m2026-04-04T00:23:45.917862Z[0m [[32m[1minfo     [0m] [1mfetch                         [0m [36mstatus[0m=[35m200[0m [36murl[0m=[35m'https://news.google.com/rss/search?q=GWW+stock+news&hl=en-US&gl=US&ceid=US:en'[0m
[2m2026-04-04T00:23:45.979254Z[0m [[32m[1minfo     [0m] [1mparsed                        [0m [36mchannel[0m=[35mgoogle_broad[0m [36mraw[0m=[35m66[0m
[2m2026-04-04T00:23:48.347827Z[0m [[32m[1minfo     [0m] [1mfetch                         [0m [36mstatus[0m=[35m200[0m [36murl[0m=[35m'https://news.google.com/rss/search?q=GWW+earnings+analysis&hl=en-US&gl=US&ceid=US:en'[0m
[2m2026-04-04T00:23:48.377138Z[0m [[32m[1minfo     [0m] [1mparsed                        [0m [36mchannel[0m=[35mgoogle_broad[0m [36mraw[0m=[35m34[0m
[2m2026-04-04T00:23:48.379224Z[0m [[32m[1minfo     [0m] [1mquality_filter                [0m [36minput[0m=[35m124[0m [36mpassed[0m=[35m8[0m
[2m2026-04-04T00:23:48.380324Z[0m [[32m[1minfo     [0m] [1mdedup                         [0m [36mafter[0m=[35m8[0m [36mbefore[0m=[35m8[0m
[2m2026-04-04T00:23:48.380548Z[0m [[32m[1minfo     [0m] [1mfulltext_selection            [0m [36mcandidates[0m=[35m2[0m [36mfiltered[0m=[35m8[0m [36mmode[0m=[35mhigh-value[0m [36mticker[0m=[35mGWW[0m
[2m2026-04-04T00:23:51.129519Z[0m [[32m[1minfo     [0m] [1mfetch                         [0m [36mstatus[0m=[35m200[0m [36murl[0m=[35mhttps://www.stocktitan.net/sec-filings/GWW/form-4-w-w-grainger-inc-insider-trading-activit[0m
[2m2026-04-04T00:23:51.143773Z[0m [[32m[1minfo     [0m] [1mfetch                         [0m [36mstatus[0m=[35m200[0m [36murl[0m=[35mhttps://www.stocktitan.net/sec-filings/GWW/form-4-w-w-grainger-inc-insider-trading-activit[0m
[2m2026-04-04T00:23:51.364768Z[0m [[32m[1minfo     [0m] [1mcrawling                      [0m [36mchannel[0m=[35mGoogle->Benzinga[0m [36mtag[0m=[35mgoogle_benzinga[0m
[2m2026-04-04T00:23:54.216723Z[0m [[32m[1minfo     [0m] [1mfetch                         [0m [36mstatus[0m=[35m200[0m [36murl[0m=[35m'https://news.google.com/rss/search?q=CAH+site:benzinga.com&hl=en-US&gl=US&ceid=US:en'[0m
[2m2026-04-04T00:23:54.237033Z[0m [[32m[1minfo     [0m] [1mparsed                        [0m [36mchannel[0m=[35mgoogle_benzinga[0m [36mraw[0m=[35m31[0m
[2m2026-04-04T00:23:56.242329Z[0m [[32m[1minfo     [0m] [1mfetch                         [0m [36mstatus[0m=[35m200[0m [36murl[0m=[35m'https://news.google.com/rss/search?q=CAH+site:benzinga.com&hl=en-US&gl=US&ceid=US:en'[0m
[2m2026-04-04T00:23:56.262544Z[0m [[32m[1minfo     [0m] [1mparsed                        [0m [36mchannel[0m=[35mgoogle_benzinga[0m [36mraw[0m=[35m31[0m
[2m2026-04-04T00:23:56.262706Z[0m [[32m[1minfo     [0m] [1mcrawling                      [0m [36mchannel[0m=[35m'Google News (all)'[0m [36mtag[0m=[35mgoogle_broad[0m
[2m2026-04-04T00:23:58.699485Z[0m [[32m[1minfo     [0m] [1mfetch                         [0m [36mstatus[0m=[35m200[0m [36murl[0m=[35m'https://news.google.com/rss/search?q=CAH+stock+news&hl=en-US&gl=US&ceid=US:en'[0m
[2m2026-04-04T00:23:58.841376Z[0m [[32m[1minfo     [0m] [1mparsed                        [0m [36mchannel[0m=[35mgoogle_broad[0m [36mraw[0m=[35m96[0m
[2m2026-04-04T00:24:01.258880Z[0m [[32m[1minfo     [0m] [1mfetch                         [0m [36mstatus[0m=[35m200[0m [36murl[0m=[35m'https://news.google.com/rss/search?q=CAH+earnings+analysis&hl=en-US&gl=US&ceid=US:en'[0m
[2m2026-04-04T00:24:01.385766Z[0m [[32m[1minfo     [0m] [1mparsed                        [0m [36mchannel[0m=[35mgoogle_broad[0m [36mraw[0m=[35m53[0m
[2m2026-04-04T00:24:01.401628Z[0m [[32m[1minfo     [0m] [1mquality_filter                [0m [36minput[0m=[35m211[0m [36mpassed[0m=[35m0[0m
[2m2026-04-04T00:24:01.401784Z[0m [[32m[1minfo     [0m] [1mdedup                         [0m [36mafter[0m=[35m0[0m [36mbefore[0m=[35m0[0m
[2m2026-04-04T00:24:01.401861Z[0m [[32m[1minfo     [0m] [1mfulltext_selection            [0m [36mcandidates[0m=[35m0[0m [36mfiltered[0m=[35m0[0m [36mmode[0m=[35mhigh-value[0m [36mticker[0m=[35mCAH[0m
[2m2026-04-04T00:24:01.402808Z[0m [[32m[1minfo     [0m] [1mcrawling                      [0m [36mchannel[0m=[35mGoogle->Benzinga[0m [36mtag[0m=[35mgoogle_benzinga[0m
[2m2026-04-04T00:24:04.287047Z[0m [[32m[1minfo     [0m] [1mfetch                         [0m [36mstatus[0m=[35m200[0m [36murl[0m=[35m'https://news.google.com/rss/search?q=PSA+site:benzinga.com&hl=en-US&gl=US&ceid=US:en'[0m
[2m2026-04-04T00:24:04.337025Z[0m [[32m[1minfo     [0m] [1mparsed                        [0m [36mchannel[0m=[35mgoogle_benzinga[0m [36mraw[0m=[35m56[0m
[2m2026-04-04T00:24:06.342607Z[0m [[32m[1minfo     [0m] [1mfetch                         [0m [36mstatus[0m=[35m200[0m [36murl[0m=[35m'https://news.google.com/rss/search?q=PSA+site:benzinga.com&hl=en-US&gl=US&ceid=US:en'[0m
[2m2026-04-04T00:24:06.378145Z[0m [[32m[1minfo     [0m] [1mparsed                        [0m [36mchannel[0m=[35mgoogle_benzinga[0m [36mraw[0m=[35m56[0m
[2m2026-04-04T00:24:06.378324Z[0m [[32m[1minfo     [0m] [1mcrawling                      [0m [36mchannel[0m=[35m'Google News (all)'[0m [36mtag[0m=[35mgoogle_broad[0m
[2m2026-04-04T00:24:08.792897Z[0m [[32m[1minfo     [0m] [1mfetch                         [0m [36mstatus[0m=[35m200[0m [36murl[0m=[35m'https://news.google.com/rss/search?q=PSA+stock+news&hl=en-US&gl=US&ceid=US:en'[0m
[2m2026-04-04T00:24:08.909686Z[0m [[32m[1minfo     [0m] [1mparsed                        [0m [36mchannel[0m=[35mgoogle_broad[0m [36mraw[0m=[35m71[0m
[2m2026-04-04T00:24:11.357556Z[0m [[32m[1minfo     [0m] [1mfetch                         [0m [36mstatus[0m=[35m200[0m [36murl[0m=[35m'https://news.google.com/rss/search?q=PSA+earnings+analysis&hl=en-US&gl=US&ceid=US:en'[0m
[2m2026-04-04T00:24:11.416964Z[0m [[32m[1minfo     [0m] [1mparsed                        [0m [36mchannel[0m=[35mgoogle_broad[0m [36mraw[0m=[35m62[0m
[2m2026-04-04T00:24:11.419103Z[0m [[32m[1minfo     [0m] [1mquality_filter                [0m [36minput[0m=[35m245[0m [36mpassed[0m=[35m8[0m
[2m2026-04-04T00:24:11.420264Z[0m [[32m[1minfo     [0m] [1mdedup                         [0m [36mafter[0m=[35m8[0m [36mbefore[0m=[35m8[0m
[2m2026-04-04T00:24:11.420485Z[0m [[32m[1minfo     [0m] [1mfulltext_selection            [0m [36mcandidates[0m=[35m1[0m [36mfiltered[0m=[35m8[0m [36mmode[0m=[35mhigh-value[0m [36mticker[0m=[35mPSA[0m
[2m2026-04-04T00:24:15.041911Z[0m [[32m[1minfo     [0m] [1mfetch                         [0m [36mstatus[0m=[35m200[0m [36murl[0m=[35mhttps://www.stocktitan.net/sec-filings/PSA/form-4-public-storage-insider-trading-activity-[0m
[2m2026-04-04T00:24:15.266042Z[0m [[32m[1minfo     [0m] [1mcrawling                      [0m [36mchannel[0m=[35mGoogle->Benzinga[0m [36mtag[0m=[35mgoogle_benzinga[0m
[2m2026-04-04T00:24:18.119529Z[0m [[32m[1minfo     [0m] [1mfetch                         [0m [36mstatus[0m=[35m200[0m [36murl[0m=[35m'https://news.google.com/rss/search?q=CTVA+site:benzinga.com&hl=en-US&gl=US&ceid=US:en'[0m
[2m2026-04-04T00:24:18.141185Z[0m [[32m[1minfo     [0m] [1mparsed                        [0m [36mchannel[0m=[35mgoogle_benzinga[0m [36mraw[0m=[35m23[0m
[2m2026-04-04T00:24:20.146058Z[0m [[32m[1minfo     [0m] [1mfetch                         [0m [36mstatus[0m=[35m200[0m [36murl[0m=[35m'https://news.google.com/rss/search?q=CTVA+site:benzinga.com&hl=en-US&gl=US&ceid=US:en'[0m
[2m2026-04-04T00:24:20.161223Z[0m [[32m[1minfo     [0m] [1mparsed                        [0m [36mchannel[0m=[35mgoogle_benzinga[0m [36mraw[0m=[35m23[0m
[2m2026-04-04T00:24:20.161385Z[0m [[32m[1minfo     [0m] [1mcrawling                      [0m [36mchannel[0m=[35m'Google News (all)'[0m [36mtag[0m=[35mgoogle_broad[0m
[2m2026-04-04T00:24:22.585729Z[0m [[32m[1minfo     [0m] [1mfetch                         [0m [36mstatus[0m=[35m200[0m [36murl[0m=[35m'https://news.google.com/rss/search?q=CTVA+stock+news&hl=en-US&gl=US&ceid=US:en'[0m
[2m2026-04-04T00:24:22.716536Z[0m [[32m[1minfo     [0m] [1mparsed                        [0m [36mchannel[0m=[35mgoogle_broad[0m [36mraw[0m=[35m89[0m
[2m2026-04-04T00:24:25.064269Z[0m [[32m[1minfo     [0m] [1mfetch                         [0m [36mstatus[0m=[35m200[0m [36murl[0m=[35m'https://news.google.com/rss/search?q=CTVA+earnings+analysis&hl=en-US&gl=US&ceid=US:en'[0m
[2m2026-04-04T00:24:25.096376Z[0m [[32m[1minfo     [0m] [1mparsed                        [0m [36mchannel[0m=[35mgoogle_broad[0m [36mraw[0m=[35m41[0m
[2m2026-04-04T00:24:25.097477Z[0m [[32m[1minfo     [0m] [1mquality_filter                [0m [36minput[0m=[35m176[0m [36mpassed[0m=[35m1[0m
[2m2026-04-04T00:24:25.097763Z[0m [[32m[1minfo     [0m] [1mdedup                         [0m [36mafter[0m=[35m1[0m [36mbefore[0m=[35m1[0m
[2m2026-04-04T00:24:25.097880Z[0m [[32m[1minfo     [0m] [1mfulltext_selection            [0m [36mcandidates[0m=[35m0[0m [36mfiltered[0m=[35m1[0m [36mmode[0m=[35mhigh-value[0m [36mticker[0m=[35mCTVA[0m
[2m2026-04-04T00:24:25.098599Z[0m [[32m[1minfo     [0m] [1mcrawling                      [0m [36mchannel[0m=[35mGoogle->Benzinga[0m [36mtag[0m=[35mgoogle_benzinga[0m
[2m2026-04-04T00:24:27.991426Z[0m [[32m[1minfo     [0m] [1mfetch                         [0m [36mstatus[0m=[35m200[0m [36murl[0m=[35m'https://news.google.com/rss/search?q=CARR+site:benzinga.com&hl=en-US&gl=US&ceid=US:en'[0m
[2m2026-04-04T00:24:28.024564Z[0m [[32m[1minfo     [0m] [1mparsed                        [0m [36mchannel[0m=[35mgoogle_benzinga[0m [36mraw[0m=[35m42[0m
[2m2026-04-04T00:24:30.030680Z[0m [[32m[1minfo     [0m] [1mfetch                         [0m [36mstatus[0m=[35m200[0m [36murl[0m=[35m'https://news.google.com/rss/search?q=CARR+site:benzinga.com&hl=en-US&gl=US&ceid=US:en'[0m
[2m2026-04-04T00:24:30.059319Z[0m [[32m[1minfo     [0m] [1mparsed                        [0m [36mchannel[0m=[35mgoogle_benzinga[0m [36mraw[0m=[35m42[0m
[2m2026-04-04T00:24:30.059484Z[0m [[32m[1minfo     [0m] [1mcrawling                      [0m [36mchannel[0m=[35m'Google News (all)'[0m [36mtag[0m=[35mgoogle_broad[0m
[2m2026-04-04T00:24:32.502317Z[0m [[32m[1minfo     [0m] [1mfetch                         [0m [36mstatus[0m=[35m200[0m [36murl[0m=[35m'https://news.google.com/rss/search?q=CARR+stock+news&hl=en-US&gl=US&ceid=US:en'[0m
[2m2026-04-04T00:24:32.625896Z[0m [[32m[1minfo     [0m] [1mparsed                        [0m [36mchannel[0m=[35mgoogle_broad[0m [36mraw[0m=[35m79[0m
[2m2026-04-04T00:24:35.092936Z[0m [[32m[1minfo     [0m] [1mfetch                         [0m [36mstatus[0m=[35m200[0m [36murl[0m=[35m'https://news.google.com/rss/search?q=CARR+earnings+analysis&hl=en-US&gl=US&ceid=US:en'[0m
[2m2026-04-04T00:24:35.207308Z[0m [[32m[1minfo     [0m] [1mparsed                        [0m [36mchannel[0m=[35mgoogle_broad[0m [36mraw[0m=[35m62[0m
[2m2026-04-04T00:24:35.208969Z[0m [[32m[1minfo     [0m] [1mquality_filter                [0m [36minput[0m=[35m225[0m [36mpassed[0m=[35m4[0m
[2m2026-04-04T00:24:35.209612Z[0m [[32m[1minfo     [0m] [1mdedup                         [0m [36mafter[0m=[35m3[0m [36mbefore[0m=[35m4[0m
[2m2026-04-04T00:24:35.209755Z[0m [[32m[1minfo     [0m] [1mfulltext_selection            [0m [36mcandidates[0m=[35m2[0m [36mfiltered[0m=[35m3[0m [36mmode[0m=[35mhigh-value[0m [36mticker[0m=[35mCARR[0m
[2m2026-04-04T00:24:37.110389Z[0m [[32m[1minfo     [0m] [1mfetch                         [0m [36mstatus[0m=[35m200[0m [36murl[0m=[35mhttps://www.defenseworld.net/2026/04/02/carrier-global-nysecarr-price-target-cut-to-67-00-[0m
[2m2026-04-04T00:24:37.325925Z[0m [[32m[1minfo     [0m] [1mfetch                         [0m [36mstatus[0m=[35m403[0m [36murl[0m=[35mhttps://www.gurufocus.com/news/8765730/carrier-global-carr-barclays-lowers-price-target-bu[0m
[2m2026-04-04T00:24:37.528894Z[0m [[32m[1minfo     [0m] [1mcrawling                      [0m [36mchannel[0m=[35mGoogle->Benzinga[0m [36mtag[0m=[35mgoogle_benzinga[0m
[2m2026-04-04T00:24:42.865945Z[0m [[32m[1minfo     [0m] [1mfetch                         [0m [36mstatus[0m=[35m200[0m [36murl[0m=[35m'https://news.google.com/rss/search?q=KEYS+site:benzinga.com&hl=en-US&gl=US&ceid=US:en'[0m
[2m2026-04-04T00:24:43.019290Z[0m [[32m[1minfo     [0m] [1mparsed                        [0m [36mchannel[0m=[35mgoogle_benzinga[0m [36mraw[0m=[35m100[0m
[2m2026-04-04T00:24:45.025817Z[0m [[32m[1minfo     [0m] [1mfetch                         [0m [36mstatus[0m=[35m200[0m [36murl[0m=[35m'https://news.google.com/rss/search?q=KEYS+site:benzinga.com&hl=en-US&gl=US&ceid=US:en'[0m
[2m2026-04-04T00:24:45.118619Z[0m [[32m[1minfo     [0m] [1mparsed                        [0m [36mchannel[0m=[35mgoogle_benzinga[0m [36mraw[0m=[35m100[0m
[2m2026-04-04T00:24:45.119072Z[0m [[32m[1minfo     [0m] [1mcrawling                      [0m [36mchannel[0m=[35m'Google News (all)'[0m [36mtag[0m=[35mgoogle_broad[0m
[2m2026-04-04T00:24:47.607557Z[0m [[32m[1minfo     [0m] [1mfetch                         [0m [36mstatus[0m=[35m200[0m [36murl[0m=[35m'https://news.google.com/rss/search?q=KEYS+stock+news&hl=en-US&gl=US&ceid=US:en'[0m
[2m2026-04-04T00:24:47.751482Z[0m [[32m[1minfo     [0m] [1mparsed                        [0m [36mchannel[0m=[35mgoogle_broad[0m [36mraw[0m=[35m100[0m
[2m2026-04-04T00:24:50.236773Z[0m [[32m[1minfo     [0m] [1mfetch                         [0m [36mstatus[0m=[35m200[0m [36murl[0m=[35m'https://news.google.com/rss/search?q=KEYS+earnings+analysis&hl=en-US&gl=US&ceid=US:en'[0m
[2m2026-04-04T00:24:50.366786Z[0m [[32m[1minfo     [0m] [1mparsed                        [0m [36mchannel[0m=[35mgoogle_broad[0m [36mraw[0m=[35m88[0m
[2m2026-04-04T00:24:50.367914Z[0m [[32m[1minfo     [0m] [1mquality_filter                [0m [36minput[0m=[35m388[0m [36mpassed[0m=[35m0[0m
[2m2026-04-04T00:24:50.368044Z[0m [[32m[1minfo     [0m] [1mdedup                         [0m [36mafter[0m=[35m0[0m [36mbefore[0m=[35m0[0m
[2m2026-04-04T00:24:50.368118Z[0m [[32m[1minfo     [0m] [1mfulltext_selection            [0m [36mcandidates[0m=[35m0[0m [36mfiltered[0m=[35m0[0m [36mmode[0m=[35mhigh-value[0m [36mticker[0m=[35mKEYS[0m
[2m2026-04-04T00:24:50.368939Z[0m [[32m[1minfo     [0m] [1mcrawling                      [0m [36mchannel[0m=[35mGoogle->Benzinga[0m [36mtag[0m=[35mgoogle_benzinga[0m
[2m2026-04-04T00:24:52.779985Z[0m [[32m[1minfo     [0m] [1mfetch                         [0m [36mstatus[0m=[35m200[0m [36murl[0m=[35m'https://news.google.com/rss/search?q=ADSK+site:benzinga.com&hl=en-US&gl=US&ceid=US:en'[0m
[2m2026-04-04T00:24:52.835916Z[0m [[32m[1minfo     [0m] [1mparsed                        [0m [36mchannel[0m=[35mgoogle_benzinga[0m [36mraw[0m=[35m58[0m
[2m2026-04-04T00:24:54.842708Z[0m [[32m[1minfo     [0m] [1mfetch                         [0m [36mstatus[0m=[35m200[0m [36murl[0m=[35m'https://news.google.com/rss/search?q=ADSK+site:benzinga.com&hl=en-US&gl=US&ceid=US:en'[0m
[2m2026-04-04T00:24:54.878706Z[0m [[32m[1minfo     [0m] [1mparsed                        [0m [36mchannel[0m=[35mgoogle_benzinga[0m [36mraw[0m=[35m58[0m
[2m2026-04-04T00:24:54.878868Z[0m [[32m[1minfo     [0m] [1mcrawling                      [0m [36mchannel[0m=[35m'Google News (all)'[0m [36mtag[0m=[35mgoogle_broad[0m
[2m2026-04-04T00:24:57.315441Z[0m [[32m[1minfo     [0m] [1mfetch                         [0m [36mstatus[0m=[35m200[0m [36murl[0m=[35m'https://news.google.com/rss/search?q=ADSK+stock+news&hl=en-US&gl=US&ceid=US:en'[0m
[2m2026-04-04T00:24:57.459490Z[0m [[32m[1minfo     [0m] [1mparsed                        [0m [36mchannel[0m=[35mgoogle_broad[0m [36mraw[0m=[35m100[0m
[2m2026-04-04T00:24:59.835550Z[0m [[32m[1minfo     [0m] [1mfetch                         [0m [36mstatus[0m=[35m200[0m [36murl[0m=[35m'https://news.google.com/rss/search?q=ADSK+earnings+analysis&hl=en-US&gl=US&ceid=US:en'[0m
[2m2026-04-04T00:24:59.879817Z[0m [[32m[1minfo     [0m] [1mparsed                        [0m [36mchannel[0m=[35mgoogle_broad[0m [36mraw[0m=[35m49[0m
[2m2026-04-04T00:24:59.880758Z[0m [[32m[1minfo     [0m] [1mquality_filter                [0m [36minput[0m=[35m265[0m [36mpassed[0m=[35m0[0m
[2m2026-04-04T00:24:59.880900Z[0m [[32m[1minfo     [0m] [1mdedup                         [0m [36mafter[0m=[35m0[0m [36mbefore[0m=[35m0[0m
[2m2026-04-04T00:24:59.880974Z[0m [[32m[1minfo     [0m] [1mfulltext_selection            [0m [36mcandidates[0m=[35m0[0m [36mfiltered[0m=[35m0[0m [36mmode[0m=[35mhigh-value[0m [36mticker[0m=[35mADSK[0m
[2m2026-04-04T00:24:59.881797Z[0m [[32m[1minfo     [0m] [1mcrawling                      [0m [36mchannel[0m=[35mGoogle->Benzinga[0m [36mtag[0m=[35mgoogle_benzinga[0m
[2m2026-04-04T00:25:02.397949Z[0m [[32m[1minfo     [0m] [1mfetch                         [0m [36mstatus[0m=[35m200[0m [36murl[0m=[35m'https://news.google.com/rss/search?q=TGT+site:benzinga.com&hl=en-US&gl=US&ceid=US:en'[0m
[2m2026-04-04T00:25:02.605341Z[0m [[32m[1minfo     [0m] [1mparsed                        [0m [36mchannel[0m=[35mgoogle_benzinga[0m [36mraw[0m=[35m100[0m
[2m2026-04-04T00:25:04.612184Z[0m [[32m[1minfo     [0m] [1mfetch                         [0m [36mstatus[0m=[35m200[0m [36murl[0m=[35m'https://news.google.com/rss/search?q=TGT+site:benzinga.com&hl=en-US&gl=US&ceid=US:en'[0m
[2m2026-04-04T00:25:04.674626Z[0m [[32m[1minfo     [0m] [1mparsed                        [0m [36mchannel[0m=[35mgoogle_benzinga[0m [36mraw[0m=[35m100[0m
[2m2026-04-04T00:25:04.674797Z[0m [[32m[1minfo     [0m] [1mcrawling                      [0m [36mchannel[0m=[35m'Google News (all)'[0m [36mtag[0m=[35mgoogle_broad[0m
[2m2026-04-04T00:25:07.155180Z[0m [[32m[1minfo     [0m] [1mfetch                         [0m [36mstatus[0m=[35m200[0m [36murl[0m=[35m'https://news.google.com/rss/search?q=TGT+stock+news&hl=en-US&gl=US&ceid=US:en'[0m
[2m2026-04-04T00:25:07.291286Z[0m [[32m[1minfo     [0m] [1mparsed                        [0m [36mchannel[0m=[35mgoogle_broad[0m [36mraw[0m=[35m100[0m
[2m2026-04-04T00:25:09.809004Z[0m [[32m[1minfo     [0m] [1mfetch                         [0m [36mstatus[0m=[35m200[0m [36murl[0m=[35m'https://news.google.com/rss/search?q=TGT+earnings+analysis&hl=en-US&gl=US&ceid=US:en'[0m
[2m2026-04-04T00:25:09.959184Z[0m [[32m[1minfo     [0m] [1mparsed                        [0m [36mchannel[0m=[35mgoogle_broad[0m [36mraw[0m=[35m100[0m
[2m2026-04-04T00:25:09.960755Z[0m [[32m[1minfo     [0m] [1mquality_filter                [0m [36minput[0m=[35m400[0m [36mpassed[0m=[35m2[0m
[2m2026-04-04T00:25:09.961116Z[0m [[32m[1minfo     [0m] [1mdedup                         [0m [36mafter[0m=[35m2[0m [36mbefore[0m=[35m2[0m
[2m2026-04-04T00:25:09.961354Z[0m [[32m[1minfo     [0m] [1mfulltext_selection            [0m [36mcandidates[0m=[35m1[0m [36mfiltered[0m=[35m2[0m [36mmode[0m=[35mhigh-value[0m [36mticker[0m=[35mTGT[0m
[2m2026-04-04T00:25:12.716134Z[0m [[32m[1minfo     [0m] [1mfetch                         [0m [36mstatus[0m=[35m200[0m [36murl[0m=[35mhttps://seekingalpha.com/article/4888149-target-strategic-no-mans-land-rating-downgrade[0m
[2m2026-04-04T00:25:12.929642Z[0m [[32m[1minfo     [0m] [1mcrawling                      [0m [36mchannel[0m=[35mGoogle->Benzinga[0m [36mtag[0m=[35mgoogle_benzinga[0m
[2m2026-04-04T00:25:15.785291Z[0m [[32m[1minfo     [0m] [1mfetch                         [0m [36mstatus[0m=[35m200[0m [36murl[0m=[35m'https://news.google.com/rss/search?q=BDX+site:benzinga.com&hl=en-US&gl=US&ceid=US:en'[0m
[2m2026-04-04T00:25:15.803498Z[0m [[32m[1minfo     [0m] [1mparsed                        [0m [36mchannel[0m=[35mgoogle_benzinga[0m [36mraw[0m=[35m28[0m
[2m2026-04-04T00:25:17.809136Z[0m [[32m[1minfo     [0m] [1mfetch                         [0m [36mstatus[0m=[35m200[0m [36murl[0m=[35m'https://news.google.com/rss/search?q=BDX+site:benzinga.com&hl=en-US&gl=US&ceid=US:en'[0m
[2m2026-04-04T00:25:17.827368Z[0m [[32m[1minfo     [0m] [1mparsed                        [0m [36mchannel[0m=[35mgoogle_benzinga[0m [36mraw[0m=[35m28[0m
[2m2026-04-04T00:25:17.827528Z[0m [[32m[1minfo     [0m] [1mcrawling                      [0m [36mchannel[0m=[35m'Google News (all)'[0m [36mtag[0m=[35mgoogle_broad[0m
[2m2026-04-04T00:25:20.317981Z[0m [[32m[1minfo     [0m] [1mfetch                         [0m [36mstatus[0m=[35m200[0m [36murl[0m=[35m'https://news.google.com/rss/search?q=BDX+stock+news&hl=en-US&gl=US&ceid=US:en'[0m
[2m2026-04-04T00:25:20.462690Z[0m [[32m[1minfo     [0m] [1mparsed                        [0m [36mchannel[0m=[35mgoogle_broad[0m [36mraw[0m=[35m100[0m
[2m2026-04-04T00:25:22.825454Z[0m [[32m[1minfo     [0m] [1mfetch                         [0m [36mstatus[0m=[35m200[0m [36murl[0m=[35m'https://news.google.com/rss/search?q=BDX+earnings+analysis&hl=en-US&gl=US&ceid=US:en'[0m
[2m2026-04-04T00:25:22.856405Z[0m [[32m[1minfo     [0m] [1mparsed                        [0m [36mchannel[0m=[35mgoogle_broad[0m [36mraw[0m=[35m38[0m
[2m2026-04-04T00:25:22.857291Z[0m [[32m[1minfo     [0m] [1mquality_filter                [0m [36minput[0m=[35m194[0m [36mpassed[0m=[35m0[0m
[2m2026-04-04T00:25:22.857426Z[0m [[32m[1minfo     [0m] [1mdedup                         [0m [36mafter[0m=[35m0[0m [36mbefore[0m=[35m0[0m
[2m2026-04-04T00:25:22.857503Z[0m [[32m[1minfo     [0m] [1mfulltext_selection            [0m [36mcandidates[0m=[35m0[0m [36mfiltered[0m=[35m0[0m [36mmode[0m=[35mhigh-value[0m [36mticker[0m=[35mBDX[0m
[2m2026-04-04T00:25:22.858362Z[0m [[32m[1minfo     [0m] [1mcrawling                      [0m [36mchannel[0m=[35mGoogle->Benzinga[0m [36mtag[0m=[35mgoogle_benzinga[0m
[2m2026-04-04T00:25:25.878369Z[0m [[32m[1minfo     [0m] [1mfetch                         [0m [36mstatus[0m=[35m200[0m [36murl[0m=[35m'https://news.google.com/rss/search?q=EA+site:benzinga.com&hl=en-US&gl=US&ceid=US:en'[0m
[2m2026-04-04T00:25:26.020991Z[0m [[32m[1minfo     [0m] [1mparsed                        [0m [36mchannel[0m=[35mgoogle_benzinga[0m [36mraw[0m=[35m100[0m
[2m2026-04-04T00:25:28.026549Z[0m [[32m[1minfo     [0m] [1mfetch                         [0m [36mstatus[0m=[35m200[0m [36murl[0m=[35m'https://news.google.com/rss/search?q=EA+site:benzinga.com&hl=en-US&gl=US&ceid=US:en'[0m
[2m2026-04-04T00:25:28.088020Z[0m [[32m[1minfo     [0m] [1mparsed                        [0m [36mchannel[0m=[35mgoogle_benzinga[0m [36mraw[0m=[35m100[0m
[2m2026-04-04T00:25:28.088190Z[0m [[32m[1minfo     [0m] [1mcrawling                      [0m [36mchannel[0m=[35m'Google News (all)'[0m [36mtag[0m=[35mgoogle_broad[0m
[2m2026-04-04T00:25:30.535033Z[0m [[32m[1minfo     [0m] [1mfetch                         [0m [36mstatus[0m=[35m200[0m [36murl[0m=[35m'https://news.google.com/rss/search?q=EA+stock+news&hl=en-US&gl=US&ceid=US:en'[0m
[2m2026-04-04T00:25:30.688789Z[0m [[32m[1minfo     [0m] [1mparsed                        [0m [36mchannel[0m=[35mgoogle_broad[0m [36mraw[0m=[35m100[0m
[2m2026-04-04T00:25:33.124963Z[0m [[32m[1minfo     [0m] [1mfetch                         [0m [36mstatus[0m=[35m200[0m [36murl[0m=[35m'https://news.google.com/rss/search?q=EA+earnings+analysis&hl=en-US&gl=US&ceid=US:en'[0m
[2m2026-04-04T00:25:33.242066Z[0m [[32m[1minfo     [0m] [1mparsed                        [0m [36mchannel[0m=[35mgoogle_broad[0m [36mraw[0m=[35m69[0m
[2m2026-04-04T00:25:33.243033Z[0m [[32m[1minfo     [0m] [1mquality_filter                [0m [36minput[0m=[35m369[0m [36mpassed[0m=[35m0[0m
[2m2026-04-04T00:25:33.243177Z[0m [[32m[1minfo     [0m] [1mdedup                         [0m [36mafter[0m=[35m0[0m [36mbefore[0m=[35m0[0m
[2m2026-04-04T00:25:33.243352Z[0m [[32m[1minfo     [0m] [1mfulltext_selection            [0m [36mcandidates[0m=[35m0[0m [36mfiltered[0m=[35m0[0m [36mmode[0m=[35mhigh-value[0m [36mticker[0m=[35mEA[0m
[2m2026-04-04T00:25:33.244119Z[0m [[32m[1minfo     [0m] [1mcrawling                      [0m [36mchannel[0m=[35mGoogle->Benzinga[0m [36mtag[0m=[35mgoogle_benzinga[0m
[2m2026-04-04T00:25:35.742331Z[0m [[32m[1minfo     [0m] [1mfetch                         [0m [36mstatus[0m=[35m200[0m [36murl[0m=[35m'https://news.google.com/rss/search?q=EW+site:benzinga.com&hl=en-US&gl=US&ceid=US:en'[0m
[2m2026-04-04T00:25:35.875273Z[0m [[32m[1minfo     [0m] [1mparsed                        [0m [36mchannel[0m=[35mgoogle_benzinga[0m [36mraw[0m=[35m88[0m
[2m2026-04-04T00:25:37.881014Z[0m [[32m[1minfo     [0m] [1mfetch                         [0m [36mstatus[0m=[35m200[0m [36murl[0m=[35m'https://news.google.com/rss/search?q=EW+site:benzinga.com&hl=en-US&gl=US&ceid=US:en'[0m
[2m2026-04-04T00:25:37.933985Z[0m [[32m[1minfo     [0m] [1mparsed                        [0m [36mchannel[0m=[35mgoogle_benzinga[0m [36mraw[0m=[35m88[0m
[2m2026-04-04T00:25:37.934151Z[0m [[32m[1minfo     [0m] [1mcrawling                      [0m [36mchannel[0m=[35m'Google News (all)'[0m [36mtag[0m=[35mgoogle_broad[0m
[2m2026-04-04T00:25:40.351157Z[0m [[32m[1minfo     [0m] [1mfetch                         [0m [36mstatus[0m=[35m200[0m [36murl[0m=[35m'https://news.google.com/rss/search?q=EW+stock+news&hl=en-US&gl=US&ceid=US:en'[0m
[2m2026-04-04T00:25:40.406984Z[0m [[32m[1minfo     [0m] [1mparsed                        [0m [36mchannel[0m=[35mgoogle_broad[0m [36mraw[0m=[35m58[0m
[2m2026-04-04T00:25:42.859865Z[0m [[32m[1minfo     [0m] [1mfetch                         [0m [36mstatus[0m=[35m200[0m [36murl[0m=[35m'https://news.google.com/rss/search?q=EW+earnings+analysis&hl=en-US&gl=US&ceid=US:en'[0m
[2m2026-04-04T00:25:42.980476Z[0m [[32m[1minfo     [0m] [1mparsed                        [0m [36mchannel[0m=[35mgoogle_broad[0m [36mraw[0m=[35m72[0m
[2m2026-04-04T00:25:42.982468Z[0m [[32m[1minfo     [0m] [1mquality_filter                [0m [36minput[0m=[35m306[0m [36mpassed[0m=[35m1[0m
[2m2026-04-04T00:25:42.982741Z[0m [[32m[1minfo     [0m] [1mdedup                         [0m [36mafter[0m=[35m1[0m [36mbefore[0m=[35m1[0m
[2m2026-04-04T00:25:42.982848Z[0m [[32m[1minfo     [0m] [1mfulltext_selection            [0m [36mcandidates[0m=[35m0[0m [36mfiltered[0m=[35m1[0m [36mmode[0m=[35mhigh-value[0m [36mticker[0m=[35mEW[0m
[2m2026-04-04T00:25:42.983617Z[0m [[32m[1minfo     [0m] [1mcrawling                      [0m [36mchannel[0m=[35mGoogle->Benzinga[0m [36mtag[0m=[35mgoogle_benzinga[0m
[2m2026-04-04T00:25:45.415197Z[0m [[32m[1minfo     [0m] [1mfetch                         [0m [36mstatus[0m=[35m200[0m [36murl[0m=[35m'https://news.google.com/rss/search?q=CIEN+site:benzinga.com&hl=en-US&gl=US&ceid=US:en'[0m
[2m2026-04-04T00:25:45.456491Z[0m [[32m[1minfo     [0m] [1mparsed                        [0m [36mchannel[0m=[35mgoogle_benzinga[0m [36mraw[0m=[35m45[0m
[2m2026-04-04T00:25:47.462083Z[0m [[32m[1minfo     [0m] [1mfetch                         [0m [36mstatus[0m=[35m200[0m [36murl[0m=[35m'https://news.google.com/rss/search?q=CIEN+site:benzinga.com&hl=en-US&gl=US&ceid=US:en'[0m
[2m2026-04-04T00:25:47.491372Z[0m [[32m[1minfo     [0m] [1mparsed                        [0m [36mchannel[0m=[35mgoogle_benzinga[0m [36mraw[0m=[35m45[0m
[2m2026-04-04T00:25:47.491541Z[0m [[32m[1minfo     [0m] [1mcrawling                      [0m [36mchannel[0m=[35m'Google News (all)'[0m [36mtag[0m=[35mgoogle_broad[0m
[2m2026-04-04T00:25:49.890963Z[0m [[32m[1minfo     [0m] [1mfetch                         [0m [36mstatus[0m=[35m200[0m [36murl[0m=[35m'https://news.google.com/rss/search?q=CIEN+stock+news&hl=en-US&gl=US&ceid=US:en'[0m
[2m2026-04-04T00:25:50.039893Z[0m [[32m[1minfo     [0m] [1mparsed                        [0m [36mchannel[0m=[35mgoogle_broad[0m [36mraw[0m=[35m100[0m
[2m2026-04-04T00:25:52.441564Z[0m [[32m[1minfo     [0m] [1mfetch                         [0m [36mstatus[0m=[35m200[0m [36murl[0m=[35m'https://news.google.com/rss/search?q=CIEN+earnings+analysis&hl=en-US&gl=US&ceid=US:en'[0m
[2m2026-04-04T00:25:52.484261Z[0m [[32m[1minfo     [0m] [1mparsed                        [0m [36mchannel[0m=[35mgoogle_broad[0m [36mraw[0m=[35m46[0m
[2m2026-04-04T00:25:52.486171Z[0m [[32m[1minfo     [0m] [1mquality_filter                [0m [36minput[0m=[35m236[0m [36mpassed[0m=[35m5[0m
[2m2026-04-04T00:25:52.486869Z[0m [[32m[1minfo     [0m] [1mdedup                         [0m [36mafter[0m=[35m5[0m [36mbefore[0m=[35m5[0m
[2m2026-04-04T00:25:52.487023Z[0m [[32m[1minfo     [0m] [1mfulltext_selection            [0m [36mcandidates[0m=[35m2[0m [36mfiltered[0m=[35m5[0m [36mmode[0m=[35mhigh-value[0m [36mticker[0m=[35mCIEN[0m
[2m2026-04-04T00:25:54.195683Z[0m [[32m[1minfo     [0m] [1mfetch                         [0m [36mstatus[0m=[35m200[0m [36murl[0m=[35mhttps://www.marketbeat.com/instant-alerts/ciena-nysecien-shares-up-76-still-a-buy-2026-04-[0m
[2m2026-04-04T00:25:55.193715Z[0m [[32m[1minfo     [0m] [1mfetch                         [0m [36mstatus[0m=[35m200[0m [36murl[0m=[35mhttps://www.stocktitan.net/sec-filings/CIEN/form-4-ciena-corp-insider-trading-activity-eb7[0m
[2m2026-04-04T00:25:55.415093Z[0m [[32m[1minfo     [0m] [1mcrawling                      [0m [36mchannel[0m=[35mGoogle->Benzinga[0m [36mtag[0m=[35mgoogle_benzinga[0m
[2m2026-04-04T00:25:57.784258Z[0m [[32m[1minfo     [0m] [1mfetch                         [0m [36mstatus[0m=[35m200[0m [36murl[0m=[35m'https://news.google.com/rss/search?q=GRMN+site:benzinga.com&hl=en-US&gl=US&ceid=US:en'[0m
[2m2026-04-04T00:25:57.796739Z[0m [[32m[1minfo     [0m] [1mparsed                        [0m [36mchannel[0m=[35mgoogle_benzinga[0m [36mraw[0m=[35m18[0m
[2m2026-04-04T00:25:59.801927Z[0m [[32m[1minfo     [0m] [1mfetch                         [0m [36mstatus[0m=[35m200[0m [36murl[0m=[35m'https://news.google.com/rss/search?q=GRMN+site:benzinga.com&hl=en-US&gl=US&ceid=US:en'[0m
[2m2026-04-04T00:25:59.814170Z[0m [[32m[1minfo     [0m] [1mparsed                        [0m [36mchannel[0m=[35mgoogle_benzinga[0m [36mraw[0m=[35m18[0m
[2m2026-04-04T00:25:59.814348Z[0m [[32m[1minfo     [0m] [1mcrawling                      [0m [36mchannel[0m=[35m'Google News (all)'[0m [36mtag[0m=[35mgoogle_broad[0m
[2m2026-04-04T00:26:02.258419Z[0m [[32m[1minfo     [0m] [1mfetch                         [0m [36mstatus[0m=[35m200[0m [36murl[0m=[35m'https://news.google.com/rss/search?q=GRMN+stock+news&hl=en-US&gl=US&ceid=US:en'[0m
[2m2026-04-04T00:26:02.453512Z[0m [[32m[1minfo     [0m] [1mparsed                        [0m [36mchannel[0m=[35mgoogle_broad[0m [36mraw[0m=[35m100[0m
[2m2026-04-04T00:26:04.867119Z[0m [[32m[1minfo     [0m] [1mfetch                         [0m [36mstatus[0m=[35m200[0m [36murl[0m=[35m'https://news.google.com/rss/search?q=GRMN+earnings+analysis&hl=en-US&gl=US&ceid=US:en'[0m
[2m2026-04-04T00:26:04.929177Z[0m [[32m[1minfo     [0m] [1mparsed                        [0m [36mchannel[0m=[35mgoogle_broad[0m [36mraw[0m=[35m50[0m
[2m2026-04-04T00:26:04.929964Z[0m [[32m[1minfo     [0m] [1mquality_filter                [0m [36minput[0m=[35m186[0m [36mpassed[0m=[35m0[0m
[2m2026-04-04T00:26:04.930086Z[0m [[32m[1minfo     [0m] [1mdedup                         [0m [36mafter[0m=[35m0[0m [36mbefore[0m=[35m0[0m
[2m2026-04-04T00:26:04.930157Z[0m [[32m[1minfo     [0m] [1mfulltext_selection            [0m [36mcandidates[0m=[35m0[0m [36mfiltered[0m=[35m0[0m [36mmode[0m=[35mhigh-value[0m [36mticker[0m=[35mGRMN[0m
[2m2026-04-04T00:26:04.931071Z[0m [[32m[1minfo     [0m] [1mcrawling                      [0m [36mchannel[0m=[35mGoogle->Benzinga[0m [36mtag[0m=[35mgoogle_benzinga[0m
[2m2026-04-04T00:26:07.368507Z[0m [[32m[1minfo     [0m] [1mfetch                         [0m [36mstatus[0m=[35m200[0m [36murl[0m=[35m'https://news.google.com/rss/search?q=HSY+site:benzinga.com&hl=en-US&gl=US&ceid=US:en'[0m
[2m2026-04-04T00:26:07.384958Z[0m [[32m[1minfo     [0m] [1mparsed                        [0m [36mchannel[0m=[35mgoogle_benzinga[0m [36mraw[0m=[35m25[0m
[2m2026-04-04T00:26:09.390055Z[0m [[32m[1minfo     [0m] [1mfetch                         [0m [36mstatus[0m=[35m200[0m [36murl[0m=[35m'https://news.google.com/rss/search?q=HSY+site:benzinga.com&hl=en-US&gl=US&ceid=US:en'[0m
[2m2026-04-04T00:26:09.406689Z[0m [[32m[1minfo     [0m] [1mparsed                        [0m [36mchannel[0m=[35mgoogle_benzinga[0m [36mraw[0m=[35m25[0m
[2m2026-04-04T00:26:09.406847Z[0m [[32m[1minfo     [0m] [1mcrawling                      [0m [36mchannel[0m=[35m'Google News (all)'[0m [36mtag[0m=[35mgoogle_broad[0m
[2m2026-04-04T00:26:11.827952Z[0m [[32m[1minfo     [0m] [1mfetch                         [0m [36mstatus[0m=[35m200[0m [36murl[0m=[35m'https://news.google.com/rss/search?q=HSY+stock+news&hl=en-US&gl=US&ceid=US:en'[0m
[2m2026-04-04T00:26:11.970539Z[0m [[32m[1minfo     [0m] [1mparsed                        [0m [36mchannel[0m=[35mgoogle_broad[0m [36mraw[0m=[35m100[0m
[2m2026-04-04T00:26:14.404686Z[0m [[32m[1minfo     [0m] [1mfetch                         [0m [36mstatus[0m=[35m200[0m [36murl[0m=[35m'https://news.google.com/rss/search?q=HSY+earnings+analysis&hl=en-US&gl=US&ceid=US:en'[0m
[2m2026-04-04T00:26:14.465317Z[0m [[32m[1minfo     [0m] [1mparsed                        [0m [36mchannel[0m=[35mgoogle_broad[0m [36mraw[0m=[35m66[0m
[2m2026-04-04T00:26:14.467821Z[0m [[32m[1minfo     [0m] [1mquality_filter                [0m [36minput[0m=[35m216[0m [36mpassed[0m=[35m11[0m
[2m2026-04-04T00:26:14.469324Z[0m [[32m[1minfo     [0m] [1mdedup                         [0m [36mafter[0m=[35m11[0m [36mbefore[0m=[35m11[0m
[2m2026-04-04T00:26:14.469583Z[0m [[32m[1minfo     [0m] [1mfulltext_selection            [0m [36mcandidates[0m=[35m0[0m [36mfiltered[0m=[35m11[0m [36mmode[0m=[35mhigh-value[0m [36mticker[0m=[35mHSY[0m
[2m2026-04-04T00:26:14.470347Z[0m [[32m[1minfo     [0m] [1mcrawling                      [0m [36mchannel[0m=[35mGoogle->Benzinga[0m [36mtag[0m=[35mgoogle_benzinga[0m
[2m2026-04-04T00:26:17.440891Z[0m [[32m[1minfo     [0m] [1mfetch                         [0m [36mstatus[0m=[35m200[0m [36murl[0m=[35m'https://news.google.com/rss/search?q=CVNA+site:benzinga.com&hl=en-US&gl=US&ceid=US:en'[0m
[2m2026-04-04T00:26:17.576106Z[0m [[32m[1minfo     [0m] [1mparsed                        [0m [36mchannel[0m=[35mgoogle_benzinga[0m [36mraw[0m=[35m100[0m
[2m2026-04-04T00:26:19.581963Z[0m [[32m[1minfo     [0m] [1mfetch                         [0m [36mstatus[0m=[35m200[0m [36murl[0m=[35m'https://news.google.com/rss/search?q=CVNA+site:benzinga.com&hl=en-US&gl=US&ceid=US:en'[0m
[2m2026-04-04T00:26:19.640681Z[0m [[32m[1minfo     [0m] [1mparsed                        [0m [36mchannel[0m=[35mgoogle_benzinga[0m [36mraw[0m=[35m100[0m
[2m2026-04-04T00:26:19.640850Z[0m [[32m[1minfo     [0m] [1mcrawling                      [0m [36mchannel[0m=[35m'Google News (all)'[0m [36mtag[0m=[35mgoogle_broad[0m
[2m2026-04-04T00:26:22.092166Z[0m [[32m[1minfo     [0m] [1mfetch                         [0m [36mstatus[0m=[35m200[0m [36murl[0m=[35m'https://news.google.com/rss/search?q=CVNA+stock+news&hl=en-US&gl=US&ceid=US:en'[0m
[2m2026-04-04T00:26:22.227797Z[0m [[32m[1minfo     [0m] [1mparsed                        [0m [36mchannel[0m=[35mgoogle_broad[0m [36mraw[0m=[35m100[0m
[2m2026-04-04T00:26:24.607638Z[0m [[32m[1minfo     [0m] [1mfetch                         [0m [36mstatus[0m=[35m200[0m [36murl[0m=[35m'https://news.google.com/rss/search?q=CVNA+earnings+analysis&hl=en-US&gl=US&ceid=US:en'[0m
[2m2026-04-04T00:26:24.665071Z[0m [[32m[1minfo     [0m] [1mparsed                        [0m [36mchannel[0m=[35mgoogle_broad[0m [36mraw[0m=[35m59[0m
[2m2026-04-04T00:26:24.667133Z[0m [[32m[1minfo     [0m] [1mquality_filter                [0m [36minput[0m=[35m359[0m [36mpassed[0m=[35m6[0m
[2m2026-04-04T00:26:24.667955Z[0m [[32m[1minfo     [0m] [1mdedup                         [0m [36mafter[0m=[35m6[0m [36mbefore[0m=[35m6[0m
[2m2026-04-04T00:26:24.668133Z[0m [[32m[1minfo     [0m] [1mfulltext_selection            [0m [36mcandidates[0m=[35m1[0m [36mfiltered[0m=[35m6[0m [36mmode[0m=[35mhigh-value[0m [36mticker[0m=[35mCVNA[0m
[2m2026-04-04T00:26:27.260455Z[0m [[32m[1minfo     [0m] [1mfetch                         [0m [36mstatus[0m=[35m200[0m [36murl[0m=[35mhttps://www.stocktitan.net/sec-filings/CVNA/form-4-carvana-co-insider-trading-activity-e46[0m
[2m2026-04-04T00:26:27.482262Z[0m [[32m[1minfo     [0m] [1mcrawling                      [0m [36mchannel[0m=[35mGoogle->Benzinga[0m [36mtag[0m=[35mgoogle_benzinga[0m
[2m2026-04-04T00:26:30.526473Z[0m [[32m[1minfo     [0m] [1mfetch                         [0m [36mstatus[0m=[35m200[0m [36murl[0m=[35m'https://news.google.com/rss/search?q=MET+site:benzinga.com&hl=en-US&gl=US&ceid=US:en'[0m
[2m2026-04-04T00:26:30.676934Z[0m [[32m[1minfo     [0m] [1mparsed                        [0m [36mchannel[0m=[35mgoogle_benzinga[0m [36mraw[0m=[35m100[0m
[2m2026-04-04T00:26:32.682769Z[0m [[32m[1minfo     [0m] [1mfetch                         [0m [36mstatus[0m=[35m200[0m [36murl[0m=[35m'https://news.google.com/rss/search?q=MET+site:benzinga.com&hl=en-US&gl=US&ceid=US:en'[0m
[2m2026-04-04T00:26:32.743251Z[0m [[32m[1minfo     [0m] [1mparsed                        [0m [36mchannel[0m=[35mgoogle_benzinga[0m [36mraw[0m=[35m100[0m
[2m2026-04-04T00:26:32.743426Z[0m [[32m[1minfo     [0m] [1mcrawling                      [0m [36mchannel[0m=[35m'Google News (all)'[0m [36mtag[0m=[35mgoogle_broad[0m
[2m2026-04-04T00:26:35.169196Z[0m [[32m[1minfo     [0m] [1mfetch                         [0m [36mstatus[0m=[35m200[0m [36murl[0m=[35m'https://news.google.com/rss/search?q=MET+stock+news&hl=en-US&gl=US&ceid=US:en'[0m
[2m2026-04-04T00:26:35.307489Z[0m [[32m[1minfo     [0m] [1mparsed                        [0m [36mchannel[0m=[35mgoogle_broad[0m [36mraw[0m=[35m87[0m
[2m2026-04-04T00:26:37.744036Z[0m [[32m[1minfo     [0m] [1mfetch                         [0m [36mstatus[0m=[35m200[0m [36murl[0m=[35m'https://news.google.com/rss/search?q=MET+earnings+analysis&hl=en-US&gl=US&ceid=US:en'[0m
[2m2026-04-04T00:26:37.863924Z[0m [[32m[1minfo     [0m] [1mparsed                        [0m [36mchannel[0m=[35mgoogle_broad[0m [36mraw[0m=[35m70[0m
[2m2026-04-04T00:26:37.867685Z[0m [[32m[1minfo     [0m] [1mquality_filter                [0m [36minput[0m=[35m357[0m [36mpassed[0m=[35m16[0m
[2m2026-04-04T00:26:37.870245Z[0m [[32m[1minfo     [0m] [1mdedup                         [0m [36mafter[0m=[35m13[0m [36mbefore[0m=[35m16[0m
[2m2026-04-04T00:26:37.870600Z[0m [[32m[1minfo     [0m] [1mfulltext_selection            [0m [36mcandidates[0m=[35m0[0m [36mfiltered[0m=[35m13[0m [36mmode[0m=[35mhigh-value[0m [36mticker[0m=[35mMET[0m
[2m2026-04-04T00:26:37.871381Z[0m [[32m[1minfo     [0m] [1mcrawling                      [0m [36mchannel[0m=[35mGoogle->Benzinga[0m [36mtag[0m=[35mgoogle_benzinga[0m
[2m2026-04-04T00:26:40.323781Z[0m [[32m[1minfo     [0m] [1mfetch                         [0m [36mstatus[0m=[35m200[0m [36murl[0m=[35m'https://news.google.com/rss/search?q=YUM+site:benzinga.com&hl=en-US&gl=US&ceid=US:en'[0m
[2m2026-04-04T00:26:40.448276Z[0m [[32m[1minfo     [0m] [1mparsed                        [0m [36mchannel[0m=[35mgoogle_benzinga[0m [36mraw[0m=[35m77[0m
[2m2026-04-04T00:26:42.460055Z[0m [[32m[1minfo     [0m] [1mfetch                         [0m [36mstatus[0m=[35m200[0m [36murl[0m=[35m'https://news.google.com/rss/search?q=YUM+site:benzinga.com&hl=en-US&gl=US&ceid=US:en'[0m
[2m2026-04-04T00:26:42.505956Z[0m [[32m[1minfo     [0m] [1mparsed                        [0m [36mchannel[0m=[35mgoogle_benzinga[0m [36mraw[0m=[35m77[0m
[2m2026-04-04T00:26:42.506117Z[0m [[32m[1minfo     [0m] [1mcrawling                      [0m [36mchannel[0m=[35m'Google News (all)'[0m [36mtag[0m=[35mgoogle_broad[0m
[2m2026-04-04T00:26:44.987765Z[0m [[32m[1minfo     [0m] [1mfetch                         [0m [36mstatus[0m=[35m200[0m [36murl[0m=[35m'https://news.google.com/rss/search?q=YUM+stock+news&hl=en-US&gl=US&ceid=US:en'[0m
[2m2026-04-04T00:26:45.136281Z[0m [[32m[1minfo     [0m] [1mparsed                        [0m [36mchannel[0m=[35mgoogle_broad[0m [36mraw[0m=[35m100[0m
[2m2026-04-04T00:26:47.552913Z[0m [[32m[1minfo     [0m] [1mfetch                         [0m [36mstatus[0m=[35m200[0m [36murl[0m=[35m'https://news.google.com/rss/search?q=YUM+earnings+analysis&hl=en-US&gl=US&ceid=US:en'[0m
[2m2026-04-04T00:26:47.609570Z[0m [[32m[1minfo     [0m] [1mparsed                        [0m [36mchannel[0m=[35mgoogle_broad[0m [36mraw[0m=[35m58[0m
[2m2026-04-04T00:26:47.612033Z[0m [[32m[1minfo     [0m] [1mquality_filter                [0m [36minput[0m=[35m312[0m [36mpassed[0m=[35m9[0m
[2m2026-04-04T00:26:47.613430Z[0m [[32m[1minfo     [0m] [1mdedup                         [0m [36mafter[0m=[35m9[0m [36mbefore[0m=[35m9[0m
[2m2026-04-04T00:26:47.613676Z[0m [[32m[1minfo     [0m] [1mfulltext_selection            [0m [36mcandidates[0m=[35m3[0m [36mfiltered[0m=[35m9[0m [36mmode[0m=[35mhigh-value[0m [36mticker[0m=[35mYUM[0m
[2m2026-04-04T00:26:49.549506Z[0m [[32m[1minfo     [0m] [1mfetch                         [0m [36mstatus[0m=[35m403[0m [36murl[0m=[35mhttps://www.bitget.com/news/detail/12560605335654[0m
[2m2026-04-04T00:26:49.899339Z[0m [[32m[1minfo     [0m] [1mfetch                         [0m [36mstatus[0m=[35m200[0m [36murl[0m=[35mhttps://www.marketbeat.com/instant-alerts/filing-sg-americas-securities-llc-decreases-stak[0m
[2m2026-04-04T00:26:50.538655Z[0m [[31m[1merror    [0m] [1mfetch_error                   [0m [36merror[0m=[35m'400, message=\'Got more than 8190 bytes when reading: b"connect-src \\\'self\\\' wss:'[0m [36murl[0m=[35mhttps://finance.yahoo.com/markets/stocks/articles/yum-brands-yum-fairl[0m
[2m2026-04-04T00:26:50.741603Z[0m [[32m[1minfo     [0m] [1mcrawling                      [0m [36mchannel[0m=[35mGoogle->Benzinga[0m [36mtag[0m=[35mgoogle_benzinga[0m
[2m2026-04-04T00:26:53.151639Z[0m [[32m[1minfo     [0m] [1mfetch                         [0m [36mstatus[0m=[35m200[0m [36murl[0m=[35m'https://news.google.com/rss/search?q=DHI+site:benzinga.com&hl=en-US&gl=US&ceid=US:en'[0m
[2m2026-04-04T00:26:53.195458Z[0m [[32m[1minfo     [0m] [1mparsed                        [0m [36mchannel[0m=[35mgoogle_benzinga[0m [36mraw[0m=[35m48[0m
[2m2026-04-04T00:26:55.201269Z[0m [[32m[1minfo     [0m] [1mfetch                         [0m [36mstatus[0m=[35m200[0m [36murl[0m=[35m'https://news.google.com/rss/search?q=DHI+site:benzinga.com&hl=en-US&gl=US&ceid=US:en'[0m
[2m2026-04-04T00:26:55.230788Z[0m [[32m[1minfo     [0m] [1mparsed                        [0m [36mchannel[0m=[35mgoogle_benzinga[0m [36mraw[0m=[35m48[0m
[2m2026-04-04T00:26:55.230950Z[0m [[32m[1minfo     [0m] [1mcrawling                      [0m [36mchannel[0m=[35m'Google News (all)'[0m [36mtag[0m=[35mgoogle_broad[0m
[2m2026-04-04T00:26:57.649634Z[0m [[32m[1minfo     [0m] [1mfetch                         [0m [36mstatus[0m=[35m200[0m [36murl[0m=[35m'https://news.google.com/rss/search?q=DHI+stock+news&hl=en-US&gl=US&ceid=US:en'[0m
[2m2026-04-04T00:26:57.781202Z[0m [[32m[1minfo     [0m] [1mparsed                        [0m [36mchannel[0m=[35mgoogle_broad[0m [36mraw[0m=[35m86[0m
[2m2026-04-04T00:27:00.151072Z[0m [[32m[1minfo     [0m] [1mfetch                         [0m [36mstatus[0m=[35m200[0m [36murl[0m=[35m'https://news.google.com/rss/search?q=DHI+earnings+analysis&hl=en-US&gl=US&ceid=US:en'[0m
[2m2026-04-04T00:27:00.196903Z[0m [[32m[1minfo     [0m] [1mparsed                        [0m [36mchannel[0m=[35mgoogle_broad[0m [36mraw[0m=[35m48[0m
[2m2026-04-04T00:27:00.198081Z[0m [[32m[1minfo     [0m] [1mquality_filter                [0m [36minput[0m=[35m230[0m [36mpassed[0m=[35m0[0m
[2m2026-04-04T00:27:00.198372Z[0m [[32m[1minfo     [0m] [1mdedup                         [0m [36mafter[0m=[35m0[0m [36mbefore[0m=[35m0[0m
[2m2026-04-04T00:27:00.198460Z[0m [[32m[1minfo     [0m] [1mfulltext_selection            [0m [36mcandidates[0m=[35m0[0m [36mfiltered[0m=[35m0[0m [36mmode[0m=[35mhigh-value[0m [36mticker[0m=[35mDHI[0m
[2m2026-04-04T00:27:00.199359Z[0m [[32m[1minfo     [0m] [1mcrawling                      [0m [36mchannel[0m=[35mGoogle->Benzinga[0m [36mtag[0m=[35mgoogle_benzinga[0m
[2m2026-04-04T00:27:02.583357Z[0m [[32m[1minfo     [0m] [1mfetch                         [0m [36mstatus[0m=[35m200[0m [36murl[0m=[35m'https://news.google.com/rss/search?q=FITB+site:benzinga.com&hl=en-US&gl=US&ceid=US:en'[0m
[2m2026-04-04T00:27:02.607395Z[0m [[32m[1minfo     [0m] [1mparsed                        [0m [36mchannel[0m=[35mgoogle_benzinga[0m [36mraw[0m=[35m18[0m
[2m2026-04-04T00:27:04.613160Z[0m [[32m[1minfo     [0m] [1mfetch                         [0m [36mstatus[0m=[35m200[0m [36murl[0m=[35m'https://news.google.com/rss/search?q=FITB+site:benzinga.com&hl=en-US&gl=US&ceid=US:en'[0m
[2m2026-04-04T00:27:04.632006Z[0m [[32m[1minfo     [0m] [1mparsed                        [0m [36mchannel[0m=[35mgoogle_benzinga[0m [36mraw[0m=[35m18[0m
[2m2026-04-04T00:27:04.632172Z[0m [[32m[1minfo     [0m] [1mcrawling                      [0m [36mchannel[0m=[35m'Google News (all)'[0m [36mtag[0m=[35mgoogle_broad[0m
[2m2026-04-04T00:27:07.056016Z[0m [[32m[1minfo     [0m] [1mfetch                         [0m [36mstatus[0m=[35m200[0m [36murl[0m=[35m'https://news.google.com/rss/search?q=FITB+stock+news&hl=en-US&gl=US&ceid=US:en'[0m
[2m2026-04-04T00:27:07.199531Z[0m [[32m[1minfo     [0m] [1mparsed                        [0m [36mchannel[0m=[35mgoogle_broad[0m [36mraw[0m=[35m100[0m
[2m2026-04-04T00:27:09.588914Z[0m [[32m[1minfo     [0m] [1mfetch                         [0m [36mstatus[0m=[35m200[0m [36murl[0m=[35m'https://news.google.com/rss/search?q=FITB+earnings+analysis&hl=en-US&gl=US&ceid=US:en'[0m
[2m2026-04-04T00:27:09.631526Z[0m [[32m[1minfo     [0m] [1mparsed                        [0m [36mchannel[0m=[35mgoogle_broad[0m [36mraw[0m=[35m47[0m
[2m2026-04-04T00:27:09.632965Z[0m [[32m[1minfo     [0m] [1mquality_filter                [0m [36minput[0m=[35m183[0m [36mpassed[0m=[35m2[0m
[2m2026-04-04T00:27:09.633356Z[0m [[32m[1minfo     [0m] [1mdedup                         [0m [36mafter[0m=[35m1[0m [36mbefore[0m=[35m2[0m
[2m2026-04-04T00:27:09.633459Z[0m [[32m[1minfo     [0m] [1mfulltext_selection            [0m [36mcandidates[0m=[35m1[0m [36mfiltered[0m=[35m1[0m [36mmode[0m=[35mhigh-value[0m [36mticker[0m=[35mFITB[0m
[2m2026-04-04T00:27:12.526314Z[0m [[31m[1merror    [0m] [1mfetch_error                   [0m [36merror[0m=[35m'400, message=\'Got more than 8190 bytes when reading: b"connect-src \\\'self\\\' wss:'[0m [36murl[0m=[35mhttps://finance.yahoo.com/markets/stocks/articles/regional-banks-stock[0m
[2m2026-04-04T00:27:12.729457Z[0m [[32m[1minfo     [0m] [1mcrawling                      [0m [36mchannel[0m=[35mGoogle->Benzinga[0m [36mtag[0m=[35mgoogle_benzinga[0m
[2m2026-04-04T00:27:15.632638Z[0m [[32m[1minfo     [0m] [1mfetch                         [0m [36mstatus[0m=[35m200[0m [36murl[0m=[35m'https://news.google.com/rss/search?q=SYY+site:benzinga.com&hl=en-US&gl=US&ceid=US:en'[0m
[2m2026-04-04T00:27:15.652730Z[0m [[32m[1minfo     [0m] [1mparsed                        [0m [36mchannel[0m=[35mgoogle_benzinga[0m [36mraw[0m=[35m32[0m
[2m2026-04-04T00:27:17.658188Z[0m [[32m[1minfo     [0m] [1mfetch                         [0m [36mstatus[0m=[35m200[0m [36murl[0m=[35m'https://news.google.com/rss/search?q=SYY+site:benzinga.com&hl=en-US&gl=US&ceid=US:en'[0m
[2m2026-04-04T00:27:17.679021Z[0m [[32m[1minfo     [0m] [1mparsed                        [0m [36mchannel[0m=[35mgoogle_benzinga[0m [36mraw[0m=[35m32[0m
[2m2026-04-04T00:27:17.679186Z[0m [[32m[1minfo     [0m] [1mcrawling                      [0m [36mchannel[0m=[35m'Google News (all)'[0m [36mtag[0m=[35mgoogle_broad[0m
[2m2026-04-04T00:27:20.294869Z[0m [[32m[1minfo     [0m] [1mfetch                         [0m [36mstatus[0m=[35m200[0m [36murl[0m=[35m'https://news.google.com/rss/search?q=SYY+stock+news&hl=en-US&gl=US&ceid=US:en'[0m
[2m2026-04-04T00:27:20.439982Z[0m [[32m[1minfo     [0m] [1mparsed                        [0m [36mchannel[0m=[35mgoogle_broad[0m [36mraw[0m=[35m100[0m
[2m2026-04-04T00:27:22.815805Z[0m [[32m[1minfo     [0m] [1mfetch                         [0m [36mstatus[0m=[35m200[0m [36murl[0m=[35m'https://news.google.com/rss/search?q=SYY+earnings+analysis&hl=en-US&gl=US&ceid=US:en'[0m
[2m2026-04-04T00:27:22.861361Z[0m [[32m[1minfo     [0m] [1mparsed                        [0m [36mchannel[0m=[35mgoogle_broad[0m [36mraw[0m=[35m53[0m
[2m2026-04-04T00:27:22.863532Z[0m [[32m[1minfo     [0m] [1mquality_filter                [0m [36minput[0m=[35m217[0m [36mpassed[0m=[35m8[0m
[2m2026-04-04T00:27:22.864621Z[0m [[32m[1minfo     [0m] [1mdedup                         [0m [36mafter[0m=[35m7[0m [36mbefore[0m=[35m8[0m
[2m2026-04-04T00:27:22.864801Z[0m [[32m[1minfo     [0m] [1mfulltext_selection            [0m [36mcandidates[0m=[35m6[0m [36mfiltered[0m=[35m7[0m [36mmode[0m=[35mhigh-value[0m [36mticker[0m=[35mSYY[0m
[2m2026-04-04T00:27:24.308646Z[0m [[32m[1minfo     [0m] [1mfetch                         [0m [36mstatus[0m=[35m403[0m [36murl[0m=[35mhttps://www.gurufocus.com/news/8769096/ubs-lowers-price-target-for-sysco-syy-to-9000-maint[0m
[2m2026-04-04T00:27:24.766677Z[0m [[32m[1minfo     [0m] [1mfetch                         [0m [36mstatus[0m=[35m403[0m [36murl[0m=[35mhttps://www.gurufocus.com/news/8768942/sysco-syy-gets-price-target-boost-from-citigroup-an[0m
[2m2026-04-04T00:27:25.020165Z[0m [[32m[1minfo     [0m] [1mfetch                         [0m [36mstatus[0m=[35m200[0m [36murl[0m=[35mhttps://www.marketbeat.com/instant-alerts/guggenheim-has-lowered-expectations-for-sysco-ny[0m
[2m2026-04-04T00:27:25.053497Z[0m [[32m[1minfo     [0m] [1mfetch                         [0m [36mstatus[0m=[35m200[0m [36murl[0m=[35mhttps://www.marketbeat.com/instant-alerts/ubs-group-has-lowered-expectations-for-sysco-nys[0m
[2m2026-04-04T00:27:25.105697Z[0m [[32m[1minfo     [0m] [1mfetch                         [0m [36mstatus[0m=[35m403[0m [36murl[0m=[35mhttps://www.gurufocus.com/news/8768431/guggenheim-lowers-price-target-for-sysco-syy-to-90-[0m
[2m2026-04-04T00:27:25.506315Z[0m [[32m[1minfo     [0m] [1mfetch                         [0m [36mstatus[0m=[35m200[0m [36murl[0m=[35mhttps://stockstory.org/us/stocks/nyse/syy/news/earnings/spotting-winners-sysco-nysesyy-and[0m
[2m2026-04-04T00:27:25.712403Z[0m [[32m[1minfo     [0m] [1mcrawling                      [0m [36mchannel[0m=[35mGoogle->Benzinga[0m [36mtag[0m=[35mgoogle_benzinga[0m
[2m2026-04-04T00:27:28.104844Z[0m [[32m[1minfo     [0m] [1mfetch                         [0m [36mstatus[0m=[35m200[0m [36murl[0m=[35m'https://news.google.com/rss/search?q=CBRE+site:benzinga.com&hl=en-US&gl=US&ceid=US:en'[0m
[2m2026-04-04T00:27:28.149114Z[0m [[32m[1minfo     [0m] [1mparsed                        [0m [36mchannel[0m=[35mgoogle_benzinga[0m [36mraw[0m=[35m50[0m
[2m2026-04-04T00:27:30.154427Z[0m [[32m[1minfo     [0m] [1mfetch                         [0m [36mstatus[0m=[35m200[0m [36murl[0m=[35m'https://news.google.com/rss/search?q=CBRE+site:benzinga.com&hl=en-US&gl=US&ceid=US:en'[0m
[2m2026-04-04T00:27:30.184770Z[0m [[32m[1minfo     [0m] [1mparsed                        [0m [36mchannel[0m=[35mgoogle_benzinga[0m [36mraw[0m=[35m50[0m
[2m2026-04-04T00:27:30.184934Z[0m [[32m[1minfo     [0m] [1mcrawling                      [0m [36mchannel[0m=[35m'Google News (all)'[0m [36mtag[0m=[35mgoogle_broad[0m
[2m2026-04-04T00:27:32.645493Z[0m [[32m[1minfo     [0m] [1mfetch                         [0m [36mstatus[0m=[35m200[0m [36murl[0m=[35m'https://news.google.com/rss/search?q=CBRE+stock+news&hl=en-US&gl=US&ceid=US:en'[0m
[2m2026-04-04T00:27:32.788046Z[0m [[32m[1minfo     [0m] [1mparsed                        [0m [36mchannel[0m=[35mgoogle_broad[0m [36mraw[0m=[35m99[0m
[2m2026-04-04T00:27:35.139624Z[0m [[32m[1minfo     [0m] [1mfetch                         [0m [36mstatus[0m=[35m200[0m [36murl[0m=[35m'https://news.google.com/rss/search?q=CBRE+earnings+analysis&hl=en-US&gl=US&ceid=US:en'[0m
[2m2026-04-04T00:27:35.183988Z[0m [[32m[1minfo     [0m] [1mparsed                        [0m [36mchannel[0m=[35mgoogle_broad[0m [36mraw[0m=[35m50[0m
[2m2026-04-04T00:27:35.185489Z[0m [[32m[1minfo     [0m] [1mquality_filter                [0m [36minput[0m=[35m249[0m [36mpassed[0m=[35m2[0m
[2m2026-04-04T00:27:35.185901Z[0m [[32m[1minfo     [0m] [1mdedup                         [0m [36mafter[0m=[35m2[0m [36mbefore[0m=[35m2[0m
[2m2026-04-04T00:27:35.186014Z[0m [[32m[1minfo     [0m] [1mfulltext_selection            [0m [36mcandidates[0m=[35m1[0m [36mfiltered[0m=[35m2[0m [36mmode[0m=[35mhigh-value[0m [36mticker[0m=[35mCBRE[0m
[2m2026-04-04T00:27:36.964498Z[0m [[32m[1minfo     [0m] [1mfetch                         [0m [36mstatus[0m=[35m403[0m [36murl[0m=[35mhttps://www.bitget.com/news/detail/12560605332314[0m
[2m2026-04-04T00:27:37.166919Z[0m [[32m[1minfo     [0m] [1mcrawling                      [0m [36mchannel[0m=[35mGoogle->Benzinga[0m [36mtag[0m=[35mgoogle_benzinga[0m
[2m2026-04-04T00:27:40.036167Z[0m [[32m[1minfo     [0m] [1mfetch                         [0m [36mstatus[0m=[35m200[0m [36murl[0m=[35m'https://news.google.com/rss/search?q=AIG+site:benzinga.com&hl=en-US&gl=US&ceid=US:en'[0m
[2m2026-04-04T00:27:40.066893Z[0m [[32m[1minfo     [0m] [1mparsed                        [0m [36mchannel[0m=[35mgoogle_benzinga[0m [36mraw[0m=[35m38[0m
[2m2026-04-04T00:27:42.072346Z[0m [[32m[1minfo     [0m] [1mfetch                         [0m [36mstatus[0m=[35m200[0m [36murl[0m=[35m'https://news.google.com/rss/search?q=AIG+site:benzinga.com&hl=en-US&gl=US&ceid=US:en'[0m
[2m2026-04-04T00:27:42.096401Z[0m [[32m[1minfo     [0m] [1mparsed                        [0m [36mchannel[0m=[35mgoogle_benzinga[0m [36mraw[0m=[35m38[0m
[2m2026-04-04T00:27:42.096582Z[0m [[32m[1minfo     [0m] [1mcrawling                      [0m [36mchannel[0m=[35m'Google News (all)'[0m [36mtag[0m=[35mgoogle_broad[0m
[2m2026-04-04T00:27:44.590023Z[0m [[32m[1minfo     [0m] [1mfetch                         [0m [36mstatus[0m=[35m200[0m [36murl[0m=[35m'https://news.google.com/rss/search?q=AIG+stock+news&hl=en-US&gl=US&ceid=US:en'[0m
[2m2026-04-04T00:27:44.737811Z[0m [[32m[1minfo     [0m] [1mparsed                        [0m [36mchannel[0m=[35mgoogle_broad[0m [36mraw[0m=[35m100[0m
[2m2026-04-04T00:27:47.111572Z[0m [[32m[1minfo     [0m] [1mfetch                         [0m [36mstatus[0m=[35m200[0m [36murl[0m=[35m'https://news.google.com/rss/search?q=AIG+earnings+analysis&hl=en-US&gl=US&ceid=US:en'[0m
[2m2026-04-04T00:27:47.169466Z[0m [[32m[1minfo     [0m] [1mparsed                        [0m [36mchannel[0m=[35mgoogle_broad[0m [36mraw[0m=[35m61[0m
[2m2026-04-04T00:27:47.170365Z[0m [[32m[1minfo     [0m] [1mquality_filter                [0m [36minput[0m=[35m237[0m [36mpassed[0m=[35m0[0m
[2m2026-04-04T00:27:47.170507Z[0m [[32m[1minfo     [0m] [1mdedup                         [0m [36mafter[0m=[35m0[0m [36mbefore[0m=[35m0[0m
[2m2026-04-04T00:27:47.170583Z[0m [[32m[1minfo     [0m] [1mfulltext_selection            [0m [36mcandidates[0m=[35m0[0m [36mfiltered[0m=[35m0[0m [36mmode[0m=[35mhigh-value[0m [36mticker[0m=[35mAIG[0m
[2m2026-04-04T00:27:47.171390Z[0m [[32m[1minfo     [0m] [1mcrawling                      [0m [36mchannel[0m=[35mGoogle->Benzinga[0m [36mtag[0m=[35mgoogle_benzinga[0m
[2m2026-04-04T00:27:49.662033Z[0m [[32m[1minfo     [0m] [1mfetch                         [0m [36mstatus[0m=[35m200[0m [36murl[0m=[35m'https://news.google.com/rss/search?q=KR+site:benzinga.com&hl=en-US&gl=US&ceid=US:en'[0m
[2m2026-04-04T00:27:49.735265Z[0m [[32m[1minfo     [0m] [1mparsed                        [0m [36mchannel[0m=[35mgoogle_benzinga[0m [36mraw[0m=[35m75[0m
[2m2026-04-04T00:27:51.740715Z[0m [[32m[1minfo     [0m] [1mfetch                         [0m [36mstatus[0m=[35m200[0m [36murl[0m=[35m'https://news.google.com/rss/search?q=KR+site:benzinga.com&hl=en-US&gl=US&ceid=US:en'[0m
[2m2026-04-04T00:27:51.786394Z[0m [[32m[1minfo     [0m] [1mparsed                        [0m [36mchannel[0m=[35mgoogle_benzinga[0m [36mraw[0m=[35m75[0m
[2m2026-04-04T00:27:51.786557Z[0m [[32m[1minfo     [0m] [1mcrawling                      [0m [36mchannel[0m=[35m'Google News (all)'[0m [36mtag[0m=[35mgoogle_broad[0m
[2m2026-04-04T00:27:54.305354Z[0m [[32m[1minfo     [0m] [1mfetch                         [0m [36mstatus[0m=[35m200[0m [36murl[0m=[35m'https://news.google.com/rss/search?q=KR+stock+news&hl=en-US&gl=US&ceid=US:en'[0m
[2m2026-04-04T00:27:54.435780Z[0m [[32m[1minfo     [0m] [1mparsed                        [0m [36mchannel[0m=[35mgoogle_broad[0m [36mraw[0m=[35m100[0m
[2m2026-04-04T00:27:56.919549Z[0m [[32m[1minfo     [0m] [1mfetch                         [0m [36mstatus[0m=[35m200[0m [36murl[0m=[35m'https://news.google.com/rss/search?q=KR+earnings+analysis&hl=en-US&gl=US&ceid=US:en'[0m
[2m2026-04-04T00:27:56.984943Z[0m [[32m[1minfo     [0m] [1mparsed                        [0m [36mchannel[0m=[35mgoogle_broad[0m [36mraw[0m=[35m64[0m
[2m2026-04-04T00:27:56.987028Z[0m [[32m[1minfo     [0m] [1mquality_filter                [0m [36minput[0m=[35m314[0m [36mpassed[0m=[35m2[0m
[2m2026-04-04T00:27:56.987408Z[0m [[32m[1minfo     [0m] [1mdedup                         [0m [36mafter[0m=[35m2[0m [36mbefore[0m=[35m2[0m
[2m2026-04-04T00:27:56.987538Z[0m [[32m[1minfo     [0m] [1mfulltext_selection            [0m [36mcandidates[0m=[35m0[0m [36mfiltered[0m=[35m2[0m [36mmode[0m=[35mhigh-value[0m [36mticker[0m=[35mKR[0m
[2m2026-04-04T00:27:56.988255Z[0m [[32m[1minfo     [0m] [1mcrawling                      [0m [36mchannel[0m=[35mGoogle->Benzinga[0m [36mtag[0m=[35mgoogle_benzinga[0m
[2m2026-04-04T00:27:59.934001Z[0m [[32m[1minfo     [0m] [1mfetch                         [0m [36mstatus[0m=[35m200[0m [36murl[0m=[35m'https://news.google.com/rss/search?q=AMP+site:benzinga.com&hl=en-US&gl=US&ceid=US:en'[0m
[2m2026-04-04T00:28:00.233900Z[0m [[32m[1minfo     [0m] [1mparsed                        [0m [36mchannel[0m=[35mgoogle_benzinga[0m [36mraw[0m=[35m100[0m
[2m2026-04-04T00:28:02.240581Z[0m [[32m[1minfo     [0m] [1mfetch                         [0m [36mstatus[0m=[35m200[0m [36murl[0m=[35m'https://news.google.com/rss/search?q=AMP+site:benzinga.com&hl=en-US&gl=US&ceid=US:en'[0m
[2m2026-04-04T00:28:02.369933Z[0m [[32m[1minfo     [0m] [1mparsed                        [0m [36mchannel[0m=[35mgoogle_benzinga[0m [36mraw[0m=[35m100[0m
[2m2026-04-04T00:28:02.370105Z[0m [[32m[1minfo     [0m] [1mcrawling                      [0m [36mchannel[0m=[35m'Google News (all)'[0m [36mtag[0m=[35mgoogle_broad[0m
[2m2026-04-04T00:28:04.896964Z[0m [[32m[1minfo     [0m] [1mfetch                         [0m [36mstatus[0m=[35m200[0m [36murl[0m=[35m'https://news.google.com/rss/search?q=AMP+stock+news&hl=en-US&gl=US&ceid=US:en'[0m
[2m2026-04-04T00:28:05.020028Z[0m [[32m[1minfo     [0m] [1mparsed                        [0m [36mchannel[0m=[35mgoogle_broad[0m [36mraw[0m=[35m80[0m
[2m2026-04-04T00:28:07.434574Z[0m [[32m[1minfo     [0m] [1mfetch                         [0m [36mstatus[0m=[35m200[0m [36murl[0m=[35m'https://news.google.com/rss/search?q=AMP+earnings+analysis&hl=en-US&gl=US&ceid=US:en'[0m
[2m2026-04-04T00:28:07.555120Z[0m [[32m[1minfo     [0m] [1mparsed                        [0m [36mchannel[0m=[35mgoogle_broad[0m [36mraw[0m=[35m71[0m
[2m2026-04-04T00:28:07.556381Z[0m [[32m[1minfo     [0m] [1mquality_filter                [0m [36minput[0m=[35m351[0m [36mpassed[0m=[35m0[0m
[2m2026-04-04T00:28:07.556518Z[0m [[32m[1minfo     [0m] [1mdedup                         [0m [36mafter[0m=[35m0[0m [36mbefore[0m=[35m0[0m
[2m2026-04-04T00:28:07.556604Z[0m [[32m[1minfo     [0m] [1mfulltext_selection            [0m [36mcandidates[0m=[35m0[0m [36mfiltered[0m=[35m0[0m [36mmode[0m=[35mhigh-value[0m [36mticker[0m=[35mAMP[0m
[2m2026-04-04T00:28:07.557402Z[0m [[32m[1minfo     [0m] [1mcrawling                      [0m [36mchannel[0m=[35mGoogle->Benzinga[0m [36mtag[0m=[35mgoogle_benzinga[0m
[2m2026-04-04T00:28:10.063781Z[0m [[32m[1minfo     [0m] [1mfetch                         [0m [36mstatus[0m=[35m200[0m [36murl[0m=[35m'https://news.google.com/rss/search?q=DAL+site:benzinga.com&hl=en-US&gl=US&ceid=US:en'[0m
[2m2026-04-04T00:28:10.214565Z[0m [[32m[1minfo     [0m] [1mparsed                        [0m [36mchannel[0m=[35mgoogle_benzinga[0m [36mraw[0m=[35m100[0m
[2m2026-04-04T00:28:12.220501Z[0m [[32m[1minfo     [0m] [1mfetch                         [0m [36mstatus[0m=[35m200[0m [36murl[0m=[35m'https://news.google.com/rss/search?q=DAL+site:benzinga.com&hl=en-US&gl=US&ceid=US:en'[0m
[2m2026-04-04T00:28:12.280553Z[0m [[32m[1minfo     [0m] [1mparsed                        [0m [36mchannel[0m=[35mgoogle_benzinga[0m [36mraw[0m=[35m100[0m
[2m2026-04-04T00:28:12.280732Z[0m [[32m[1minfo     [0m] [1mcrawling                      [0m [36mchannel[0m=[35m'Google News (all)'[0m [36mtag[0m=[35mgoogle_broad[0m
[2m2026-04-04T00:28:14.730952Z[0m [[32m[1minfo     [0m] [1mfetch                         [0m [36mstatus[0m=[35m200[0m [36murl[0m=[35m'https://news.google.com/rss/search?q=DAL+stock+news&hl=en-US&gl=US&ceid=US:en'[0m
[2m2026-04-04T00:28:14.874000Z[0m [[32m[1minfo     [0m] [1mparsed                        [0m [36mchannel[0m=[35mgoogle_broad[0m [36mraw[0m=[35m100[0m
[2m2026-04-04T00:28:17.289701Z[0m [[32m[1minfo     [0m] [1mfetch                         [0m [36mstatus[0m=[35m200[0m [36murl[0m=[35m'https://news.google.com/rss/search?q=DAL+earnings+analysis&hl=en-US&gl=US&ceid=US:en'[0m
[2m2026-04-04T00:28:17.337345Z[0m [[32m[1minfo     [0m] [1mparsed                        [0m [36mchannel[0m=[35mgoogle_broad[0m [36mraw[0m=[35m55[0m
[2m2026-04-04T00:28:17.339523Z[0m [[32m[1minfo     [0m] [1mquality_filter                [0m [36minput[0m=[35m355[0m [36mpassed[0m=[35m6[0m
[2m2026-04-04T00:28:17.340467Z[0m [[32m[1minfo     [0m] [1mdedup                         [0m [36mafter[0m=[35m6[0m [36mbefore[0m=[35m6[0m
[2m2026-04-04T00:28:17.340671Z[0m [[32m[1minfo     [0m] [1mfulltext_selection            [0m [36mcandidates[0m=[35m3[0m [36mfiltered[0m=[35m6[0m [36mmode[0m=[35mhigh-value[0m [36mticker[0m=[35mDAL[0m
[2m2026-04-04T00:28:19.543902Z[0m [[32m[1minfo     [0m] [1mfetch                         [0m [36mstatus[0m=[35m403[0m [36murl[0m=[35mhttps://www.mexc.com/news/1001057[0m
[2m2026-04-04T00:28:19.963325Z[0m [[32m[1minfo     [0m] [1mfetch                         [0m [36mstatus[0m=[35m200[0m [36murl[0m=[35mhttps://www.stocktitan.net/sec-filings/DAL/form-4-delta-air-lines-inc-insider-trading-acti[0m
[2m2026-04-04T00:28:21.746397Z[0m [[32m[1minfo     [0m] [1mfetch                         [0m [36mstatus[0m=[35m200[0m [36murl[0m=[35mhttps://coincentral.com/delta-air-lines-dal-stock-analyst-price-targets-amazon-deal-and-in[0m
[2m2026-04-04T00:28:21.969094Z[0m [[32m[1minfo     [0m] [1mcrawling                      [0m [36mchannel[0m=[35mGoogle->Benzinga[0m [36mtag[0m=[35mgoogle_benzinga[0m
[2m2026-04-04T00:28:24.351880Z[0m [[32m[1minfo     [0m] [1mfetch                         [0m [36mstatus[0m=[35m200[0m [36murl[0m=[35m'https://news.google.com/rss/search?q=KDP+site:benzinga.com&hl=en-US&gl=US&ceid=US:en'[0m
[2m2026-04-04T00:28:24.369596Z[0m [[32m[1minfo     [0m] [1mparsed                        [0m [36mchannel[0m=[35mgoogle_benzinga[0m [36mraw[0m=[35m27[0m
[2m2026-04-04T00:28:26.374862Z[0m [[32m[1minfo     [0m] [1mfetch                         [0m [36mstatus[0m=[35m200[0m [36murl[0m=[35m'https://news.google.com/rss/search?q=KDP+site:benzinga.com&hl=en-US&gl=US&ceid=US:en'[0m
[2m2026-04-04T00:28:26.392685Z[0m [[32m[1minfo     [0m] [1mparsed                        [0m [36mchannel[0m=[35mgoogle_benzinga[0m [36mraw[0m=[35m27[0m
[2m2026-04-04T00:28:26.392846Z[0m [[32m[1minfo     [0m] [1mcrawling                      [0m [36mchannel[0m=[35m'Google News (all)'[0m [36mtag[0m=[35mgoogle_broad[0m
[2m2026-04-04T00:28:28.858128Z[0m [[32m[1minfo     [0m] [1mfetch                         [0m [36mstatus[0m=[35m200[0m [36murl[0m=[35m'https://news.google.com/rss/search?q=KDP+stock+news&hl=en-US&gl=US&ceid=US:en'[0m
[2m2026-04-04T00:28:29.003461Z[0m [[32m[1minfo     [0m] [1mparsed                        [0m [36mchannel[0m=[35mgoogle_broad[0m [36mraw[0m=[35m100[0m
[2m2026-04-04T00:28:31.349173Z[0m [[32m[1minfo     [0m] [1mfetch                         [0m [36mstatus[0m=[35m200[0m [36murl[0m=[35m'https://news.google.com/rss/search?q=KDP+earnings+analysis&hl=en-US&gl=US&ceid=US:en'[0m
[2m2026-04-04T00:28:31.377064Z[0m [[32m[1minfo     [0m] [1mparsed                        [0m [36mchannel[0m=[35mgoogle_broad[0m [36mraw[0m=[35m35[0m
[2m2026-04-04T00:28:31.378607Z[0m [[32m[1minfo     [0m] [1mquality_filter                [0m [36minput[0m=[35m189[0m [36mpassed[0m=[35m3[0m
[2m2026-04-04T00:28:31.379054Z[0m [[32m[1minfo     [0m] [1mdedup                         [0m [36mafter[0m=[35m3[0m [36mbefore[0m=[35m3[0m
[2m2026-04-04T00:28:31.379194Z[0m [[32m[1minfo     [0m] [1mfulltext_selection            [0m [36mcandidates[0m=[35m0[0m [36mfiltered[0m=[35m3[0m [36mmode[0m=[35mhigh-value[0m [36mticker[0m=[35mKDP[0m
[2m2026-04-04T00:28:31.379961Z[0m [[32m[1minfo     [0m] [1mcrawling                      [0m [36mchannel[0m=[35mGoogle->Benzinga[0m [36mtag[0m=[35mgoogle_benzinga[0m
[2m2026-04-04T00:28:33.746070Z[0m [[32m[1minfo     [0m] [1mfetch                         [0m [36mstatus[0m=[35m200[0m [36murl[0m=[35m'https://news.google.com/rss/search?q=VTR+site:benzinga.com&hl=en-US&gl=US&ceid=US:en'[0m
[2m2026-04-04T00:28:33.756022Z[0m [[32m[1minfo     [0m] [1mparsed                        [0m [36mchannel[0m=[35mgoogle_benzinga[0m [36mraw[0m=[35m14[0m
[2m2026-04-04T00:28:35.761035Z[0m [[32m[1minfo     [0m] [1mfetch                         [0m [36mstatus[0m=[35m200[0m [36murl[0m=[35m'https://news.google.com/rss/search?q=VTR+site:benzinga.com&hl=en-US&gl=US&ceid=US:en'[0m
[2m2026-04-04T00:28:35.770857Z[0m [[32m[1minfo     [0m] [1mparsed                        [0m [36mchannel[0m=[35mgoogle_benzinga[0m [36mraw[0m=[35m14[0m
[2m2026-04-04T00:28:35.771014Z[0m [[32m[1minfo     [0m] [1mcrawling                      [0m [36mchannel[0m=[35m'Google News (all)'[0m [36mtag[0m=[35mgoogle_broad[0m
[2m2026-04-04T00:28:38.141719Z[0m [[32m[1minfo     [0m] [1mfetch                         [0m [36mstatus[0m=[35m200[0m [36murl[0m=[35m'https://news.google.com/rss/search?q=VTR+stock+news&hl=en-US&gl=US&ceid=US:en'[0m
[2m2026-04-04T00:28:38.176237Z[0m [[32m[1minfo     [0m] [1mparsed                        [0m [36mchannel[0m=[35mgoogle_broad[0m [36mraw[0m=[35m45[0m
[2m2026-04-04T00:28:40.527577Z[0m [[32m[1minfo     [0m] [1mfetch                         [0m [36mstatus[0m=[35m200[0m [36murl[0m=[35m'https://news.google.com/rss/search?q=VTR+earnings+analysis&hl=en-US&gl=US&ceid=US:en'[0m
[2m2026-04-04T00:28:40.557398Z[0m [[32m[1minfo     [0m] [1mparsed                        [0m [36mchannel[0m=[35mgoogle_broad[0m [36mraw[0m=[35m37[0m
[2m2026-04-04T00:28:40.559317Z[0m [[32m[1minfo     [0m] [1mquality_filter                [0m [36minput[0m=[35m110[0m [36mpassed[0m=[35m7[0m
[2m2026-04-04T00:28:40.560189Z[0m [[32m[1minfo     [0m] [1mdedup                         [0m [36mafter[0m=[35m6[0m [36mbefore[0m=[35m7[0m
[2m2026-04-04T00:28:40.560391Z[0m [[32m[1minfo     [0m] [1mfulltext_selection            [0m [36mcandidates[0m=[35m1[0m [36mfiltered[0m=[35m6[0m [36mmode[0m=[35mhigh-value[0m [36mticker[0m=[35mVTR[0m
[2m2026-04-04T00:28:43.788688Z[0m [[31m[1merror    [0m] [1mfetch_error                   [0m [36merror[0m=[35m'400, message=\'Got more than 8190 bytes when reading: b"connect-src \\\'self\\\' wss:'[0m [36murl[0m=[35mhttps://finance.yahoo.com/markets/stocks/articles/why-ventas-vtr-great[0m
[2m2026-04-04T00:28:43.990931Z[0m [[32m[1minfo     [0m] [1mcrawling                      [0m [36mchannel[0m=[35mGoogle->Benzinga[0m [36mtag[0m=[35mgoogle_benzinga[0m
[2m2026-04-04T00:28:46.487847Z[0m [[32m[1minfo     [0m] [1mfetch                         [0m [36mstatus[0m=[35m200[0m [36murl[0m=[35m'https://news.google.com/rss/search?q=EBAY+site:benzinga.com&hl=en-US&gl=US&ceid=US:en'[0m
[2m2026-04-04T00:28:46.620180Z[0m [[32m[1minfo     [0m] [1mparsed                        [0m [36mchannel[0m=[35mgoogle_benzinga[0m [36mraw[0m=[35m100[0m
[2m2026-04-04T00:28:48.625711Z[0m [[32m[1minfo     [0m] [1mfetch                         [0m [36mstatus[0m=[35m200[0m [36murl[0m=[35m'https://news.google.com/rss/search?q=EBAY+site:benzinga.com&hl=en-US&gl=US&ceid=US:en'[0m
[2m2026-04-04T00:28:48.684696Z[0m [[32m[1minfo     [0m] [1mparsed                        [0m [36mchannel[0m=[35mgoogle_benzinga[0m [36mraw[0m=[35m100[0m
[2m2026-04-04T00:28:48.684866Z[0m [[32m[1minfo     [0m] [1mcrawling                      [0m [36mchannel[0m=[35m'Google News (all)'[0m [36mtag[0m=[35mgoogle_broad[0m
[2m2026-04-04T00:28:51.163545Z[0m [[32m[1minfo     [0m] [1mfetch                         [0m [36mstatus[0m=[35m200[0m [36murl[0m=[35m'https://news.google.com/rss/search?q=EBAY+stock+news&hl=en-US&gl=US&ceid=US:en'[0m
[2m2026-04-04T00:28:51.305403Z[0m [[32m[1minfo     [0m] [1mparsed                        [0m [36mchannel[0m=[35mgoogle_broad[0m [36mraw[0m=[35m100[0m
[2m2026-04-04T00:28:53.719698Z[0m [[32m[1minfo     [0m] [1mfetch                         [0m [36mstatus[0m=[35m200[0m [36murl[0m=[35m'https://news.google.com/rss/search?q=EBAY+earnings+analysis&hl=en-US&gl=US&ceid=US:en'[0m
[2m2026-04-04T00:28:53.833889Z[0m [[32m[1minfo     [0m] [1mparsed                        [0m [36mchannel[0m=[35mgoogle_broad[0m [36mraw[0m=[35m69[0m
[2m2026-04-04T00:28:53.836385Z[0m [[32m[1minfo     [0m] [1mquality_filter                [0m [36minput[0m=[35m369[0m [36mpassed[0m=[35m10[0m
[2m2026-04-04T00:28:53.837792Z[0m [[32m[1minfo     [0m] [1mdedup                         [0m [36mafter[0m=[35m10[0m [36mbefore[0m=[35m10[0m
[2m2026-04-04T00:28:53.838008Z[0m [[32m[1minfo     [0m] [1mfulltext_selection            [0m [36mcandidates[0m=[35m6[0m [36mfiltered[0m=[35m10[0m [36mmode[0m=[35mhigh-value[0m [36mticker[0m=[35mEBAY[0m
[2m2026-04-04T00:28:55.912272Z[0m [[32m[1minfo     [0m] [1mfetch                         [0m [36mstatus[0m=[35m200[0m [36murl[0m=[35mhttps://www.msn.com/en-us/money/companies/why-is-ebay-ebay-up-7-1-since-last-earnings-repo[0m
[2m2026-04-04T00:28:55.997726Z[0m [[32m[1minfo     [0m] [1mfetch                         [0m [36mstatus[0m=[35m200[0m [36murl[0m=[35mhttps://www.marketbeat.com/instant-alerts/filing-ebay-inc-ebay-shares-purchased-by-hf-advi[0m
[2m2026-04-04T00:28:56.074323Z[0m [[32m[1minfo     [0m] [1mfetch                         [0m [36mstatus[0m=[35m200[0m [36murl[0m=[35mhttps://www.stocktitan.net/sec-filings/EBAY/form-4-ebay-inc-insider-trading-activity-c3146[0m
[2m2026-04-04T00:28:56.122931Z[0m [[32m[1minfo     [0m] [1mfetch                         [0m [36mstatus[0m=[35m200[0m [36murl[0m=[35mhttps://www.stocktitan.net/sec-filings/EBAY/form-4-ebay-inc-insider-trading-activity-2cdeb[0m
[2m2026-04-04T00:28:56.360718Z[0m [[32m[1minfo     [0m] [1mfetch                         [0m [36mstatus[0m=[35m429[0m [36murl[0m=[35mhttps://www.stocktitan.net/sec-filings/EBAY/form-4-ebay-inc-insider-trading-activity-54a35[0m
[2m2026-04-04T00:28:56.569148Z[0m [[32m[1minfo     [0m] [1mfetch                         [0m [36mstatus[0m=[35m429[0m [36murl[0m=[35mhttps://www.stocktitan.net/sec-filings/EBAY/form-4-ebay-inc-insider-trading-activity-1cd5e[0m
[2m2026-04-04T00:28:56.773419Z[0m [[32m[1minfo     [0m] [1mcrawling                      [0m [36mchannel[0m=[35mGoogle->Benzinga[0m [36mtag[0m=[35mgoogle_benzinga[0m
[2m2026-04-04T00:28:59.142856Z[0m [[32m[1minfo     [0m] [1mfetch                         [0m [36mstatus[0m=[35m200[0m [36murl[0m=[35m'https://news.google.com/rss/search?q=ED+consolidated+edison+site:benzinga.com&hl=en-US&gl='[0m
[2m2026-04-04T00:28:59.153406Z[0m [[32m[1minfo     [0m] [1mparsed                        [0m [36mchannel[0m=[35mgoogle_benzinga[0m [36mraw[0m=[35m8[0m
[2m2026-04-04T00:29:01.422080Z[0m [[32m[1minfo     [0m] [1mfetch                         [0m [36mstatus[0m=[35m200[0m [36murl[0m=[35m'https://news.google.com/rss/search?q=consolidated+edison+site:benzinga.com&hl=en-US&gl=US&'[0m
[2m2026-04-04T00:29:01.481124Z[0m [[32m[1minfo     [0m] [1mparsed                        [0m [36mchannel[0m=[35mgoogle_benzinga[0m [36mraw[0m=[35m22[0m
[2m2026-04-04T00:29:01.481318Z[0m [[32m[1minfo     [0m] [1mcrawling                      [0m [36mchannel[0m=[35m'Google News (all)'[0m [36mtag[0m=[35mgoogle_broad[0m
[2m2026-04-04T00:29:03.956087Z[0m [[32m[1minfo     [0m] [1mfetch                         [0m [36mstatus[0m=[35m200[0m [36murl[0m=[35m'https://news.google.com/rss/search?q=ED+consolidated+edison+stock+news&hl=en-US&gl=US&ceid'[0m
[2m2026-04-04T00:29:04.102645Z[0m [[32m[1minfo     [0m] [1mparsed                        [0m [36mchannel[0m=[35mgoogle_broad[0m [36mraw[0m=[35m100[0m
[2m2026-04-04T00:29:06.515434Z[0m [[32m[1minfo     [0m] [1mfetch                         [0m [36mstatus[0m=[35m200[0m [36murl[0m=[35m'https://news.google.com/rss/search?q=ED+consolidated+edison+earnings+analysis&hl=en-US&gl='[0m
[2m2026-04-04T00:29:06.558912Z[0m [[32m[1minfo     [0m] [1mparsed                        [0m [36mchannel[0m=[35mgoogle_broad[0m [36mraw[0m=[35m49[0m
[2m2026-04-04T00:29:06.560796Z[0m [[32m[1minfo     [0m] [1mquality_filter                [0m [36minput[0m=[35m179[0m [36mpassed[0m=[35m0[0m
[2m2026-04-04T00:29:06.560954Z[0m [[32m[1minfo     [0m] [1mdedup                         [0m [36mafter[0m=[35m0[0m [36mbefore[0m=[35m0[0m
[2m2026-04-04T00:29:06.561031Z[0m [[32m[1minfo     [0m] [1mfulltext_selection            [0m [36mcandidates[0m=[35m0[0m [36mfiltered[0m=[35m0[0m [36mmode[0m=[35mhigh-value[0m [36mticker[0m=[35mED[0m
[2m2026-04-04T00:29:06.561806Z[0m [[32m[1minfo     [0m] [1mcrawling                      [0m [36mchannel[0m=[35mGoogle->Benzinga[0m [36mtag[0m=[35mgoogle_benzinga[0m
[2m2026-04-04T00:29:09.000087Z[0m [[32m[1minfo     [0m] [1mfetch                         [0m [36mstatus[0m=[35m200[0m [36murl[0m=[35m'https://news.google.com/rss/search?q=EL+estee+lauder+site:benzinga.com&hl=en-US&gl=US&ceid'[0m
[2m2026-04-04T00:29:09.057453Z[0m [[32m[1minfo     [0m] [1mparsed                        [0m [36mchannel[0m=[35mgoogle_benzinga[0m [36mraw[0m=[35m59[0m
[2m2026-04-04T00:29:11.434140Z[0m [[32m[1minfo     [0m] [1mfetch                         [0m [36mstatus[0m=[35m200[0m [36murl[0m=[35m'https://news.google.com/rss/search?q=estee+lauder+site:benzinga.com&hl=en-US&gl=US&ceid=US'[0m
[2m2026-04-04T00:29:11.581031Z[0m [[32m[1minfo     [0m] [1mparsed                        [0m [36mchannel[0m=[35mgoogle_benzinga[0m [36mraw[0m=[35m95[0m
[2m2026-04-04T00:29:11.581203Z[0m [[32m[1minfo     [0m] [1mcrawling                      [0m [36mchannel[0m=[35m'Google News (all)'[0m [36mtag[0m=[35mgoogle_broad[0m
[2m2026-04-04T00:29:14.077799Z[0m [[32m[1minfo     [0m] [1mfetch                         [0m [36mstatus[0m=[35m200[0m [36murl[0m=[35m'https://news.google.com/rss/search?q=EL+estee+lauder+stock+news&hl=en-US&gl=US&ceid=US:en'[0m
[2m2026-04-04T00:29:14.225274Z[0m [[32m[1minfo     [0m] [1mparsed                        [0m [36mchannel[0m=[35mgoogle_broad[0m [36mraw[0m=[35m100[0m
[2m2026-04-04T00:29:16.624463Z[0m [[32m[1minfo     [0m] [1mfetch                         [0m [36mstatus[0m=[35m200[0m [36murl[0m=[35m'https://news.google.com/rss/search?q=EL+estee+lauder+earnings+analysis&hl=en-US&gl=US&ceid'[0m
[2m2026-04-04T00:29:16.683715Z[0m [[32m[1minfo     [0m] [1mparsed                        [0m [36mchannel[0m=[35mgoogle_broad[0m [36mraw[0m=[35m61[0m
[2m2026-04-04T00:29:16.686145Z[0m [[32m[1minfo     [0m] [1mquality_filter                [0m [36minput[0m=[35m315[0m [36mpassed[0m=[35m1[0m
[2m2026-04-04T00:29:16.686438Z[0m [[32m[1minfo     [0m] [1mdedup                         [0m [36mafter[0m=[35m1[0m [36mbefore[0m=[35m1[0m
[2m2026-04-04T00:29:16.686534Z[0m [[32m[1minfo     [0m] [1mfulltext_selection            [0m [36mcandidates[0m=[35m1[0m [36mfiltered[0m=[35m1[0m [36mmode[0m=[35mhigh-value[0m [36mticker[0m=[35mEL[0m
[2m2026-04-04T00:29:20.217800Z[0m [[32m[1minfo     [0m] [1mfetch                         [0m [36mstatus[0m=[35m200[0m [36murl[0m=[35mhttps://coincentral.com/estee-lauder-el-stock-drops-2-as-merger-talks-with-puig-advance/[0m
[2m2026-04-04T00:29:20.464820Z[0m [[32m[1minfo     [0m] [1mcrawling                      [0m [36mchannel[0m=[35mGoogle->Benzinga[0m [36mtag[0m=[35mgoogle_benzinga[0m
[2m2026-04-04T00:29:23.305995Z[0m [[32m[1minfo     [0m] [1mfetch                         [0m [36mstatus[0m=[35m200[0m [36murl[0m=[35m'https://news.google.com/rss/search?q=TTWO+site:benzinga.com&hl=en-US&gl=US&ceid=US:en'[0m
[2m2026-04-04T00:29:23.332387Z[0m [[32m[1minfo     [0m] [1mparsed                        [0m [36mchannel[0m=[35mgoogle_benzinga[0m [36mraw[0m=[35m31[0m
[2m2026-04-04T00:29:25.338780Z[0m [[32m[1minfo     [0m] [1mfetch                         [0m [36mstatus[0m=[35m200[0m [36murl[0m=[35m'https://news.google.com/rss/search?q=TTWO+site:benzinga.com&hl=en-US&gl=US&ceid=US:en'[0m
[2m2026-04-04T00:29:25.359228Z[0m [[32m[1minfo     [0m] [1mparsed                        [0m [36mchannel[0m=[35mgoogle_benzinga[0m [36mraw[0m=[35m31[0m
[2m2026-04-04T00:29:25.359393Z[0m [[32m[1minfo     [0m] [1mcrawling                      [0m [36mchannel[0m=[35m'Google News (all)'[0m [36mtag[0m=[35mgoogle_broad[0m
[2m2026-04-04T00:29:27.805765Z[0m [[32m[1minfo     [0m] [1mfetch                         [0m [36mstatus[0m=[35m200[0m [36murl[0m=[35m'https://news.google.com/rss/search?q=TTWO+stock+news&hl=en-US&gl=US&ceid=US:en'[0m
[2m2026-04-04T00:29:27.948275Z[0m [[32m[1minfo     [0m] [1mparsed                        [0m [36mchannel[0m=[35mgoogle_broad[0m [36mraw[0m=[35m100[0m
[2m2026-04-04T00:29:30.397704Z[0m [[32m[1minfo     [0m] [1mfetch                         [0m [36mstatus[0m=[35m200[0m [36murl[0m=[35m'https://news.google.com/rss/search?q=TTWO+earnings+analysis&hl=en-US&gl=US&ceid=US:en'[0m
[2m2026-04-04T00:29:30.533842Z[0m [[32m[1minfo     [0m] [1mparsed                        [0m [36mchannel[0m=[35mgoogle_broad[0m [36mraw[0m=[35m90[0m
[2m2026-04-04T00:29:30.535181Z[0m [[32m[1minfo     [0m] [1mquality_filter                [0m [36minput[0m=[35m252[0m [36mpassed[0m=[35m2[0m
[2m2026-04-04T00:29:30.535662Z[0m [[32m[1minfo     [0m] [1mdedup                         [0m [36mafter[0m=[35m2[0m [36mbefore[0m=[35m2[0m
[2m2026-04-04T00:29:30.535805Z[0m [[32m[1minfo     [0m] [1mfulltext_selection            [0m [36mcandidates[0m=[35m0[0m [36mfiltered[0m=[35m2[0m [36mmode[0m=[35mhigh-value[0m [36mticker[0m=[35mTTWO[0m
[2m2026-04-04T00:29:30.536663Z[0m [[32m[1minfo     [0m] [1mcrawling                      [0m [36mchannel[0m=[35mGoogle->Benzinga[0m [36mtag[0m=[35mgoogle_benzinga[0m
[2m2026-04-04T00:29:32.982952Z[0m [[32m[1minfo     [0m] [1mfetch                         [0m [36mstatus[0m=[35m200[0m [36murl[0m=[35m'https://news.google.com/rss/search?q=CCI+site:benzinga.com&hl=en-US&gl=US&ceid=US:en'[0m
[2m2026-04-04T00:29:33.100467Z[0m [[32m[1minfo     [0m] [1mparsed                        [0m [36mchannel[0m=[35mgoogle_benzinga[0m [36mraw[0m=[35m75[0m
[2m2026-04-04T00:29:35.106089Z[0m [[32m[1minfo     [0m] [1mfetch                         [0m [36mstatus[0m=[35m200[0m [36murl[0m=[35m'https://news.google.com/rss/search?q=CCI+site:benzinga.com&hl=en-US&gl=US&ceid=US:en'[0m
[2m2026-04-04T00:29:35.155498Z[0m [[32m[1minfo     [0m] [1mparsed                        [0m [36mchannel[0m=[35mgoogle_benzinga[0m [36mraw[0m=[35m75[0m
[2m2026-04-04T00:29:35.155673Z[0m [[32m[1minfo     [0m] [1mcrawling                      [0m [36mchannel[0m=[35m'Google News (all)'[0m [36mtag[0m=[35mgoogle_broad[0m
[2m2026-04-04T00:29:37.679324Z[0m [[32m[1minfo     [0m] [1mfetch                         [0m [36mstatus[0m=[35m200[0m [36murl[0m=[35m'https://news.google.com/rss/search?q=CCI+stock+news&hl=en-US&gl=US&ceid=US:en'[0m
[2m2026-04-04T00:29:37.837565Z[0m [[32m[1minfo     [0m] [1mparsed                        [0m [36mchannel[0m=[35mgoogle_broad[0m [36mraw[0m=[35m100[0m
[2m2026-04-04T00:29:40.254092Z[0m [[32m[1minfo     [0m] [1mfetch                         [0m [36mstatus[0m=[35m200[0m [36murl[0m=[35m'https://news.google.com/rss/search?q=CCI+earnings+analysis&hl=en-US&gl=US&ceid=US:en'[0m
[2m2026-04-04T00:29:40.302959Z[0m [[32m[1minfo     [0m] [1mparsed                        [0m [36mchannel[0m=[35mgoogle_broad[0m [36mraw[0m=[35m55[0m
[2m2026-04-04T00:29:40.304002Z[0m [[32m[1minfo     [0m] [1mquality_filter                [0m [36minput[0m=[35m305[0m [36mpassed[0m=[35m0[0m
[2m2026-04-04T00:29:40.304123Z[0m [[32m[1minfo     [0m] [1mdedup                         [0m [36mafter[0m=[35m0[0m [36mbefore[0m=[35m0[0m
[2m2026-04-04T00:29:40.304198Z[0m [[32m[1minfo     [0m] [1mfulltext_selection            [0m [36mcandidates[0m=[35m0[0m [36mfiltered[0m=[35m0[0m [36mmode[0m=[35mhigh-value[0m [36mticker[0m=[35mCCI[0m
[2m2026-04-04T00:29:40.304991Z[0m [[32m[1minfo     [0m] [1mcrawling                      [0m [36mchannel[0m=[35mGoogle->Benzinga[0m [36mtag[0m=[35mgoogle_benzinga[0m
[2m2026-04-04T00:29:42.681844Z[0m [[32m[1minfo     [0m] [1mfetch                         [0m [36mstatus[0m=[35m200[0m [36murl[0m=[35m'https://news.google.com/rss/search?q=HIG+site:benzinga.com&hl=en-US&gl=US&ceid=US:en'[0m
[2m2026-04-04T00:29:42.699575Z[0m [[32m[1minfo     [0m] [1mparsed                        [0m [36mchannel[0m=[35mgoogle_benzinga[0m [36mraw[0m=[35m27[0m
[2m2026-04-04T00:29:44.710005Z[0m [[32m[1minfo     [0m] [1mfetch                         [0m [36mstatus[0m=[35m200[0m [36murl[0m=[35m'https://news.google.com/rss/search?q=HIG+site:benzinga.com&hl=en-US&gl=US&ceid=US:en'[0m
[2m2026-04-04T00:29:44.727366Z[0m [[32m[1minfo     [0m] [1mparsed                        [0m [36mchannel[0m=[35mgoogle_benzinga[0m [36mraw[0m=[35m27[0m
[2m2026-04-04T00:29:44.727532Z[0m [[32m[1minfo     [0m] [1mcrawling                      [0m [36mchannel[0m=[35m'Google News (all)'[0m [36mtag[0m=[35mgoogle_broad[0m
[2m2026-04-04T00:29:47.241747Z[0m [[32m[1minfo     [0m] [1mfetch                         [0m [36mstatus[0m=[35m200[0m [36murl[0m=[35m'https://news.google.com/rss/search?q=HIG+stock+news&hl=en-US&gl=US&ceid=US:en'[0m
[2m2026-04-04T00:29:47.359362Z[0m [[32m[1minfo     [0m] [1mparsed                        [0m [36mchannel[0m=[35mgoogle_broad[0m [36mraw[0m=[35m71[0m
[2m2026-04-04T00:29:49.772002Z[0m [[32m[1minfo     [0m] [1mfetch                         [0m [36mstatus[0m=[35m200[0m [36murl[0m=[35m'https://news.google.com/rss/search?q=HIG+earnings+analysis&hl=en-US&gl=US&ceid=US:en'[0m
[2m2026-04-04T00:29:49.884525Z[0m [[32m[1minfo     [0m] [1mparsed                        [0m [36mchannel[0m=[35mgoogle_broad[0m [36mraw[0m=[35m65[0m
[2m2026-04-04T00:29:49.885540Z[0m [[32m[1minfo     [0m] [1mquality_filter                [0m [36minput[0m=[35m190[0m [36mpassed[0m=[35m0[0m
[2m2026-04-04T00:29:49.885677Z[0m [[32m[1minfo     [0m] [1mdedup                         [0m [36mafter[0m=[35m0[0m [36mbefore[0m=[35m0[0m
[2m2026-04-04T00:29:49.885749Z[0m [[32m[1minfo     [0m] [1mfulltext_selection            [0m [36mcandidates[0m=[35m0[0m [36mfiltered[0m=[35m0[0m [36mmode[0m=[35mhigh-value[0m [36mticker[0m=[35mHIG[0m
[2m2026-04-04T00:29:49.886540Z[0m [[32m[1minfo     [0m] [1mcrawling                      [0m [36mchannel[0m=[35mGoogle->Benzinga[0m [36mtag[0m=[35mgoogle_benzinga[0m
[2m2026-04-04T00:29:52.320390Z[0m [[32m[1minfo     [0m] [1mfetch                         [0m [36mstatus[0m=[35m200[0m [36murl[0m=[35m'https://news.google.com/rss/search?q=GEHC+site:benzinga.com&hl=en-US&gl=US&ceid=US:en'[0m
[2m2026-04-04T00:29:52.364725Z[0m [[32m[1minfo     [0m] [1mparsed                        [0m [36mchannel[0m=[35mgoogle_benzinga[0m [36mraw[0m=[35m51[0m
[2m2026-04-04T00:29:54.370319Z[0m [[32m[1minfo     [0m] [1mfetch                         [0m [36mstatus[0m=[35m200[0m [36murl[0m=[35m'https://news.google.com/rss/search?q=GEHC+site:benzinga.com&hl=en-US&gl=US&ceid=US:en'[0m
[2m2026-04-04T00:29:54.401199Z[0m [[32m[1minfo     [0m] [1mparsed                        [0m [36mchannel[0m=[35mgoogle_benzinga[0m [36mraw[0m=[35m51[0m
[2m2026-04-04T00:29:54.401379Z[0m [[32m[1minfo     [0m] [1mcrawling                      [0m [36mchannel[0m=[35m'Google News (all)'[0m [36mtag[0m=[35mgoogle_broad[0m
[2m2026-04-04T00:29:56.861633Z[0m [[32m[1minfo     [0m] [1mfetch                         [0m [36mstatus[0m=[35m200[0m [36murl[0m=[35m'https://news.google.com/rss/search?q=GEHC+stock+news&hl=en-US&gl=US&ceid=US:en'[0m
[2m2026-04-04T00:29:56.995235Z[0m [[32m[1minfo     [0m] [1mparsed                        [0m [36mchannel[0m=[35mgoogle_broad[0m [36mraw[0m=[35m100[0m
[2m2026-04-04T00:29:59.441877Z[0m [[32m[1minfo     [0m] [1mfetch                         [0m [36mstatus[0m=[35m200[0m [36murl[0m=[35m'https://news.google.com/rss/search?q=GEHC+earnings+analysis&hl=en-US&gl=US&ceid=US:en'[0m
[2m2026-04-04T00:29:59.487759Z[0m [[32m[1minfo     [0m] [1mparsed                        [0m [36mchannel[0m=[35mgoogle_broad[0m [36mraw[0m=[35m52[0m
[2m2026-04-04T00:29:59.488853Z[0m [[32m[1minfo     [0m] [1mquality_filter                [0m [36minput[0m=[35m254[0m [36mpassed[0m=[35m0[0m
[2m2026-04-04T00:29:59.488989Z[0m [[32m[1minfo     [0m] [1mdedup                         [0m [36mafter[0m=[35m0[0m [36mbefore[0m=[35m0[0m
[2m2026-04-04T00:29:59.489114Z[0m [[32m[1minfo     [0m] [1mfulltext_selection            [0m [36mcandidates[0m=[35m0[0m [36mfiltered[0m=[35m0[0m [36mmode[0m=[35mhigh-value[0m [36mticker[0m=[35mGEHC[0m
[2m2026-04-04T00:29:59.489834Z[0m [[32m[1minfo     [0m] [1mcrawling                      [0m [36mchannel[0m=[35mGoogle->Benzinga[0m [36mtag[0m=[35mgoogle_benzinga[0m
[2m2026-04-04T00:30:01.915571Z[0m [[32m[1minfo     [0m] [1mfetch                         [0m [36mstatus[0m=[35m200[0m [36murl[0m=[35m'https://news.google.com/rss/search?q=LVS+site:benzinga.com&hl=en-US&gl=US&ceid=US:en'[0m
[2m2026-04-04T00:30:02.015357Z[0m [[32m[1minfo     [0m] [1mparsed                        [0m [36mchannel[0m=[35mgoogle_benzinga[0m [36mraw[0m=[35m52[0m
[2m2026-04-04T00:30:04.021850Z[0m [[32m[1minfo     [0m] [1mfetch                         [0m [36mstatus[0m=[35m200[0m [36murl[0m=[35m'https://news.google.com/rss/search?q=LVS+site:benzinga.com&hl=en-US&gl=US&ceid=US:en'[0m
[2m2026-04-04T00:30:04.150779Z[0m [[32m[1minfo     [0m] [1mparsed                        [0m [36mchannel[0m=[35mgoogle_benzinga[0m [36mraw[0m=[35m52[0m
[2m2026-04-04T00:30:04.153880Z[0m [[32m[1minfo     [0m] [1mcrawling                      [0m [36mchannel[0m=[35m'Google News (all)'[0m [36mtag[0m=[35mgoogle_broad[0m
[2m2026-04-04T00:30:06.671795Z[0m [[32m[1minfo     [0m] [1mfetch                         [0m [36mstatus[0m=[35m200[0m [36murl[0m=[35m'https://news.google.com/rss/search?q=LVS+stock+news&hl=en-US&gl=US&ceid=US:en'[0m
[2m2026-04-04T00:30:06.801949Z[0m [[32m[1minfo     [0m] [1mparsed                        [0m [36mchannel[0m=[35mgoogle_broad[0m [36mraw[0m=[35m100[0m
[2m2026-04-04T00:30:09.193302Z[0m [[32m[1minfo     [0m] [1mfetch                         [0m [36mstatus[0m=[35m200[0m [36murl[0m=[35m'https://news.google.com/rss/search?q=LVS+earnings+analysis&hl=en-US&gl=US&ceid=US:en'[0m
[2m2026-04-04T00:30:09.232080Z[0m [[32m[1minfo     [0m] [1mparsed                        [0m [36mchannel[0m=[35mgoogle_broad[0m [36mraw[0m=[35m52[0m
[2m2026-04-04T00:30:09.233413Z[0m [[32m[1minfo     [0m] [1mquality_filter                [0m [36minput[0m=[35m256[0m [36mpassed[0m=[35m1[0m
[2m2026-04-04T00:30:09.233722Z[0m [[32m[1minfo     [0m] [1mdedup                         [0m [36mafter[0m=[35m1[0m [36mbefore[0m=[35m1[0m
[2m2026-04-04T00:30:09.233815Z[0m [[32m[1minfo     [0m] [1mfulltext_selection            [0m [36mcandidates[0m=[35m1[0m [36mfiltered[0m=[35m1[0m [36mmode[0m=[35mhigh-value[0m [36mticker[0m=[35mLVS[0m
[2m2026-04-04T00:30:12.753587Z[0m [[32m[1minfo     [0m] [1mfetch                         [0m [36mstatus[0m=[35m200[0m [36murl[0m=[35mhttps://www.sharewise.com/de/news_articles/Will_Las_Vegas_Sands_LVS_Beat_Estimates_Again_i[0m
[2m2026-04-04T00:30:12.957861Z[0m [[32m[1minfo     [0m] [1mcrawling                      [0m [36mchannel[0m=[35mGoogle->Benzinga[0m [36mtag[0m=[35mgoogle_benzinga[0m
[2m2026-04-04T00:30:15.428176Z[0m [[32m[1minfo     [0m] [1mfetch                         [0m [36mstatus[0m=[35m200[0m [36murl[0m=[35m'https://news.google.com/rss/search?q=LYV+site:benzinga.com&hl=en-US&gl=US&ceid=US:en'[0m
[2m2026-04-04T00:30:15.472525Z[0m [[32m[1minfo     [0m] [1mparsed                        [0m [36mchannel[0m=[35mgoogle_benzinga[0m [36mraw[0m=[35m49[0m
[2m2026-04-04T00:30:17.478143Z[0m [[32m[1minfo     [0m] [1mfetch                         [0m [36mstatus[0m=[35m200[0m [36murl[0m=[35m'https://news.google.com/rss/search?q=LYV+site:benzinga.com&hl=en-US&gl=US&ceid=US:en'[0m
[2m2026-04-04T00:30:17.509069Z[0m [[32m[1minfo     [0m] [1mparsed                        [0m [36mchannel[0m=[35mgoogle_benzinga[0m [36mraw[0m=[35m49[0m
[2m2026-04-04T00:30:17.509251Z[0m [[32m[1minfo     [0m] [1mcrawling                      [0m [36mchannel[0m=[35m'Google News (all)'[0m [36mtag[0m=[35mgoogle_broad[0m
[2m2026-04-04T00:30:19.892583Z[0m [[32m[1minfo     [0m] [1mfetch                         [0m [36mstatus[0m=[35m200[0m [36murl[0m=[35m'https://news.google.com/rss/search?q=LYV+stock+news&hl=en-US&gl=US&ceid=US:en'[0m
[2m2026-04-04T00:30:19.952877Z[0m [[32m[1minfo     [0m] [1mparsed                        [0m [36mchannel[0m=[35mgoogle_broad[0m [36mraw[0m=[35m66[0m
[2m2026-04-04T00:30:22.387282Z[0m [[32m[1minfo     [0m] [1mfetch                         [0m [36mstatus[0m=[35m200[0m [36murl[0m=[35m'https://news.google.com/rss/search?q=LYV+earnings+analysis&hl=en-US&gl=US&ceid=US:en'[0m
[2m2026-04-04T00:30:22.418150Z[0m [[32m[1minfo     [0m] [1mparsed                        [0m [36mchannel[0m=[35mgoogle_broad[0m [36mraw[0m=[35m39[0m
[2m2026-04-04T00:30:22.419271Z[0m [[32m[1minfo     [0m] [1mquality_filter                [0m [36minput[0m=[35m203[0m [36mpassed[0m=[35m1[0m
[2m2026-04-04T00:30:22.419580Z[0m [[32m[1minfo     [0m] [1mdedup                         [0m [36mafter[0m=[35m1[0m [36mbefore[0m=[35m1[0m
[2m2026-04-04T00:30:22.419696Z[0m [[32m[1minfo     [0m] [1mfulltext_selection            [0m [36mcandidates[0m=[35m1[0m [36mfiltered[0m=[35m1[0m [36mmode[0m=[35mhigh-value[0m [36mticker[0m=[35mLYV[0m
[2m2026-04-04T00:30:24.405434Z[0m [[32m[1minfo     [0m] [1mfetch                         [0m [36mstatus[0m=[35m403[0m [36murl[0m=[35mhttps://www.gurufocus.com/news/8768419/live-nation-entertainment-lyv-wells-fargo-lowers-pr[0m
[2m2026-04-04T00:30:24.607525Z[0m [[32m[1minfo     [0m] [1mcrawling                      [0m [36mchannel[0m=[35mGoogle->Benzinga[0m [36mtag[0m=[35mgoogle_benzinga[0m
[2m2026-04-04T00:30:27.000374Z[0m [[32m[1minfo     [0m] [1mfetch                         [0m [36mstatus[0m=[35m200[0m [36murl[0m=[35m'https://news.google.com/rss/search?q=RMD+site:benzinga.com&hl=en-US&gl=US&ceid=US:en'[0m
[2m2026-04-04T00:30:27.023955Z[0m [[32m[1minfo     [0m] [1mparsed                        [0m [36mchannel[0m=[35mgoogle_benzinga[0m [36mraw[0m=[35m27[0m
[2m2026-04-04T00:30:29.029452Z[0m [[32m[1minfo     [0m] [1mfetch                         [0m [36mstatus[0m=[35m200[0m [36murl[0m=[35m'https://news.google.com/rss/search?q=RMD+site:benzinga.com&hl=en-US&gl=US&ceid=US:en'[0m
[2m2026-04-04T00:30:29.046789Z[0m [[32m[1minfo     [0m] [1mparsed                        [0m [36mchannel[0m=[35mgoogle_benzinga[0m [36mraw[0m=[35m27[0m
[2m2026-04-04T00:30:29.046947Z[0m [[32m[1minfo     [0m] [1mcrawling                      [0m [36mchannel[0m=[35m'Google News (all)'[0m [36mtag[0m=[35mgoogle_broad[0m
[2m2026-04-04T00:30:31.444183Z[0m [[32m[1minfo     [0m] [1mfetch                         [0m [36mstatus[0m=[35m200[0m [36murl[0m=[35m'https://news.google.com/rss/search?q=RMD+stock+news&hl=en-US&gl=US&ceid=US:en'[0m
[2m2026-04-04T00:30:31.502663Z[0m [[32m[1minfo     [0m] [1mparsed                        [0m [36mchannel[0m=[35mgoogle_broad[0m [36mraw[0m=[35m63[0m
[2m2026-04-04T00:30:33.878931Z[0m [[32m[1minfo     [0m] [1mfetch                         [0m [36mstatus[0m=[35m200[0m [36murl[0m=[35m'https://news.google.com/rss/search?q=RMD+earnings+analysis&hl=en-US&gl=US&ceid=US:en'[0m
[2m2026-04-04T00:30:33.913412Z[0m [[32m[1minfo     [0m] [1mparsed                        [0m [36mchannel[0m=[35mgoogle_broad[0m [36mraw[0m=[35m45[0m
[2m2026-04-04T00:30:33.914833Z[0m [[32m[1minfo     [0m] [1mquality_filter                [0m [36minput[0m=[35m162[0m [36mpassed[0m=[35m2[0m
[2m2026-04-04T00:30:33.915222Z[0m [[32m[1minfo     [0m] [1mdedup                         [0m [36mafter[0m=[35m2[0m [36mbefore[0m=[35m2[0m
[2m2026-04-04T00:30:33.915347Z[0m [[32m[1minfo     [0m] [1mfulltext_selection            [0m [36mcandidates[0m=[35m1[0m [36mfiltered[0m=[35m2[0m [36mmode[0m=[35mhigh-value[0m [36mticker[0m=[35mRMD[0m
[2m2026-04-04T00:30:36.557349Z[0m [[32m[1minfo     [0m] [1mfetch                         [0m [36mstatus[0m=[35m200[0m [36murl[0m=[35mhttps://www.stocktitan.net/sec-filings/RMD/form-4-resmed-inc-insider-trading-activity-1428[0m
[2m2026-04-04T00:30:36.779009Z[0m [[32m[1minfo     [0m] [1mcrawling                      [0m [36mchannel[0m=[35mGoogle->Benzinga[0m [36mtag[0m=[35mgoogle_benzinga[0m
[2m2026-04-04T00:30:39.135205Z[0m [[32m[1minfo     [0m] [1mfetch                         [0m [36mstatus[0m=[35m200[0m [36murl[0m=[35m'https://news.google.com/rss/search?q=ROP+site:benzinga.com&hl=en-US&gl=US&ceid=US:en'[0m
[2m2026-04-04T00:30:39.145219Z[0m [[32m[1minfo     [0m] [1mparsed                        [0m [36mchannel[0m=[35mgoogle_benzinga[0m [36mraw[0m=[35m13[0m
[2m2026-04-04T00:30:41.150914Z[0m [[32m[1minfo     [0m] [1mfetch                         [0m [36mstatus[0m=[35m200[0m [36murl[0m=[35m'https://news.google.com/rss/search?q=ROP+site:benzinga.com&hl=en-US&gl=US&ceid=US:en'[0m
[2m2026-04-04T00:30:41.160839Z[0m [[32m[1minfo     [0m] [1mparsed                        [0m [36mchannel[0m=[35mgoogle_benzinga[0m [36mraw[0m=[35m13[0m
[2m2026-04-04T00:30:41.160998Z[0m [[32m[1minfo     [0m] [1mcrawling                      [0m [36mchannel[0m=[35m'Google News (all)'[0m [36mtag[0m=[35mgoogle_broad[0m
[2m2026-04-04T00:30:43.569055Z[0m [[32m[1minfo     [0m] [1mfetch                         [0m [36mstatus[0m=[35m200[0m [36murl[0m=[35m'https://news.google.com/rss/search?q=ROP+stock+news&hl=en-US&gl=US&ceid=US:en'[0m
[2m2026-04-04T00:30:43.654526Z[0m [[32m[1minfo     [0m] [1mparsed                        [0m [36mchannel[0m=[35mgoogle_broad[0m [36mraw[0m=[35m85[0m
[2m2026-04-04T00:30:46.120118Z[0m [[32m[1minfo     [0m] [1mfetch                         [0m [36mstatus[0m=[35m200[0m [36murl[0m=[35m'https://news.google.com/rss/search?q=ROP+earnings+analysis&hl=en-US&gl=US&ceid=US:en'[0m
[2m2026-04-04T00:30:46.182918Z[0m [[32m[1minfo     [0m] [1mparsed                        [0m [36mchannel[0m=[35mgoogle_broad[0m [36mraw[0m=[35m70[0m
[2m2026-04-04T00:30:46.184183Z[0m [[32m[1minfo     [0m] [1mquality_filter                [0m [36minput[0m=[35m181[0m [36mpassed[0m=[35m2[0m
[2m2026-04-04T00:30:46.184701Z[0m [[32m[1minfo     [0m] [1mdedup                         [0m [36mafter[0m=[35m2[0m [36mbefore[0m=[35m2[0m
[2m2026-04-04T00:30:46.184852Z[0m [[32m[1minfo     [0m] [1mfulltext_selection            [0m [36mcandidates[0m=[35m2[0m [36mfiltered[0m=[35m2[0m [36mmode[0m=[35mhigh-value[0m [36mticker[0m=[35mROP[0m
[2m2026-04-04T00:30:48.144988Z[0m [[32m[1minfo     [0m] [1mfetch                         [0m [36mstatus[0m=[35m200[0m [36murl[0m=[35mhttps://www.insidermonkey.com/blog/barclays-maintains-sell-rating-on-roper-technologies-ro[0m
[2m2026-04-04T00:30:48.299432Z[0m [[32m[1minfo     [0m] [1mfetch                         [0m [36mstatus[0m=[35m200[0m [36murl[0m=[35mhttps://www.marketbeat.com/instant-alerts/filing-12144-shares-in-roper-technologies-inc-ro[0m
[2m2026-04-04T00:30:48.641161Z[0m [[32m[1minfo     [0m] [1mcrawling                      [0m [36mchannel[0m=[35mGoogle->Benzinga[0m [36mtag[0m=[35mgoogle_benzinga[0m
[2m2026-04-04T00:30:51.010893Z[0m [[32m[1minfo     [0m] [1mfetch                         [0m [36mstatus[0m=[35m200[0m [36murl[0m=[35m'https://news.google.com/rss/search?q=KMB+site:benzinga.com&hl=en-US&gl=US&ceid=US:en'[0m
[2m2026-04-04T00:30:51.024521Z[0m [[32m[1minfo     [0m] [1mparsed                        [0m [36mchannel[0m=[35mgoogle_benzinga[0m [36mraw[0m=[35m20[0m
[2m2026-04-04T00:30:53.032336Z[0m [[32m[1minfo     [0m] [1mfetch                         [0m [36mstatus[0m=[35m200[0m [36murl[0m=[35m'https://news.google.com/rss/search?q=KMB+site:benzinga.com&hl=en-US&gl=US&ceid=US:en'[0m
[2m2026-04-04T00:30:53.045895Z[0m [[32m[1minfo     [0m] [1mparsed                        [0m [36mchannel[0m=[35mgoogle_benzinga[0m [36mraw[0m=[35m20[0m
[2m2026-04-04T00:30:53.046056Z[0m [[32m[1minfo     [0m] [1mcrawling                      [0m [36mchannel[0m=[35m'Google News (all)'[0m [36mtag[0m=[35mgoogle_broad[0m
[2m2026-04-04T00:30:55.641011Z[0m [[32m[1minfo     [0m] [1mfetch                         [0m [36mstatus[0m=[35m200[0m [36murl[0m=[35m'https://news.google.com/rss/search?q=KMB+stock+news&hl=en-US&gl=US&ceid=US:en'[0m
[2m2026-04-04T00:30:55.785461Z[0m [[32m[1minfo     [0m] [1mparsed                        [0m [36mchannel[0m=[35mgoogle_broad[0m [36mraw[0m=[35m100[0m
[2m2026-04-04T00:30:58.163867Z[0m [[32m[1minfo     [0m] [1mfetch                         [0m [36mstatus[0m=[35m200[0m [36murl[0m=[35m'https://news.google.com/rss/search?q=KMB+earnings+analysis&hl=en-US&gl=US&ceid=US:en'[0m
[2m2026-04-04T00:30:58.194610Z[0m [[32m[1minfo     [0m] [1mparsed                        [0m [36mchannel[0m=[35mgoogle_broad[0m [36mraw[0m=[35m38[0m
[2m2026-04-04T00:30:58.195592Z[0m [[32m[1minfo     [0m] [1mquality_filter                [0m [36minput[0m=[35m178[0m [36mpassed[0m=[35m0[0m
[2m2026-04-04T00:30:58.195720Z[0m [[32m[1minfo     [0m] [1mdedup                         [0m [36mafter[0m=[35m0[0m [36mbefore[0m=[35m0[0m
[2m2026-04-04T00:30:58.195794Z[0m [[32m[1minfo     [0m] [1mfulltext_selection            [0m [36mcandidates[0m=[35m0[0m [36mfiltered[0m=[35m0[0m [36mmode[0m=[35mhigh-value[0m [36mticker[0m=[35mKMB[0m
[2m2026-04-04T00:30:58.196580Z[0m [[32m[1minfo     [0m] [1mcrawling                      [0m [36mchannel[0m=[35mGoogle->Benzinga[0m [36mtag[0m=[35mgoogle_benzinga[0m
[2m2026-04-04T00:31:00.570289Z[0m [[32m[1minfo     [0m] [1mfetch                         [0m [36mstatus[0m=[35m200[0m [36murl[0m=[35m'https://news.google.com/rss/search?q=CPRT+site:benzinga.com&hl=en-US&gl=US&ceid=US:en'[0m
[2m2026-04-04T00:31:00.584675Z[0m [[32m[1minfo     [0m] [1mparsed                        [0m [36mchannel[0m=[35mgoogle_benzinga[0m [36mraw[0m=[35m21[0m
[2m2026-04-04T00:31:02.589832Z[0m [[32m[1minfo     [0m] [1mfetch                         [0m [36mstatus[0m=[35m200[0m [36murl[0m=[35m'https://news.google.com/rss/search?q=CPRT+site:benzinga.com&hl=en-US&gl=US&ceid=US:en'[0m
[2m2026-04-04T00:31:02.609573Z[0m [[32m[1minfo     [0m] [1mparsed                        [0m [36mchannel[0m=[35mgoogle_benzinga[0m [36mraw[0m=[35m21[0m
[2m2026-04-04T00:31:02.609736Z[0m [[32m[1minfo     [0m] [1mcrawling                      [0m [36mchannel[0m=[35m'Google News (all)'[0m [36mtag[0m=[35mgoogle_broad[0m
[2m2026-04-04T00:31:05.109251Z[0m [[32m[1minfo     [0m] [1mfetch                         [0m [36mstatus[0m=[35m200[0m [36murl[0m=[35m'https://news.google.com/rss/search?q=CPRT+stock+news&hl=en-US&gl=US&ceid=US:en'[0m
[2m2026-04-04T00:31:05.239861Z[0m [[32m[1minfo     [0m] [1mparsed                        [0m [36mchannel[0m=[35mgoogle_broad[0m [36mraw[0m=[35m100[0m
[2m2026-04-04T00:31:07.606906Z[0m [[32m[1minfo     [0m] [1mfetch                         [0m [36mstatus[0m=[35m200[0m [36murl[0m=[35m'https://news.google.com/rss/search?q=CPRT+earnings+analysis&hl=en-US&gl=US&ceid=US:en'[0m
[2m2026-04-04T00:31:07.635719Z[0m [[32m[1minfo     [0m] [1mparsed                        [0m [36mchannel[0m=[35mgoogle_broad[0m [36mraw[0m=[35m35[0m
[2m2026-04-04T00:31:07.636543Z[0m [[32m[1minfo     [0m] [1mquality_filter                [0m [36minput[0m=[35m177[0m [36mpassed[0m=[35m0[0m
[2m2026-04-04T00:31:07.636673Z[0m [[32m[1minfo     [0m] [1mdedup                         [0m [36mafter[0m=[35m0[0m [36mbefore[0m=[35m0[0m
[2m2026-04-04T00:31:07.636745Z[0m [[32m[1minfo     [0m] [1mfulltext_selection            [0m [36mcandidates[0m=[35m0[0m [36mfiltered[0m=[35m0[0m [36mmode[0m=[35mhigh-value[0m [36mticker[0m=[35mCPRT[0m
[2m2026-04-04T00:31:07.637563Z[0m [[32m[1minfo     [0m] [1mcrawling                      [0m [36mchannel[0m=[35mGoogle->Benzinga[0m [36mtag[0m=[35mgoogle_benzinga[0m
[2m2026-04-04T00:31:10.016094Z[0m [[32m[1minfo     [0m] [1mfetch                         [0m [36mstatus[0m=[35m200[0m [36murl[0m=[35m'https://news.google.com/rss/search?q=IR+ingersoll+rand+site:benzinga.com&hl=en-US&gl=US&ce'[0m
[2m2026-04-04T00:31:10.026417Z[0m [[32m[1minfo     [0m] [1mparsed                        [0m [36mchannel[0m=[35mgoogle_benzinga[0m [36mraw[0m=[35m8[0m
[2m2026-04-04T00:31:12.304879Z[0m [[32m[1minfo     [0m] [1mfetch                         [0m [36mstatus[0m=[35m200[0m [36murl[0m=[35m'https://news.google.com/rss/search?q=ingersoll+rand+site:benzinga.com&hl=en-US&gl=US&ceid='[0m
[2m2026-04-04T00:31:12.323935Z[0m [[32m[1minfo     [0m] [1mparsed                        [0m [36mchannel[0m=[35mgoogle_benzinga[0m [36mraw[0m=[35m24[0m
[2m2026-04-04T00:31:12.324097Z[0m [[32m[1minfo     [0m] [1mcrawling                      [0m [36mchannel[0m=[35m'Google News (all)'[0m [36mtag[0m=[35mgoogle_broad[0m
[2m2026-04-04T00:31:14.737826Z[0m [[32m[1minfo     [0m] [1mfetch                         [0m [36mstatus[0m=[35m200[0m [36murl[0m=[35m'https://news.google.com/rss/search?q=IR+ingersoll+rand+stock+news&hl=en-US&gl=US&ceid=US:e'[0m
[2m2026-04-04T00:31:14.862316Z[0m [[32m[1minfo     [0m] [1mparsed                        [0m [36mchannel[0m=[35mgoogle_broad[0m [36mraw[0m=[35m78[0m
[2m2026-04-04T00:31:17.185806Z[0m [[32m[1minfo     [0m] [1mfetch                         [0m [36mstatus[0m=[35m200[0m [36murl[0m=[35m'https://news.google.com/rss/search?q=IR+ingersoll+rand+earnings+analysis&hl=en-US&gl=US&ce'[0m
[2m2026-04-04T00:31:17.204421Z[0m [[32m[1minfo     [0m] [1mparsed                        [0m [36mchannel[0m=[35mgoogle_broad[0m [36mraw[0m=[35m28[0m
[2m2026-04-04T00:31:17.206662Z[0m [[32m[1minfo     [0m] [1mquality_filter                [0m [36minput[0m=[35m138[0m [36mpassed[0m=[35m4[0m
[2m2026-04-04T00:31:17.207325Z[0m [[32m[1minfo     [0m] [1mdedup                         [0m [36mafter[0m=[35m3[0m [36mbefore[0m=[35m4[0m
[2m2026-04-04T00:31:17.207458Z[0m [[32m[1minfo     [0m] [1mfulltext_selection            [0m [36mcandidates[0m=[35m2[0m [36mfiltered[0m=[35m3[0m [36mmode[0m=[35mhigh-value[0m [36mticker[0m=[35mIR[0m
[2m2026-04-04T00:31:19.331171Z[0m [[32m[1minfo     [0m] [1mfetch                         [0m [36mstatus[0m=[35m200[0m [36murl[0m=[35mhttps://www.marketbeat.com/instant-alerts/filing-tema-etfs-llc-grows-stock-position-in-ing[0m
[2m2026-04-04T00:31:20.378374Z[0m [[31m[1merror    [0m] [1mfetch_error                   [0m [36merror[0m=[35m'400, message=\'Got more than 8190 bytes when reading: b"connect-src \\\'self\\\' wss:'[0m [36murl[0m=[35mhttps://finance.yahoo.com/markets/stocks/articles/q4-earnings-highs-lo[0m
[2m2026-04-04T00:31:20.581935Z[0m [[32m[1minfo     [0m] [1mcrawling                      [0m [36mchannel[0m=[35mGoogle->Benzinga[0m [36mtag[0m=[35mgoogle_benzinga[0m
[2m2026-04-04T00:31:22.966794Z[0m [[32m[1minfo     [0m] [1mfetch                         [0m [36mstatus[0m=[35m200[0m [36murl[0m=[35m'https://news.google.com/rss/search?q=KVUE+site:benzinga.com&hl=en-US&gl=US&ceid=US:en'[0m
[2m2026-04-04T00:31:22.982257Z[0m [[32m[1minfo     [0m] [1mparsed                        [0m [36mchannel[0m=[35mgoogle_benzinga[0m [36mraw[0m=[35m23[0m
[2m2026-04-04T00:31:24.988479Z[0m [[32m[1minfo     [0m] [1mfetch                         [0m [36mstatus[0m=[35m200[0m [36murl[0m=[35m'https://news.google.com/rss/search?q=KVUE+site:benzinga.com&hl=en-US&gl=US&ceid=US:en'[0m
[2m2026-04-04T00:31:25.003971Z[0m [[32m[1minfo     [0m] [1mparsed                        [0m [36mchannel[0m=[35mgoogle_benzinga[0m [36mraw[0m=[35m23[0m
[2m2026-04-04T00:31:25.004130Z[0m [[32m[1minfo     [0m] [1mcrawling                      [0m [36mchannel[0m=[35m'Google News (all)'[0m [36mtag[0m=[35mgoogle_broad[0m
[2m2026-04-04T00:31:27.625830Z[0m [[32m[1minfo     [0m] [1mfetch                         [0m [36mstatus[0m=[35m200[0m [36murl[0m=[35m'https://news.google.com/rss/search?q=KVUE+stock+news&hl=en-US&gl=US&ceid=US:en'[0m
[2m2026-04-04T00:31:27.770185Z[0m [[32m[1minfo     [0m] [1mparsed                        [0m [36mchannel[0m=[35mgoogle_broad[0m [36mraw[0m=[35m100[0m
[2m2026-04-04T00:31:30.138760Z[0m [[32m[1minfo     [0m] [1mfetch                         [0m [36mstatus[0m=[35m200[0m [36murl[0m=[35m'https://news.google.com/rss/search?q=KVUE+earnings+analysis&hl=en-US&gl=US&ceid=US:en'[0m
[2m2026-04-04T00:31:30.187629Z[0m [[32m[1minfo     [0m] [1mparsed                        [0m [36mchannel[0m=[35mgoogle_broad[0m [36mraw[0m=[35m53[0m
[2m2026-04-04T00:31:30.189037Z[0m [[32m[1minfo     [0m] [1mquality_filter                [0m [36minput[0m=[35m199[0m [36mpassed[0m=[35m2[0m
[2m2026-04-04T00:31:30.189375Z[0m [[32m[1minfo     [0m] [1mdedup                         [0m [36mafter[0m=[35m2[0m [36mbefore[0m=[35m2[0m
[2m2026-04-04T00:31:30.189494Z[0m [[32m[1minfo     [0m] [1mfulltext_selection            [0m [36mcandidates[0m=[35m1[0m [36mfiltered[0m=[35m2[0m [36mmode[0m=[35mhigh-value[0m [36mticker[0m=[35mKVUE[0m
[2m2026-04-04T00:31:32.321490Z[0m [[32m[1minfo     [0m] [1mfetch                         [0m [36mstatus[0m=[35m200[0m [36murl[0m=[35mhttps://www.marketbeat.com/instant-alerts/filing-kenvue-inc-kvue-shares-bought-by-hf-advis[0m
[2m2026-04-04T00:31:32.570619Z[0m [[32m[1minfo     [0m] [1mcrawling                      [0m [36mchannel[0m=[35mGoogle->Benzinga[0m [36mtag[0m=[35mgoogle_benzinga[0m
[2m2026-04-04T00:31:34.950692Z[0m [[32m[1minfo     [0m] [1mfetch                         [0m [36mstatus[0m=[35m200[0m [36murl[0m=[35m'https://news.google.com/rss/search?q=TPL+site:benzinga.com&hl=en-US&gl=US&ceid=US:en'[0m
[2m2026-04-04T00:31:34.971992Z[0m [[32m[1minfo     [0m] [1mparsed                        [0m [36mchannel[0m=[35mgoogle_benzinga[0m [36mraw[0m=[35m33[0m
[2m2026-04-04T00:31:36.977276Z[0m [[32m[1minfo     [0m] [1mfetch                         [0m [36mstatus[0m=[35m200[0m [36murl[0m=[35m'https://news.google.com/rss/search?q=TPL+site:benzinga.com&hl=en-US&gl=US&ceid=US:en'[0m
[2m2026-04-04T00:31:36.998374Z[0m [[32m[1minfo     [0m] [1mparsed                        [0m [36mchannel[0m=[35mgoogle_benzinga[0m [36mraw[0m=[35m33[0m
[2m2026-04-04T00:31:36.998532Z[0m [[32m[1minfo     [0m] [1mcrawling                      [0m [36mchannel[0m=[35m'Google News (all)'[0m [36mtag[0m=[35mgoogle_broad[0m
[2m2026-04-04T00:31:39.464177Z[0m [[32m[1minfo     [0m] [1mfetch                         [0m [36mstatus[0m=[35m200[0m [36murl[0m=[35m'https://news.google.com/rss/search?q=TPL+stock+news&hl=en-US&gl=US&ceid=US:en'[0m
[2m2026-04-04T00:31:39.592925Z[0m [[32m[1minfo     [0m] [1mparsed                        [0m [36mchannel[0m=[35mgoogle_broad[0m [36mraw[0m=[35m85[0m
[2m2026-04-04T00:31:41.979715Z[0m [[32m[1minfo     [0m] [1mfetch                         [0m [36mstatus[0m=[35m200[0m [36murl[0m=[35m'https://news.google.com/rss/search?q=TPL+earnings+analysis&hl=en-US&gl=US&ceid=US:en'[0m
[2m2026-04-04T00:31:42.030896Z[0m [[32m[1minfo     [0m] [1mparsed                        [0m [36mchannel[0m=[35mgoogle_broad[0m [36mraw[0m=[35m51[0m
[2m2026-04-04T00:31:42.032274Z[0m [[32m[1minfo     [0m] [1mquality_filter                [0m [36minput[0m=[35m202[0m [36mpassed[0m=[35m2[0m
[2m2026-04-04T00:31:42.032717Z[0m [[32m[1minfo     [0m] [1mdedup                         [0m [36mafter[0m=[35m2[0m [36mbefore[0m=[35m2[0m
[2m2026-04-04T00:31:42.032850Z[0m [[32m[1minfo     [0m] [1mfulltext_selection            [0m [36mcandidates[0m=[35m1[0m [36mfiltered[0m=[35m2[0m [36mmode[0m=[35mhigh-value[0m [36mticker[0m=[35mTPL[0m
[2m2026-04-04T00:31:44.323841Z[0m [[32m[1minfo     [0m] [1mfetch                         [0m [36mstatus[0m=[35m200[0m [36murl[0m=[35mhttps://www.marketbeat.com/instant-alerts/filing-texas-pacific-land-corporation-tpl-stock-[0m
[2m2026-04-04T00:31:44.665051Z[0m [[32m[1minfo     [0m] [1mcrawling                      [0m [36mchannel[0m=[35mGoogle->Benzinga[0m [36mtag[0m=[35mgoogle_benzinga[0m
[2m2026-04-04T00:31:47.034946Z[0m [[32m[1minfo     [0m] [1mfetch                         [0m [36mstatus[0m=[35m200[0m [36murl[0m=[35m'https://news.google.com/rss/search?q=OTIS+site:benzinga.com&hl=en-US&gl=US&ceid=US:en'[0m
[2m2026-04-04T00:31:47.050722Z[0m [[32m[1minfo     [0m] [1mparsed                        [0m [36mchannel[0m=[35mgoogle_benzinga[0m [36mraw[0m=[35m23[0m
[2m2026-04-04T00:31:49.056141Z[0m [[32m[1minfo     [0m] [1mfetch                         [0m [36mstatus[0m=[35m200[0m [36murl[0m=[35m'https://news.google.com/rss/search?q=OTIS+site:benzinga.com&hl=en-US&gl=US&ceid=US:en'[0m
[2m2026-04-04T00:31:49.071661Z[0m [[32m[1minfo     [0m] [1mparsed                        [0m [36mchannel[0m=[35mgoogle_benzinga[0m [36mraw[0m=[35m23[0m
[2m2026-04-04T00:31:49.071818Z[0m [[32m[1minfo     [0m] [1mcrawling                      [0m [36mchannel[0m=[35m'Google News (all)'[0m [36mtag[0m=[35mgoogle_broad[0m
[2m2026-04-04T00:31:51.507255Z[0m [[32m[1minfo     [0m] [1mfetch                         [0m [36mstatus[0m=[35m200[0m [36murl[0m=[35m'https://news.google.com/rss/search?q=OTIS+stock+news&hl=en-US&gl=US&ceid=US:en'[0m
[2m2026-04-04T00:31:51.624923Z[0m [[32m[1minfo     [0m] [1mparsed                        [0m [36mchannel[0m=[35mgoogle_broad[0m [36mraw[0m=[35m72[0m
[2m2026-04-04T00:31:54.070454Z[0m [[32m[1minfo     [0m] [1mfetch                         [0m [36mstatus[0m=[35m200[0m [36murl[0m=[35m'https://news.google.com/rss/search?q=OTIS+earnings+analysis&hl=en-US&gl=US&ceid=US:en'[0m
[2m2026-04-04T00:31:54.113320Z[0m [[32m[1minfo     [0m] [1mparsed                        [0m [36mchannel[0m=[35mgoogle_broad[0m [36mraw[0m=[35m47[0m
[2m2026-04-04T00:31:54.114808Z[0m [[32m[1minfo     [0m] [1mquality_filter                [0m [36minput[0m=[35m165[0m [36mpassed[0m=[35m3[0m
[2m2026-04-04T00:31:54.115346Z[0m [[32m[1minfo     [0m] [1mdedup                         [0m [36mafter[0m=[35m1[0m [36mbefore[0m=[35m3[0m
[2m2026-04-04T00:31:54.115475Z[0m [[32m[1minfo     [0m] [1mfulltext_selection            [0m [36mcandidates[0m=[35m0[0m [36mfiltered[0m=[35m1[0m [36mmode[0m=[35mhigh-value[0m [36mticker[0m=[35mOTIS[0m
[2m2026-04-04T00:31:54.116195Z[0m [[32m[1minfo     [0m] [1mcrawling                      [0m [36mchannel[0m=[35mGoogle->Benzinga[0m [36mtag[0m=[35mgoogle_benzinga[0m
[2m2026-04-04T00:31:56.458810Z[0m [[32m[1minfo     [0m] [1mfetch                         [0m [36mstatus[0m=[35m200[0m [36murl[0m=[35m'https://news.google.com/rss/search?q=ACGL+site:benzinga.com&hl=en-US&gl=US&ceid=US:en'[0m
[2m2026-04-04T00:31:56.471619Z[0m [[32m[1minfo     [0m] [1mparsed                        [0m [36mchannel[0m=[35mgoogle_benzinga[0m [36mraw[0m=[35m8[0m
[2m2026-04-04T00:31:58.477627Z[0m [[32m[1minfo     [0m] [1mfetch                         [0m [36mstatus[0m=[35m200[0m [36murl[0m=[35m'https://news.google.com/rss/search?q=ACGL+site:benzinga.com&hl=en-US&gl=US&ceid=US:en'[0m
[2m2026-04-04T00:31:58.484498Z[0m [[32m[1minfo     [0m] [1mparsed                        [0m [36mchannel[0m=[35mgoogle_benzinga[0m [36mraw[0m=[35m8[0m
[2m2026-04-04T00:31:58.484705Z[0m [[32m[1minfo     [0m] [1mcrawling                      [0m [36mchannel[0m=[35m'Google News (all)'[0m [36mtag[0m=[35mgoogle_broad[0m
[2m2026-04-04T00:32:00.836695Z[0m [[32m[1minfo     [0m] [1mfetch                         [0m [36mstatus[0m=[35m200[0m [36murl[0m=[35m'https://news.google.com/rss/search?q=ACGL+stock+news&hl=en-US&gl=US&ceid=US:en'[0m
[2m2026-04-04T00:32:00.884362Z[0m [[32m[1minfo     [0m] [1mparsed                        [0m [36mchannel[0m=[35mgoogle_broad[0m [36mraw[0m=[35m55[0m
[2m2026-04-04T00:32:03.212396Z[0m [[32m[1minfo     [0m] [1mfetch                         [0m [36mstatus[0m=[35m200[0m [36murl[0m=[35m'https://news.google.com/rss/search?q=ACGL+earnings+analysis&hl=en-US&gl=US&ceid=US:en'[0m
[2m2026-04-04T00:32:03.246978Z[0m [[32m[1minfo     [0m] [1mparsed                        [0m [36mchannel[0m=[35mgoogle_broad[0m [36mraw[0m=[35m40[0m
[2m2026-04-04T00:32:03.248376Z[0m [[32m[1minfo     [0m] [1mquality_filter                [0m [36minput[0m=[35m111[0m [36mpassed[0m=[35m3[0m
[2m2026-04-04T00:32:03.248850Z[0m [[32m[1minfo     [0m] [1mdedup                         [0m [36mafter[0m=[35m3[0m [36mbefore[0m=[35m3[0m
[2m2026-04-04T00:32:03.249015Z[0m [[32m[1minfo     [0m] [1mfulltext_selection            [0m [36mcandidates[0m=[35m3[0m [36mfiltered[0m=[35m3[0m [36mmode[0m=[35mhigh-value[0m [36mticker[0m=[35mACGL[0m
[2m2026-04-04T00:32:05.178191Z[0m [[32m[1minfo     [0m] [1mfetch                         [0m [36mstatus[0m=[35m403[0m [36murl[0m=[35mhttps://www.bitget.com/news/detail/12560605332147[0m
[2m2026-04-04T00:32:05.426368Z[0m [[32m[1minfo     [0m] [1mfetch                         [0m [36mstatus[0m=[35m200[0m [36murl[0m=[35mhttps://www.marketbeat.com/instant-alerts/research-analysts-offer-predictions-for-acgl-q1-[0m
[2m2026-04-04T00:32:06.281741Z[0m [[31m[1merror    [0m] [1mfetch_error                   [0m [36merror[0m=[35m'400, message=\'Got more than 8190 bytes when reading: b"connect-src \\\'self\\\' wss:'[0m [36murl[0m=[35mhttps://finance.yahoo.com/markets/stocks/articles/why-arch-capital-acg[0m
[2m2026-04-04T00:32:06.484654Z[0m [[32m[1minfo     [0m] [1mcrawling                      [0m [36mchannel[0m=[35mGoogle->Benzinga[0m [36mtag[0m=[35mgoogle_benzinga[0m
[2m2026-04-04T00:32:08.843999Z[0m [[32m[1minfo     [0m] [1mfetch                         [0m [36mstatus[0m=[35m200[0m [36murl[0m=[35m'https://news.google.com/rss/search?q=STT+site:benzinga.com&hl=en-US&gl=US&ceid=US:en'[0m
[2m2026-04-04T00:32:08.857939Z[0m [[32m[1minfo     [0m] [1mparsed                        [0m [36mchannel[0m=[35mgoogle_benzinga[0m [36mraw[0m=[35m20[0m
[2m2026-04-04T00:32:10.863721Z[0m [[32m[1minfo     [0m] [1mfetch                         [0m [36mstatus[0m=[35m200[0m [36murl[0m=[35m'https://news.google.com/rss/search?q=STT+site:benzinga.com&hl=en-US&gl=US&ceid=US:en'[0m
[2m2026-04-04T00:32:10.877760Z[0m [[32m[1minfo     [0m] [1mparsed                        [0m [36mchannel[0m=[35mgoogle_benzinga[0m [36mraw[0m=[35m20[0m
[2m2026-04-04T00:32:10.877918Z[0m [[32m[1minfo     [0m] [1mcrawling                      [0m [36mchannel[0m=[35m'Google News (all)'[0m [36mtag[0m=[35mgoogle_broad[0m
[2m2026-04-04T00:32:13.341964Z[0m [[32m[1minfo     [0m] [1mfetch                         [0m [36mstatus[0m=[35m200[0m [36murl[0m=[35m'https://news.google.com/rss/search?q=STT+stock+news&hl=en-US&gl=US&ceid=US:en'[0m
[2m2026-04-04T00:32:13.503660Z[0m [[32m[1minfo     [0m] [1mparsed                        [0m [36mchannel[0m=[35mgoogle_broad[0m [36mraw[0m=[35m100[0m
[2m2026-04-04T00:32:15.924909Z[0m [[32m[1minfo     [0m] [1mfetch                         [0m [36mstatus[0m=[35m200[0m [36murl[0m=[35m'https://news.google.com/rss/search?q=STT+earnings+analysis&hl=en-US&gl=US&ceid=US:en'[0m
[2m2026-04-04T00:32:15.981069Z[0m [[32m[1minfo     [0m] [1mparsed                        [0m [36mchannel[0m=[35mgoogle_broad[0m [36mraw[0m=[35m59[0m
[2m2026-04-04T00:32:15.982453Z[0m [[32m[1minfo     [0m] [1mquality_filter                [0m [36minput[0m=[35m199[0m [36mpassed[0m=[35m2[0m
[2m2026-04-04T00:32:15.982845Z[0m [[32m[1minfo     [0m] [1mdedup                         [0m [36mafter[0m=[35m2[0m [36mbefore[0m=[35m2[0m
[2m2026-04-04T00:32:15.982969Z[0m [[32m[1minfo     [0m] [1mfulltext_selection            [0m [36mcandidates[0m=[35m0[0m [36mfiltered[0m=[35m2[0m [36mmode[0m=[35mhigh-value[0m [36mticker[0m=[35mSTT[0m
[2m2026-04-04T00:32:15.983733Z[0m [[32m[1minfo     [0m] [1mcrawling                      [0m [36mchannel[0m=[35mGoogle->Benzinga[0m [36mtag[0m=[35mgoogle_benzinga[0m
[2m2026-04-04T00:32:18.414477Z[0m [[32m[1minfo     [0m] [1mfetch                         [0m [36mstatus[0m=[35m200[0m [36murl[0m=[35m'https://news.google.com/rss/search?q=WDAY+site:benzinga.com&hl=en-US&gl=US&ceid=US:en'[0m
[2m2026-04-04T00:32:18.457468Z[0m [[32m[1minfo     [0m] [1mparsed                        [0m [36mchannel[0m=[35mgoogle_benzinga[0m [36mraw[0m=[35m46[0m
[2m2026-04-04T00:32:20.462710Z[0m [[32m[1minfo     [0m] [1mfetch                         [0m [36mstatus[0m=[35m200[0m [36murl[0m=[35m'https://news.google.com/rss/search?q=WDAY+site:benzinga.com&hl=en-US&gl=US&ceid=US:en'[0m
[2m2026-04-04T00:32:20.493071Z[0m [[32m[1minfo     [0m] [1mparsed                        [0m [36mchannel[0m=[35mgoogle_benzinga[0m [36mraw[0m=[35m46[0m
[2m2026-04-04T00:32:20.493249Z[0m [[32m[1minfo     [0m] [1mcrawling                      [0m [36mchannel[0m=[35m'Google News (all)'[0m [36mtag[0m=[35mgoogle_broad[0m
[2m2026-04-04T00:32:22.971492Z[0m [[32m[1minfo     [0m] [1mfetch                         [0m [36mstatus[0m=[35m200[0m [36murl[0m=[35m'https://news.google.com/rss/search?q=WDAY+stock+news&hl=en-US&gl=US&ceid=US:en'[0m
[2m2026-04-04T00:32:23.114577Z[0m [[32m[1minfo     [0m] [1mparsed                        [0m [36mchannel[0m=[35mgoogle_broad[0m [36mraw[0m=[35m100[0m
[2m2026-04-04T00:32:25.530929Z[0m [[32m[1minfo     [0m] [1mfetch                         [0m [36mstatus[0m=[35m200[0m [36murl[0m=[35m'https://news.google.com/rss/search?q=WDAY+earnings+analysis&hl=en-US&gl=US&ceid=US:en'[0m
[2m2026-04-04T00:32:25.575313Z[0m [[32m[1minfo     [0m] [1mparsed                        [0m [36mchannel[0m=[35mgoogle_broad[0m [36mraw[0m=[35m49[0m
[2m2026-04-04T00:32:25.576892Z[0m [[32m[1minfo     [0m] [1mquality_filter                [0m [36minput[0m=[35m241[0m [36mpassed[0m=[35m2[0m
[2m2026-04-04T00:32:25.577284Z[0m [[32m[1minfo     [0m] [1mdedup                         [0m [36mafter[0m=[35m2[0m [36mbefore[0m=[35m2[0m
[2m2026-04-04T00:32:25.577416Z[0m [[32m[1minfo     [0m] [1mfulltext_selection            [0m [36mcandidates[0m=[35m1[0m [36mfiltered[0m=[35m2[0m [36mmode[0m=[35mhigh-value[0m [36mticker[0m=[35mWDAY[0m
[2m2026-04-04T00:32:27.642290Z[0m [[32m[1minfo     [0m] [1mfetch                         [0m [36mstatus[0m=[35m200[0m [36murl[0m=[35mhttps://www.marketbeat.com/instant-alerts/filing-workday-inc-wday-shares-acquired-by-banqu[0m
[2m2026-04-04T00:32:27.856827Z[0m [[32m[1minfo     [0m] [1mcrawling                      [0m [36mchannel[0m=[35mGoogle->Benzinga[0m [36mtag[0m=[35mgoogle_benzinga[0m
[2m2026-04-04T00:32:30.307159Z[0m [[32m[1minfo     [0m] [1mfetch                         [0m [36mstatus[0m=[35m200[0m [36murl[0m=[35m'https://news.google.com/rss/search?q=DG+dollar+general+site:benzinga.com&hl=en-US&gl=US&ce'[0m
[2m2026-04-04T00:32:30.351982Z[0m [[32m[1minfo     [0m] [1mparsed                        [0m [36mchannel[0m=[35mgoogle_benzinga[0m [36mraw[0m=[35m52[0m
[2m2026-04-04T00:32:32.839969Z[0m [[32m[1minfo     [0m] [1mfetch                         [0m [36mstatus[0m=[35m200[0m [36murl[0m=[35m'https://news.google.com/rss/search?q=dollar+general+site:benzinga.com&hl=en-US&gl=US&ceid='[0m
[2m2026-04-04T00:32:32.978076Z[0m [[32m[1minfo     [0m] [1mparsed                        [0m [36mchannel[0m=[35mgoogle_benzinga[0m [36mraw[0m=[35m100[0m
[2m2026-04-04T00:32:32.978264Z[0m [[32m[1minfo     [0m] [1mcrawling                      [0m [36mchannel[0m=[35m'Google News (all)'[0m [36mtag[0m=[35mgoogle_broad[0m
[2m2026-04-04T00:32:35.471632Z[0m [[32m[1minfo     [0m] [1mfetch                         [0m [36mstatus[0m=[35m200[0m [36murl[0m=[35m'https://news.google.com/rss/search?q=DG+dollar+general+stock+news&hl=en-US&gl=US&ceid=US:e'[0m
[2m2026-04-04T00:32:35.614893Z[0m [[32m[1minfo     [0m] [1mparsed                        [0m [36mchannel[0m=[35mgoogle_broad[0m [36mraw[0m=[35m100[0m
[2m2026-04-04T00:32:38.085833Z[0m [[32m[1minfo     [0m] [1mfetch                         [0m [36mstatus[0m=[35m200[0m [36murl[0m=[35m'https://news.google.com/rss/search?q=DG+dollar+general+earnings+analysis&hl=en-US&gl=US&ce'[0m
[2m2026-04-04T00:32:38.229077Z[0m [[32m[1minfo     [0m] [1mparsed                        [0m [36mchannel[0m=[35mgoogle_broad[0m [36mraw[0m=[35m100[0m
[2m2026-04-04T00:32:38.232551Z[0m [[32m[1minfo     [0m] [1mquality_filter                [0m [36minput[0m=[35m352[0m [36mpassed[0m=[35m10[0m
[2m2026-04-04T00:32:38.233981Z[0m [[32m[1minfo     [0m] [1mdedup                         [0m [36mafter[0m=[35m10[0m [36mbefore[0m=[35m10[0m
[2m2026-04-04T00:32:38.234259Z[0m [[32m[1minfo     [0m] [1mfulltext_selection            [0m [36mcandidates[0m=[35m2[0m [36mfiltered[0m=[35m10[0m [36mmode[0m=[35mhigh-value[0m [36mticker[0m=[35mDG[0m
[2m2026-04-04T00:32:39.899628Z[0m [[32m[1minfo     [0m] [1mfetch                         [0m [36mstatus[0m=[35m200[0m [36murl[0m=[35mhttps://www.marketbeat.com/instant-alerts/filing-allspring-global-investments-holdings-llc[0m
[2m2026-04-04T00:32:40.109649Z[0m [[32m[1minfo     [0m] [1mfetch                         [0m [36mstatus[0m=[35m403[0m [36murl[0m=[35mhttps://www.investing.com/news/analyst-ratings/ubs-reiterates-dollar-general-stock-rating-[0m
[2m2026-04-04T00:32:40.312758Z[0m [[32m[1minfo     [0m] [1mcrawling                      [0m [36mchannel[0m=[35mGoogle->Benzinga[0m [36mtag[0m=[35mgoogle_benzinga[0m
[2m2026-04-04T00:32:42.895367Z[0m [[32m[1minfo     [0m] [1mfetch                         [0m [36mstatus[0m=[35m200[0m [36murl[0m=[35m'https://news.google.com/rss/search?q=UAL+site:benzinga.com&hl=en-US&gl=US&ceid=US:en'[0m
[2m2026-04-04T00:32:43.038846Z[0m [[32m[1minfo     [0m] [1mparsed                        [0m [36mchannel[0m=[35mgoogle_benzinga[0m [36mraw[0m=[35m100[0m
[2m2026-04-04T00:32:45.044364Z[0m [[32m[1minfo     [0m] [1mfetch                         [0m [36mstatus[0m=[35m200[0m [36murl[0m=[35m'https://news.google.com/rss/search?q=UAL+site:benzinga.com&hl=en-US&gl=US&ceid=US:en'[0m
[2m2026-04-04T00:32:45.106332Z[0m [[32m[1minfo     [0m] [1mparsed                        [0m [36mchannel[0m=[35mgoogle_benzinga[0m [36mraw[0m=[35m100[0m
[2m2026-04-04T00:32:45.106497Z[0m [[32m[1minfo     [0m] [1mcrawling                      [0m [36mchannel[0m=[35m'Google News (all)'[0m [36mtag[0m=[35mgoogle_broad[0m
[2m2026-04-04T00:32:47.726040Z[0m [[32m[1minfo     [0m] [1mfetch                         [0m [36mstatus[0m=[35m200[0m [36murl[0m=[35m'https://news.google.com/rss/search?q=UAL+stock+news&hl=en-US&gl=US&ceid=US:en'[0m
[2m2026-04-04T00:32:47.868256Z[0m [[32m[1minfo     [0m] [1mparsed                        [0m [36mchannel[0m=[35mgoogle_broad[0m [36mraw[0m=[35m100[0m
[2m2026-04-04T00:32:50.273313Z[0m [[32m[1minfo     [0m] [1mfetch                         [0m [36mstatus[0m=[35m200[0m [36murl[0m=[35m'https://news.google.com/rss/search?q=UAL+earnings+analysis&hl=en-US&gl=US&ceid=US:en'[0m
[2m2026-04-04T00:32:50.387022Z[0m [[32m[1minfo     [0m] [1mparsed                        [0m [36mchannel[0m=[35mgoogle_broad[0m [36mraw[0m=[35m68[0m
[2m2026-04-04T00:32:50.389568Z[0m [[32m[1minfo     [0m] [1mquality_filter                [0m [36minput[0m=[35m368[0m [36mpassed[0m=[35m9[0m
[2m2026-04-04T00:32:50.390937Z[0m [[32m[1minfo     [0m] [1mdedup                         [0m [36mafter[0m=[35m9[0m [36mbefore[0m=[35m9[0m
[2m2026-04-04T00:32:50.391162Z[0m [[32m[1minfo     [0m] [1mfulltext_selection            [0m [36mcandidates[0m=[35m2[0m [36mfiltered[0m=[35m9[0m [36mmode[0m=[35mhigh-value[0m [36mticker[0m=[35mUAL[0m
[2m2026-04-04T00:32:52.618412Z[0m [[32m[1minfo     [0m] [1mfetch                         [0m [36mstatus[0m=[35m200[0m [36murl[0m=[35mhttps://www.marketbeat.com/instant-alerts/filing-allspring-global-investments-holdings-llc[0m
[2m2026-04-04T00:32:53.223066Z[0m [[32m[1minfo     [0m] [1mcrawling                      [0m [36mchannel[0m=[35mGoogle->Benzinga[0m [36mtag[0m=[35mgoogle_benzinga[0m
[2m2026-04-04T00:32:55.619738Z[0m [[32m[1minfo     [0m] [1mfetch                         [0m [36mstatus[0m=[35m200[0m [36murl[0m=[35m'https://news.google.com/rss/search?q=PRU+site:benzinga.com&hl=en-US&gl=US&ceid=US:en'[0m
[2m2026-04-04T00:32:55.634686Z[0m [[32m[1minfo     [0m] [1mparsed                        [0m [36mchannel[0m=[35mgoogle_benzinga[0m [36mraw[0m=[35m22[0m
[2m2026-04-04T00:32:57.642645Z[0m [[32m[1minfo     [0m] [1mfetch                         [0m [36mstatus[0m=[35m200[0m [36murl[0m=[35m'https://news.google.com/rss/search?q=PRU+site:benzinga.com&hl=en-US&gl=US&ceid=US:en'[0m
[2m2026-04-04T00:32:57.657184Z[0m [[32m[1minfo     [0m] [1mparsed                        [0m [36mchannel[0m=[35mgoogle_benzinga[0m [36mraw[0m=[35m22[0m
[2m2026-04-04T00:32:57.657367Z[0m [[32m[1minfo     [0m] [1mcrawling                      [0m [36mchannel[0m=[35m'Google News (all)'[0m [36mtag[0m=[35mgoogle_broad[0m
[2m2026-04-04T00:33:00.113642Z[0m [[32m[1minfo     [0m] [1mfetch                         [0m [36mstatus[0m=[35m200[0m [36murl[0m=[35m'https://news.google.com/rss/search?q=PRU+stock+news&hl=en-US&gl=US&ceid=US:en'[0m
[2m2026-04-04T00:33:00.279816Z[0m [[32m[1minfo     [0m] [1mparsed                        [0m [36mchannel[0m=[35mgoogle_broad[0m [36mraw[0m=[35m100[0m
[2m2026-04-04T00:33:02.702123Z[0m [[32m[1minfo     [0m] [1mfetch                         [0m [36mstatus[0m=[35m200[0m [36murl[0m=[35m'https://news.google.com/rss/search?q=PRU+earnings+analysis&hl=en-US&gl=US&ceid=US:en'[0m
[2m2026-04-04T00:33:02.795110Z[0m [[32m[1minfo     [0m] [1mparsed                        [0m [36mchannel[0m=[35mgoogle_broad[0m [36mraw[0m=[35m69[0m
[2m2026-04-04T00:33:02.796181Z[0m [[32m[1minfo     [0m] [1mquality_filter                [0m [36minput[0m=[35m213[0m [36mpassed[0m=[35m0[0m
[2m2026-04-04T00:33:02.797109Z[0m [[32m[1minfo     [0m] [1mdedup                         [0m [36mafter[0m=[35m0[0m [36mbefore[0m=[35m0[0m
[2m2026-04-04T00:33:02.797419Z[0m [[32m[1minfo     [0m] [1mfulltext_selection            [0m [36mcandidates[0m=[35m0[0m [36mfiltered[0m=[35m0[0m [36mmode[0m=[35mhigh-value[0m [36mticker[0m=[35mPRU[0m
[2m2026-04-04T00:33:02.801667Z[0m [[32m[1minfo     [0m] [1mcrawling                      [0m [36mchannel[0m=[35mGoogle->Benzinga[0m [36mtag[0m=[35mgoogle_benzinga[0m
[2m2026-04-04T00:33:05.613097Z[0m [[32m[1minfo     [0m] [1mfetch                         [0m [36mstatus[0m=[35m200[0m [36murl[0m=[35m'https://news.google.com/rss/search?q=HBAN+site:benzinga.com&hl=en-US&gl=US&ceid=US:en'[0m
[2m2026-04-04T00:33:05.625675Z[0m [[32m[1minfo     [0m] [1mparsed                        [0m [36mchannel[0m=[35mgoogle_benzinga[0m [36mraw[0m=[35m18[0m
[2m2026-04-04T00:33:07.633276Z[0m [[32m[1minfo     [0m] [1mfetch                         [0m [36mstatus[0m=[35m200[0m [36murl[0m=[35m'https://news.google.com/rss/search?q=HBAN+site:benzinga.com&hl=en-US&gl=US&ceid=US:en'[0m
[2m2026-04-04T00:33:07.645858Z[0m [[32m[1minfo     [0m] [1mparsed                        [0m [36mchannel[0m=[35mgoogle_benzinga[0m [36mraw[0m=[35m18[0m
[2m2026-04-04T00:33:07.646019Z[0m [[32m[1minfo     [0m] [1mcrawling                      [0m [36mchannel[0m=[35m'Google News (all)'[0m [36mtag[0m=[35mgoogle_broad[0m
[2m2026-04-04T00:33:10.056421Z[0m [[32m[1minfo     [0m] [1mfetch                         [0m [36mstatus[0m=[35m200[0m [36murl[0m=[35m'https://news.google.com/rss/search?q=HBAN+stock+news&hl=en-US&gl=US&ceid=US:en'[0m
[2m2026-04-04T00:33:10.205758Z[0m [[32m[1minfo     [0m] [1mparsed                        [0m [36mchannel[0m=[35mgoogle_broad[0m [36mraw[0m=[35m100[0m
[2m2026-04-04T00:33:12.567100Z[0m [[32m[1minfo     [0m] [1mfetch                         [0m [36mstatus[0m=[35m200[0m [36murl[0m=[35m'https://news.google.com/rss/search?q=HBAN+earnings+analysis&hl=en-US&gl=US&ceid=US:en'[0m
[2m2026-04-04T00:33:12.607878Z[0m [[32m[1minfo     [0m] [1mparsed                        [0m [36mchannel[0m=[35mgoogle_broad[0m [36mraw[0m=[35m45[0m
[2m2026-04-04T00:33:12.611963Z[0m [[32m[1minfo     [0m] [1mquality_filter                [0m [36minput[0m=[35m181[0m [36mpassed[0m=[35m23[0m
[2m2026-04-04T00:33:12.615512Z[0m [[32m[1minfo     [0m] [1mdedup                         [0m [36mafter[0m=[35m22[0m [36mbefore[0m=[35m23[0m
[2m2026-04-04T00:33:12.615973Z[0m [[32m[1minfo     [0m] [1mfulltext_selection            [0m [36mcandidates[0m=[35m1[0m [36mfiltered[0m=[35m22[0m [36mmode[0m=[35mhigh-value[0m [36mticker[0m=[35mHBAN[0m
[2m2026-04-04T00:33:15.312282Z[0m [[32m[1minfo     [0m] [1mfetch                         [0m [36mstatus[0m=[35m200[0m [36murl[0m=[35mhttps://www.stocktitan.net/sec-filings/HBAN/form-4-huntington-bancshares-inc-md-insider-tr[0m
[2m2026-04-04T00:33:15.534122Z[0m [[32m[1minfo     [0m] [1mcrawling                      [0m [36mchannel[0m=[35mGoogle->Benzinga[0m [36mtag[0m=[35mgoogle_benzinga[0m
[2m2026-04-04T00:33:17.964168Z[0m [[32m[1minfo     [0m] [1mfetch                         [0m [36mstatus[0m=[35m200[0m [36murl[0m=[35m'https://news.google.com/rss/search?q=PAYX+site:benzinga.com&hl=en-US&gl=US&ceid=US:en'[0m
[2m2026-04-04T00:33:18.023673Z[0m [[32m[1minfo     [0m] [1mparsed                        [0m [36mchannel[0m=[35mgoogle_benzinga[0m [36mraw[0m=[35m65[0m
[2m2026-04-04T00:33:20.029269Z[0m [[32m[1minfo     [0m] [1mfetch                         [0m [36mstatus[0m=[35m200[0m [36murl[0m=[35m'https://news.google.com/rss/search?q=PAYX+site:benzinga.com&hl=en-US&gl=US&ceid=US:en'[0m
[2m2026-04-04T00:33:20.068667Z[0m [[32m[1minfo     [0m] [1mparsed                        [0m [36mchannel[0m=[35mgoogle_benzinga[0m [36mraw[0m=[35m65[0m
[2m2026-04-04T00:33:20.068830Z[0m [[32m[1minfo     [0m] [1mcrawling                      [0m [36mchannel[0m=[35m'Google News (all)'[0m [36mtag[0m=[35mgoogle_broad[0m
[2m2026-04-04T00:33:22.492857Z[0m [[32m[1minfo     [0m] [1mfetch                         [0m [36mstatus[0m=[35m200[0m [36murl[0m=[35m'https://news.google.com/rss/search?q=PAYX+stock+news&hl=en-US&gl=US&ceid=US:en'[0m
[2m2026-04-04T00:33:22.621545Z[0m [[32m[1minfo     [0m] [1mparsed                        [0m [36mchannel[0m=[35mgoogle_broad[0m [36mraw[0m=[35m100[0m
[2m2026-04-04T00:33:25.010399Z[0m [[32m[1minfo     [0m] [1mfetch                         [0m [36mstatus[0m=[35m200[0m [36murl[0m=[35m'https://news.google.com/rss/search?q=PAYX+earnings+analysis&hl=en-US&gl=US&ceid=US:en'[0m
[2m2026-04-04T00:33:25.043683Z[0m [[32m[1minfo     [0m] [1mparsed                        [0m [36mchannel[0m=[35mgoogle_broad[0m [36mraw[0m=[35m43[0m
[2m2026-04-04T00:33:25.045377Z[0m [[32m[1minfo     [0m] [1mquality_filter                [0m [36minput[0m=[35m273[0m [36mpassed[0m=[35m2[0m
[2m2026-04-04T00:33:25.045742Z[0m [[32m[1minfo     [0m] [1mdedup                         [0m [36mafter[0m=[35m2[0m [36mbefore[0m=[35m2[0m
[2m2026-04-04T00:33:25.045860Z[0m [[32m[1minfo     [0m] [1mfulltext_selection            [0m [36mcandidates[0m=[35m0[0m [36mfiltered[0m=[35m2[0m [36mmode[0m=[35mhigh-value[0m [36mticker[0m=[35mPAYX[0m
[2m2026-04-04T00:33:25.046600Z[0m [[32m[1minfo     [0m] [1mcrawling                      [0m [36mchannel[0m=[35mGoogle->Benzinga[0m [36mtag[0m=[35mgoogle_benzinga[0m
[2m2026-04-04T00:33:27.565109Z[0m [[32m[1minfo     [0m] [1mfetch                         [0m [36mstatus[0m=[35m200[0m [36murl[0m=[35m'https://news.google.com/rss/search?q=FICO+site:benzinga.com&hl=en-US&gl=US&ceid=US:en'[0m
[2m2026-04-04T00:33:27.702103Z[0m [[32m[1minfo     [0m] [1mparsed                        [0m [36mchannel[0m=[35mgoogle_benzinga[0m [36mraw[0m=[35m100[0m
[2m2026-04-04T00:33:29.707570Z[0m [[32m[1minfo     [0m] [1mfetch                         [0m [36mstatus[0m=[35m200[0m [36murl[0m=[35m'https://news.google.com/rss/search?q=FICO+site:benzinga.com&hl=en-US&gl=US&ceid=US:en'[0m
[2m2026-04-04T00:33:29.765331Z[0m [[32m[1minfo     [0m] [1mparsed                        [0m [36mchannel[0m=[35mgoogle_benzinga[0m [36mraw[0m=[35m100[0m
[2m2026-04-04T00:33:29.765495Z[0m [[32m[1minfo     [0m] [1mcrawling                      [0m [36mchannel[0m=[35m'Google News (all)'[0m [36mtag[0m=[35mgoogle_broad[0m
[2m2026-04-04T00:33:32.234382Z[0m [[32m[1minfo     [0m] [1mfetch                         [0m [36mstatus[0m=[35m200[0m [36murl[0m=[35m'https://news.google.com/rss/search?q=FICO+stock+news&hl=en-US&gl=US&ceid=US:en'[0m
[2m2026-04-04T00:33:32.377098Z[0m [[32m[1minfo     [0m] [1mparsed                        [0m [36mchannel[0m=[35mgoogle_broad[0m [36mraw[0m=[35m100[0m
[2m2026-04-04T00:33:34.785329Z[0m [[32m[1minfo     [0m] [1mfetch                         [0m [36mstatus[0m=[35m200[0m [36murl[0m=[35m'https://news.google.com/rss/search?q=FICO+earnings+analysis&hl=en-US&gl=US&ceid=US:en'[0m
[2m2026-04-04T00:33:34.841740Z[0m [[32m[1minfo     [0m] [1mparsed                        [0m [36mchannel[0m=[35mgoogle_broad[0m [36mraw[0m=[35m60[0m
[2m2026-04-04T00:33:34.843420Z[0m [[32m[1minfo     [0m] [1mquality_filter                [0m [36minput[0m=[35m360[0m [36mpassed[0m=[35m3[0m
[2m2026-04-04T00:33:34.843922Z[0m [[32m[1minfo     [0m] [1mdedup                         [0m [36mafter[0m=[35m3[0m [36mbefore[0m=[35m3[0m
[2m2026-04-04T00:33:34.844053Z[0m [[32m[1minfo     [0m] [1mfulltext_selection            [0m [36mcandidates[0m=[35m2[0m [36mfiltered[0m=[35m3[0m [36mmode[0m=[35mhigh-value[0m [36mticker[0m=[35mFICO[0m
[2m2026-04-04T00:33:36.774771Z[0m [[32m[1minfo     [0m] [1mfetch                         [0m [36mstatus[0m=[35m200[0m [36murl[0m=[35mhttps://stockstory.org/us/stocks/nyse/fico/news/earnings/q4-rundown-fair-isaac-corporation[0m
[2m2026-04-04T00:33:36.968703Z[0m [[32m[1minfo     [0m] [1mfetch                         [0m [36mstatus[0m=[35m403[0m [36murl[0m=[35mhttps://www.gurufocus.com/news/8769040/goldman-sachs-lowers-price-target-for-fair-isaac-fi[0m
[2m2026-04-04T00:33:37.171436Z[0m [[32m[1minfo     [0m] [1mcrawling                      [0m [36mchannel[0m=[35mGoogle->Benzinga[0m [36mtag[0m=[35mgoogle_benzinga[0m
[2m2026-04-04T00:33:39.587341Z[0m [[32m[1minfo     [0m] [1mfetch                         [0m [36mstatus[0m=[35m200[0m [36murl[0m=[35m'https://news.google.com/rss/search?q=ADM+site:benzinga.com&hl=en-US&gl=US&ceid=US:en'[0m
[2m2026-04-04T00:33:39.652074Z[0m [[32m[1minfo     [0m] [1mparsed                        [0m [36mchannel[0m=[35mgoogle_benzinga[0m [36mraw[0m=[35m62[0m
[2m2026-04-04T00:33:41.657368Z[0m [[32m[1minfo     [0m] [1mfetch                         [0m [36mstatus[0m=[35m200[0m [36murl[0m=[35m'https://news.google.com/rss/search?q=ADM+site:benzinga.com&hl=en-US&gl=US&ceid=US:en'[0m
[2m2026-04-04T00:33:41.695191Z[0m [[32m[1minfo     [0m] [1mparsed                        [0m [36mchannel[0m=[35mgoogle_benzinga[0m [36mraw[0m=[35m62[0m
[2m2026-04-04T00:33:41.695373Z[0m [[32m[1minfo     [0m] [1mcrawling                      [0m [36mchannel[0m=[35m'Google News (all)'[0m [36mtag[0m=[35mgoogle_broad[0m
[2m2026-04-04T00:33:44.198766Z[0m [[32m[1minfo     [0m] [1mfetch                         [0m [36mstatus[0m=[35m200[0m [36murl[0m=[35m'https://news.google.com/rss/search?q=ADM+stock+news&hl=en-US&gl=US&ceid=US:en'[0m
[2m2026-04-04T00:33:44.340990Z[0m [[32m[1minfo     [0m] [1mparsed                        [0m [36mchannel[0m=[35mgoogle_broad[0m [36mraw[0m=[35m100[0m
[2m2026-04-04T00:33:46.767801Z[0m [[32m[1minfo     [0m] [1mfetch                         [0m [36mstatus[0m=[35m200[0m [36murl[0m=[35m'https://news.google.com/rss/search?q=ADM+earnings+analysis&hl=en-US&gl=US&ceid=US:en'[0m
[2m2026-04-04T00:33:46.882678Z[0m [[32m[1minfo     [0m] [1mparsed                        [0m [36mchannel[0m=[35mgoogle_broad[0m [36mraw[0m=[35m69[0m
[2m2026-04-04T00:33:46.885589Z[0m [[32m[1minfo     [0m] [1mquality_filter                [0m [36minput[0m=[35m293[0m [36mpassed[0m=[35m12[0m
[2m2026-04-04T00:33:46.887440Z[0m [[32m[1minfo     [0m] [1mdedup                         [0m [36mafter[0m=[35m10[0m [36mbefore[0m=[35m12[0m
[2m2026-04-04T00:33:46.887730Z[0m [[32m[1minfo     [0m] [1mfulltext_selection            [0m [36mcandidates[0m=[35m0[0m [36mfiltered[0m=[35m10[0m [36mmode[0m=[35mhigh-value[0m [36mticker[0m=[35mADM[0m
[2m2026-04-04T00:33:46.888519Z[0m [[32m[1minfo     [0m] [1mcrawling                      [0m [36mchannel[0m=[35mGoogle->Benzinga[0m [36mtag[0m=[35mgoogle_benzinga[0m
[2m2026-04-04T00:33:49.250692Z[0m [[32m[1minfo     [0m] [1mfetch                         [0m [36mstatus[0m=[35m200[0m [36murl[0m=[35m'https://news.google.com/rss/search?q=MTB+site:benzinga.com&hl=en-US&gl=US&ceid=US:en'[0m
[2m2026-04-04T00:33:49.265913Z[0m [[32m[1minfo     [0m] [1mparsed                        [0m [36mchannel[0m=[35mgoogle_benzinga[0m [36mraw[0m=[35m22[0m
[2m2026-04-04T00:33:51.271908Z[0m [[32m[1minfo     [0m] [1mfetch                         [0m [36mstatus[0m=[35m200[0m [36murl[0m=[35m'https://news.google.com/rss/search?q=MTB+site:benzinga.com&hl=en-US&gl=US&ceid=US:en'[0m
[2m2026-04-04T00:33:51.286525Z[0m [[32m[1minfo     [0m] [1mparsed                        [0m [36mchannel[0m=[35mgoogle_benzinga[0m [36mraw[0m=[35m22[0m
[2m2026-04-04T00:33:51.286686Z[0m [[32m[1minfo     [0m] [1mcrawling                      [0m [36mchannel[0m=[35m'Google News (all)'[0m [36mtag[0m=[35mgoogle_broad[0m
[2m2026-04-04T00:33:53.735817Z[0m [[32m[1minfo     [0m] [1mfetch                         [0m [36mstatus[0m=[35m200[0m [36murl[0m=[35m'https://news.google.com/rss/search?q=MTB+stock+news&hl=en-US&gl=US&ceid=US:en'[0m
[2m2026-04-04T00:33:53.855724Z[0m [[32m[1minfo     [0m] [1mparsed                        [0m [36mchannel[0m=[35mgoogle_broad[0m [36mraw[0m=[35m77[0m
[2m2026-04-04T00:33:56.277243Z[0m [[32m[1minfo     [0m] [1mfetch                         [0m [36mstatus[0m=[35m200[0m [36murl[0m=[35m'https://news.google.com/rss/search?q=MTB+earnings+analysis&hl=en-US&gl=US&ceid=US:en'[0m
[2m2026-04-04T00:33:56.338666Z[0m [[32m[1minfo     [0m] [1mparsed                        [0m [36mchannel[0m=[35mgoogle_broad[0m [36mraw[0m=[35m66[0m
[2m2026-04-04T00:33:56.340188Z[0m [[32m[1minfo     [0m] [1mquality_filter                [0m [36minput[0m=[35m187[0m [36mpassed[0m=[35m3[0m
[2m2026-04-04T00:33:56.340744Z[0m [[32m[1minfo     [0m] [1mdedup                         [0m [36mafter[0m=[35m2[0m [36mbefore[0m=[35m3[0m
[2m2026-04-04T00:33:56.340872Z[0m [[32m[1minfo     [0m] [1mfulltext_selection            [0m [36mcandidates[0m=[35m1[0m [36mfiltered[0m=[35m2[0m [36mmode[0m=[35mhigh-value[0m [36mticker[0m=[35mMTB[0m
[2m2026-04-04T00:33:59.217982Z[0m [[32m[1minfo     [0m] [1mfetch                         [0m [36mstatus[0m=[35m200[0m [36murl[0m=[35mhttps://intellectia.ai/en/stock/MTB/earnings[0m
[2m2026-04-04T00:33:59.823639Z[0m [[32m[1minfo     [0m] [1mcrawling                      [0m [36mchannel[0m=[35mGoogle->Benzinga[0m [36mtag[0m=[35mgoogle_benzinga[0m
[2m2026-04-04T00:34:02.207817Z[0m [[32m[1minfo     [0m] [1mfetch                         [0m [36mstatus[0m=[35m200[0m [36murl[0m=[35m'https://news.google.com/rss/search?q=VICI+site:benzinga.com&hl=en-US&gl=US&ceid=US:en'[0m
[2m2026-04-04T00:34:02.275873Z[0m [[32m[1minfo     [0m] [1mparsed                        [0m [36mchannel[0m=[35mgoogle_benzinga[0m [36mraw[0m=[35m30[0m
[2m2026-04-04T00:34:04.283851Z[0m [[32m[1minfo     [0m] [1mfetch                         [0m [36mstatus[0m=[35m200[0m [36murl[0m=[35m'https://news.google.com/rss/search?q=VICI+site:benzinga.com&hl=en-US&gl=US&ceid=US:en'[0m
[2m2026-04-04T00:34:04.303542Z[0m [[32m[1minfo     [0m] [1mparsed                        [0m [36mchannel[0m=[35mgoogle_benzinga[0m [36mraw[0m=[35m30[0m
[2m2026-04-04T00:34:04.303696Z[0m [[32m[1minfo     [0m] [1mcrawling                      [0m [36mchannel[0m=[35m'Google News (all)'[0m [36mtag[0m=[35mgoogle_broad[0m
[2m2026-04-04T00:34:06.784412Z[0m [[32m[1minfo     [0m] [1mfetch                         [0m [36mstatus[0m=[35m200[0m [36murl[0m=[35m'https://news.google.com/rss/search?q=VICI+stock+news&hl=en-US&gl=US&ceid=US:en'[0m
[2m2026-04-04T00:34:06.926975Z[0m [[32m[1minfo     [0m] [1mparsed                        [0m [36mchannel[0m=[35mgoogle_broad[0m [36mraw[0m=[35m100[0m
[2m2026-04-04T00:34:09.303729Z[0m [[32m[1minfo     [0m] [1mfetch                         [0m [36mstatus[0m=[35m200[0m [36murl[0m=[35m'https://news.google.com/rss/search?q=VICI+earnings+analysis&hl=en-US&gl=US&ceid=US:en'[0m
[2m2026-04-04T00:34:09.352166Z[0m [[32m[1minfo     [0m] [1mparsed                        [0m [36mchannel[0m=[35mgoogle_broad[0m [36mraw[0m=[35m57[0m
[2m2026-04-04T00:34:09.354263Z[0m [[32m[1minfo     [0m] [1mquality_filter                [0m [36minput[0m=[35m217[0m [36mpassed[0m=[35m6[0m
[2m2026-04-04T00:34:09.355128Z[0m [[32m[1minfo     [0m] [1mdedup                         [0m [36mafter[0m=[35m6[0m [36mbefore[0m=[35m6[0m
[2m2026-04-04T00:34:09.355335Z[0m [[32m[1minfo     [0m] [1mfulltext_selection            [0m [36mcandidates[0m=[35m0[0m [36mfiltered[0m=[35m6[0m [36mmode[0m=[35mhigh-value[0m [36mticker[0m=[35mVICI[0m
[2m2026-04-04T00:34:09.356084Z[0m [[32m[1minfo     [0m] [1mcrawling                      [0m [36mchannel[0m=[35mGoogle->Benzinga[0m [36mtag[0m=[35mgoogle_benzinga[0m
[2m2026-04-04T00:34:11.738851Z[0m [[32m[1minfo     [0m] [1mfetch                         [0m [36mstatus[0m=[35m200[0m [36murl[0m=[35m'https://news.google.com/rss/search?q=IRM+site:benzinga.com&hl=en-US&gl=US&ceid=US:en'[0m
[2m2026-04-04T00:34:11.754853Z[0m [[32m[1minfo     [0m] [1mparsed                        [0m [36mchannel[0m=[35mgoogle_benzinga[0m [36mraw[0m=[35m19[0m
[2m2026-04-04T00:34:13.760314Z[0m [[32m[1minfo     [0m] [1mfetch                         [0m [36mstatus[0m=[35m200[0m [36murl[0m=[35m'https://news.google.com/rss/search?q=IRM+site:benzinga.com&hl=en-US&gl=US&ceid=US:en'[0m
[2m2026-04-04T00:34:13.773611Z[0m [[32m[1minfo     [0m] [1mparsed                        [0m [36mchannel[0m=[35mgoogle_benzinga[0m [36mraw[0m=[35m19[0m
[2m2026-04-04T00:34:13.773773Z[0m [[32m[1minfo     [0m] [1mcrawling                      [0m [36mchannel[0m=[35m'Google News (all)'[0m [36mtag[0m=[35mgoogle_broad[0m
[2m2026-04-04T00:34:16.247673Z[0m [[32m[1minfo     [0m] [1mfetch                         [0m [36mstatus[0m=[35m200[0m [36murl[0m=[35m'https://news.google.com/rss/search?q=IRM+stock+news&hl=en-US&gl=US&ceid=US:en'[0m
[2m2026-04-04T00:34:16.397667Z[0m [[32m[1minfo     [0m] [1mparsed                        [0m [36mchannel[0m=[35mgoogle_broad[0m [36mraw[0m=[35m100[0m
[2m2026-04-04T00:34:18.751684Z[0m [[32m[1minfo     [0m] [1mfetch                         [0m [36mstatus[0m=[35m200[0m [36murl[0m=[35m'https://news.google.com/rss/search?q=IRM+earnings+analysis&hl=en-US&gl=US&ceid=US:en'[0m
[2m2026-04-04T00:34:18.785132Z[0m [[32m[1minfo     [0m] [1mparsed                        [0m [36mchannel[0m=[35mgoogle_broad[0m [36mraw[0m=[35m43[0m
[2m2026-04-04T00:34:18.786679Z[0m [[32m[1minfo     [0m] [1mquality_filter                [0m [36minput[0m=[35m181[0m [36mpassed[0m=[35m3[0m
[2m2026-04-04T00:34:18.787177Z[0m [[32m[1minfo     [0m] [1mdedup                         [0m [36mafter[0m=[35m3[0m [36mbefore[0m=[35m3[0m
[2m2026-04-04T00:34:18.787324Z[0m [[32m[1minfo     [0m] [1mfulltext_selection            [0m [36mcandidates[0m=[35m1[0m [36mfiltered[0m=[35m3[0m [36mmode[0m=[35mhigh-value[0m [36mticker[0m=[35mIRM[0m
[2m2026-04-04T00:34:21.240912Z[0m [[32m[1minfo     [0m] [1mfetch                         [0m [36mstatus[0m=[35m200[0m [36murl[0m=[35mhttps://www.stocktitan.net/sec-filings/IRM/form-4-iron-mountain-inc-insider-trading-activi[0m
[2m2026-04-04T00:34:21.462415Z[0m [[32m[1minfo     [0m] [1mcrawling                      [0m [36mchannel[0m=[35mGoogle->Benzinga[0m [36mtag[0m=[35mgoogle_benzinga[0m
[2m2026-04-04T00:34:24.273073Z[0m [[32m[1minfo     [0m] [1mfetch                         [0m [36mstatus[0m=[35m200[0m [36murl[0m=[35m'https://news.google.com/rss/search?q=EXR+site:benzinga.com&hl=en-US&gl=US&ceid=US:en'[0m
[2m2026-04-04T00:34:24.280905Z[0m [[32m[1minfo     [0m] [1mparsed                        [0m [36mchannel[0m=[35mgoogle_benzinga[0m [36mraw[0m=[35m10[0m
[2m2026-04-04T00:34:26.285987Z[0m [[32m[1minfo     [0m] [1mfetch                         [0m [36mstatus[0m=[35m200[0m [36murl[0m=[35m'https://news.google.com/rss/search?q=EXR+site:benzinga.com&hl=en-US&gl=US&ceid=US:en'[0m
[2m2026-04-04T00:34:26.293859Z[0m [[32m[1minfo     [0m] [1mparsed                        [0m [36mchannel[0m=[35mgoogle_benzinga[0m [36mraw[0m=[35m10[0m
[2m2026-04-04T00:34:26.294007Z[0m [[32m[1minfo     [0m] [1mcrawling                      [0m [36mchannel[0m=[35m'Google News (all)'[0m [36mtag[0m=[35mgoogle_broad[0m
[2m2026-04-04T00:34:28.646676Z[0m [[32m[1minfo     [0m] [1mfetch                         [0m [36mstatus[0m=[35m200[0m [36murl[0m=[35m'https://news.google.com/rss/search?q=EXR+stock+news&hl=en-US&gl=US&ceid=US:en'[0m
[2m2026-04-04T00:34:28.689601Z[0m [[32m[1minfo     [0m] [1mparsed                        [0m [36mchannel[0m=[35mgoogle_broad[0m [36mraw[0m=[35m48[0m
[2m2026-04-04T00:34:31.059753Z[0m [[32m[1minfo     [0m] [1mfetch                         [0m [36mstatus[0m=[35m200[0m [36murl[0m=[35m'https://news.google.com/rss/search?q=EXR+earnings+analysis&hl=en-US&gl=US&ceid=US:en'[0m
[2m2026-04-04T00:34:31.107916Z[0m [[32m[1minfo     [0m] [1mparsed                        [0m [36mchannel[0m=[35mgoogle_broad[0m [36mraw[0m=[35m54[0m
[2m2026-04-04T00:34:31.109100Z[0m [[32m[1minfo     [0m] [1mquality_filter                [0m [36minput[0m=[35m122[0m [36mpassed[0m=[35m2[0m
[2m2026-04-04T00:34:31.109542Z[0m [[32m[1minfo     [0m] [1mdedup                         [0m [36mafter[0m=[35m2[0m [36mbefore[0m=[35m2[0m
[2m2026-04-04T00:34:31.109682Z[0m [[32m[1minfo     [0m] [1mfulltext_selection            [0m [36mcandidates[0m=[35m1[0m [36mfiltered[0m=[35m2[0m [36mmode[0m=[35mhigh-value[0m [36mticker[0m=[35mEXR[0m
[2m2026-04-04T00:34:33.753433Z[0m [[32m[1minfo     [0m] [1mfetch                         [0m [36mstatus[0m=[35m200[0m [36murl[0m=[35mhttps://www.stocktitan.net/sec-filings/EXR/form-4-extra-space-storage-inc-insider-trading-[0m
[2m2026-04-04T00:34:33.973114Z[0m [[32m[1minfo     [0m] [1mcrawling                      [0m [36mchannel[0m=[35mGoogle->Benzinga[0m [36mtag[0m=[35mgoogle_benzinga[0m
[2m2026-04-04T00:34:36.347063Z[0m [[32m[1minfo     [0m] [1mfetch                         [0m [36mstatus[0m=[35m200[0m [36murl[0m=[35m'https://news.google.com/rss/search?q=XYL+site:benzinga.com&hl=en-US&gl=US&ceid=US:en'[0m
[2m2026-04-04T00:34:36.358912Z[0m [[32m[1minfo     [0m] [1mparsed                        [0m [36mchannel[0m=[35mgoogle_benzinga[0m [36mraw[0m=[35m10[0m
[2m2026-04-04T00:34:38.364421Z[0m [[32m[1minfo     [0m] [1mfetch                         [0m [36mstatus[0m=[35m200[0m [36murl[0m=[35m'https://news.google.com/rss/search?q=XYL+site:benzinga.com&hl=en-US&gl=US&ceid=US:en'[0m
[2m2026-04-04T00:34:38.371985Z[0m [[32m[1minfo     [0m] [1mparsed                        [0m [36mchannel[0m=[35mgoogle_benzinga[0m [36mraw[0m=[35m10[0m
[2m2026-04-04T00:34:38.372145Z[0m [[32m[1minfo     [0m] [1mcrawling                      [0m [36mchannel[0m=[35m'Google News (all)'[0m [36mtag[0m=[35mgoogle_broad[0m
[2m2026-04-04T00:34:40.837590Z[0m [[32m[1minfo     [0m] [1mfetch                         [0m [36mstatus[0m=[35m200[0m [36murl[0m=[35m'https://news.google.com/rss/search?q=XYL+stock+news&hl=en-US&gl=US&ceid=US:en'[0m
[2m2026-04-04T00:34:40.966564Z[0m [[32m[1minfo     [0m] [1mparsed                        [0m [36mchannel[0m=[35mgoogle_broad[0m [36mraw[0m=[35m100[0m
[2m2026-04-04T00:34:43.302199Z[0m [[32m[1minfo     [0m] [1mfetch                         [0m [36mstatus[0m=[35m200[0m [36murl[0m=[35m'https://news.google.com/rss/search?q=XYL+earnings+analysis&hl=en-US&gl=US&ceid=US:en'[0m
[2m2026-04-04T00:34:43.328905Z[0m [[32m[1minfo     [0m] [1mparsed                        [0m [36mchannel[0m=[35mgoogle_broad[0m [36mraw[0m=[35m42[0m
[2m2026-04-04T00:34:43.329931Z[0m [[32m[1minfo     [0m] [1mquality_filter                [0m [36minput[0m=[35m162[0m [36mpassed[0m=[35m1[0m
[2m2026-04-04T00:34:43.330122Z[0m [[32m[1minfo     [0m] [1mdedup                         [0m [36mafter[0m=[35m1[0m [36mbefore[0m=[35m1[0m
[2m2026-04-04T00:34:43.330260Z[0m [[32m[1minfo     [0m] [1mfulltext_selection            [0m [36mcandidates[0m=[35m0[0m [36mfiltered[0m=[35m1[0m [36mmode[0m=[35mhigh-value[0m [36mticker[0m=[35mXYL[0m
[2m2026-04-04T00:34:43.331019Z[0m [[32m[1minfo     [0m] [1mcrawling                      [0m [36mchannel[0m=[35mGoogle->Benzinga[0m [36mtag[0m=[35mgoogle_benzinga[0m
[2m2026-04-04T00:34:45.692312Z[0m [[32m[1minfo     [0m] [1mfetch                         [0m [36mstatus[0m=[35m200[0m [36murl[0m=[35m'https://news.google.com/rss/search?q=TDY+site:benzinga.com&hl=en-US&gl=US&ceid=US:en'[0m
[2m2026-04-04T00:34:45.703657Z[0m [[32m[1minfo     [0m] [1mparsed                        [0m [36mchannel[0m=[35mgoogle_benzinga[0m [36mraw[0m=[35m11[0m
[2m2026-04-04T00:34:47.709240Z[0m [[32m[1minfo     [0m] [1mfetch                         [0m [36mstatus[0m=[35m200[0m [36murl[0m=[35m'https://news.google.com/rss/search?q=TDY+site:benzinga.com&hl=en-US&gl=US&ceid=US:en'[0m
[2m2026-04-04T00:34:47.717729Z[0m [[32m[1minfo     [0m] [1mparsed                        [0m [36mchannel[0m=[35mgoogle_benzinga[0m [36mraw[0m=[35m11[0m
[2m2026-04-04T00:34:47.717890Z[0m [[32m[1minfo     [0m] [1mcrawling                      [0m [36mchannel[0m=[35m'Google News (all)'[0m [36mtag[0m=[35mgoogle_broad[0m
[2m2026-04-04T00:34:50.121377Z[0m [[32m[1minfo     [0m] [1mfetch                         [0m [36mstatus[0m=[35m200[0m [36murl[0m=[35m'https://news.google.com/rss/search?q=TDY+stock+news&hl=en-US&gl=US&ceid=US:en'[0m
[2m2026-04-04T00:34:50.237386Z[0m [[32m[1minfo     [0m] [1mparsed                        [0m [36mchannel[0m=[35mgoogle_broad[0m [36mraw[0m=[35m70[0m
[2m2026-04-04T00:34:52.698854Z[0m [[32m[1minfo     [0m] [1mfetch                         [0m [36mstatus[0m=[35m200[0m [36murl[0m=[35m'https://news.google.com/rss/search?q=TDY+earnings+analysis&hl=en-US&gl=US&ceid=US:en'[0m
[2m2026-04-04T00:34:52.856796Z[0m [[32m[1minfo     [0m] [1mparsed                        [0m [36mchannel[0m=[35mgoogle_broad[0m [36mraw[0m=[35m100[0m
[2m2026-04-04T00:34:52.857954Z[0m [[32m[1minfo     [0m] [1mquality_filter                [0m [36minput[0m=[35m192[0m [36mpassed[0m=[35m1[0m
[2m2026-04-04T00:34:52.858259Z[0m [[32m[1minfo     [0m] [1mdedup                         [0m [36mafter[0m=[35m1[0m [36mbefore[0m=[35m1[0m
[2m2026-04-04T00:34:52.858413Z[0m [[32m[1minfo     [0m] [1mfulltext_selection            [0m [36mcandidates[0m=[35m1[0m [36mfiltered[0m=[35m1[0m [36mmode[0m=[35mhigh-value[0m [36mticker[0m=[35mTDY[0m
[2m2026-04-04T00:34:54.563536Z[0m [[32m[1minfo     [0m] [1mfetch                         [0m [36mstatus[0m=[35m403[0m [36murl[0m=[35mhttps://www.gurufocus.com/news/8768940/tdy-citigroup-maintains-neutral-rating-and-raises-p[0m
[2m2026-04-04T00:34:54.765842Z[0m [[32m[1minfo     [0m] [1mcrawling                      [0m [36mchannel[0m=[35mGoogle->Benzinga[0m [36mtag[0m=[35mgoogle_benzinga[0m
[2m2026-04-04T00:34:57.131162Z[0m [[32m[1minfo     [0m] [1mfetch                         [0m [36mstatus[0m=[35m200[0m [36murl[0m=[35m'https://news.google.com/rss/search?q=TPR+site:benzinga.com&hl=en-US&gl=US&ceid=US:en'[0m
[2m2026-04-04T00:34:57.150379Z[0m [[32m[1minfo     [0m] [1mparsed                        [0m [36mchannel[0m=[35mgoogle_benzinga[0m [36mraw[0m=[35m21[0m
[2m2026-04-04T00:34:59.158268Z[0m [[32m[1minfo     [0m] [1mfetch                         [0m [36mstatus[0m=[35m200[0m [36murl[0m=[35m'https://news.google.com/rss/search?q=TPR+site:benzinga.com&hl=en-US&gl=US&ceid=US:en'[0m
[2m2026-04-04T00:34:59.172438Z[0m [[32m[1minfo     [0m] [1mparsed                        [0m [36mchannel[0m=[35mgoogle_benzinga[0m [36mraw[0m=[35m21[0m
[2m2026-04-04T00:34:59.172617Z[0m [[32m[1minfo     [0m] [1mcrawling                      [0m [36mchannel[0m=[35m'Google News (all)'[0m [36mtag[0m=[35mgoogle_broad[0m
[2m2026-04-04T00:35:01.594747Z[0m [[32m[1minfo     [0m] [1mfetch                         [0m [36mstatus[0m=[35m200[0m [36murl[0m=[35m'https://news.google.com/rss/search?q=TPR+stock+news&hl=en-US&gl=US&ceid=US:en'[0m
[2m2026-04-04T00:35:01.710752Z[0m [[32m[1minfo     [0m] [1mparsed                        [0m [36mchannel[0m=[35mgoogle_broad[0m [36mraw[0m=[35m69[0m
[2m2026-04-04T00:35:04.069947Z[0m [[32m[1minfo     [0m] [1mfetch                         [0m [36mstatus[0m=[35m200[0m [36murl[0m=[35m'https://news.google.com/rss/search?q=TPR+earnings+analysis&hl=en-US&gl=US&ceid=US:en'[0m
[2m2026-04-04T00:35:04.101591Z[0m [[32m[1minfo     [0m] [1mparsed                        [0m [36mchannel[0m=[35mgoogle_broad[0m [36mraw[0m=[35m40[0m
[2m2026-04-04T00:35:04.102977Z[0m [[32m[1minfo     [0m] [1mquality_filter                [0m [36minput[0m=[35m151[0m [36mpassed[0m=[35m1[0m
[2m2026-04-04T00:35:04.103233Z[0m [[32m[1minfo     [0m] [1mdedup                         [0m [36mafter[0m=[35m1[0m [36mbefore[0m=[35m1[0m
[2m2026-04-04T00:35:04.103345Z[0m [[32m[1minfo     [0m] [1mfulltext_selection            [0m [36mcandidates[0m=[35m0[0m [36mfiltered[0m=[35m1[0m [36mmode[0m=[35mhigh-value[0m [36mticker[0m=[35mTPR[0m
[2m2026-04-04T00:35:04.104051Z[0m [[32m[1minfo     [0m] [1mcrawling                      [0m [36mchannel[0m=[35mGoogle->Benzinga[0m [36mtag[0m=[35mgoogle_benzinga[0m
[2m2026-04-04T00:35:06.503303Z[0m [[32m[1minfo     [0m] [1mfetch                         [0m [36mstatus[0m=[35m200[0m [36murl[0m=[35m'https://news.google.com/rss/search?q=WAT+site:benzinga.com&hl=en-US&gl=US&ceid=US:en'[0m
[2m2026-04-04T00:35:06.540956Z[0m [[32m[1minfo     [0m] [1mparsed                        [0m [36mchannel[0m=[35mgoogle_benzinga[0m [36mraw[0m=[35m50[0m
[2m2026-04-04T00:35:08.546421Z[0m [[32m[1minfo     [0m] [1mfetch                         [0m [36mstatus[0m=[35m200[0m [36murl[0m=[35m'https://news.google.com/rss/search?q=WAT+site:benzinga.com&hl=en-US&gl=US&ceid=US:en'[0m
[2m2026-04-04T00:35:08.577685Z[0m [[32m[1minfo     [0m] [1mparsed                        [0m [36mchannel[0m=[35mgoogle_benzinga[0m [36mraw[0m=[35m50[0m
[2m2026-04-04T00:35:08.577856Z[0m [[32m[1minfo     [0m] [1mcrawling                      [0m [36mchannel[0m=[35m'Google News (all)'[0m [36mtag[0m=[35mgoogle_broad[0m
[2m2026-04-04T00:35:10.998917Z[0m [[32m[1minfo     [0m] [1mfetch                         [0m [36mstatus[0m=[35m200[0m [36murl[0m=[35m'https://news.google.com/rss/search?q=WAT+stock+news&hl=en-US&gl=US&ceid=US:en'[0m
[2m2026-04-04T00:35:11.059911Z[0m [[32m[1minfo     [0m] [1mparsed                        [0m [36mchannel[0m=[35mgoogle_broad[0m [36mraw[0m=[35m66[0m
[2m2026-04-04T00:35:13.480190Z[0m [[32m[1minfo     [0m] [1mfetch                         [0m [36mstatus[0m=[35m200[0m [36murl[0m=[35m'https://news.google.com/rss/search?q=WAT+earnings+analysis&hl=en-US&gl=US&ceid=US:en'[0m
[2m2026-04-04T00:35:13.529259Z[0m [[32m[1minfo     [0m] [1mparsed                        [0m [36mchannel[0m=[35mgoogle_broad[0m [36mraw[0m=[35m57[0m
[2m2026-04-04T00:35:13.530746Z[0m [[32m[1minfo     [0m] [1mquality_filter                [0m [36minput[0m=[35m223[0m [36mpassed[0m=[35m3[0m
[2m2026-04-04T00:35:13.531234Z[0m [[32m[1minfo     [0m] [1mdedup                         [0m [36mafter[0m=[35m3[0m [36mbefore[0m=[35m3[0m
[2m2026-04-04T00:35:13.531383Z[0m [[32m[1minfo     [0m] [1mfulltext_selection            [0m [36mcandidates[0m=[35m0[0m [36mfiltered[0m=[35m3[0m [36mmode[0m=[35mhigh-value[0m [36mticker[0m=[35mWAT[0m
[2m2026-04-04T00:35:13.532098Z[0m [[32m[1minfo     [0m] [1mcrawling                      [0m [36mchannel[0m=[35mGoogle->Benzinga[0m [36mtag[0m=[35mgoogle_benzinga[0m
[2m2026-04-04T00:35:15.932651Z[0m [[32m[1minfo     [0m] [1mfetch                         [0m [36mstatus[0m=[35m200[0m [36murl[0m=[35m'https://news.google.com/rss/search?q=CTSH+site:benzinga.com&hl=en-US&gl=US&ceid=US:en'[0m
[2m2026-04-04T00:35:15.952879Z[0m [[32m[1minfo     [0m] [1mparsed                        [0m [36mchannel[0m=[35mgoogle_benzinga[0m [36mraw[0m=[35m32[0m
[2m2026-04-04T00:35:17.961004Z[0m [[32m[1minfo     [0m] [1mfetch                         [0m [36mstatus[0m=[35m200[0m [36murl[0m=[35m'https://news.google.com/rss/search?q=CTSH+site:benzinga.com&hl=en-US&gl=US&ceid=US:en'[0m
[2m2026-04-04T00:35:17.980894Z[0m [[32m[1minfo     [0m] [1mparsed                        [0m [36mchannel[0m=[35mgoogle_benzinga[0m [36mraw[0m=[35m32[0m
[2m2026-04-04T00:35:17.981057Z[0m [[32m[1minfo     [0m] [1mcrawling                      [0m [36mchannel[0m=[35m'Google News (all)'[0m [36mtag[0m=[35mgoogle_broad[0m
[2m2026-04-04T00:35:20.423191Z[0m [[32m[1minfo     [0m] [1mfetch                         [0m [36mstatus[0m=[35m200[0m [36murl[0m=[35m'https://news.google.com/rss/search?q=CTSH+stock+news&hl=en-US&gl=US&ceid=US:en'[0m
[2m2026-04-04T00:35:20.553516Z[0m [[32m[1minfo     [0m] [1mparsed                        [0m [36mchannel[0m=[35mgoogle_broad[0m [36mraw[0m=[35m100[0m
[2m2026-04-04T00:35:22.923621Z[0m [[32m[1minfo     [0m] [1mfetch                         [0m [36mstatus[0m=[35m200[0m [36murl[0m=[35m'https://news.google.com/rss/search?q=CTSH+earnings+analysis&hl=en-US&gl=US&ceid=US:en'[0m
[2m2026-04-04T00:35:22.967480Z[0m [[32m[1minfo     [0m] [1mparsed                        [0m [36mchannel[0m=[35mgoogle_broad[0m [36mraw[0m=[35m49[0m
[2m2026-04-04T00:35:22.969111Z[0m [[32m[1minfo     [0m] [1mquality_filter                [0m [36minput[0m=[35m213[0m [36mpassed[0m=[35m3[0m
[2m2026-04-04T00:35:22.969596Z[0m [[32m[1minfo     [0m] [1mdedup                         [0m [36mafter[0m=[35m3[0m [36mbefore[0m=[35m3[0m
[2m2026-04-04T00:35:22.969736Z[0m [[32m[1minfo     [0m] [1mfulltext_selection            [0m [36mcandidates[0m=[35m0[0m [36mfiltered[0m=[35m3[0m [36mmode[0m=[35mhigh-value[0m [36mticker[0m=[35mCTSH[0m
[2m2026-04-04T00:35:22.970495Z[0m [[32m[1minfo     [0m] [1mcrawling                      [0m [36mchannel[0m=[35mGoogle->Benzinga[0m [36mtag[0m=[35mgoogle_benzinga[0m
[2m2026-04-04T00:35:25.363490Z[0m [[32m[1minfo     [0m] [1mfetch                         [0m [36mstatus[0m=[35m200[0m [36murl[0m=[35m'https://news.google.com/rss/search?q=DTE+site:benzinga.com&hl=en-US&gl=US&ceid=US:en'[0m
[2m2026-04-04T00:35:25.391468Z[0m [[32m[1minfo     [0m] [1mparsed                        [0m [36mchannel[0m=[35mgoogle_benzinga[0m [36mraw[0m=[35m35[0m
[2m2026-04-04T00:35:27.397094Z[0m [[32m[1minfo     [0m] [1mfetch                         [0m [36mstatus[0m=[35m200[0m [36murl[0m=[35m'https://news.google.com/rss/search?q=DTE+site:benzinga.com&hl=en-US&gl=US&ceid=US:en'[0m
[2m2026-04-04T00:35:27.419361Z[0m [[32m[1minfo     [0m] [1mparsed                        [0m [36mchannel[0m=[35mgoogle_benzinga[0m [36mraw[0m=[35m35[0m
[2m2026-04-04T00:35:27.419526Z[0m [[32m[1minfo     [0m] [1mcrawling                      [0m [36mchannel[0m=[35m'Google News (all)'[0m [36mtag[0m=[35mgoogle_broad[0m
[2m2026-04-04T00:35:29.805982Z[0m [[32m[1minfo     [0m] [1mfetch                         [0m [36mstatus[0m=[35m200[0m [36murl[0m=[35m'https://news.google.com/rss/search?q=DTE+stock+news&hl=en-US&gl=US&ceid=US:en'[0m
[2m2026-04-04T00:35:29.922750Z[0m [[32m[1minfo     [0m] [1mparsed                        [0m [36mchannel[0m=[35mgoogle_broad[0m [36mraw[0m=[35m73[0m
[2m2026-04-04T00:35:32.335601Z[0m [[32m[1minfo     [0m] [1mfetch                         [0m [36mstatus[0m=[35m200[0m [36murl[0m=[35m'https://news.google.com/rss/search?q=DTE+earnings+analysis&hl=en-US&gl=US&ceid=US:en'[0m
[2m2026-04-04T00:35:32.368475Z[0m [[32m[1minfo     [0m] [1mparsed                        [0m [36mchannel[0m=[35mgoogle_broad[0m [36mraw[0m=[35m41[0m
[2m2026-04-04T00:35:32.369362Z[0m [[32m[1minfo     [0m] [1mquality_filter                [0m [36minput[0m=[35m184[0m [36mpassed[0m=[35m0[0m
[2m2026-04-04T00:35:32.369497Z[0m [[32m[1minfo     [0m] [1mdedup                         [0m [36mafter[0m=[35m0[0m [36mbefore[0m=[35m0[0m
[2m2026-04-04T00:35:32.369571Z[0m [[32m[1minfo     [0m] [1mfulltext_selection            [0m [36mcandidates[0m=[35m0[0m [36mfiltered[0m=[35m0[0m [36mmode[0m=[35mhigh-value[0m [36mticker[0m=[35mDTE[0m
[2m2026-04-04T00:35:32.370388Z[0m [[32m[1minfo     [0m] [1mcrawling                      [0m [36mchannel[0m=[35mGoogle->Benzinga[0m [36mtag[0m=[35mgoogle_benzinga[0m
[2m2026-04-04T00:35:35.188127Z[0m [[32m[1minfo     [0m] [1mfetch                         [0m [36mstatus[0m=[35m200[0m [36murl[0m=[35m'https://news.google.com/rss/search?q=DOV+site:benzinga.com&hl=en-US&gl=US&ceid=US:en'[0m
[2m2026-04-04T00:35:35.200078Z[0m [[32m[1minfo     [0m] [1mparsed                        [0m [36mchannel[0m=[35mgoogle_benzinga[0m [36mraw[0m=[35m17[0m
[2m2026-04-04T00:35:37.205557Z[0m [[32m[1minfo     [0m] [1mfetch                         [0m [36mstatus[0m=[35m200[0m [36murl[0m=[35m'https://news.google.com/rss/search?q=DOV+site:benzinga.com&hl=en-US&gl=US&ceid=US:en'[0m
[2m2026-04-04T00:35:37.217536Z[0m [[32m[1minfo     [0m] [1mparsed                        [0m [36mchannel[0m=[35mgoogle_benzinga[0m [36mraw[0m=[35m17[0m
[2m2026-04-04T00:35:37.217699Z[0m [[32m[1minfo     [0m] [1mcrawling                      [0m [36mchannel[0m=[35m'Google News (all)'[0m [36mtag[0m=[35mgoogle_broad[0m
[2m2026-04-04T00:35:39.598820Z[0m [[32m[1minfo     [0m] [1mfetch                         [0m [36mstatus[0m=[35m200[0m [36murl[0m=[35m'https://news.google.com/rss/search?q=DOV+stock+news&hl=en-US&gl=US&ceid=US:en'[0m
[2m2026-04-04T00:35:39.647532Z[0m [[32m[1minfo     [0m] [1mparsed                        [0m [36mchannel[0m=[35mgoogle_broad[0m [36mraw[0m=[35m55[0m
[2m2026-04-04T00:35:42.009985Z[0m [[32m[1minfo     [0m] [1mfetch                         [0m [36mstatus[0m=[35m200[0m [36murl[0m=[35m'https://news.google.com/rss/search?q=DOV+earnings+analysis&hl=en-US&gl=US&ceid=US:en'[0m
[2m2026-04-04T00:35:42.053908Z[0m [[32m[1minfo     [0m] [1mparsed                        [0m [36mchannel[0m=[35mgoogle_broad[0m [36mraw[0m=[35m47[0m
[2m2026-04-04T00:35:42.054778Z[0m [[32m[1minfo     [0m] [1mquality_filter                [0m [36minput[0m=[35m136[0m [36mpassed[0m=[35m0[0m
[2m2026-04-04T00:35:42.054906Z[0m [[32m[1minfo     [0m] [1mdedup                         [0m [36mafter[0m=[35m0[0m [36mbefore[0m=[35m0[0m
[2m2026-04-04T00:35:42.054979Z[0m [[32m[1minfo     [0m] [1mfulltext_selection            [0m [36mcandidates[0m=[35m0[0m [36mfiltered[0m=[35m0[0m [36mmode[0m=[35mhigh-value[0m [36mticker[0m=[35mDOV[0m
[2m2026-04-04T00:35:42.055820Z[0m [[32m[1minfo     [0m] [1mcrawling                      [0m [36mchannel[0m=[35mGoogle->Benzinga[0m [36mtag[0m=[35mgoogle_benzinga[0m
[2m2026-04-04T00:35:44.517248Z[0m [[32m[1minfo     [0m] [1mfetch                         [0m [36mstatus[0m=[35m200[0m [36murl[0m=[35m'https://news.google.com/rss/search?q=ULTA+site:benzinga.com&hl=en-US&gl=US&ceid=US:en'[0m
[2m2026-04-04T00:35:44.646353Z[0m [[32m[1minfo     [0m] [1mparsed                        [0m [36mchannel[0m=[35mgoogle_benzinga[0m [36mraw[0m=[35m83[0m
[2m2026-04-04T00:35:46.651888Z[0m [[32m[1minfo     [0m] [1mfetch                         [0m [36mstatus[0m=[35m200[0m [36murl[0m=[35m'https://news.google.com/rss/search?q=ULTA+site:benzinga.com&hl=en-US&gl=US&ceid=US:en'[0m
[2m2026-04-04T00:35:46.701328Z[0m [[32m[1minfo     [0m] [1mparsed                        [0m [36mchannel[0m=[35mgoogle_benzinga[0m [36mraw[0m=[35m83[0m
[2m2026-04-04T00:35:46.701492Z[0m [[32m[1minfo     [0m] [1mcrawling                      [0m [36mchannel[0m=[35m'Google News (all)'[0m [36mtag[0m=[35mgoogle_broad[0m
[2m2026-04-04T00:35:49.221134Z[0m [[32m[1minfo     [0m] [1mfetch                         [0m [36mstatus[0m=[35m200[0m [36murl[0m=[35m'https://news.google.com/rss/search?q=ULTA+stock+news&hl=en-US&gl=US&ceid=US:en'[0m
[2m2026-04-04T00:35:49.366511Z[0m [[32m[1minfo     [0m] [1mparsed                        [0m [36mchannel[0m=[35mgoogle_broad[0m [36mraw[0m=[35m100[0m
[2m2026-04-04T00:35:51.751857Z[0m [[32m[1minfo     [0m] [1mfetch                         [0m [36mstatus[0m=[35m200[0m [36murl[0m=[35m'https://news.google.com/rss/search?q=ULTA+earnings+analysis&hl=en-US&gl=US&ceid=US:en'[0m
[2m2026-04-04T00:35:51.807083Z[0m [[32m[1minfo     [0m] [1mparsed                        [0m [36mchannel[0m=[35mgoogle_broad[0m [36mraw[0m=[35m56[0m
[2m2026-04-04T00:35:51.810353Z[0m [[32m[1minfo     [0m] [1mquality_filter                [0m [36minput[0m=[35m322[0m [36mpassed[0m=[35m15[0m
[2m2026-04-04T00:35:51.812459Z[0m [[32m[1minfo     [0m] [1mdedup                         [0m [36mafter[0m=[35m13[0m [36mbefore[0m=[35m15[0m
[2m2026-04-04T00:35:51.812778Z[0m [[32m[1minfo     [0m] [1mfulltext_selection            [0m [36mcandidates[0m=[35m3[0m [36mfiltered[0m=[35m13[0m [36mmode[0m=[35mhigh-value[0m [36mticker[0m=[35mULTA[0m
[2m2026-04-04T00:35:54.060434Z[0m [[32m[1minfo     [0m] [1mfetch                         [0m [36mstatus[0m=[35m200[0m [36murl[0m=[35mhttps://www.stocktitan.net/sec-filings/ULTA/form-4-ulta-beauty-inc-insider-trading-activit[0m
[2m2026-04-04T00:35:54.375992Z[0m [[32m[1minfo     [0m] [1mfetch                         [0m [36mstatus[0m=[35m200[0m [36murl[0m=[35mhttps://www.stocktitan.net/sec-filings/ULTA/form-4-ulta-beauty-inc-insider-trading-activit[0m
[2m2026-04-04T00:35:54.949057Z[0m [[31m[1merror    [0m] [1mfetch_error                   [0m [36merror[0m=[35m'400, message=\'Got more than 8190 bytes when reading: b"connect-src \\\'self\\\' wss:'[0m [36murl[0m=[35mhttps://finance.yahoo.com/markets/stocks/articles/ulta-beauty-ulta-val[0m
[2m2026-04-04T00:35:55.152891Z[0m [[32m[1minfo     [0m] [1mcrawling                      [0m [36mchannel[0m=[35mGoogle->Benzinga[0m [36mtag[0m=[35mgoogle_benzinga[0m
[2m2026-04-04T00:35:57.521897Z[0m [[32m[1minfo     [0m] [1mfetch                         [0m [36mstatus[0m=[35m200[0m [36murl[0m=[35m'https://news.google.com/rss/search?q=IQV+site:benzinga.com&hl=en-US&gl=US&ceid=US:en'[0m
[2m2026-04-04T00:35:57.538082Z[0m [[32m[1minfo     [0m] [1mparsed                        [0m [36mchannel[0m=[35mgoogle_benzinga[0m [36mraw[0m=[35m10[0m
[2m2026-04-04T00:35:59.543078Z[0m [[32m[1minfo     [0m] [1mfetch                         [0m [36mstatus[0m=[35m200[0m [36murl[0m=[35m'https://news.google.com/rss/search?q=IQV+site:benzinga.com&hl=en-US&gl=US&ceid=US:en'[0m
[2m2026-04-04T00:35:59.550955Z[0m [[32m[1minfo     [0m] [1mparsed                        [0m [36mchannel[0m=[35mgoogle_benzinga[0m [36mraw[0m=[35m10[0m
[2m2026-04-04T00:35:59.551109Z[0m [[32m[1minfo     [0m] [1mcrawling                      [0m [36mchannel[0m=[35m'Google News (all)'[0m [36mtag[0m=[35mgoogle_broad[0m
[2m2026-04-04T00:36:01.935169Z[0m [[32m[1minfo     [0m] [1mfetch                         [0m [36mstatus[0m=[35m200[0m [36murl[0m=[35m'https://news.google.com/rss/search?q=IQV+stock+news&hl=en-US&gl=US&ceid=US:en'[0m
[2m2026-04-04T00:36:02.499360Z[0m [[32m[1minfo     [0m] [1mparsed                        [0m [36mchannel[0m=[35mgoogle_broad[0m [36mraw[0m=[35m80[0m
[2m2026-04-04T00:36:04.882338Z[0m [[32m[1minfo     [0m] [1mfetch                         [0m [36mstatus[0m=[35m200[0m [36murl[0m=[35m'https://news.google.com/rss/search?q=IQV+earnings+analysis&hl=en-US&gl=US&ceid=US:en'[0m
[2m2026-04-04T00:36:04.899677Z[0m [[32m[1minfo     [0m] [1mparsed                        [0m [36mchannel[0m=[35mgoogle_broad[0m [36mraw[0m=[35m26[0m
[2m2026-04-04T00:36:04.901283Z[0m [[32m[1minfo     [0m] [1mquality_filter                [0m [36minput[0m=[35m126[0m [36mpassed[0m=[35m3[0m
[2m2026-04-04T00:36:04.901765Z[0m [[32m[1minfo     [0m] [1mdedup                         [0m [36mafter[0m=[35m2[0m [36mbefore[0m=[35m3[0m
[2m2026-04-04T00:36:04.901882Z[0m [[32m[1minfo     [0m] [1mfulltext_selection            [0m [36mcandidates[0m=[35m1[0m [36mfiltered[0m=[35m2[0m [36mmode[0m=[35mhigh-value[0m [36mticker[0m=[35mIQV[0m
[2m2026-04-04T00:36:07.938976Z[0m [[32m[1minfo     [0m] [1mfetch                         [0m [36mstatus[0m=[35m200[0m [36murl[0m=[35mhttps://stockstory.org/us/stocks/nyse/iqv/news/earnings/reflecting-on-drug-development-inp[0m
[2m2026-04-04T00:36:08.143432Z[0m [[32m[1minfo     [0m] [1mcrawling                      [0m [36mchannel[0m=[35mGoogle->Benzinga[0m [36mtag[0m=[35mgoogle_benzinga[0m
[2m2026-04-04T00:36:10.543817Z[0m [[32m[1minfo     [0m] [1mfetch                         [0m [36mstatus[0m=[35m200[0m [36murl[0m=[35m'https://news.google.com/rss/search?q=RJF+site:benzinga.com&hl=en-US&gl=US&ceid=US:en'[0m
[2m2026-04-04T00:36:10.559487Z[0m [[32m[1minfo     [0m] [1mparsed                        [0m [36mchannel[0m=[35mgoogle_benzinga[0m [36mraw[0m=[35m23[0m
[2m2026-04-04T00:36:12.565420Z[0m [[32m[1minfo     [0m] [1mfetch                         [0m [36mstatus[0m=[35m200[0m [36murl[0m=[35m'https://news.google.com/rss/search?q=RJF+site:benzinga.com&hl=en-US&gl=US&ceid=US:en'[0m
[2m2026-04-04T00:36:12.580645Z[0m [[32m[1minfo     [0m] [1mparsed                        [0m [36mchannel[0m=[35mgoogle_benzinga[0m [36mraw[0m=[35m23[0m
[2m2026-04-04T00:36:12.580805Z[0m [[32m[1minfo     [0m] [1mcrawling                      [0m [36mchannel[0m=[35m'Google News (all)'[0m [36mtag[0m=[35mgoogle_broad[0m
[2m2026-04-04T00:36:14.964705Z[0m [[32m[1minfo     [0m] [1mfetch                         [0m [36mstatus[0m=[35m200[0m [36murl[0m=[35m'https://news.google.com/rss/search?q=RJF+stock+news&hl=en-US&gl=US&ceid=US:en'[0m
[2m2026-04-04T00:36:15.014572Z[0m [[32m[1minfo     [0m] [1mparsed                        [0m [36mchannel[0m=[35mgoogle_broad[0m [36mraw[0m=[35m58[0m
[2m2026-04-04T00:36:17.327667Z[0m [[32m[1minfo     [0m] [1mfetch                         [0m [36mstatus[0m=[35m200[0m [36murl[0m=[35m'https://news.google.com/rss/search?q=RJF+earnings+analysis&hl=en-US&gl=US&ceid=US:en'[0m
[2m2026-04-04T00:36:17.345631Z[0m [[32m[1minfo     [0m] [1mparsed                        [0m [36mchannel[0m=[35mgoogle_broad[0m [36mraw[0m=[35m27[0m
[2m2026-04-04T00:36:17.346858Z[0m [[32m[1minfo     [0m] [1mquality_filter                [0m [36minput[0m=[35m131[0m [36mpassed[0m=[35m1[0m
[2m2026-04-04T00:36:17.347158Z[0m [[32m[1minfo     [0m] [1mdedup                         [0m [36mafter[0m=[35m1[0m [36mbefore[0m=[35m1[0m
[2m2026-04-04T00:36:17.347270Z[0m [[32m[1minfo     [0m] [1mfulltext_selection            [0m [36mcandidates[0m=[35m1[0m [36mfiltered[0m=[35m1[0m [36mmode[0m=[35mhigh-value[0m [36mticker[0m=[35mRJF[0m
[2m2026-04-04T00:36:20.185848Z[0m [[32m[1minfo     [0m] [1mfetch                         [0m [36mstatus[0m=[35m429[0m [36murl[0m=[35mhttps://www.easternprogress.com/raymond-james-financial-inc-rjf-expected-to-beat-earnings-[0m
[2m2026-04-04T00:36:20.388015Z[0m [[32m[1minfo     [0m] [1mcrawling                      [0m [36mchannel[0m=[35mGoogle->Benzinga[0m [36mtag[0m=[35mgoogle_benzinga[0m
[2m2026-04-04T00:36:22.816080Z[0m [[32m[1minfo     [0m] [1mfetch                         [0m [36mstatus[0m=[35m200[0m [36murl[0m=[35m'https://news.google.com/rss/search?q=HAL+site:benzinga.com&hl=en-US&gl=US&ceid=US:en'[0m
[2m2026-04-04T00:36:22.880428Z[0m [[32m[1minfo     [0m] [1mparsed                        [0m [36mchannel[0m=[35mgoogle_benzinga[0m [36mraw[0m=[35m70[0m
[2m2026-04-04T00:36:24.885551Z[0m [[32m[1minfo     [0m] [1mfetch                         [0m [36mstatus[0m=[35m200[0m [36murl[0m=[35m'https://news.google.com/rss/search?q=HAL+site:benzinga.com&hl=en-US&gl=US&ceid=US:en'[0m
[2m2026-04-04T00:36:24.928095Z[0m [[32m[1minfo     [0m] [1mparsed                        [0m [36mchannel[0m=[35mgoogle_benzinga[0m [36mraw[0m=[35m70[0m
[2m2026-04-04T00:36:24.928277Z[0m [[32m[1minfo     [0m] [1mcrawling                      [0m [36mchannel[0m=[35m'Google News (all)'[0m [36mtag[0m=[35mgoogle_broad[0m
[2m2026-04-04T00:36:27.487519Z[0m [[32m[1minfo     [0m] [1mfetch                         [0m [36mstatus[0m=[35m200[0m [36murl[0m=[35m'https://news.google.com/rss/search?q=HAL+stock+news&hl=en-US&gl=US&ceid=US:en'[0m
[2m2026-04-04T00:36:27.659783Z[0m [[32m[1minfo     [0m] [1mparsed                        [0m [36mchannel[0m=[35mgoogle_broad[0m [36mraw[0m=[35m100[0m
[2m2026-04-04T00:36:30.069980Z[0m [[32m[1minfo     [0m] [1mfetch                         [0m [36mstatus[0m=[35m200[0m [36murl[0m=[35m'https://news.google.com/rss/search?q=HAL+earnings+analysis&hl=en-US&gl=US&ceid=US:en'[0m
[2m2026-04-04T00:36:30.191901Z[0m [[32m[1minfo     [0m] [1mparsed                        [0m [36mchannel[0m=[35mgoogle_broad[0m [36mraw[0m=[35m62[0m
[2m2026-04-04T00:36:30.194561Z[0m [[32m[1minfo     [0m] [1mquality_filter                [0m [36minput[0m=[35m302[0m [36mpassed[0m=[35m10[0m
[2m2026-04-04T00:36:30.196071Z[0m [[32m[1minfo     [0m] [1mdedup                         [0m [36mafter[0m=[35m10[0m [36mbefore[0m=[35m10[0m
[2m2026-04-04T00:36:30.196299Z[0m [[32m[1minfo     [0m] [1mfulltext_selection            [0m [36mcandidates[0m=[35m4[0m [36mfiltered[0m=[35m10[0m [36mmode[0m=[35mhigh-value[0m [36mticker[0m=[35mHAL[0m
[2m2026-04-04T00:36:32.110920Z[0m [[32m[1minfo     [0m] [1mfetch                         [0m [36mstatus[0m=[35m200[0m [36murl[0m=[35mhttps://www.cnbctv18.com/market/hal-share-price-hindustan-aeronautics-target-cut-by-clsa-b[0m
[2m2026-04-04T00:36:32.332693Z[0m [[32m[1minfo     [0m] [1mfetch                         [0m [36mstatus[0m=[35m403[0m [36murl[0m=[35mhttps://www.ndtvprofit.com/business/defense-stock-in-focus-astra-microwave-shares-rise-aft[0m
[2m2026-04-04T00:36:32.362239Z[0m [[32m[1minfo     [0m] [1mfetch                         [0m [36mstatus[0m=[35m200[0m [36murl[0m=[35mhttps://www.businesstoday.in/markets/stocks/story/hal-mazagon-dock-bdl-cochin-shipyard-sha[0m
[2m2026-04-04T00:36:32.542808Z[0m [[32m[1minfo     [0m] [1mfetch                         [0m [36mstatus[0m=[35m403[0m [36murl[0m=[35mhttps://www.financialexpress.com/market/bel-hal-garden-reach-lampt-why-rs-2-38-trillion-de[0m
[2m2026-04-04T00:36:32.746413Z[0m [[32m[1minfo     [0m] [1mcrawling                      [0m [36mchannel[0m=[35mGoogle->Benzinga[0m [36mtag[0m=[35mgoogle_benzinga[0m
[2m2026-04-04T00:36:35.144082Z[0m [[32m[1minfo     [0m] [1mfetch                         [0m [36mstatus[0m=[35m200[0m [36murl[0m=[35m'https://news.google.com/rss/search?q=CHTR+site:benzinga.com&hl=en-US&gl=US&ceid=US:en'[0m
[2m2026-04-04T00:36:35.175200Z[0m [[32m[1minfo     [0m] [1mparsed                        [0m [36mchannel[0m=[35mgoogle_benzinga[0m [36mraw[0m=[35m38[0m
[2m2026-04-04T00:36:37.180721Z[0m [[32m[1minfo     [0m] [1mfetch                         [0m [36mstatus[0m=[35m200[0m [36murl[0m=[35m'https://news.google.com/rss/search?q=CHTR+site:benzinga.com&hl=en-US&gl=US&ceid=US:en'[0m
[2m2026-04-04T00:36:37.208255Z[0m [[32m[1minfo     [0m] [1mparsed                        [0m [36mchannel[0m=[35mgoogle_benzinga[0m [36mraw[0m=[35m38[0m
[2m2026-04-04T00:36:37.208422Z[0m [[32m[1minfo     [0m] [1mcrawling                      [0m [36mchannel[0m=[35m'Google News (all)'[0m [36mtag[0m=[35mgoogle_broad[0m
[2m2026-04-04T00:36:39.663868Z[0m [[32m[1minfo     [0m] [1mfetch                         [0m [36mstatus[0m=[35m200[0m [36murl[0m=[35m'https://news.google.com/rss/search?q=CHTR+stock+news&hl=en-US&gl=US&ceid=US:en'[0m
[2m2026-04-04T00:36:39.807924Z[0m [[32m[1minfo     [0m] [1mparsed                        [0m [36mchannel[0m=[35mgoogle_broad[0m [36mraw[0m=[35m100[0m
[2m2026-04-04T00:36:42.138844Z[0m [[32m[1minfo     [0m] [1mfetch                         [0m [36mstatus[0m=[35m200[0m [36murl[0m=[35m'https://news.google.com/rss/search?q=CHTR+earnings+analysis&hl=en-US&gl=US&ceid=US:en'[0m
[2m2026-04-04T00:36:42.173505Z[0m [[32m[1minfo     [0m] [1mparsed                        [0m [36mchannel[0m=[35mgoogle_broad[0m [36mraw[0m=[35m41[0m
[2m2026-04-04T00:36:42.174924Z[0m [[32m[1minfo     [0m] [1mquality_filter                [0m [36minput[0m=[35m217[0m [36mpassed[0m=[35m2[0m
[2m2026-04-04T00:36:42.175308Z[0m [[32m[1minfo     [0m] [1mdedup                         [0m [36mafter[0m=[35m2[0m [36mbefore[0m=[35m2[0m
[2m2026-04-04T00:36:42.175439Z[0m [[32m[1minfo     [0m] [1mfulltext_selection            [0m [36mcandidates[0m=[35m0[0m [36mfiltered[0m=[35m2[0m [36mmode[0m=[35mhigh-value[0m [36mticker[0m=[35mCHTR[0m
[2m2026-04-04T00:36:42.176199Z[0m [[32m[1minfo     [0m] [1mcrawling                      [0m [36mchannel[0m=[35mGoogle->Benzinga[0m [36mtag[0m=[35mgoogle_benzinga[0m
[2m2026-04-04T00:36:44.526782Z[0m [[32m[1minfo     [0m] [1mfetch                         [0m [36mstatus[0m=[35m200[0m [36murl[0m=[35m'https://news.google.com/rss/search?q=FE+first+energy+site:benzinga.com&hl=en-US&gl=US&ceid'[0m
[2m2026-04-04T00:36:44.532875Z[0m [[32m[1minfo     [0m] [1mparsed                        [0m [36mchannel[0m=[35mgoogle_benzinga[0m [36mraw[0m=[35m7[0m
[2m2026-04-04T00:36:47.054775Z[0m [[32m[1minfo     [0m] [1mfetch                         [0m [36mstatus[0m=[35m200[0m [36murl[0m=[35m'https://news.google.com/rss/search?q=first+energy+site:benzinga.com&hl=en-US&gl=US&ceid=US'[0m
[2m2026-04-04T00:36:47.192835Z[0m [[32m[1minfo     [0m] [1mparsed                        [0m [36mchannel[0m=[35mgoogle_benzinga[0m [36mraw[0m=[35m100[0m
[2m2026-04-04T00:36:47.193017Z[0m [[32m[1minfo     [0m] [1mcrawling                      [0m [36mchannel[0m=[35m'Google News (all)'[0m [36mtag[0m=[35mgoogle_broad[0m
[2m2026-04-04T00:36:49.660255Z[0m [[32m[1minfo     [0m] [1mfetch                         [0m [36mstatus[0m=[35m200[0m [36murl[0m=[35m'https://news.google.com/rss/search?q=FE+first+energy+stock+news&hl=en-US&gl=US&ceid=US:en'[0m
[2m2026-04-04T00:36:49.784197Z[0m [[32m[1minfo     [0m] [1mparsed                        [0m [36mchannel[0m=[35mgoogle_broad[0m [36mraw[0m=[35m83[0m
[2m2026-04-04T00:36:52.241629Z[0m [[32m[1minfo     [0m] [1mfetch                         [0m [36mstatus[0m=[35m200[0m [36murl[0m=[35m'https://news.google.com/rss/search?q=FE+first+energy+earnings+analysis&hl=en-US&gl=US&ceid'[0m
[2m2026-04-04T00:36:52.299836Z[0m [[32m[1minfo     [0m] [1mparsed                        [0m [36mchannel[0m=[35mgoogle_broad[0m [36mraw[0m=[35m63[0m
[2m2026-04-04T00:36:52.303186Z[0m [[32m[1minfo     [0m] [1mquality_filter                [0m [36minput[0m=[35m253[0m [36mpassed[0m=[35m8[0m
[2m2026-04-04T00:36:52.304410Z[0m [[32m[1minfo     [0m] [1mdedup                         [0m [36mafter[0m=[35m8[0m [36mbefore[0m=[35m8[0m
[2m2026-04-04T00:36:52.304649Z[0m [[32m[1minfo     [0m] [1mfulltext_selection            [0m [36mcandidates[0m=[35m2[0m [36mfiltered[0m=[35m8[0m [36mmode[0m=[35mhigh-value[0m [36mticker[0m=[35mFE[0m
[2m2026-04-04T00:36:54.802457Z[0m [[32m[1minfo     [0m] [1mfetch                         [0m [36mstatus[0m=[35m200[0m [36murl[0m=[35mhttps://www.stocktitan.net/sec-filings/FE/form-4-firstenergy-corp-insider-trading-activity[0m
[2m2026-04-04T00:36:54.839399Z[0m [[32m[1minfo     [0m] [1mfetch                         [0m [36mstatus[0m=[35m200[0m [36murl[0m=[35mhttps://www.stocktitan.net/sec-filings/FE/form-4-firstenergy-corp-insider-trading-activity[0m
[2m2026-04-04T00:36:55.061663Z[0m [[32m[1minfo     [0m] [1mcrawling                      [0m [36mchannel[0m=[35mGoogle->Benzinga[0m [36mtag[0m=[35mgoogle_benzinga[0m
[2m2026-04-04T00:36:57.428710Z[0m [[32m[1minfo     [0m] [1mfetch                         [0m [36mstatus[0m=[35m200[0m [36murl[0m=[35m'https://news.google.com/rss/search?q=ROL+site:benzinga.com&hl=en-US&gl=US&ceid=US:en'[0m
[2m2026-04-04T00:36:57.438675Z[0m [[32m[1minfo     [0m] [1mparsed                        [0m [36mchannel[0m=[35mgoogle_benzinga[0m [36mraw[0m=[35m14[0m
[2m2026-04-04T00:36:59.444204Z[0m [[32m[1minfo     [0m] [1mfetch                         [0m [36mstatus[0m=[35m200[0m [36murl[0m=[35m'https://news.google.com/rss/search?q=ROL+site:benzinga.com&hl=en-US&gl=US&ceid=US:en'[0m
[2m2026-04-04T00:36:59.454415Z[0m [[32m[1minfo     [0m] [1mparsed                        [0m [36mchannel[0m=[35mgoogle_benzinga[0m [36mraw[0m=[35m14[0m
[2m2026-04-04T00:36:59.454575Z[0m [[32m[1minfo     [0m] [1mcrawling                      [0m [36mchannel[0m=[35m'Google News (all)'[0m [36mtag[0m=[35mgoogle_broad[0m
[2m2026-04-04T00:37:01.856320Z[0m [[32m[1minfo     [0m] [1mfetch                         [0m [36mstatus[0m=[35m200[0m [36murl[0m=[35m'https://news.google.com/rss/search?q=ROL+stock+news&hl=en-US&gl=US&ceid=US:en'[0m
[2m2026-04-04T00:37:02.081457Z[0m [[32m[1minfo     [0m] [1mparsed                        [0m [36mchannel[0m=[35mgoogle_broad[0m [36mraw[0m=[35m60[0m
[2m2026-04-04T00:37:04.442974Z[0m [[32m[1minfo     [0m] [1mfetch                         [0m [36mstatus[0m=[35m200[0m [36murl[0m=[35m'https://news.google.com/rss/search?q=ROL+earnings+analysis&hl=en-US&gl=US&ceid=US:en'[0m
[2m2026-04-04T00:37:04.478181Z[0m [[32m[1minfo     [0m] [1mparsed                        [0m [36mchannel[0m=[35mgoogle_broad[0m [36mraw[0m=[35m44[0m
[2m2026-04-04T00:37:04.478950Z[0m [[32m[1minfo     [0m] [1mquality_filter                [0m [36minput[0m=[35m132[0m [36mpassed[0m=[35m0[0m
[2m2026-04-04T00:37:04.479077Z[0m [[32m[1minfo     [0m] [1mdedup                         [0m [36mafter[0m=[35m0[0m [36mbefore[0m=[35m0[0m
[2m2026-04-04T00:37:04.479151Z[0m [[32m[1minfo     [0m] [1mfulltext_selection            [0m [36mcandidates[0m=[35m0[0m [36mfiltered[0m=[35m0[0m [36mmode[0m=[35mhigh-value[0m [36mticker[0m=[35mROL[0m
[2m2026-04-04T00:37:04.480015Z[0m [[32m[1minfo     [0m] [1mcrawling                      [0m [36mchannel[0m=[35mGoogle->Benzinga[0m [36mtag[0m=[35mgoogle_benzinga[0m
[2m2026-04-04T00:37:07.372991Z[0m [[32m[1minfo     [0m] [1mfetch                         [0m [36mstatus[0m=[35m200[0m [36murl[0m=[35m'https://news.google.com/rss/search?q=PPL+site:benzinga.com&hl=en-US&gl=US&ceid=US:en'[0m
[2m2026-04-04T00:37:07.411521Z[0m [[32m[1minfo     [0m] [1mparsed                        [0m [36mchannel[0m=[35mgoogle_benzinga[0m [36mraw[0m=[35m41[0m
[2m2026-04-04T00:37:09.417485Z[0m [[32m[1minfo     [0m] [1mfetch                         [0m [36mstatus[0m=[35m200[0m [36murl[0m=[35m'https://news.google.com/rss/search?q=PPL+site:benzinga.com&hl=en-US&gl=US&ceid=US:en'[0m
[2m2026-04-04T00:37:09.448189Z[0m [[32m[1minfo     [0m] [1mparsed                        [0m [36mchannel[0m=[35mgoogle_benzinga[0m [36mraw[0m=[35m41[0m
[2m2026-04-04T00:37:09.448370Z[0m [[32m[1minfo     [0m] [1mcrawling                      [0m [36mchannel[0m=[35m'Google News (all)'[0m [36mtag[0m=[35mgoogle_broad[0m
[2m2026-04-04T00:37:11.953090Z[0m [[32m[1minfo     [0m] [1mfetch                         [0m [36mstatus[0m=[35m200[0m [36murl[0m=[35m'https://news.google.com/rss/search?q=PPL+stock+news&hl=en-US&gl=US&ceid=US:en'[0m
[2m2026-04-04T00:37:12.097024Z[0m [[32m[1minfo     [0m] [1mparsed                        [0m [36mchannel[0m=[35mgoogle_broad[0m [36mraw[0m=[35m100[0m
[2m2026-04-04T00:37:14.483807Z[0m [[32m[1minfo     [0m] [1mfetch                         [0m [36mstatus[0m=[35m200[0m [36murl[0m=[35m'https://news.google.com/rss/search?q=PPL+earnings+analysis&hl=en-US&gl=US&ceid=US:en'[0m
[2m2026-04-04T00:37:14.592017Z[0m [[32m[1minfo     [0m] [1mparsed                        [0m [36mchannel[0m=[35mgoogle_broad[0m [36mraw[0m=[35m55[0m
[2m2026-04-04T00:37:14.594920Z[0m [[32m[1minfo     [0m] [1mquality_filter                [0m [36minput[0m=[35m237[0m [36mpassed[0m=[35m12[0m
[2m2026-04-04T00:37:14.596697Z[0m [[32m[1minfo     [0m] [1mdedup                         [0m [36mafter[0m=[35m12[0m [36mbefore[0m=[35m12[0m
[2m2026-04-04T00:37:14.597000Z[0m [[32m[1minfo     [0m] [1mfulltext_selection            [0m [36mcandidates[0m=[35m1[0m [36mfiltered[0m=[35m12[0m [36mmode[0m=[35mhigh-value[0m [36mticker[0m=[35mPPL[0m
[2m2026-04-04T00:37:17.060169Z[0m [[32m[1minfo     [0m] [1mfetch                         [0m [36mstatus[0m=[35m200[0m [36murl[0m=[35mhttps://www.stocktitan.net/sec-filings/PPL/form-4-ppl-corp-insider-trading-activity-55230c[0m
[2m2026-04-04T00:37:17.281440Z[0m [[32m[1minfo     [0m] [1mcrawling                      [0m [36mchannel[0m=[35mGoogle->Benzinga[0m [36mtag[0m=[35mgoogle_benzinga[0m
[2m2026-04-04T00:37:19.730944Z[0m [[32m[1minfo     [0m] [1mfetch                         [0m [36mstatus[0m=[35m200[0m [36murl[0m=[35m'https://news.google.com/rss/search?q=KHC+site:benzinga.com&hl=en-US&gl=US&ceid=US:en'[0m
[2m2026-04-04T00:37:19.793895Z[0m [[32m[1minfo     [0m] [1mparsed                        [0m [36mchannel[0m=[35mgoogle_benzinga[0m [36mraw[0m=[35m67[0m
[2m2026-04-04T00:37:21.799714Z[0m [[32m[1minfo     [0m] [1mfetch                         [0m [36mstatus[0m=[35m200[0m [36murl[0m=[35m'https://news.google.com/rss/search?q=KHC+site:benzinga.com&hl=en-US&gl=US&ceid=US:en'[0m
[2m2026-04-04T00:37:21.842516Z[0m [[32m[1minfo     [0m] [1mparsed                        [0m [36mchannel[0m=[35mgoogle_benzinga[0m [36mraw[0m=[35m67[0m
[2m2026-04-04T00:37:21.842680Z[0m [[32m[1minfo     [0m] [1mcrawling                      [0m [36mchannel[0m=[35m'Google News (all)'[0m [36mtag[0m=[35mgoogle_broad[0m
[2m2026-04-04T00:37:24.329363Z[0m [[32m[1minfo     [0m] [1mfetch                         [0m [36mstatus[0m=[35m200[0m [36murl[0m=[35m'https://news.google.com/rss/search?q=KHC+stock+news&hl=en-US&gl=US&ceid=US:en'[0m
[2m2026-04-04T00:37:24.472044Z[0m [[32m[1minfo     [0m] [1mparsed                        [0m [36mchannel[0m=[35mgoogle_broad[0m [36mraw[0m=[35m100[0m
[2m2026-04-04T00:37:26.894888Z[0m [[32m[1minfo     [0m] [1mfetch                         [0m [36mstatus[0m=[35m200[0m [36murl[0m=[35m'https://news.google.com/rss/search?q=KHC+earnings+analysis&hl=en-US&gl=US&ceid=US:en'[0m
[2m2026-04-04T00:37:26.941860Z[0m [[32m[1minfo     [0m] [1mparsed                        [0m [36mchannel[0m=[35mgoogle_broad[0m [36mraw[0m=[35m54[0m
[2m2026-04-04T00:37:26.943255Z[0m [[32m[1minfo     [0m] [1mquality_filter                [0m [36minput[0m=[35m288[0m [36mpassed[0m=[35m2[0m
[2m2026-04-04T00:37:26.943575Z[0m [[32m[1minfo     [0m] [1mdedup                         [0m [36mafter[0m=[35m2[0m [36mbefore[0m=[35m2[0m
[2m2026-04-04T00:37:26.943689Z[0m [[32m[1minfo     [0m] [1mfulltext_selection            [0m [36mcandidates[0m=[35m0[0m [36mfiltered[0m=[35m2[0m [36mmode[0m=[35mhigh-value[0m [36mticker[0m=[35mKHC[0m
[2m2026-04-04T00:37:26.944411Z[0m [[32m[1minfo     [0m] [1mcrawling                      [0m [36mchannel[0m=[35mGoogle->Benzinga[0m [36mtag[0m=[35mgoogle_benzinga[0m
[2m2026-04-04T00:37:29.302139Z[0m [[32m[1minfo     [0m] [1mfetch                         [0m [36mstatus[0m=[35m200[0m [36murl[0m=[35m'https://news.google.com/rss/search?q=WTW+site:benzinga.com&hl=en-US&gl=US&ceid=US:en'[0m
[2m2026-04-04T00:37:29.312081Z[0m [[32m[1minfo     [0m] [1mparsed                        [0m [36mchannel[0m=[35mgoogle_benzinga[0m [36mraw[0m=[35m14[0m
[2m2026-04-04T00:37:31.317062Z[0m [[32m[1minfo     [0m] [1mfetch                         [0m [36mstatus[0m=[35m200[0m [36murl[0m=[35m'https://news.google.com/rss/search?q=WTW+site:benzinga.com&hl=en-US&gl=US&ceid=US:en'[0m
[2m2026-04-04T00:37:31.327484Z[0m [[32m[1minfo     [0m] [1mparsed                        [0m [36mchannel[0m=[35mgoogle_benzinga[0m [36mraw[0m=[35m14[0m
[2m2026-04-04T00:37:31.327649Z[0m [[32m[1minfo     [0m] [1mcrawling                      [0m [36mchannel[0m=[35m'Google News (all)'[0m [36mtag[0m=[35mgoogle_broad[0m
[2m2026-04-04T00:37:33.721518Z[0m [[32m[1minfo     [0m] [1mfetch                         [0m [36mstatus[0m=[35m200[0m [36murl[0m=[35m'https://news.google.com/rss/search?q=WTW+stock+news&hl=en-US&gl=US&ceid=US:en'[0m
[2m2026-04-04T00:37:33.850002Z[0m [[32m[1minfo     [0m] [1mparsed                        [0m [36mchannel[0m=[35mgoogle_broad[0m [36mraw[0m=[35m85[0m
[2m2026-04-04T00:37:36.253604Z[0m [[32m[1minfo     [0m] [1mfetch                         [0m [36mstatus[0m=[35m200[0m [36murl[0m=[35m'https://news.google.com/rss/search?q=WTW+earnings+analysis&hl=en-US&gl=US&ceid=US:en'[0m
[2m2026-04-04T00:37:36.298460Z[0m [[32m[1minfo     [0m] [1mparsed                        [0m [36mchannel[0m=[35mgoogle_broad[0m [36mraw[0m=[35m51[0m
[2m2026-04-04T00:37:36.300700Z[0m [[32m[1minfo     [0m] [1mquality_filter                [0m [36minput[0m=[35m164[0m [36mpassed[0m=[35m9[0m
[2m2026-04-04T00:37:36.301990Z[0m [[32m[1minfo     [0m] [1mdedup                         [0m [36mafter[0m=[35m9[0m [36mbefore[0m=[35m9[0m
[2m2026-04-04T00:37:36.302221Z[0m [[32m[1minfo     [0m] [1mfulltext_selection            [0m [36mcandidates[0m=[35m2[0m [36mfiltered[0m=[35m9[0m [36mmode[0m=[35mhigh-value[0m [36mticker[0m=[35mWTW[0m
[2m2026-04-04T00:37:38.581547Z[0m [[32m[1minfo     [0m] [1mfetch                         [0m [36mstatus[0m=[35m200[0m [36murl[0m=[35mhttps://www.stocktitan.net/sec-filings/WTW/form-4-willis-towers-watson-plc-insider-trading[0m
[2m2026-04-04T00:37:39.064923Z[0m [[32m[1minfo     [0m] [1mfetch                         [0m [36mstatus[0m=[35m200[0m [36murl[0m=[35mhttps://www.stocktitan.net/sec-filings/WTW/form-4-willis-towers-watson-plc-insider-trading[0m
[2m2026-04-04T00:37:39.285363Z[0m [[32m[1minfo     [0m] [1mcrawling                      [0m [36mchannel[0m=[35mGoogle->Benzinga[0m [36mtag[0m=[35mgoogle_benzinga[0m
[2m2026-04-04T00:37:42.294160Z[0m [[32m[1minfo     [0m] [1mfetch                         [0m [36mstatus[0m=[35m200[0m [36murl[0m=[35m'https://news.google.com/rss/search?q=HPE+site:benzinga.com&hl=en-US&gl=US&ceid=US:en'[0m
[2m2026-04-04T00:37:42.445943Z[0m [[32m[1minfo     [0m] [1mparsed                        [0m [36mchannel[0m=[35mgoogle_benzinga[0m [36mraw[0m=[35m100[0m
[2m2026-04-04T00:37:44.452162Z[0m [[32m[1minfo     [0m] [1mfetch                         [0m [36mstatus[0m=[35m200[0m [36murl[0m=[35m'https://news.google.com/rss/search?q=HPE+site:benzinga.com&hl=en-US&gl=US&ceid=US:en'[0m
[2m2026-04-04T00:37:44.514458Z[0m [[32m[1minfo     [0m] [1mparsed                        [0m [36mchannel[0m=[35mgoogle_benzinga[0m [36mraw[0m=[35m100[0m
[2m2026-04-04T00:37:44.514630Z[0m [[32m[1minfo     [0m] [1mcrawling                      [0m [36mchannel[0m=[35m'Google News (all)'[0m [36mtag[0m=[35mgoogle_broad[0m
[2m2026-04-04T00:37:46.972001Z[0m [[32m[1minfo     [0m] [1mfetch                         [0m [36mstatus[0m=[35m200[0m [36murl[0m=[35m'https://news.google.com/rss/search?q=HPE+stock+news&hl=en-US&gl=US&ceid=US:en'[0m
[2m2026-04-04T00:37:47.122420Z[0m [[32m[1minfo     [0m] [1mparsed                        [0m [36mchannel[0m=[35mgoogle_broad[0m [36mraw[0m=[35m100[0m
[2m2026-04-04T00:37:49.598603Z[0m [[32m[1minfo     [0m] [1mfetch                         [0m [36mstatus[0m=[35m200[0m [36murl[0m=[35m'https://news.google.com/rss/search?q=HPE+earnings+analysis&hl=en-US&gl=US&ceid=US:en'[0m
[2m2026-04-04T00:37:49.736560Z[0m [[32m[1minfo     [0m] [1mparsed                        [0m [36mchannel[0m=[35mgoogle_broad[0m [36mraw[0m=[35m89[0m
[2m2026-04-04T00:37:49.740434Z[0m [[32m[1minfo     [0m] [1mquality_filter                [0m [36minput[0m=[35m389[0m [36mpassed[0m=[35m18[0m
[2m2026-04-04T00:37:49.743265Z[0m [[32m[1minfo     [0m] [1mdedup                         [0m [36mafter[0m=[35m14[0m [36mbefore[0m=[35m18[0m
[2m2026-04-04T00:37:49.743625Z[0m [[32m[1minfo     [0m] [1mfulltext_selection            [0m [36mcandidates[0m=[35m1[0m [36mfiltered[0m=[35m14[0m [36mmode[0m=[35mhigh-value[0m [36mticker[0m=[35mHPE[0m
[2m2026-04-04T00:37:51.637474Z[0m [[32m[1minfo     [0m] [1mfetch                         [0m [36mstatus[0m=[35m403[0m [36murl[0m=[35mhttps://www.bitget.com/news/detail/12560605333196[0m
[2m2026-04-04T00:37:51.839832Z[0m [[32m[1minfo     [0m] [1mcrawling                      [0m [36mchannel[0m=[35mGoogle->Benzinga[0m [36mtag[0m=[35mgoogle_benzinga[0m
[2m2026-04-04T00:37:54.345277Z[0m [[32m[1minfo     [0m] [1mfetch                         [0m [36mstatus[0m=[35m200[0m [36murl[0m=[35m'https://news.google.com/rss/search?q=LEN+site:benzinga.com&hl=en-US&gl=US&ceid=US:en'[0m
[2m2026-04-04T00:37:54.474587Z[0m [[32m[1minfo     [0m] [1mparsed                        [0m [36mchannel[0m=[35mgoogle_benzinga[0m [36mraw[0m=[35m85[0m
[2m2026-04-04T00:37:56.480037Z[0m [[32m[1minfo     [0m] [1mfetch                         [0m [36mstatus[0m=[35m200[0m [36murl[0m=[35m'https://news.google.com/rss/search?q=LEN+site:benzinga.com&hl=en-US&gl=US&ceid=US:en'[0m
[2m2026-04-04T00:37:56.532674Z[0m [[32m[1minfo     [0m] [1mparsed                        [0m [36mchannel[0m=[35mgoogle_benzinga[0m [36mraw[0m=[35m85[0m
[2m2026-04-04T00:37:56.532846Z[0m [[32m[1minfo     [0m] [1mcrawling                      [0m [36mchannel[0m=[35m'Google News (all)'[0m [36mtag[0m=[35mgoogle_broad[0m
[2m2026-04-04T00:37:59.005296Z[0m [[32m[1minfo     [0m] [1mfetch                         [0m [36mstatus[0m=[35m200[0m [36murl[0m=[35m'https://news.google.com/rss/search?q=LEN+stock+news&hl=en-US&gl=US&ceid=US:en'[0m
[2m2026-04-04T00:37:59.146200Z[0m [[32m[1minfo     [0m] [1mparsed                        [0m [36mchannel[0m=[35mgoogle_broad[0m [36mraw[0m=[35m91[0m
[2m2026-04-04T00:38:01.596276Z[0m [[32m[1minfo     [0m] [1mfetch                         [0m [36mstatus[0m=[35m200[0m [36murl[0m=[35m'https://news.google.com/rss/search?q=LEN+earnings+analysis&hl=en-US&gl=US&ceid=US:en'[0m
[2m2026-04-04T00:38:01.796192Z[0m [[32m[1minfo     [0m] [1mparsed                        [0m [36mchannel[0m=[35mgoogle_broad[0m [36mraw[0m=[35m69[0m
[2m2026-04-04T00:38:01.812886Z[0m [[32m[1minfo     [0m] [1mquality_filter                [0m [36minput[0m=[35m330[0m [36mpassed[0m=[35m3[0m
[2m2026-04-04T00:38:01.814169Z[0m [[32m[1minfo     [0m] [1mdedup                         [0m [36mafter[0m=[35m3[0m [36mbefore[0m=[35m3[0m
[2m2026-04-04T00:38:01.814375Z[0m [[32m[1minfo     [0m] [1mfulltext_selection            [0m [36mcandidates[0m=[35m3[0m [36mfiltered[0m=[35m3[0m [36mmode[0m=[35mhigh-value[0m [36mticker[0m=[35mLEN[0m
[2m2026-04-04T00:38:04.332514Z[0m [[32m[1minfo     [0m] [1mfetch                         [0m [36mstatus[0m=[35m200[0m [36murl[0m=[35mhttps://moneycheck.com/lennar-len-stock-plunges-25-amid-earnings-shortfall-and-downgrades/[0m
[2m2026-04-04T00:38:04.637366Z[0m [[32m[1minfo     [0m] [1mfetch                         [0m [36mstatus[0m=[35m200[0m [36murl[0m=[35mhttps://parameter.io/lennar-len-stock-plummets-25-amid-earnings-shortfall-and-widespread-a[0m
[2m2026-04-04T00:38:05.641756Z[0m [[32m[1minfo     [0m] [1mfetch                         [0m [36mstatus[0m=[35m200[0m [36murl[0m=[35mhttps://coincentral.com/lennar-len-stock-down-25-as-earnings-miss-and-analyst-downgrades-m[0m
[2m2026-04-04T00:38:05.872853Z[0m [[32m[1minfo     [0m] [1mcrawling                      [0m [36mchannel[0m=[35mGoogle->Benzinga[0m [36mtag[0m=[35mgoogle_benzinga[0m
[2m2026-04-04T00:38:08.798883Z[0m [[32m[1minfo     [0m] [1mfetch                         [0m [36mstatus[0m=[35m200[0m [36murl[0m=[35m'https://news.google.com/rss/search?q=BIIB+site:benzinga.com&hl=en-US&gl=US&ceid=US:en'[0m
[2m2026-04-04T00:38:08.866678Z[0m [[32m[1minfo     [0m] [1mparsed                        [0m [36mchannel[0m=[35mgoogle_benzinga[0m [36mraw[0m=[35m78[0m
[2m2026-04-04T00:38:10.872363Z[0m [[32m[1minfo     [0m] [1mfetch                         [0m [36mstatus[0m=[35m200[0m [36murl[0m=[35m'https://news.google.com/rss/search?q=BIIB+site:benzinga.com&hl=en-US&gl=US&ceid=US:en'[0m
[2m2026-04-04T00:38:10.919122Z[0m [[32m[1minfo     [0m] [1mparsed                        [0m [36mchannel[0m=[35mgoogle_benzinga[0m [36mraw[0m=[35m78[0m
[2m2026-04-04T00:38:10.919305Z[0m [[32m[1minfo     [0m] [1mcrawling                      [0m [36mchannel[0m=[35m'Google News (all)'[0m [36mtag[0m=[35mgoogle_broad[0m
[2m2026-04-04T00:38:13.381977Z[0m [[32m[1minfo     [0m] [1mfetch                         [0m [36mstatus[0m=[35m200[0m [36murl[0m=[35m'https://news.google.com/rss/search?q=BIIB+stock+news&hl=en-US&gl=US&ceid=US:en'[0m
[2m2026-04-04T00:38:13.526233Z[0m [[32m[1minfo     [0m] [1mparsed                        [0m [36mchannel[0m=[35mgoogle_broad[0m [36mraw[0m=[35m100[0m
[2m2026-04-04T00:38:15.914782Z[0m [[32m[1minfo     [0m] [1mfetch                         [0m [36mstatus[0m=[35m200[0m [36murl[0m=[35m'https://news.google.com/rss/search?q=BIIB+earnings+analysis&hl=en-US&gl=US&ceid=US:en'[0m
[2m2026-04-04T00:38:15.974140Z[0m [[32m[1minfo     [0m] [1mparsed                        [0m [36mchannel[0m=[35mgoogle_broad[0m [36mraw[0m=[35m63[0m
[2m2026-04-04T00:38:15.976331Z[0m [[32m[1minfo     [0m] [1mquality_filter                [0m [36minput[0m=[35m319[0m [36mpassed[0m=[35m4[0m
[2m2026-04-04T00:38:15.977175Z[0m [[32m[1minfo     [0m] [1mdedup                         [0m [36mafter[0m=[35m4[0m [36mbefore[0m=[35m4[0m
[2m2026-04-04T00:38:15.977373Z[0m [[32m[1minfo     [0m] [1mfulltext_selection            [0m [36mcandidates[0m=[35m3[0m [36mfiltered[0m=[35m4[0m [36mmode[0m=[35mhigh-value[0m [36mticker[0m=[35mBIIB[0m
[2m2026-04-04T00:38:17.235653Z[0m [[32m[1minfo     [0m] [1mfetch                         [0m [36mstatus[0m=[35m403[0m [36murl[0m=[35mhttps://www.gurufocus.com/news/8766064/canaccord-genuity-raises-price-target-for-biogen-bi[0m
[2m2026-04-04T00:38:17.841618Z[0m [[32m[1minfo     [0m] [1mfetch                         [0m [36mstatus[0m=[35m403[0m [36murl[0m=[35mhttps://www.gurufocus.com/news/8766885/biib-analyst-rating-hc-wainwright-co-raises-price-t[0m
[2m2026-04-04T00:38:17.885370Z[0m [[32m[1minfo     [0m] [1mfetch                         [0m [36mstatus[0m=[35m200[0m [36murl[0m=[35mhttps://www.marketbeat.com/instant-alerts/biogen-nasdaqbiib-price-target-raised-to-23700-2[0m
[2m2026-04-04T00:38:18.101033Z[0m [[32m[1minfo     [0m] [1mcrawling                      [0m [36mchannel[0m=[35mGoogle->Benzinga[0m [36mtag[0m=[35mgoogle_benzinga[0m
[2m2026-04-04T00:38:20.536350Z[0m [[32m[1minfo     [0m] [1mfetch                         [0m [36mstatus[0m=[35m200[0m [36murl[0m=[35m'https://news.google.com/rss/search?q=JBL+site:benzinga.com&hl=en-US&gl=US&ceid=US:en'[0m
[2m2026-04-04T00:38:20.581125Z[0m [[32m[1minfo     [0m] [1mparsed                        [0m [36mchannel[0m=[35mgoogle_benzinga[0m [36mraw[0m=[35m48[0m
[2m2026-04-04T00:38:22.586645Z[0m [[32m[1minfo     [0m] [1mfetch                         [0m [36mstatus[0m=[35m200[0m [36murl[0m=[35m'https://news.google.com/rss/search?q=JBL+site:benzinga.com&hl=en-US&gl=US&ceid=US:en'[0m
[2m2026-04-04T00:38:22.616920Z[0m [[32m[1minfo     [0m] [1mparsed                        [0m [36mchannel[0m=[35mgoogle_benzinga[0m [36mraw[0m=[35m48[0m
[2m2026-04-04T00:38:22.617096Z[0m [[32m[1minfo     [0m] [1mcrawling                      [0m [36mchannel[0m=[35m'Google News (all)'[0m [36mtag[0m=[35mgoogle_broad[0m
[2m2026-04-04T00:38:25.098444Z[0m [[32m[1minfo     [0m] [1mfetch                         [0m [36mstatus[0m=[35m200[0m [36murl[0m=[35m'https://news.google.com/rss/search?q=JBL+stock+news&hl=en-US&gl=US&ceid=US:en'[0m
[2m2026-04-04T00:38:25.241889Z[0m [[32m[1minfo     [0m] [1mparsed                        [0m [36mchannel[0m=[35mgoogle_broad[0m [36mraw[0m=[35m100[0m
[2m2026-04-04T00:38:27.605591Z[0m [[32m[1minfo     [0m] [1mfetch                         [0m [36mstatus[0m=[35m200[0m [36murl[0m=[35m'https://news.google.com/rss/search?q=JBL+earnings+analysis&hl=en-US&gl=US&ceid=US:en'[0m
[2m2026-04-04T00:38:27.636441Z[0m [[32m[1minfo     [0m] [1mparsed                        [0m [36mchannel[0m=[35mgoogle_broad[0m [36mraw[0m=[35m39[0m
[2m2026-04-04T00:38:27.638247Z[0m [[32m[1minfo     [0m] [1mquality_filter                [0m [36minput[0m=[35m235[0m [36mpassed[0m=[35m4[0m
[2m2026-04-04T00:38:27.638782Z[0m [[32m[1minfo     [0m] [1mdedup                         [0m [36mafter[0m=[35m4[0m [36mbefore[0m=[35m4[0m
[2m2026-04-04T00:38:27.638925Z[0m [[32m[1minfo     [0m] [1mfulltext_selection            [0m [36mcandidates[0m=[35m0[0m [36mfiltered[0m=[35m4[0m [36mmode[0m=[35mhigh-value[0m [36mticker[0m=[35mJBL[0m
[2m2026-04-04T00:38:27.639694Z[0m [[32m[1minfo     [0m] [1mcrawling                      [0m [36mchannel[0m=[35mGoogle->Benzinga[0m [36mtag[0m=[35mgoogle_benzinga[0m
[2m2026-04-04T00:38:30.009923Z[0m [[32m[1minfo     [0m] [1mfetch                         [0m [36mstatus[0m=[35m200[0m [36murl[0m=[35m'https://news.google.com/rss/search?q=MTD+site:benzinga.com&hl=en-US&gl=US&ceid=US:en'[0m
[2m2026-04-04T00:38:30.025552Z[0m [[32m[1minfo     [0m] [1mparsed                        [0m [36mchannel[0m=[35mgoogle_benzinga[0m [36mraw[0m=[35m21[0m
[2m2026-04-04T00:38:32.031983Z[0m [[32m[1minfo     [0m] [1mfetch                         [0m [36mstatus[0m=[35m200[0m [36murl[0m=[35m'https://news.google.com/rss/search?q=MTD+site:benzinga.com&hl=en-US&gl=US&ceid=US:en'[0m
[2m2026-04-04T00:38:32.046793Z[0m [[32m[1minfo     [0m] [1mparsed                        [0m [36mchannel[0m=[35mgoogle_benzinga[0m [36mraw[0m=[35m21[0m
[2m2026-04-04T00:38:32.046955Z[0m [[32m[1minfo     [0m] [1mcrawling                      [0m [36mchannel[0m=[35m'Google News (all)'[0m [36mtag[0m=[35mgoogle_broad[0m
[2m2026-04-04T00:38:34.435349Z[0m [[32m[1minfo     [0m] [1mfetch                         [0m [36mstatus[0m=[35m200[0m [36murl[0m=[35m'https://news.google.com/rss/search?q=MTD+stock+news&hl=en-US&gl=US&ceid=US:en'[0m
[2m2026-04-04T00:38:34.541625Z[0m [[32m[1minfo     [0m] [1mparsed                        [0m [36mchannel[0m=[35mgoogle_broad[0m [36mraw[0m=[35m52[0m
[2m2026-04-04T00:38:36.947300Z[0m [[32m[1minfo     [0m] [1mfetch                         [0m [36mstatus[0m=[35m200[0m [36murl[0m=[35m'https://news.google.com/rss/search?q=MTD+earnings+analysis&hl=en-US&gl=US&ceid=US:en'[0m
[2m2026-04-04T00:38:36.979642Z[0m [[32m[1minfo     [0m] [1mparsed                        [0m [36mchannel[0m=[35mgoogle_broad[0m [36mraw[0m=[35m40[0m
[2m2026-04-04T00:38:36.980755Z[0m [[32m[1minfo     [0m] [1mquality_filter                [0m [36minput[0m=[35m134[0m [36mpassed[0m=[35m1[0m
[2m2026-04-04T00:38:36.981030Z[0m [[32m[1minfo     [0m] [1mdedup                         [0m [36mafter[0m=[35m1[0m [36mbefore[0m=[35m1[0m
[2m2026-04-04T00:38:36.981131Z[0m [[32m[1minfo     [0m] [1mfulltext_selection            [0m [36mcandidates[0m=[35m0[0m [36mfiltered[0m=[35m1[0m [36mmode[0m=[35mhigh-value[0m [36mticker[0m=[35mMTD[0m
[2m2026-04-04T00:38:36.981863Z[0m [[32m[1minfo     [0m] [1mcrawling                      [0m [36mchannel[0m=[35mGoogle->Benzinga[0m [36mtag[0m=[35mgoogle_benzinga[0m
[2m2026-04-04T00:38:39.399618Z[0m [[32m[1minfo     [0m] [1mfetch                         [0m [36mstatus[0m=[35m200[0m [36murl[0m=[35m'https://news.google.com/rss/search?q=PPG+site:benzinga.com&hl=en-US&gl=US&ceid=US:en'[0m
[2m2026-04-04T00:38:39.442200Z[0m [[32m[1minfo     [0m] [1mparsed                        [0m [36mchannel[0m=[35mgoogle_benzinga[0m [36mraw[0m=[35m47[0m
[2m2026-04-04T00:38:41.448715Z[0m [[32m[1minfo     [0m] [1mfetch                         [0m [36mstatus[0m=[35m200[0m [36murl[0m=[35m'https://news.google.com/rss/search?q=PPG+site:benzinga.com&hl=en-US&gl=US&ceid=US:en'[0m
[2m2026-04-04T00:38:41.477622Z[0m [[32m[1minfo     [0m] [1mparsed                        [0m [36mchannel[0m=[35mgoogle_benzinga[0m [36mraw[0m=[35m47[0m
[2m2026-04-04T00:38:41.477783Z[0m [[32m[1minfo     [0m] [1mcrawling                      [0m [36mchannel[0m=[35m'Google News (all)'[0m [36mtag[0m=[35mgoogle_broad[0m
[2m2026-04-04T00:38:43.958015Z[0m [[32m[1minfo     [0m] [1mfetch                         [0m [36mstatus[0m=[35m200[0m [36murl[0m=[35m'https://news.google.com/rss/search?q=PPG+stock+news&hl=en-US&gl=US&ceid=US:en'[0m
[2m2026-04-04T00:38:44.110581Z[0m [[32m[1minfo     [0m] [1mparsed                        [0m [36mchannel[0m=[35mgoogle_broad[0m [36mraw[0m=[35m100[0m
[2m2026-04-04T00:38:46.532293Z[0m [[32m[1minfo     [0m] [1mfetch                         [0m [36mstatus[0m=[35m200[0m [36murl[0m=[35m'https://news.google.com/rss/search?q=PPG+earnings+analysis&hl=en-US&gl=US&ceid=US:en'[0m
[2m2026-04-04T00:38:46.648668Z[0m [[32m[1minfo     [0m] [1mparsed                        [0m [36mchannel[0m=[35mgoogle_broad[0m [36mraw[0m=[35m70[0m
[2m2026-04-04T00:38:46.650320Z[0m [[32m[1minfo     [0m] [1mquality_filter                [0m [36minput[0m=[35m264[0m [36mpassed[0m=[35m3[0m
[2m2026-04-04T00:38:46.650805Z[0m [[32m[1minfo     [0m] [1mdedup                         [0m [36mafter[0m=[35m3[0m [36mbefore[0m=[35m3[0m
[2m2026-04-04T00:38:46.650926Z[0m [[32m[1minfo     [0m] [1mfulltext_selection            [0m [36mcandidates[0m=[35m3[0m [36mfiltered[0m=[35m3[0m [36mmode[0m=[35mhigh-value[0m [36mticker[0m=[35mPPG[0m
[2m2026-04-04T00:38:48.068901Z[0m [[32m[1minfo     [0m] [1mfetch                         [0m [36mstatus[0m=[35m200[0m [36murl[0m=[35mhttps://www.marketbeat.com/instant-alerts/ubs-group-cuts-ppg-industries-nyseppg-price-targ[0m
[2m2026-04-04T00:38:48.213444Z[0m [[32m[1minfo     [0m] [1mfetch                         [0m [36mstatus[0m=[35m200[0m [36murl[0m=[35mhttps://www.defenseworld.net/2026/04/03/citigroup-reiterates-neutral-rating-for-ppg-indust[0m
[2m2026-04-04T00:38:48.437605Z[0m [[32m[1minfo     [0m] [1mfetch                         [0m [36mstatus[0m=[35m403[0m [36murl[0m=[35mhttps://www.gurufocus.com/news/8769100/ubs-maintains-neutral-rating-for-ppg-adjusts-price-[0m
[2m2026-04-04T00:38:48.640851Z[0m [[32m[1minfo     [0m] [1mcrawling                      [0m [36mchannel[0m=[35mGoogle->Benzinga[0m [36mtag[0m=[35mgoogle_benzinga[0m
[2m2026-04-04T00:38:51.009573Z[0m [[32m[1minfo     [0m] [1mfetch                         [0m [36mstatus[0m=[35m200[0m [36murl[0m=[35m'https://news.google.com/rss/search?q=TSCO+site:benzinga.com&hl=en-US&gl=US&ceid=US:en'[0m
[2m2026-04-04T00:38:51.021924Z[0m [[32m[1minfo     [0m] [1mparsed                        [0m [36mchannel[0m=[35mgoogle_benzinga[0m [36mraw[0m=[35m17[0m
[2m2026-04-04T00:38:53.027232Z[0m [[32m[1minfo     [0m] [1mfetch                         [0m [36mstatus[0m=[35m200[0m [36murl[0m=[35m'https://news.google.com/rss/search?q=TSCO+site:benzinga.com&hl=en-US&gl=US&ceid=US:en'[0m
[2m2026-04-04T00:38:53.038945Z[0m [[32m[1minfo     [0m] [1mparsed                        [0m [36mchannel[0m=[35mgoogle_benzinga[0m [36mraw[0m=[35m17[0m
[2m2026-04-04T00:38:53.039122Z[0m [[32m[1minfo     [0m] [1mcrawling                      [0m [36mchannel[0m=[35m'Google News (all)'[0m [36mtag[0m=[35mgoogle_broad[0m
[2m2026-04-04T00:38:55.507081Z[0m [[32m[1minfo     [0m] [1mfetch                         [0m [36mstatus[0m=[35m200[0m [36murl[0m=[35m'https://news.google.com/rss/search?q=TSCO+stock+news&hl=en-US&gl=US&ceid=US:en'[0m
[2m2026-04-04T00:38:55.638515Z[0m [[32m[1minfo     [0m] [1mparsed                        [0m [36mchannel[0m=[35mgoogle_broad[0m [36mraw[0m=[35m100[0m
[2m2026-04-04T00:38:57.995988Z[0m [[32m[1minfo     [0m] [1mfetch                         [0m [36mstatus[0m=[35m200[0m [36murl[0m=[35m'https://news.google.com/rss/search?q=TSCO+earnings+analysis&hl=en-US&gl=US&ceid=US:en'[0m
[2m2026-04-04T00:38:58.029049Z[0m [[32m[1minfo     [0m] [1mparsed                        [0m [36mchannel[0m=[35mgoogle_broad[0m [36mraw[0m=[35m42[0m
[2m2026-04-04T00:38:58.030258Z[0m [[32m[1minfo     [0m] [1mquality_filter                [0m [36minput[0m=[35m176[0m [36mpassed[0m=[35m1[0m
[2m2026-04-04T00:38:58.030552Z[0m [[32m[1minfo     [0m] [1mdedup                         [0m [36mafter[0m=[35m1[0m [36mbefore[0m=[35m1[0m
[2m2026-04-04T00:38:58.030667Z[0m [[32m[1minfo     [0m] [1mfulltext_selection            [0m [36mcandidates[0m=[35m0[0m [36mfiltered[0m=[35m1[0m [36mmode[0m=[35mhigh-value[0m [36mticker[0m=[35mTSCO[0m
[2m2026-04-04T00:38:58.031405Z[0m [[32m[1minfo     [0m] [1mcrawling                      [0m [36mchannel[0m=[35mGoogle->Benzinga[0m [36mtag[0m=[35mgoogle_benzinga[0m
[2m2026-04-04T00:39:00.932502Z[0m [[32m[1minfo     [0m] [1mfetch                         [0m [36mstatus[0m=[35m200[0m [36murl[0m=[35m'https://news.google.com/rss/search?q=STZ+site:benzinga.com&hl=en-US&gl=US&ceid=US:en'[0m
[2m2026-04-04T00:39:00.976439Z[0m [[32m[1minfo     [0m] [1mparsed                        [0m [36mchannel[0m=[35mgoogle_benzinga[0m [36mraw[0m=[35m46[0m
[2m2026-04-04T00:39:02.982600Z[0m [[32m[1minfo     [0m] [1mfetch                         [0m [36mstatus[0m=[35m200[0m [36murl[0m=[35m'https://news.google.com/rss/search?q=STZ+site:benzinga.com&hl=en-US&gl=US&ceid=US:en'[0m
[2m2026-04-04T00:39:03.086791Z[0m [[32m[1minfo     [0m] [1mparsed                        [0m [36mchannel[0m=[35mgoogle_benzinga[0m [36mraw[0m=[35m46[0m
[2m2026-04-04T00:39:03.087008Z[0m [[32m[1minfo     [0m] [1mcrawling                      [0m [36mchannel[0m=[35m'Google News (all)'[0m [36mtag[0m=[35mgoogle_broad[0m
[2m2026-04-04T00:39:05.568259Z[0m [[32m[1minfo     [0m] [1mfetch                         [0m [36mstatus[0m=[35m200[0m [36murl[0m=[35m'https://news.google.com/rss/search?q=STZ+stock+news&hl=en-US&gl=US&ceid=US:en'[0m
[2m2026-04-04T00:39:05.712703Z[0m [[32m[1minfo     [0m] [1mparsed                        [0m [36mchannel[0m=[35mgoogle_broad[0m [36mraw[0m=[35m100[0m
[2m2026-04-04T00:39:08.079530Z[0m [[32m[1minfo     [0m] [1mfetch                         [0m [36mstatus[0m=[35m200[0m [36murl[0m=[35m'https://news.google.com/rss/search?q=STZ+earnings+analysis&hl=en-US&gl=US&ceid=US:en'[0m
[2m2026-04-04T00:39:08.113746Z[0m [[32m[1minfo     [0m] [1mparsed                        [0m [36mchannel[0m=[35mgoogle_broad[0m [36mraw[0m=[35m44[0m
[2m2026-04-04T00:39:08.115606Z[0m [[32m[1minfo     [0m] [1mquality_filter                [0m [36minput[0m=[35m236[0m [36mpassed[0m=[35m5[0m
[2m2026-04-04T00:39:08.116416Z[0m [[32m[1minfo     [0m] [1mdedup                         [0m [36mafter[0m=[35m5[0m [36mbefore[0m=[35m5[0m
[2m2026-04-04T00:39:08.116595Z[0m [[32m[1minfo     [0m] [1mfulltext_selection            [0m [36mcandidates[0m=[35m5[0m [36mfiltered[0m=[35m5[0m [36mmode[0m=[35mhigh-value[0m [36mticker[0m=[35mSTZ[0m
[2m2026-04-04T00:39:09.417724Z[0m [[32m[1minfo     [0m] [1mfetch                         [0m [36mstatus[0m=[35m403[0m [36murl[0m=[35mhttps://www.gurufocus.com/news/8768391/barclays-raises-price-target-for-constellation-bran[0m
[2m2026-04-04T00:39:09.471596Z[0m [[32m[1minfo     [0m] [1mfetch                         [0m [36mstatus[0m=[35m403[0m [36murl[0m=[35mhttps://www.gurufocus.com/news/8765875/stz-jp-morgan-raises-price-target-amid-neutral-rati[0m
[2m2026-04-04T00:39:09.814721Z[0m [[32m[1minfo     [0m] [1mfetch                         [0m [36mstatus[0m=[35m403[0m [36murl[0m=[35mhttps://www.gurufocus.com/news/8766910/stz-needham-reiterates-buy-rating-with-180-target-p[0m
[2m2026-04-04T00:39:10.168924Z[0m [[32m[1minfo     [0m] [1mfetch                         [0m [36mstatus[0m=[35m200[0m [36murl[0m=[35mhttps://www.marketbeat.com/instant-alerts/filing-nisa-investment-advisors-llc-buys-8035-sh[0m
[2m2026-04-04T00:39:11.107048Z[0m [[32m[1minfo     [0m] [1mfetch                         [0m [36mstatus[0m=[35m200[0m [36murl[0m=[35mhttps://www.sharewise.com/de/news_articles/Will_Constellation_Brands_STZ_Beat_Estimates_Ag[0m
[2m2026-04-04T00:39:17.719889Z[0m [[32m[1minfo     [0m] [1mrun_complete                  [0m [36mfiltered[0m=[35m810[0m [36mlog_path[0m=[35m/home/ubuntu/NewsCrawler/data/runs/20260404T000004Z_nvda_avgo_mu_200/run.log[0m [36mnews_items[0m=[35m810[0m [36mraw[0m=[35m54676[0m [36mrun_dir[0m=[35m/home/ubuntu/NewsCrawler/data/runs/20260404T000004Z_nvda_avgo_mu_200[0m
