[2m2026-04-05T08:00:02.364026Z[0m [[32m[1minfo     [0m] [1mrun_start                     [0m [36mdata_dir[0m=[35m/home/ubuntu/NewsCrawler/data[0m [36mhours[0m=[35m48[0m [36mrun_dir[0m=[35m/home/ubuntu/NewsCrawler/data/runs/20260405T080002Z_nvda_avgo_mu_200[0m [36mtickers[0m=[35m['NVDA', 'AVGO', 'MU', 'AMD', 'AMAT', 'LRCX', 'KLAC', 'TXN', 'ADI', 'ANET', 'QCOM', 'WDC', 'SNDK', 'STX', 'CDNS', 'SNPS', 'NXPI', 'MPWR', 'TER', 'MCHP', 'ON', 'AAPL', 'BRK.B', 'WMT', 'JPM', 'JNJ', 'COST', 'ABBV', 'NFLX', 'PG', 'HD', 'BAC', 'KO', 'CSCO', 'MRK', 'PM', 'UNH', 'MS', 'GS', 'WFC', 'MCD', 'TMUS', 'LIN', 'PEP', 'INTC', 'VZ', 'AMGN', 'ABT', 'DIS', 'GILD', 'APH', 'TJX', 'SCHW', 'PFE', 'HON', 'LOW', 'WELL', 'NEM', 'CB', 'PLD', 'GLW', 'ACN', 'BMY', 'MDT', 'PGR', 'COF', 'MCK', 'HCA', 'MO', 'SBUX', 'CMCSA', 'CVS', 'UPS', 'EQIX', 'NKE', 'WMB', 'FDX', 'MRSH', 'SHW', 'AMT', 'BX', 'JCI', 'MMM', 'ECL', 'ADP', 'PNC', 'USB', 'EMR', 'ITW', 'MNST', 'CRH', 'CL', 'ORLY', 'MDLZ', 'CI', 'TDG', 'COR', 'AON', 'GM', 'ELV', 'WBD', 'TEL', 'TRV', 'ROST', 'SPG', 'SRE', 'TFC', 'AZO', 'O', 'APD', 'DLR', 'AJG', 'AFL', 'F', 'ALL', 'ZTS', 'AME', 'GWW', 'CAH', 'PSA', 'CTVA', 'CARR', 'KEYS', 'ADSK', 'TGT', 'BDX', 'EA', 'EW', 'CIEN', 'GRMN', 'HSY', 'CVNA', 'MET', 'YUM', 'DHI', 'FITB', 'SYY', 'CBRE', 'AIG', 'KR', 'AMP', 'DAL', 'KDP', 'VTR', 'EBAY', 'ED', 'EL', 'TTWO', 'CCI', 'HIG', 'GEHC', 'LVS', 'LYV', 'RMD', 'ROP', 'KMB', 'CPRT', 'IR', 'KVUE', 'TPL', 'OTIS', 'ACGL', 'STT', 'WDAY', 'DG', 'UAL', 'PRU', 'HBAN', 'PAYX', 'FICO', 'ADM', 'MTB', 'VICI', 'IRM', 'EXR', 'XYL', 'TDY', 'TPR', 'WAT', 'CTSH', 'DTE', 'DOV', 'ULTA', 'IQV', 'RJF', 'HAL', 'CHTR', 'FE', 'ROL', 'PPL', 'KHC', 'WTW', 'HPE', 'LEN', 'BIIB', 'JBL', 'MTD', 'PPG', 'TSCO', 'STZ'][0m
[2m2026-04-05T08:00:02.365609Z[0m [[32m[1minfo     [0m] [1mcrawling                      [0m [36mchannel[0m=[35mGoogle->Benzinga[0m [36mtag[0m=[35mgoogle_benzinga[0m
[2m2026-04-05T08:00:07.414597Z[0m [[32m[1minfo     [0m] [1mfetch                         [0m [36mstatus[0m=[35m200[0m [36murl[0m=[35m'https://news.google.com/rss/search?q=NVDA+nvidia+site:benzinga.com&hl=en-US&gl=US&ceid=US:'[0m
[2m2026-04-05T08:00:07.643927Z[0m [[32m[1minfo     [0m] [1mparsed                        [0m [36mchannel[0m=[35mgoogle_benzinga[0m [36mraw[0m=[35m100[0m
[2m2026-04-05T08:00:10.236807Z[0m [[32m[1minfo     [0m] [1mfetch                         [0m [36mstatus[0m=[35m200[0m [36murl[0m=[35m'https://news.google.com/rss/search?q=nvidia+site:benzinga.com&hl=en-US&gl=US&ceid=US:en'[0m
[2m2026-04-05T08:00:10.378690Z[0m [[32m[1minfo     [0m] [1mparsed                        [0m [36mchannel[0m=[35mgoogle_benzinga[0m [36mraw[0m=[35m100[0m
[2m2026-04-05T08:00:10.378851Z[0m [[32m[1minfo     [0m] [1mcrawling                      [0m [36mchannel[0m=[35m'Google News (all)'[0m [36mtag[0m=[35mgoogle_broad[0m
[2m2026-04-05T08:00:13.005823Z[0m [[32m[1minfo     [0m] [1mfetch                         [0m [36mstatus[0m=[35m200[0m [36murl[0m=[35m'https://news.google.com/rss/search?q=NVDA+nvidia+stock+news&hl=en-US&gl=US&ceid=US:en'[0m
[2m2026-04-05T08:00:13.147958Z[0m [[32m[1minfo     [0m] [1mparsed                        [0m [36mchannel[0m=[35mgoogle_broad[0m [36mraw[0m=[35m100[0m
[2m2026-04-05T08:00:15.804697Z[0m [[32m[1minfo     [0m] [1mfetch                         [0m [36mstatus[0m=[35m200[0m [36murl[0m=[35m'https://news.google.com/rss/search?q=NVDA+nvidia+earnings+analysis&hl=en-US&gl=US&ceid=US:'[0m
[2m2026-04-05T08:00:15.948758Z[0m [[32m[1minfo     [0m] [1mparsed                        [0m [36mchannel[0m=[35mgoogle_broad[0m [36mraw[0m=[35m100[0m
[2m2026-04-05T08:00:15.954277Z[0m [[32m[1minfo     [0m] [1mquality_filter                [0m [36minput[0m=[35m400[0m [36mpassed[0m=[35m6[0m
[2m2026-04-05T08:00:15.955368Z[0m [[32m[1minfo     [0m] [1mdedup                         [0m [36mafter[0m=[35m6[0m [36mbefore[0m=[35m6[0m
[2m2026-04-05T08:00:15.955536Z[0m [[32m[1minfo     [0m] [1mfulltext_selection            [0m [36mcandidates[0m=[35m5[0m [36mfiltered[0m=[35m6[0m [36mmode[0m=[35mhigh-value[0m [36mticker[0m=[35mNVDA[0m
[2m2026-04-05T08:00:17.508711Z[0m [[32m[1minfo     [0m] [1mfetch                         [0m [36mstatus[0m=[35m403[0m [36murl[0m=[35mhttps://www.tipranks.com/news/nvidia-stock-forecast-how-high-or-low-can-nvda-stock-go[0m
[2m2026-04-05T08:00:17.933503Z[0m [[32m[1minfo     [0m] [1mfetch                         [0m [36mstatus[0m=[35m200[0m [36murl[0m=[35mhttps://www.analyticsinsight.net/news/can-nvidias-1-trillion-ai-chip-outlook-push-nvda-sto[0m
[2m2026-04-05T08:00:17.956699Z[0m [[32m[1minfo     [0m] [1mfetch                         [0m [36mstatus[0m=[35m200[0m [36murl[0m=[35mhttps://www.fool.com/investing/2026/04/03/nvidia-my-predictions-for-second-quarter/[0m
[2m2026-04-05T08:00:18.217541Z[0m [[31m[1merror    [0m] [1mfetch_error                   [0m [36merror[0m=[35m'400, message=\'Got more than 8190 bytes when reading: b"connect-src \\\'self\\\' wss:'[0m [36murl[0m=[35mhttps://finance.yahoo.com/markets/stocks/articles/5-star-analyst-raise[0m
[2m2026-04-05T08:00:18.421011Z[0m [[32m[1minfo     [0m] [1mcrawling                      [0m [36mchannel[0m=[35mGoogle->Benzinga[0m [36mtag[0m=[35mgoogle_benzinga[0m
[2m2026-04-05T08:00:23.441988Z[0m [[32m[1minfo     [0m] [1mfetch                         [0m [36mstatus[0m=[35m200[0m [36murl[0m=[35m'https://news.google.com/rss/search?q=AVGO+broadcom+site:benzinga.com&hl=en-US&gl=US&ceid=U'[0m
[2m2026-04-05T08:00:23.589154Z[0m [[32m[1minfo     [0m] [1mparsed                        [0m [36mchannel[0m=[35mgoogle_benzinga[0m [36mraw[0m=[35m100[0m
[2m2026-04-05T08:00:26.384028Z[0m [[32m[1minfo     [0m] [1mfetch                         [0m [36mstatus[0m=[35m200[0m [36murl[0m=[35m'https://news.google.com/rss/search?q=broadcom+site:benzinga.com&hl=en-US&gl=US&ceid=US:en'[0m
[2m2026-04-05T08:00:26.525081Z[0m [[32m[1minfo     [0m] [1mparsed                        [0m [36mchannel[0m=[35mgoogle_benzinga[0m [36mraw[0m=[35m100[0m
[2m2026-04-05T08:00:26.525264Z[0m [[32m[1minfo     [0m] [1mcrawling                      [0m [36mchannel[0m=[35m'Google News (all)'[0m [36mtag[0m=[35mgoogle_broad[0m
[2m2026-04-05T08:00:29.193760Z[0m [[32m[1minfo     [0m] [1mfetch                         [0m [36mstatus[0m=[35m200[0m [36murl[0m=[35m'https://news.google.com/rss/search?q=AVGO+broadcom+stock+news&hl=en-US&gl=US&ceid=US:en'[0m
[2m2026-04-05T08:00:29.332117Z[0m [[32m[1minfo     [0m] [1mparsed                        [0m [36mchannel[0m=[35mgoogle_broad[0m [36mraw[0m=[35m100[0m
[2m2026-04-05T08:00:31.880651Z[0m [[32m[1minfo     [0m] [1mfetch                         [0m [36mstatus[0m=[35m200[0m [36murl[0m=[35m'https://news.google.com/rss/search?q=AVGO+broadcom+earnings+analysis&hl=en-US&gl=US&ceid=U'[0m
[2m2026-04-05T08:00:32.024898Z[0m [[32m[1minfo     [0m] [1mparsed                        [0m [36mchannel[0m=[35mgoogle_broad[0m [36mraw[0m=[35m100[0m
[2m2026-04-05T08:00:32.027465Z[0m [[32m[1minfo     [0m] [1mquality_filter                [0m [36minput[0m=[35m400[0m [36mpassed[0m=[35m9[0m
[2m2026-04-05T08:00:32.028738Z[0m [[32m[1minfo     [0m] [1mdedup                         [0m [36mafter[0m=[35m9[0m [36mbefore[0m=[35m9[0m
[2m2026-04-05T08:00:32.028919Z[0m [[32m[1minfo     [0m] [1mfulltext_selection            [0m [36mcandidates[0m=[35m8[0m [36mfiltered[0m=[35m9[0m [36mmode[0m=[35mhigh-value[0m [36mticker[0m=[35mAVGO[0m
[2m2026-04-05T08:00:33.261175Z[0m [[32m[1minfo     [0m] [1mfetch                         [0m [36mstatus[0m=[35m403[0m [36murl[0m=[35mhttps://www.tipranks.com/news/broadcom-avgo-or-marvell-mrvl-top-analyst-picks-the-better-c[0m
[2m2026-04-05T08:00:33.506735Z[0m [[32m[1minfo     [0m] [1mfetch                         [0m [36mstatus[0m=[35m200[0m [36murl[0m=[35mhttps://seekingalpha.com/article/4888432-broadcom-the-ai-plumber-set-for-massive-explosion[0m
[2m2026-04-05T08:00:33.915165Z[0m [[32m[1minfo     [0m] [1mfetch                         [0m [36mstatus[0m=[35m200[0m [36murl[0m=[35mhttps://www.tradingview.com/news/gurufocus:505f0949d094b:0-broadcom-stock-in-spotlight-nam[0m
[2m2026-04-05T08:00:34.104739Z[0m [[32m[1minfo     [0m] [1mfetch                         [0m [36mstatus[0m=[35m200[0m [36murl[0m=[35mhttps://seekingalpha.com/article/4888363-broadcom-3t-market-cap-possible-ai-monetization-d[0m
[2m2026-04-05T08:00:34.491168Z[0m [[31m[1merror    [0m] [1mfetch_error                   [0m [36merror[0m=[35m'400, message=\'Got more than 8190 bytes when reading: b"connect-src \\\'self\\\' wss:'[0m [36murl[0m=[35mhttps://finance.yahoo.com/markets/stocks/articles/broadcom-inc-avgo-bi[0m
[2m2026-04-05T08:00:34.555400Z[0m [[32m[1minfo     [0m] [1mfetch                         [0m [36mstatus[0m=[35m403[0m [36murl[0m=[35mhttps://www.thestreet.com/investing/stocks/1000-invested-in-avgo-broadcom-stock-in-2016-wo[0m
[2m2026-04-05T08:00:34.580711Z[0m [[31m[1merror    [0m] [1mfetch_error                   [0m [36merror[0m=[35m'400, message=\'Got more than 8190 bytes when reading: b"connect-src \\\'self\\\' wss:'[0m [36murl[0m=[35mhttps://finance.yahoo.com/markets/stocks/articles/broadcom-inc-avgo-do[0m
[2m2026-04-05T08:00:36.420778Z[0m [[32m[1minfo     [0m] [1mfetch                         [0m [36mstatus[0m=[35m200[0m [36murl[0m=[35mhttps://coincentral.com/broadcom-avgo-stock-new-cfo-named-alphabets-amie-thuener-takes-the[0m
[2m2026-04-05T08:00:36.668988Z[0m [[32m[1minfo     [0m] [1mcrawling                      [0m [36mchannel[0m=[35mGoogle->Benzinga[0m [36mtag[0m=[35mgoogle_benzinga[0m
[2m2026-04-05T08:00:39.384956Z[0m [[32m[1minfo     [0m] [1mfetch                         [0m [36mstatus[0m=[35m200[0m [36murl[0m=[35m'https://news.google.com/rss/search?q=MU+micron+site:benzinga.com&hl=en-US&gl=US&ceid=US:en'[0m
[2m2026-04-05T08:00:39.486565Z[0m [[32m[1minfo     [0m] [1mparsed                        [0m [36mchannel[0m=[35mgoogle_benzinga[0m [36mraw[0m=[35m100[0m
[2m2026-04-05T08:00:42.138566Z[0m [[32m[1minfo     [0m] [1mfetch                         [0m [36mstatus[0m=[35m200[0m [36murl[0m=[35m'https://news.google.com/rss/search?q=micron+site:benzinga.com&hl=en-US&gl=US&ceid=US:en'[0m
[2m2026-04-05T08:00:42.274115Z[0m [[32m[1minfo     [0m] [1mparsed                        [0m [36mchannel[0m=[35mgoogle_benzinga[0m [36mraw[0m=[35m100[0m
[2m2026-04-05T08:00:42.274297Z[0m [[32m[1minfo     [0m] [1mcrawling                      [0m [36mchannel[0m=[35m'Google News (all)'[0m [36mtag[0m=[35mgoogle_broad[0m
[2m2026-04-05T08:00:44.898357Z[0m [[32m[1minfo     [0m] [1mfetch                         [0m [36mstatus[0m=[35m200[0m [36murl[0m=[35m'https://news.google.com/rss/search?q=MU+micron+stock+news&hl=en-US&gl=US&ceid=US:en'[0m
[2m2026-04-05T08:00:45.044869Z[0m [[32m[1minfo     [0m] [1mparsed                        [0m [36mchannel[0m=[35mgoogle_broad[0m [36mraw[0m=[35m100[0m
[2m2026-04-05T08:00:47.568886Z[0m [[32m[1minfo     [0m] [1mfetch                         [0m [36mstatus[0m=[35m200[0m [36murl[0m=[35m'https://news.google.com/rss/search?q=MU+micron+earnings+analysis&hl=en-US&gl=US&ceid=US:en'[0m
[2m2026-04-05T08:00:47.716772Z[0m [[32m[1minfo     [0m] [1mparsed                        [0m [36mchannel[0m=[35mgoogle_broad[0m [36mraw[0m=[35m100[0m
[2m2026-04-05T08:00:47.720721Z[0m [[32m[1minfo     [0m] [1mquality_filter                [0m [36minput[0m=[35m400[0m [36mpassed[0m=[35m11[0m
[2m2026-04-05T08:00:47.722265Z[0m [[32m[1minfo     [0m] [1mdedup                         [0m [36mafter[0m=[35m9[0m [36mbefore[0m=[35m11[0m
[2m2026-04-05T08:00:47.722510Z[0m [[32m[1minfo     [0m] [1mfulltext_selection            [0m [36mcandidates[0m=[35m3[0m [36mfiltered[0m=[35m9[0m [36mmode[0m=[35mhigh-value[0m [36mticker[0m=[35mMU[0m
[2m2026-04-05T08:00:48.961477Z[0m [[32m[1minfo     [0m] [1mfetch                         [0m [36mstatus[0m=[35m403[0m [36murl[0m=[35mhttps://www.tipranks.com/news/can-micron-stock-mu-continue-its-strong-run-on-memory-demand[0m
[2m2026-04-05T08:00:49.212278Z[0m [[32m[1minfo     [0m] [1mfetch                         [0m [36mstatus[0m=[35m200[0m [36murl[0m=[35mhttps://www.marketbeat.com/instant-alerts/filing-micron-technology-inc-mu-shares-bought-by[0m
[2m2026-04-05T08:00:49.212862Z[0m [[32m[1minfo     [0m] [1mfetch                         [0m [36mstatus[0m=[35m200[0m [36murl[0m=[35mhttps://www.marketbeat.com/instant-alerts/micron-technology-nasdaqmu-evp-april-arnzen-sell[0m
[2m2026-04-05T08:00:49.562374Z[0m [[32m[1minfo     [0m] [1mcrawling                      [0m [36mchannel[0m=[35m'AMD IR'[0m [36mtag[0m=[35mamd_ir[0m
[2m2026-04-05T08:00:51.745411Z[0m [[32m[1minfo     [0m] [1mfetch                         [0m [36mstatus[0m=[35m200[0m [36murl[0m=[35mhttps://ir.amd.com/news-events/press-releases/rss[0m
[2m2026-04-05T08:00:51.750135Z[0m [[32m[1minfo     [0m] [1mparsed                        [0m [36mchannel[0m=[35mamd_ir[0m [36mraw[0m=[35m10[0m
[2m2026-04-05T08:00:51.750296Z[0m [[32m[1minfo     [0m] [1mcrawling                      [0m [36mchannel[0m=[35mGoogle->Benzinga[0m [36mtag[0m=[35mgoogle_benzinga[0m
[2m2026-04-05T08:00:54.488926Z[0m [[32m[1minfo     [0m] [1mfetch                         [0m [36mstatus[0m=[35m200[0m [36murl[0m=[35m'https://news.google.com/rss/search?q=AMD+advanced+micro+devices+site:benzinga.com&hl=en-US'[0m
[2m2026-04-05T08:00:54.642977Z[0m [[32m[1minfo     [0m] [1mparsed                        [0m [36mchannel[0m=[35mgoogle_benzinga[0m [36mraw[0m=[35m100[0m
[2m2026-04-05T08:00:57.211783Z[0m [[32m[1minfo     [0m] [1mfetch                         [0m [36mstatus[0m=[35m200[0m [36murl[0m=[35m'https://news.google.com/rss/search?q=advanced+micro+devices+site:benzinga.com&hl=en-US&gl='[0m
[2m2026-04-05T08:00:57.352696Z[0m [[32m[1minfo     [0m] [1mparsed                        [0m [36mchannel[0m=[35mgoogle_benzinga[0m [36mraw[0m=[35m100[0m
[2m2026-04-05T08:00:57.352867Z[0m [[32m[1minfo     [0m] [1mcrawling                      [0m [36mchannel[0m=[35m'Google News (all)'[0m [36mtag[0m=[35mgoogle_broad[0m
[2m2026-04-05T08:01:00.206764Z[0m [[32m[1minfo     [0m] [1mfetch                         [0m [36mstatus[0m=[35m200[0m [36murl[0m=[35m'https://news.google.com/rss/search?q=AMD+advanced+micro+devices+stock+news&hl=en-US&gl=US&'[0m
[2m2026-04-05T08:01:00.374292Z[0m [[32m[1minfo     [0m] [1mparsed                        [0m [36mchannel[0m=[35mgoogle_broad[0m [36mraw[0m=[35m100[0m
[2m2026-04-05T08:01:03.019152Z[0m [[32m[1minfo     [0m] [1mfetch                         [0m [36mstatus[0m=[35m200[0m [36murl[0m=[35m'https://news.google.com/rss/search?q=AMD+advanced+micro+devices+earnings+analysis&hl=en-US'[0m
[2m2026-04-05T08:01:03.263084Z[0m [[32m[1minfo     [0m] [1mparsed                        [0m [36mchannel[0m=[35mgoogle_broad[0m [36mraw[0m=[35m100[0m
[2m2026-04-05T08:01:03.276336Z[0m [[32m[1minfo     [0m] [1mquality_filter                [0m [36minput[0m=[35m410[0m [36mpassed[0m=[35m7[0m
[2m2026-04-05T08:01:03.280831Z[0m [[32m[1minfo     [0m] [1mdedup                         [0m [36mafter[0m=[35m7[0m [36mbefore[0m=[35m7[0m
[2m2026-04-05T08:01:03.281134Z[0m [[32m[1minfo     [0m] [1mfulltext_selection            [0m [36mcandidates[0m=[35m6[0m [36mfiltered[0m=[35m7[0m [36mmode[0m=[35mhigh-value[0m [36mticker[0m=[35mAMD[0m
[2m2026-04-05T08:01:04.518627Z[0m [[32m[1minfo     [0m] [1mfetch                         [0m [36mstatus[0m=[35m200[0m [36murl[0m=[35mhttps://www.marketbeat.com/instant-alerts/filing-whalen-wealth-management-inc-buys-shares-[0m
[2m2026-04-05T08:01:04.767836Z[0m [[32m[1minfo     [0m] [1mfetch                         [0m [36mstatus[0m=[35m200[0m [36murl[0m=[35mhttps://www.marketbeat.com/instant-alerts/filing-advanced-micro-devices-inc-amd-shares-pur[0m
[2m2026-04-05T08:01:04.780171Z[0m [[32m[1minfo     [0m] [1mfetch                         [0m [36mstatus[0m=[35m200[0m [36murl[0m=[35mhttps://www.marketbeat.com/instant-alerts/filing-formidable-asset-management-llc-has-566-m[0m
[2m2026-04-05T08:01:04.862069Z[0m [[32m[1minfo     [0m] [1mfetch                         [0m [36mstatus[0m=[35m200[0m [36murl[0m=[35mhttps://www.marketbeat.com/instant-alerts/filing-ssh-financial-advisors-inc-buys-4000-shar[0m
[2m2026-04-05T08:01:05.085409Z[0m [[32m[1minfo     [0m] [1mfetch                         [0m [36mstatus[0m=[35m200[0m [36murl[0m=[35mhttps://www.fool.com/investing/2026/04/03/amd-vs-nvidia-the-ai-supercycle-is-big-enough-fo[0m
[2m2026-04-05T08:01:06.591010Z[0m [[32m[1minfo     [0m] [1mfetch                         [0m [36mstatus[0m=[35m200[0m [36murl[0m=[35mhttps://www.ad-hoc-news.de/boerse/ueberblick/advanced-micro-devices-inc-stock-3-5-percent-[0m
[2m2026-04-05T08:01:06.795830Z[0m [[32m[1minfo     [0m] [1mcrawling                      [0m [36mchannel[0m=[35mGoogle->Benzinga[0m [36mtag[0m=[35mgoogle_benzinga[0m
[2m2026-04-05T08:01:09.414423Z[0m [[32m[1minfo     [0m] [1mfetch                         [0m [36mstatus[0m=[35m200[0m [36murl[0m=[35m'https://news.google.com/rss/search?q=AMAT+applied+materials+site:benzinga.com&hl=en-US&gl='[0m
[2m2026-04-05T08:01:09.543173Z[0m [[32m[1minfo     [0m] [1mparsed                        [0m [36mchannel[0m=[35mgoogle_benzinga[0m [36mraw[0m=[35m94[0m
[2m2026-04-05T08:01:12.026576Z[0m [[32m[1minfo     [0m] [1mfetch                         [0m [36mstatus[0m=[35m200[0m [36murl[0m=[35m'https://news.google.com/rss/search?q=applied+materials+site:benzinga.com&hl=en-US&gl=US&ce'[0m
[2m2026-04-05T08:01:12.126432Z[0m [[32m[1minfo     [0m] [1mparsed                        [0m [36mchannel[0m=[35mgoogle_benzinga[0m [36mraw[0m=[35m100[0m
[2m2026-04-05T08:01:12.126604Z[0m [[32m[1minfo     [0m] [1mcrawling                      [0m [36mchannel[0m=[35m'Google News (all)'[0m [36mtag[0m=[35mgoogle_broad[0m
[2m2026-04-05T08:01:14.679296Z[0m [[32m[1minfo     [0m] [1mfetch                         [0m [36mstatus[0m=[35m200[0m [36murl[0m=[35m'https://news.google.com/rss/search?q=AMAT+applied+materials+stock+news&hl=en-US&gl=US&ceid'[0m
[2m2026-04-05T08:01:14.810814Z[0m [[32m[1minfo     [0m] [1mparsed                        [0m [36mchannel[0m=[35mgoogle_broad[0m [36mraw[0m=[35m100[0m
[2m2026-04-05T08:01:17.348634Z[0m [[32m[1minfo     [0m] [1mfetch                         [0m [36mstatus[0m=[35m200[0m [36murl[0m=[35m'https://news.google.com/rss/search?q=AMAT+applied+materials+earnings+analysis&hl=en-US&gl='[0m
[2m2026-04-05T08:01:17.481349Z[0m [[32m[1minfo     [0m] [1mparsed                        [0m [36mchannel[0m=[35mgoogle_broad[0m [36mraw[0m=[35m99[0m
[2m2026-04-05T08:01:17.482949Z[0m [[32m[1minfo     [0m] [1mquality_filter                [0m [36minput[0m=[35m393[0m [36mpassed[0m=[35m1[0m
[2m2026-04-05T08:01:17.483203Z[0m [[32m[1minfo     [0m] [1mdedup                         [0m [36mafter[0m=[35m1[0m [36mbefore[0m=[35m1[0m
[2m2026-04-05T08:01:17.483328Z[0m [[32m[1minfo     [0m] [1mfulltext_selection            [0m [36mcandidates[0m=[35m1[0m [36mfiltered[0m=[35m1[0m [36mmode[0m=[35mhigh-value[0m [36mticker[0m=[35mAMAT[0m
[2m2026-04-05T08:01:18.916390Z[0m [[32m[1minfo     [0m] [1mfetch                         [0m [36mstatus[0m=[35m200[0m [36murl[0m=[35mhttps://www.marketbeat.com/instant-alerts/filing-6788-shares-in-applied-materials-inc-amat[0m
[2m2026-04-05T08:01:19.256938Z[0m [[32m[1minfo     [0m] [1mcrawling                      [0m [36mchannel[0m=[35mGoogle->Benzinga[0m [36mtag[0m=[35mgoogle_benzinga[0m
[2m2026-04-05T08:01:21.764763Z[0m [[32m[1minfo     [0m] [1mfetch                         [0m [36mstatus[0m=[35m200[0m [36murl[0m=[35m'https://news.google.com/rss/search?q=LRCX+lam+research+site:benzinga.com&hl=en-US&gl=US&ce'[0m
[2m2026-04-05T08:01:21.825545Z[0m [[32m[1minfo     [0m] [1mparsed                        [0m [36mchannel[0m=[35mgoogle_benzinga[0m [36mraw[0m=[35m62[0m
[2m2026-04-05T08:01:24.285593Z[0m [[32m[1minfo     [0m] [1mfetch                         [0m [36mstatus[0m=[35m200[0m [36murl[0m=[35m'https://news.google.com/rss/search?q=lam+research+site:benzinga.com&hl=en-US&gl=US&ceid=US'[0m
[2m2026-04-05T08:01:24.432272Z[0m [[32m[1minfo     [0m] [1mparsed                        [0m [36mchannel[0m=[35mgoogle_benzinga[0m [36mraw[0m=[35m98[0m
[2m2026-04-05T08:01:24.432443Z[0m [[32m[1minfo     [0m] [1mcrawling                      [0m [36mchannel[0m=[35m'Google News (all)'[0m [36mtag[0m=[35mgoogle_broad[0m
[2m2026-04-05T08:01:27.117366Z[0m [[32m[1minfo     [0m] [1mfetch                         [0m [36mstatus[0m=[35m200[0m [36murl[0m=[35m'https://news.google.com/rss/search?q=LRCX+lam+research+stock+news&hl=en-US&gl=US&ceid=US:e'[0m
[2m2026-04-05T08:01:27.261680Z[0m [[32m[1minfo     [0m] [1mparsed                        [0m [36mchannel[0m=[35mgoogle_broad[0m [36mraw[0m=[35m100[0m
[2m2026-04-05T08:01:29.733560Z[0m [[32m[1minfo     [0m] [1mfetch                         [0m [36mstatus[0m=[35m200[0m [36murl[0m=[35m'https://news.google.com/rss/search?q=LRCX+lam+research+earnings+analysis&hl=en-US&gl=US&ce'[0m
[2m2026-04-05T08:01:29.778907Z[0m [[32m[1minfo     [0m] [1mparsed                        [0m [36mchannel[0m=[35mgoogle_broad[0m [36mraw[0m=[35m50[0m
[2m2026-04-05T08:01:29.780472Z[0m [[32m[1minfo     [0m] [1mquality_filter                [0m [36minput[0m=[35m310[0m [36mpassed[0m=[35m1[0m
[2m2026-04-05T08:01:29.780797Z[0m [[32m[1minfo     [0m] [1mdedup                         [0m [36mafter[0m=[35m1[0m [36mbefore[0m=[35m1[0m
[2m2026-04-05T08:01:29.780905Z[0m [[32m[1minfo     [0m] [1mfulltext_selection            [0m [36mcandidates[0m=[35m1[0m [36mfiltered[0m=[35m1[0m [36mmode[0m=[35mhigh-value[0m [36mticker[0m=[35mLRCX[0m
[2m2026-04-05T08:01:31.197714Z[0m [[32m[1minfo     [0m] [1mfetch                         [0m [36mstatus[0m=[35m200[0m [36murl[0m=[35mhttps://www.marketbeat.com/instant-alerts/filing-whalen-wealth-management-inc-makes-new-14[0m
[2m2026-04-05T08:01:31.550739Z[0m [[32m[1minfo     [0m] [1mcrawling                      [0m [36mchannel[0m=[35mGoogle->Benzinga[0m [36mtag[0m=[35mgoogle_benzinga[0m
[2m2026-04-05T08:01:34.472112Z[0m [[32m[1minfo     [0m] [1mfetch                         [0m [36mstatus[0m=[35m200[0m [36murl[0m=[35m'https://news.google.com/rss/search?q=KLAC+site:benzinga.com&hl=en-US&gl=US&ceid=US:en'[0m
[2m2026-04-05T08:01:34.488733Z[0m [[32m[1minfo     [0m] [1mparsed                        [0m [36mchannel[0m=[35mgoogle_benzinga[0m [36mraw[0m=[35m25[0m
[2m2026-04-05T08:01:36.493713Z[0m [[32m[1minfo     [0m] [1mfetch                         [0m [36mstatus[0m=[35m200[0m [36murl[0m=[35m'https://news.google.com/rss/search?q=KLAC+site:benzinga.com&hl=en-US&gl=US&ceid=US:en'[0m
[2m2026-04-05T08:01:36.510133Z[0m [[32m[1minfo     [0m] [1mparsed                        [0m [36mchannel[0m=[35mgoogle_benzinga[0m [36mraw[0m=[35m25[0m
[2m2026-04-05T08:01:36.510356Z[0m [[32m[1minfo     [0m] [1mcrawling                      [0m [36mchannel[0m=[35m'Google News (all)'[0m [36mtag[0m=[35mgoogle_broad[0m
[2m2026-04-05T08:01:38.999672Z[0m [[32m[1minfo     [0m] [1mfetch                         [0m [36mstatus[0m=[35m200[0m [36murl[0m=[35m'https://news.google.com/rss/search?q=KLAC+stock+news&hl=en-US&gl=US&ceid=US:en'[0m
[2m2026-04-05T08:01:39.143219Z[0m [[32m[1minfo     [0m] [1mparsed                        [0m [36mchannel[0m=[35mgoogle_broad[0m [36mraw[0m=[35m100[0m
[2m2026-04-05T08:01:41.678326Z[0m [[32m[1minfo     [0m] [1mfetch                         [0m [36mstatus[0m=[35m200[0m [36murl[0m=[35m'https://news.google.com/rss/search?q=KLAC+earnings+analysis&hl=en-US&gl=US&ceid=US:en'[0m
[2m2026-04-05T08:01:41.724858Z[0m [[32m[1minfo     [0m] [1mparsed                        [0m [36mchannel[0m=[35mgoogle_broad[0m [36mraw[0m=[35m52[0m
[2m2026-04-05T08:01:41.726110Z[0m [[32m[1minfo     [0m] [1mquality_filter                [0m [36minput[0m=[35m202[0m [36mpassed[0m=[35m1[0m
[2m2026-04-05T08:01:41.726363Z[0m [[32m[1minfo     [0m] [1mdedup                         [0m [36mafter[0m=[35m1[0m [36mbefore[0m=[35m1[0m
[2m2026-04-05T08:01:41.726461Z[0m [[32m[1minfo     [0m] [1mfulltext_selection            [0m [36mcandidates[0m=[35m1[0m [36mfiltered[0m=[35m1[0m [36mmode[0m=[35mhigh-value[0m [36mticker[0m=[35mKLAC[0m
[2m2026-04-05T08:01:44.915003Z[0m [[32m[1minfo     [0m] [1mfetch                         [0m [36mstatus[0m=[35m200[0m [36murl[0m=[35mhttps://intellectia.ai/en/stock/KLAC/earnings[0m
[2m2026-04-05T08:01:45.520838Z[0m [[32m[1minfo     [0m] [1mcrawling                      [0m [36mchannel[0m=[35mGoogle->Benzinga[0m [36mtag[0m=[35mgoogle_benzinga[0m
[2m2026-04-05T08:01:48.088045Z[0m [[32m[1minfo     [0m] [1mfetch                         [0m [36mstatus[0m=[35m200[0m [36murl[0m=[35m'https://news.google.com/rss/search?q=TXN+texas+instruments+site:benzinga.com&hl=en-US&gl=U'[0m
[2m2026-04-05T08:01:48.230988Z[0m [[32m[1minfo     [0m] [1mparsed                        [0m [36mchannel[0m=[35mgoogle_benzinga[0m [36mraw[0m=[35m100[0m
[2m2026-04-05T08:01:50.757739Z[0m [[32m[1minfo     [0m] [1mfetch                         [0m [36mstatus[0m=[35m200[0m [36murl[0m=[35m'https://news.google.com/rss/search?q=texas+instruments+site:benzinga.com&hl=en-US&gl=US&ce'[0m
[2m2026-04-05T08:01:50.899265Z[0m [[32m[1minfo     [0m] [1mparsed                        [0m [36mchannel[0m=[35mgoogle_benzinga[0m [36mraw[0m=[35m100[0m
[2m2026-04-05T08:01:50.899437Z[0m [[32m[1minfo     [0m] [1mcrawling                      [0m [36mchannel[0m=[35m'Google News (all)'[0m [36mtag[0m=[35mgoogle_broad[0m
[2m2026-04-05T08:01:53.509656Z[0m [[32m[1minfo     [0m] [1mfetch                         [0m [36mstatus[0m=[35m200[0m [36murl[0m=[35m'https://news.google.com/rss/search?q=TXN+texas+instruments+stock+news&hl=en-US&gl=US&ceid='[0m
[2m2026-04-05T08:01:53.653976Z[0m [[32m[1minfo     [0m] [1mparsed                        [0m [36mchannel[0m=[35mgoogle_broad[0m [36mraw[0m=[35m100[0m
[2m2026-04-05T08:01:56.212027Z[0m [[32m[1minfo     [0m] [1mfetch                         [0m [36mstatus[0m=[35m200[0m [36murl[0m=[35m'https://news.google.com/rss/search?q=TXN+texas+instruments+earnings+analysis&hl=en-US&gl=U'[0m
[2m2026-04-05T08:01:56.363875Z[0m [[32m[1minfo     [0m] [1mparsed                        [0m [36mchannel[0m=[35mgoogle_broad[0m [36mraw[0m=[35m100[0m
[2m2026-04-05T08:01:56.365924Z[0m [[32m[1minfo     [0m] [1mquality_filter                [0m [36minput[0m=[35m400[0m [36mpassed[0m=[35m2[0m
[2m2026-04-05T08:01:56.366341Z[0m [[32m[1minfo     [0m] [1mdedup                         [0m [36mafter[0m=[35m2[0m [36mbefore[0m=[35m2[0m
[2m2026-04-05T08:01:56.366483Z[0m [[32m[1minfo     [0m] [1mfulltext_selection            [0m [36mcandidates[0m=[35m1[0m [36mfiltered[0m=[35m2[0m [36mmode[0m=[35mhigh-value[0m [36mticker[0m=[35mTXN[0m
[2m2026-04-05T08:01:58.683517Z[0m [[32m[1minfo     [0m] [1mfetch                         [0m [36mstatus[0m=[35m200[0m [36murl[0m=[35mhttps://www.marketbeat.com/instant-alerts/filing-eldred-rock-partners-llc-decreases-stake-[0m
[2m2026-04-05T08:01:58.940163Z[0m [[32m[1minfo     [0m] [1mcrawling                      [0m [36mchannel[0m=[35mGoogle->Benzinga[0m [36mtag[0m=[35mgoogle_benzinga[0m
[2m2026-04-05T08:02:01.522760Z[0m [[32m[1minfo     [0m] [1mfetch                         [0m [36mstatus[0m=[35m200[0m [36murl[0m=[35m'https://news.google.com/rss/search?q=ADI+analog+devices+site:benzinga.com&hl=en-US&gl=US&c'[0m
[2m2026-04-05T08:02:01.799784Z[0m [[32m[1minfo     [0m] [1mparsed                        [0m [36mchannel[0m=[35mgoogle_benzinga[0m [36mraw[0m=[35m98[0m
[2m2026-04-05T08:02:04.361410Z[0m [[32m[1minfo     [0m] [1mfetch                         [0m [36mstatus[0m=[35m200[0m [36murl[0m=[35m'https://news.google.com/rss/search?q=analog+devices+site:benzinga.com&hl=en-US&gl=US&ceid='[0m
[2m2026-04-05T08:02:04.495778Z[0m [[32m[1minfo     [0m] [1mparsed                        [0m [36mchannel[0m=[35mgoogle_benzinga[0m [36mraw[0m=[35m100[0m
[2m2026-04-05T08:02:04.495947Z[0m [[32m[1minfo     [0m] [1mcrawling                      [0m [36mchannel[0m=[35m'Google News (all)'[0m [36mtag[0m=[35mgoogle_broad[0m
[2m2026-04-05T08:02:07.125323Z[0m [[32m[1minfo     [0m] [1mfetch                         [0m [36mstatus[0m=[35m200[0m [36murl[0m=[35m'https://news.google.com/rss/search?q=ADI+analog+devices+stock+news&hl=en-US&gl=US&ceid=US:'[0m
[2m2026-04-05T08:02:07.274935Z[0m [[32m[1minfo     [0m] [1mparsed                        [0m [36mchannel[0m=[35mgoogle_broad[0m [36mraw[0m=[35m100[0m
[2m2026-04-05T08:02:09.778984Z[0m [[32m[1minfo     [0m] [1mfetch                         [0m [36mstatus[0m=[35m200[0m [36murl[0m=[35m'https://news.google.com/rss/search?q=ADI+analog+devices+earnings+analysis&hl=en-US&gl=US&c'[0m
[2m2026-04-05T08:02:09.893623Z[0m [[32m[1minfo     [0m] [1mparsed                        [0m [36mchannel[0m=[35mgoogle_broad[0m [36mraw[0m=[35m66[0m
[2m2026-04-05T08:02:09.895880Z[0m [[32m[1minfo     [0m] [1mquality_filter                [0m [36minput[0m=[35m364[0m [36mpassed[0m=[35m6[0m
[2m2026-04-05T08:02:09.896764Z[0m [[32m[1minfo     [0m] [1mdedup                         [0m [36mafter[0m=[35m6[0m [36mbefore[0m=[35m6[0m
[2m2026-04-05T08:02:09.896948Z[0m [[32m[1minfo     [0m] [1mfulltext_selection            [0m [36mcandidates[0m=[35m5[0m [36mfiltered[0m=[35m6[0m [36mmode[0m=[35mhigh-value[0m [36mticker[0m=[35mADI[0m
[2m2026-04-05T08:02:11.771828Z[0m [[32m[1minfo     [0m] [1mfetch                         [0m [36mstatus[0m=[35m403[0m [36murl[0m=[35mhttps://www.investing.com/news/insider-trading-news/roche-vincent-analog-devices-chair--ce[0m
[2m2026-04-05T08:02:11.899456Z[0m [[32m[1minfo     [0m] [1mfetch                         [0m [36mstatus[0m=[35m200[0m [36murl[0m=[35mhttps://www.marketbeat.com/instant-alerts/filing-tritonpoint-wealth-llc-cuts-stock-positio[0m
[2m2026-04-05T08:02:11.942814Z[0m [[32m[1minfo     [0m] [1mfetch                         [0m [36mstatus[0m=[35m200[0m [36murl[0m=[35mhttps://www.marketbeat.com/instant-alerts/analog-devices-nasdaqadi-ceo-sells-318140000-in-[0m
[2m2026-04-05T08:02:12.085903Z[0m [[32m[1minfo     [0m] [1mfetch                         [0m [36mstatus[0m=[35m200[0m [36murl[0m=[35mhttps://www.marketbeat.com/instant-alerts/filing-analog-devices-inc-adi-shares-purchased-b[0m
[2m2026-04-05T08:02:12.639312Z[0m [[32m[1minfo     [0m] [1mfetch                         [0m [36mstatus[0m=[35m200[0m [36murl[0m=[35mhttps://www.stocktitan.net/sec-filings/ADI/form-4-analog-devices-inc-insider-trading-activ[0m
[2m2026-04-05T08:02:12.865153Z[0m [[32m[1minfo     [0m] [1mcrawling                      [0m [36mchannel[0m=[35mGoogle->Benzinga[0m [36mtag[0m=[35mgoogle_benzinga[0m
[2m2026-04-05T08:02:15.342726Z[0m [[32m[1minfo     [0m] [1mfetch                         [0m [36mstatus[0m=[35m200[0m [36murl[0m=[35m'https://news.google.com/rss/search?q=ANET+site:benzinga.com&hl=en-US&gl=US&ceid=US:en'[0m
[2m2026-04-05T08:02:15.392285Z[0m [[32m[1minfo     [0m] [1mparsed                        [0m [36mchannel[0m=[35mgoogle_benzinga[0m [36mraw[0m=[35m56[0m
[2m2026-04-05T08:02:17.397759Z[0m [[32m[1minfo     [0m] [1mfetch                         [0m [36mstatus[0m=[35m200[0m [36murl[0m=[35m'https://news.google.com/rss/search?q=ANET+site:benzinga.com&hl=en-US&gl=US&ceid=US:en'[0m
[2m2026-04-05T08:02:17.433953Z[0m [[32m[1minfo     [0m] [1mparsed                        [0m [36mchannel[0m=[35mgoogle_benzinga[0m [36mraw[0m=[35m56[0m
[2m2026-04-05T08:02:17.434118Z[0m [[32m[1minfo     [0m] [1mcrawling                      [0m [36mchannel[0m=[35m'Google News (all)'[0m [36mtag[0m=[35mgoogle_broad[0m
[2m2026-04-05T08:02:20.086389Z[0m [[32m[1minfo     [0m] [1mfetch                         [0m [36mstatus[0m=[35m200[0m [36murl[0m=[35m'https://news.google.com/rss/search?q=ANET+stock+news&hl=en-US&gl=US&ceid=US:en'[0m
[2m2026-04-05T08:02:20.228640Z[0m [[32m[1minfo     [0m] [1mparsed                        [0m [36mchannel[0m=[35mgoogle_broad[0m [36mraw[0m=[35m100[0m
[2m2026-04-05T08:02:22.686183Z[0m [[32m[1minfo     [0m] [1mfetch                         [0m [36mstatus[0m=[35m200[0m [36murl[0m=[35m'https://news.google.com/rss/search?q=ANET+earnings+analysis&hl=en-US&gl=US&ceid=US:en'[0m
[2m2026-04-05T08:02:22.731891Z[0m [[32m[1minfo     [0m] [1mparsed                        [0m [36mchannel[0m=[35mgoogle_broad[0m [36mraw[0m=[35m52[0m
[2m2026-04-05T08:02:22.733718Z[0m [[32m[1minfo     [0m] [1mquality_filter                [0m [36minput[0m=[35m264[0m [36mpassed[0m=[35m5[0m
[2m2026-04-05T08:02:22.734549Z[0m [[32m[1minfo     [0m] [1mdedup                         [0m [36mafter[0m=[35m5[0m [36mbefore[0m=[35m5[0m
[2m2026-04-05T08:02:22.734738Z[0m [[32m[1minfo     [0m] [1mfulltext_selection            [0m [36mcandidates[0m=[35m4[0m [36mfiltered[0m=[35m5[0m [36mmode[0m=[35mhigh-value[0m [36mticker[0m=[35mANET[0m
[2m2026-04-05T08:02:24.354826Z[0m [[32m[1minfo     [0m] [1mfetch                         [0m [36mstatus[0m=[35m200[0m [36murl[0m=[35mhttps://www.marketbeat.com/instant-alerts/arista-networks-nyseanet-director-sells-10076000[0m
[2m2026-04-05T08:02:24.782712Z[0m [[32m[1minfo     [0m] [1mfetch                         [0m [36mstatus[0m=[35m200[0m [36murl[0m=[35mhttps://www.marketbeat.com/instant-alerts/filing-arista-networks-inc-anet-stock-holdings-l[0m
[2m2026-04-05T08:02:24.865186Z[0m [[32m[1minfo     [0m] [1mfetch                         [0m [36mstatus[0m=[35m200[0m [36murl[0m=[35mhttps://www.marketbeat.com/instant-alerts/arista-networks-nyseanet-stock-rating-upgraded-b[0m
[2m2026-04-05T08:02:26.188942Z[0m [[31m[1merror    [0m] [1mfetch_error                   [0m [36merror[0m=[35m'400, message=\'Got more than 8190 bytes when reading: b"connect-src \\\'self\\\' wss:'[0m [36murl[0m=[35mhttps://finance.yahoo.com/markets/stocks/articles/arista-networks-inc-[0m
[2m2026-04-05T08:02:26.392140Z[0m [[32m[1minfo     [0m] [1mcrawling                      [0m [36mchannel[0m=[35mGoogle->Benzinga[0m [36mtag[0m=[35mgoogle_benzinga[0m
[2m2026-04-05T08:02:28.969613Z[0m [[32m[1minfo     [0m] [1mfetch                         [0m [36mstatus[0m=[35m200[0m [36murl[0m=[35m'https://news.google.com/rss/search?q=QCOM+qualcomm+site:benzinga.com&hl=en-US&gl=US&ceid=U'[0m
[2m2026-04-05T08:02:29.111836Z[0m [[32m[1minfo     [0m] [1mparsed                        [0m [36mchannel[0m=[35mgoogle_benzinga[0m [36mraw[0m=[35m100[0m
[2m2026-04-05T08:02:31.602561Z[0m [[32m[1minfo     [0m] [1mfetch                         [0m [36mstatus[0m=[35m200[0m [36murl[0m=[35m'https://news.google.com/rss/search?q=qualcomm+site:benzinga.com&hl=en-US&gl=US&ceid=US:en'[0m
[2m2026-04-05T08:02:31.744426Z[0m [[32m[1minfo     [0m] [1mparsed                        [0m [36mchannel[0m=[35mgoogle_benzinga[0m [36mraw[0m=[35m100[0m
[2m2026-04-05T08:02:31.744622Z[0m [[32m[1minfo     [0m] [1mcrawling                      [0m [36mchannel[0m=[35m'Google News (all)'[0m [36mtag[0m=[35mgoogle_broad[0m
[2m2026-04-05T08:02:34.332413Z[0m [[32m[1minfo     [0m] [1mfetch                         [0m [36mstatus[0m=[35m200[0m [36murl[0m=[35m'https://news.google.com/rss/search?q=QCOM+qualcomm+stock+news&hl=en-US&gl=US&ceid=US:en'[0m
[2m2026-04-05T08:02:34.476627Z[0m [[32m[1minfo     [0m] [1mparsed                        [0m [36mchannel[0m=[35mgoogle_broad[0m [36mraw[0m=[35m100[0m
[2m2026-04-05T08:02:36.922969Z[0m [[32m[1minfo     [0m] [1mfetch                         [0m [36mstatus[0m=[35m200[0m [36murl[0m=[35m'https://news.google.com/rss/search?q=QCOM+qualcomm+earnings+analysis&hl=en-US&gl=US&ceid=U'[0m
[2m2026-04-05T08:02:37.038941Z[0m [[32m[1minfo     [0m] [1mparsed                        [0m [36mchannel[0m=[35mgoogle_broad[0m [36mraw[0m=[35m69[0m
[2m2026-04-05T08:02:37.040723Z[0m [[32m[1minfo     [0m] [1mquality_filter                [0m [36minput[0m=[35m369[0m [36mpassed[0m=[35m3[0m
[2m2026-04-05T08:02:37.041172Z[0m [[32m[1minfo     [0m] [1mdedup                         [0m [36mafter[0m=[35m3[0m [36mbefore[0m=[35m3[0m
[2m2026-04-05T08:02:37.041326Z[0m [[32m[1minfo     [0m] [1mfulltext_selection            [0m [36mcandidates[0m=[35m3[0m [36mfiltered[0m=[35m3[0m [36mmode[0m=[35mhigh-value[0m [36mticker[0m=[35mQCOM[0m
[2m2026-04-05T08:02:39.158662Z[0m [[32m[1minfo     [0m] [1mfetch                         [0m [36mstatus[0m=[35m200[0m [36murl[0m=[35mhttps://www.marketbeat.com/instant-alerts/filing-stratos-wealth-partners-ltd-decreases-sta[0m
[2m2026-04-05T08:02:39.217106Z[0m [[32m[1minfo     [0m] [1mfetch                         [0m [36mstatus[0m=[35m200[0m [36murl[0m=[35mhttps://www.marketbeat.com/instant-alerts/filing-westwood-wealth-management-buys-shares-of[0m
[2m2026-04-05T08:02:39.366882Z[0m [[32m[1minfo     [0m] [1mfetch                         [0m [36mstatus[0m=[35m200[0m [36murl[0m=[35mhttps://www.marketbeat.com/instant-alerts/filing-qualcomm-incorporated-qcom-shares-purchas[0m
[2m2026-04-05T08:02:40.008308Z[0m [[32m[1minfo     [0m] [1mcrawling                      [0m [36mchannel[0m=[35mGoogle->Benzinga[0m [36mtag[0m=[35mgoogle_benzinga[0m
[2m2026-04-05T08:02:42.570122Z[0m [[32m[1minfo     [0m] [1mfetch                         [0m [36mstatus[0m=[35m200[0m [36murl[0m=[35m'https://news.google.com/rss/search?q=WDC+site:benzinga.com&hl=en-US&gl=US&ceid=US:en'[0m
[2m2026-04-05T08:02:42.714330Z[0m [[32m[1minfo     [0m] [1mparsed                        [0m [36mchannel[0m=[35mgoogle_benzinga[0m [36mraw[0m=[35m100[0m
[2m2026-04-05T08:02:44.719841Z[0m [[32m[1minfo     [0m] [1mfetch                         [0m [36mstatus[0m=[35m200[0m [36murl[0m=[35m'https://news.google.com/rss/search?q=WDC+site:benzinga.com&hl=en-US&gl=US&ceid=US:en'[0m
[2m2026-04-05T08:02:44.781132Z[0m [[32m[1minfo     [0m] [1mparsed                        [0m [36mchannel[0m=[35mgoogle_benzinga[0m [36mraw[0m=[35m100[0m
[2m2026-04-05T08:02:44.781312Z[0m [[32m[1minfo     [0m] [1mcrawling                      [0m [36mchannel[0m=[35m'Google News (all)'[0m [36mtag[0m=[35mgoogle_broad[0m
[2m2026-04-05T08:02:47.330096Z[0m [[32m[1minfo     [0m] [1mfetch                         [0m [36mstatus[0m=[35m200[0m [36murl[0m=[35m'https://news.google.com/rss/search?q=WDC+stock+news&hl=en-US&gl=US&ceid=US:en'[0m
[2m2026-04-05T08:02:47.474112Z[0m [[32m[1minfo     [0m] [1mparsed                        [0m [36mchannel[0m=[35mgoogle_broad[0m [36mraw[0m=[35m100[0m
[2m2026-04-05T08:02:49.960862Z[0m [[32m[1minfo     [0m] [1mfetch                         [0m [36mstatus[0m=[35m200[0m [36murl[0m=[35m'https://news.google.com/rss/search?q=WDC+earnings+analysis&hl=en-US&gl=US&ceid=US:en'[0m
[2m2026-04-05T08:02:50.076468Z[0m [[32m[1minfo     [0m] [1mparsed                        [0m [36mchannel[0m=[35mgoogle_broad[0m [36mraw[0m=[35m67[0m
[2m2026-04-05T08:02:50.078584Z[0m [[32m[1minfo     [0m] [1mquality_filter                [0m [36minput[0m=[35m367[0m [36mpassed[0m=[35m3[0m
[2m2026-04-05T08:02:50.079119Z[0m [[32m[1minfo     [0m] [1mdedup                         [0m [36mafter[0m=[35m3[0m [36mbefore[0m=[35m3[0m
[2m2026-04-05T08:02:50.079259Z[0m [[32m[1minfo     [0m] [1mfulltext_selection            [0m [36mcandidates[0m=[35m3[0m [36mfiltered[0m=[35m3[0m [36mmode[0m=[35mhigh-value[0m [36mticker[0m=[35mWDC[0m
[2m2026-04-05T08:02:51.708821Z[0m [[32m[1minfo     [0m] [1mfetch                         [0m [36mstatus[0m=[35m200[0m [36murl[0m=[35mhttps://www.marketbeat.com/instant-alerts/western-digital-nasdaqwdc-raised-to-buy-at-wall-[0m
[2m2026-04-05T08:02:52.214938Z[0m [[32m[1minfo     [0m] [1mfetch                         [0m [36mstatus[0m=[35m200[0m [36murl[0m=[35mhttps://www.marketbeat.com/instant-alerts/filing-aberdeen-group-plc-increases-stake-in-wes[0m
[2m2026-04-05T08:02:53.667485Z[0m [[31m[1merror    [0m] [1mfetch_error                   [0m [36merror[0m=[35m'400, message=\'Got more than 8190 bytes when reading: b"connect-src \\\'self\\\' wss:'[0m [36murl[0m=[35mhttps://ca.finance.yahoo.com/news/western-digital-wdc-valuation-check-[0m
[2m2026-04-05T08:02:53.870799Z[0m [[32m[1minfo     [0m] [1mcrawling                      [0m [36mchannel[0m=[35mGoogle->Benzinga[0m [36mtag[0m=[35mgoogle_benzinga[0m
[2m2026-04-05T08:02:57.035938Z[0m [[32m[1minfo     [0m] [1mfetch                         [0m [36mstatus[0m=[35m200[0m [36murl[0m=[35m'https://news.google.com/rss/search?q=SNDK+site:benzinga.com&hl=en-US&gl=US&ceid=US:en'[0m
[2m2026-04-05T08:02:57.179110Z[0m [[32m[1minfo     [0m] [1mparsed                        [0m [36mchannel[0m=[35mgoogle_benzinga[0m [36mraw[0m=[35m100[0m
[2m2026-04-05T08:02:59.184854Z[0m [[32m[1minfo     [0m] [1mfetch                         [0m [36mstatus[0m=[35m200[0m [36murl[0m=[35m'https://news.google.com/rss/search?q=SNDK+site:benzinga.com&hl=en-US&gl=US&ceid=US:en'[0m
[2m2026-04-05T08:02:59.245159Z[0m [[32m[1minfo     [0m] [1mparsed                        [0m [36mchannel[0m=[35mgoogle_benzinga[0m [36mraw[0m=[35m100[0m
[2m2026-04-05T08:02:59.245345Z[0m [[32m[1minfo     [0m] [1mcrawling                      [0m [36mchannel[0m=[35m'Google News (all)'[0m [36mtag[0m=[35mgoogle_broad[0m
[2m2026-04-05T08:03:01.815349Z[0m [[32m[1minfo     [0m] [1mfetch                         [0m [36mstatus[0m=[35m200[0m [36murl[0m=[35m'https://news.google.com/rss/search?q=SNDK+stock+news&hl=en-US&gl=US&ceid=US:en'[0m
[2m2026-04-05T08:03:02.022702Z[0m [[32m[1minfo     [0m] [1mparsed                        [0m [36mchannel[0m=[35mgoogle_broad[0m [36mraw[0m=[35m100[0m
[2m2026-04-05T08:03:04.588346Z[0m [[32m[1minfo     [0m] [1mfetch                         [0m [36mstatus[0m=[35m200[0m [36murl[0m=[35m'https://news.google.com/rss/search?q=SNDK+earnings+analysis&hl=en-US&gl=US&ceid=US:en'[0m
[2m2026-04-05T08:03:04.705860Z[0m [[32m[1minfo     [0m] [1mparsed                        [0m [36mchannel[0m=[35mgoogle_broad[0m [36mraw[0m=[35m69[0m
[2m2026-04-05T08:03:04.707406Z[0m [[32m[1minfo     [0m] [1mquality_filter                [0m [36minput[0m=[35m369[0m [36mpassed[0m=[35m1[0m
[2m2026-04-05T08:03:04.707719Z[0m [[32m[1minfo     [0m] [1mdedup                         [0m [36mafter[0m=[35m1[0m [36mbefore[0m=[35m1[0m
[2m2026-04-05T08:03:04.707828Z[0m [[32m[1minfo     [0m] [1mfulltext_selection            [0m [36mcandidates[0m=[35m0[0m [36mfiltered[0m=[35m1[0m [36mmode[0m=[35mhigh-value[0m [36mticker[0m=[35mSNDK[0m
[2m2026-04-05T08:03:04.708616Z[0m [[32m[1minfo     [0m] [1mcrawling                      [0m [36mchannel[0m=[35mGoogle->Benzinga[0m [36mtag[0m=[35mgoogle_benzinga[0m
[2m2026-04-05T08:03:07.211005Z[0m [[32m[1minfo     [0m] [1mfetch                         [0m [36mstatus[0m=[35m200[0m [36murl[0m=[35m'https://news.google.com/rss/search?q=STX+site:benzinga.com&hl=en-US&gl=US&ceid=US:en'[0m
[2m2026-04-05T08:03:07.337468Z[0m [[32m[1minfo     [0m] [1mparsed                        [0m [36mchannel[0m=[35mgoogle_benzinga[0m [36mraw[0m=[35m94[0m
[2m2026-04-05T08:03:09.343320Z[0m [[32m[1minfo     [0m] [1mfetch                         [0m [36mstatus[0m=[35m200[0m [36murl[0m=[35m'https://news.google.com/rss/search?q=STX+site:benzinga.com&hl=en-US&gl=US&ceid=US:en'[0m
[2m2026-04-05T08:03:09.403139Z[0m [[32m[1minfo     [0m] [1mparsed                        [0m [36mchannel[0m=[35mgoogle_benzinga[0m [36mraw[0m=[35m94[0m
[2m2026-04-05T08:03:09.403326Z[0m [[32m[1minfo     [0m] [1mcrawling                      [0m [36mchannel[0m=[35m'Google News (all)'[0m [36mtag[0m=[35mgoogle_broad[0m
[2m2026-04-05T08:03:11.941011Z[0m [[32m[1minfo     [0m] [1mfetch                         [0m [36mstatus[0m=[35m200[0m [36murl[0m=[35m'https://news.google.com/rss/search?q=STX+stock+news&hl=en-US&gl=US&ceid=US:en'[0m
[2m2026-04-05T08:03:12.027603Z[0m [[32m[1minfo     [0m] [1mparsed                        [0m [36mchannel[0m=[35mgoogle_broad[0m [36mraw[0m=[35m100[0m
[2m2026-04-05T08:03:14.497992Z[0m [[32m[1minfo     [0m] [1mfetch                         [0m [36mstatus[0m=[35m200[0m [36murl[0m=[35m'https://news.google.com/rss/search?q=STX+earnings+analysis&hl=en-US&gl=US&ceid=US:en'[0m
[2m2026-04-05T08:03:14.566848Z[0m [[32m[1minfo     [0m] [1mparsed                        [0m [36mchannel[0m=[35mgoogle_broad[0m [36mraw[0m=[35m68[0m
[2m2026-04-05T08:03:14.568278Z[0m [[32m[1minfo     [0m] [1mquality_filter                [0m [36minput[0m=[35m356[0m [36mpassed[0m=[35m1[0m
[2m2026-04-05T08:03:14.568583Z[0m [[32m[1minfo     [0m] [1mdedup                         [0m [36mafter[0m=[35m1[0m [36mbefore[0m=[35m1[0m
[2m2026-04-05T08:03:14.568699Z[0m [[32m[1minfo     [0m] [1mfulltext_selection            [0m [36mcandidates[0m=[35m0[0m [36mfiltered[0m=[35m1[0m [36mmode[0m=[35mhigh-value[0m [36mticker[0m=[35mSTX[0m
[2m2026-04-05T08:03:14.569420Z[0m [[32m[1minfo     [0m] [1mcrawling                      [0m [36mchannel[0m=[35mGoogle->Benzinga[0m [36mtag[0m=[35mgoogle_benzinga[0m
[2m2026-04-05T08:03:17.274708Z[0m [[32m[1minfo     [0m] [1mfetch                         [0m [36mstatus[0m=[35m200[0m [36murl[0m=[35m'https://news.google.com/rss/search?q=CDNS+site:benzinga.com&hl=en-US&gl=US&ceid=US:en'[0m
[2m2026-04-05T08:03:17.424708Z[0m [[32m[1minfo     [0m] [1mparsed                        [0m [36mchannel[0m=[35mgoogle_benzinga[0m [36mraw[0m=[35m100[0m
[2m2026-04-05T08:03:19.429770Z[0m [[32m[1minfo     [0m] [1mfetch                         [0m [36mstatus[0m=[35m200[0m [36murl[0m=[35m'https://news.google.com/rss/search?q=CDNS+site:benzinga.com&hl=en-US&gl=US&ceid=US:en'[0m
[2m2026-04-05T08:03:19.490295Z[0m [[32m[1minfo     [0m] [1mparsed                        [0m [36mchannel[0m=[35mgoogle_benzinga[0m [36mraw[0m=[35m100[0m
[2m2026-04-05T08:03:19.490456Z[0m [[32m[1minfo     [0m] [1mcrawling                      [0m [36mchannel[0m=[35m'Google News (all)'[0m [36mtag[0m=[35mgoogle_broad[0m
[2m2026-04-05T08:03:21.923762Z[0m [[32m[1minfo     [0m] [1mfetch                         [0m [36mstatus[0m=[35m200[0m [36murl[0m=[35m'https://news.google.com/rss/search?q=CDNS+stock+news&hl=en-US&gl=US&ceid=US:en'[0m
[2m2026-04-05T08:03:22.073829Z[0m [[32m[1minfo     [0m] [1mparsed                        [0m [36mchannel[0m=[35mgoogle_broad[0m [36mraw[0m=[35m100[0m
[2m2026-04-05T08:03:24.518748Z[0m [[32m[1minfo     [0m] [1mfetch                         [0m [36mstatus[0m=[35m200[0m [36murl[0m=[35m'https://news.google.com/rss/search?q=CDNS+earnings+analysis&hl=en-US&gl=US&ceid=US:en'[0m
[2m2026-04-05T08:03:24.558830Z[0m [[32m[1minfo     [0m] [1mparsed                        [0m [36mchannel[0m=[35mgoogle_broad[0m [36mraw[0m=[35m43[0m
[2m2026-04-05T08:03:24.560500Z[0m [[32m[1minfo     [0m] [1mquality_filter                [0m [36minput[0m=[35m343[0m [36mpassed[0m=[35m1[0m
[2m2026-04-05T08:03:24.560789Z[0m [[32m[1minfo     [0m] [1mdedup                         [0m [36mafter[0m=[35m1[0m [36mbefore[0m=[35m1[0m
[2m2026-04-05T08:03:24.560893Z[0m [[32m[1minfo     [0m] [1mfulltext_selection            [0m [36mcandidates[0m=[35m0[0m [36mfiltered[0m=[35m1[0m [36mmode[0m=[35mhigh-value[0m [36mticker[0m=[35mCDNS[0m
[2m2026-04-05T08:03:24.561648Z[0m [[32m[1minfo     [0m] [1mcrawling                      [0m [36mchannel[0m=[35mGoogle->Benzinga[0m [36mtag[0m=[35mgoogle_benzinga[0m
[2m2026-04-05T08:03:27.046854Z[0m [[32m[1minfo     [0m] [1mfetch                         [0m [36mstatus[0m=[35m200[0m [36murl[0m=[35m'https://news.google.com/rss/search?q=SNPS+site:benzinga.com&hl=en-US&gl=US&ceid=US:en'[0m
[2m2026-04-05T08:03:27.163665Z[0m [[32m[1minfo     [0m] [1mparsed                        [0m [36mchannel[0m=[35mgoogle_benzinga[0m [36mraw[0m=[35m72[0m
[2m2026-04-05T08:03:29.168622Z[0m [[32m[1minfo     [0m] [1mfetch                         [0m [36mstatus[0m=[35m200[0m [36murl[0m=[35m'https://news.google.com/rss/search?q=SNPS+site:benzinga.com&hl=en-US&gl=US&ceid=US:en'[0m
[2m2026-04-05T08:03:29.213747Z[0m [[32m[1minfo     [0m] [1mparsed                        [0m [36mchannel[0m=[35mgoogle_benzinga[0m [36mraw[0m=[35m72[0m
[2m2026-04-05T08:03:29.213907Z[0m [[32m[1minfo     [0m] [1mcrawling                      [0m [36mchannel[0m=[35m'Google News (all)'[0m [36mtag[0m=[35mgoogle_broad[0m
[2m2026-04-05T08:03:31.724057Z[0m [[32m[1minfo     [0m] [1mfetch                         [0m [36mstatus[0m=[35m200[0m [36murl[0m=[35m'https://news.google.com/rss/search?q=SNPS+stock+news&hl=en-US&gl=US&ceid=US:en'[0m
[2m2026-04-05T08:03:31.892819Z[0m [[32m[1minfo     [0m] [1mparsed                        [0m [36mchannel[0m=[35mgoogle_broad[0m [36mraw[0m=[35m100[0m
[2m2026-04-05T08:03:34.338072Z[0m [[32m[1minfo     [0m] [1mfetch                         [0m [36mstatus[0m=[35m200[0m [36murl[0m=[35m'https://news.google.com/rss/search?q=SNPS+earnings+analysis&hl=en-US&gl=US&ceid=US:en'[0m
[2m2026-04-05T08:03:34.384270Z[0m [[32m[1minfo     [0m] [1mparsed                        [0m [36mchannel[0m=[35mgoogle_broad[0m [36mraw[0m=[35m52[0m
[2m2026-04-05T08:03:34.385636Z[0m [[32m[1minfo     [0m] [1mquality_filter                [0m [36minput[0m=[35m296[0m [36mpassed[0m=[35m1[0m
[2m2026-04-05T08:03:34.385915Z[0m [[32m[1minfo     [0m] [1mdedup                         [0m [36mafter[0m=[35m1[0m [36mbefore[0m=[35m1[0m
[2m2026-04-05T08:03:34.386018Z[0m [[32m[1minfo     [0m] [1mfulltext_selection            [0m [36mcandidates[0m=[35m0[0m [36mfiltered[0m=[35m1[0m [36mmode[0m=[35mhigh-value[0m [36mticker[0m=[35mSNPS[0m
[2m2026-04-05T08:03:34.386761Z[0m [[32m[1minfo     [0m] [1mcrawling                      [0m [36mchannel[0m=[35mGoogle->Benzinga[0m [36mtag[0m=[35mgoogle_benzinga[0m
[2m2026-04-05T08:03:36.829023Z[0m [[32m[1minfo     [0m] [1mfetch                         [0m [36mstatus[0m=[35m200[0m [36murl[0m=[35m'https://news.google.com/rss/search?q=NXPI+site:benzinga.com&hl=en-US&gl=US&ceid=US:en'[0m
[2m2026-04-05T08:03:36.858329Z[0m [[32m[1minfo     [0m] [1mparsed                        [0m [36mchannel[0m=[35mgoogle_benzinga[0m [36mraw[0m=[35m34[0m
[2m2026-04-05T08:03:38.865329Z[0m [[32m[1minfo     [0m] [1mfetch                         [0m [36mstatus[0m=[35m200[0m [36murl[0m=[35m'https://news.google.com/rss/search?q=NXPI+site:benzinga.com&hl=en-US&gl=US&ceid=US:en'[0m
[2m2026-04-05T08:03:38.887615Z[0m [[32m[1minfo     [0m] [1mparsed                        [0m [36mchannel[0m=[35mgoogle_benzinga[0m [36mraw[0m=[35m34[0m
[2m2026-04-05T08:03:38.887798Z[0m [[32m[1minfo     [0m] [1mcrawling                      [0m [36mchannel[0m=[35m'Google News (all)'[0m [36mtag[0m=[35mgoogle_broad[0m
[2m2026-04-05T08:03:41.407522Z[0m [[32m[1minfo     [0m] [1mfetch                         [0m [36mstatus[0m=[35m200[0m [36murl[0m=[35m'https://news.google.com/rss/search?q=NXPI+stock+news&hl=en-US&gl=US&ceid=US:en'[0m
[2m2026-04-05T08:03:41.550066Z[0m [[32m[1minfo     [0m] [1mparsed                        [0m [36mchannel[0m=[35mgoogle_broad[0m [36mraw[0m=[35m100[0m
[2m2026-04-05T08:03:43.988500Z[0m [[32m[1minfo     [0m] [1mfetch                         [0m [36mstatus[0m=[35m200[0m [36murl[0m=[35m'https://news.google.com/rss/search?q=NXPI+earnings+analysis&hl=en-US&gl=US&ceid=US:en'[0m
[2m2026-04-05T08:03:44.036251Z[0m [[32m[1minfo     [0m] [1mparsed                        [0m [36mchannel[0m=[35mgoogle_broad[0m [36mraw[0m=[35m54[0m
[2m2026-04-05T08:03:44.037020Z[0m [[32m[1minfo     [0m] [1mquality_filter                [0m [36minput[0m=[35m222[0m [36mpassed[0m=[35m0[0m
[2m2026-04-05T08:03:44.037132Z[0m [[32m[1minfo     [0m] [1mdedup                         [0m [36mafter[0m=[35m0[0m [36mbefore[0m=[35m0[0m
[2m2026-04-05T08:03:44.037288Z[0m [[32m[1minfo     [0m] [1mfulltext_selection            [0m [36mcandidates[0m=[35m0[0m [36mfiltered[0m=[35m0[0m [36mmode[0m=[35mhigh-value[0m [36mticker[0m=[35mNXPI[0m
[2m2026-04-05T08:03:44.038088Z[0m [[32m[1minfo     [0m] [1mcrawling                      [0m [36mchannel[0m=[35mGoogle->Benzinga[0m [36mtag[0m=[35mgoogle_benzinga[0m
[2m2026-04-05T08:03:46.480841Z[0m [[32m[1minfo     [0m] [1mfetch                         [0m [36mstatus[0m=[35m200[0m [36murl[0m=[35m'https://news.google.com/rss/search?q=MPWR+monolithic+power+site:benzinga.com&hl=en-US&gl=U'[0m
[2m2026-04-05T08:03:46.496098Z[0m [[32m[1minfo     [0m] [1mparsed                        [0m [36mchannel[0m=[35mgoogle_benzinga[0m [36mraw[0m=[35m23[0m
[2m2026-04-05T08:03:48.956434Z[0m [[32m[1minfo     [0m] [1mfetch                         [0m [36mstatus[0m=[35m200[0m [36murl[0m=[35m'https://news.google.com/rss/search?q=monolithic+power+site:benzinga.com&hl=en-US&gl=US&cei'[0m
[2m2026-04-05T08:03:49.071166Z[0m [[32m[1minfo     [0m] [1mparsed                        [0m [36mchannel[0m=[35mgoogle_benzinga[0m [36mraw[0m=[35m68[0m
[2m2026-04-05T08:03:49.071349Z[0m [[32m[1minfo     [0m] [1mcrawling                      [0m [36mchannel[0m=[35m'Google News (all)'[0m [36mtag[0m=[35mgoogle_broad[0m
[2m2026-04-05T08:03:51.605580Z[0m [[32m[1minfo     [0m] [1mfetch                         [0m [36mstatus[0m=[35m200[0m [36murl[0m=[35m'https://news.google.com/rss/search?q=MPWR+monolithic+power+stock+news&hl=en-US&gl=US&ceid='[0m
[2m2026-04-05T08:03:51.756630Z[0m [[32m[1minfo     [0m] [1mparsed                        [0m [36mchannel[0m=[35mgoogle_broad[0m [36mraw[0m=[35m100[0m
[2m2026-04-05T08:03:54.236030Z[0m [[32m[1minfo     [0m] [1mfetch                         [0m [36mstatus[0m=[35m200[0m [36murl[0m=[35m'https://news.google.com/rss/search?q=MPWR+monolithic+power+earnings+analysis&hl=en-US&gl=U'[0m
[2m2026-04-05T08:03:54.279595Z[0m [[32m[1minfo     [0m] [1mparsed                        [0m [36mchannel[0m=[35mgoogle_broad[0m [36mraw[0m=[35m48[0m
[2m2026-04-05T08:03:54.281897Z[0m [[32m[1minfo     [0m] [1mquality_filter                [0m [36minput[0m=[35m239[0m [36mpassed[0m=[35m5[0m
[2m2026-04-05T08:03:54.282619Z[0m [[32m[1minfo     [0m] [1mdedup                         [0m [36mafter[0m=[35m5[0m [36mbefore[0m=[35m5[0m
[2m2026-04-05T08:03:54.282789Z[0m [[32m[1minfo     [0m] [1mfulltext_selection            [0m [36mcandidates[0m=[35m1[0m [36mfiltered[0m=[35m5[0m [36mmode[0m=[35mhigh-value[0m [36mticker[0m=[35mMPWR[0m
[2m2026-04-05T08:03:56.601530Z[0m [[32m[1minfo     [0m] [1mfetch                         [0m [36mstatus[0m=[35m200[0m [36murl[0m=[35mhttps://www.marketbeat.com/instant-alerts/monolithic-power-systems-nasdaqmpwr-evp-sells-15[0m
[2m2026-04-05T08:03:56.947024Z[0m [[32m[1minfo     [0m] [1mcrawling                      [0m [36mchannel[0m=[35mGoogle->Benzinga[0m [36mtag[0m=[35mgoogle_benzinga[0m
[2m2026-04-05T08:04:00.142063Z[0m [[32m[1minfo     [0m] [1mfetch                         [0m [36mstatus[0m=[35m200[0m [36murl[0m=[35m'https://news.google.com/rss/search?q=TER+teradyne+site:benzinga.com&hl=en-US&gl=US&ceid=US'[0m
[2m2026-04-05T08:04:00.319518Z[0m [[32m[1minfo     [0m] [1mparsed                        [0m [36mchannel[0m=[35mgoogle_benzinga[0m [36mraw[0m=[35m100[0m
[2m2026-04-05T08:04:02.742701Z[0m [[32m[1minfo     [0m] [1mfetch                         [0m [36mstatus[0m=[35m200[0m [36murl[0m=[35m'https://news.google.com/rss/search?q=teradyne+site:benzinga.com&hl=en-US&gl=US&ceid=US:en'[0m
[2m2026-04-05T08:04:02.908329Z[0m [[32m[1minfo     [0m] [1mparsed                        [0m [36mchannel[0m=[35mgoogle_benzinga[0m [36mraw[0m=[35m100[0m
[2m2026-04-05T08:04:02.908516Z[0m [[32m[1minfo     [0m] [1mcrawling                      [0m [36mchannel[0m=[35m'Google News (all)'[0m [36mtag[0m=[35mgoogle_broad[0m
[2m2026-04-05T08:04:05.452278Z[0m [[32m[1minfo     [0m] [1mfetch                         [0m [36mstatus[0m=[35m200[0m [36murl[0m=[35m'https://news.google.com/rss/search?q=TER+teradyne+stock+news&hl=en-US&gl=US&ceid=US:en'[0m
[2m2026-04-05T08:04:05.598406Z[0m [[32m[1minfo     [0m] [1mparsed                        [0m [36mchannel[0m=[35mgoogle_broad[0m [36mraw[0m=[35m100[0m
[2m2026-04-05T08:04:08.012384Z[0m [[32m[1minfo     [0m] [1mfetch                         [0m [36mstatus[0m=[35m200[0m [36murl[0m=[35m'https://news.google.com/rss/search?q=TER+teradyne+earnings+analysis&hl=en-US&gl=US&ceid=US'[0m
[2m2026-04-05T08:04:08.048604Z[0m [[32m[1minfo     [0m] [1mparsed                        [0m [36mchannel[0m=[35mgoogle_broad[0m [36mraw[0m=[35m45[0m
[2m2026-04-05T08:04:08.050927Z[0m [[32m[1minfo     [0m] [1mquality_filter                [0m [36minput[0m=[35m345[0m [36mpassed[0m=[35m7[0m
[2m2026-04-05T08:04:08.051856Z[0m [[32m[1minfo     [0m] [1mdedup                         [0m [36mafter[0m=[35m7[0m [36mbefore[0m=[35m7[0m
[2m2026-04-05T08:04:08.052025Z[0m [[32m[1minfo     [0m] [1mfulltext_selection            [0m [36mcandidates[0m=[35m4[0m [36mfiltered[0m=[35m7[0m [36mmode[0m=[35mhigh-value[0m [36mticker[0m=[35mTER[0m
[2m2026-04-05T08:04:10.200370Z[0m [[32m[1minfo     [0m] [1mfetch                         [0m [36mstatus[0m=[35m403[0m [36murl[0m=[35mhttps://www.mexc.com/news/1003126[0m
[2m2026-04-05T08:04:11.017320Z[0m [[32m[1minfo     [0m] [1mfetch                         [0m [36mstatus[0m=[35m200[0m [36murl[0m=[35mhttps://intellectia.ai/en/stock/TER/earnings[0m
[2m2026-04-05T08:04:11.379096Z[0m [[32m[1minfo     [0m] [1mfetch                         [0m [36mstatus[0m=[35m200[0m [36murl[0m=[35mhttps://moneycheck.com/teradyne-ter-stock-surges-271-ahead-of-crucial-q1-2026-earnings-rep[0m
[2m2026-04-05T08:04:11.403650Z[0m [[32m[1minfo     [0m] [1mfetch                         [0m [36mstatus[0m=[35m200[0m [36murl[0m=[35mhttps://coincentral.com/teradyne-ter-stock-everything-you-need-to-know-before-april-earnin[0m
[2m2026-04-05T08:04:11.659311Z[0m [[32m[1minfo     [0m] [1mcrawling                      [0m [36mchannel[0m=[35mGoogle->Benzinga[0m [36mtag[0m=[35mgoogle_benzinga[0m
[2m2026-04-05T08:04:14.093551Z[0m [[32m[1minfo     [0m] [1mfetch                         [0m [36mstatus[0m=[35m200[0m [36murl[0m=[35m'https://news.google.com/rss/search?q=MCHP+microchip+technology+site:benzinga.com&hl=en-US&'[0m
[2m2026-04-05T08:04:14.119591Z[0m [[32m[1minfo     [0m] [1mparsed                        [0m [36mchannel[0m=[35mgoogle_benzinga[0m [36mraw[0m=[35m30[0m
[2m2026-04-05T08:04:16.633758Z[0m [[32m[1minfo     [0m] [1mfetch                         [0m [36mstatus[0m=[35m200[0m [36murl[0m=[35m'https://news.google.com/rss/search?q=microchip+technology+site:benzinga.com&hl=en-US&gl=US'[0m
[2m2026-04-05T08:04:16.771917Z[0m [[32m[1minfo     [0m] [1mparsed                        [0m [36mchannel[0m=[35mgoogle_benzinga[0m [36mraw[0m=[35m90[0m
[2m2026-04-05T08:04:16.772089Z[0m [[32m[1minfo     [0m] [1mcrawling                      [0m [36mchannel[0m=[35m'Google News (all)'[0m [36mtag[0m=[35mgoogle_broad[0m
[2m2026-04-05T08:04:19.341616Z[0m [[32m[1minfo     [0m] [1mfetch                         [0m [36mstatus[0m=[35m200[0m [36murl[0m=[35m'https://news.google.com/rss/search?q=MCHP+microchip+technology+stock+news&hl=en-US&gl=US&c'[0m
[2m2026-04-05T08:04:19.490308Z[0m [[32m[1minfo     [0m] [1mparsed                        [0m [36mchannel[0m=[35mgoogle_broad[0m [36mraw[0m=[35m100[0m
[2m2026-04-05T08:04:21.953625Z[0m [[32m[1minfo     [0m] [1mfetch                         [0m [36mstatus[0m=[35m200[0m [36murl[0m=[35m'https://news.google.com/rss/search?q=MCHP+microchip+technology+earnings+analysis&hl=en-US&'[0m
[2m2026-04-05T08:04:22.010295Z[0m [[32m[1minfo     [0m] [1mparsed                        [0m [36mchannel[0m=[35mgoogle_broad[0m [36mraw[0m=[35m59[0m
[2m2026-04-05T08:04:22.013006Z[0m [[32m[1minfo     [0m] [1mquality_filter                [0m [36minput[0m=[35m279[0m [36mpassed[0m=[35m9[0m
[2m2026-04-05T08:04:22.014225Z[0m [[32m[1minfo     [0m] [1mdedup                         [0m [36mafter[0m=[35m9[0m [36mbefore[0m=[35m9[0m
[2m2026-04-05T08:04:22.014404Z[0m [[32m[1minfo     [0m] [1mfulltext_selection            [0m [36mcandidates[0m=[35m8[0m [36mfiltered[0m=[35m9[0m [36mmode[0m=[35mhigh-value[0m [36mticker[0m=[35mMCHP[0m
[2m2026-04-05T08:04:24.247032Z[0m [[32m[1minfo     [0m] [1mfetch                         [0m [36mstatus[0m=[35m200[0m [36murl[0m=[35mhttps://www.marketbeat.com/instant-alerts/filing-perpetual-ltd-grows-position-in-microchip[0m
[2m2026-04-05T08:04:24.318840Z[0m [[32m[1minfo     [0m] [1mfetch                         [0m [36mstatus[0m=[35m200[0m [36murl[0m=[35mhttps://www.stocktitan.net/sec-filings/MCHP/form-4-microchip-technology-inc-insider-tradin[0m
[2m2026-04-05T08:04:24.448039Z[0m [[32m[1minfo     [0m] [1mfetch                         [0m [36mstatus[0m=[35m429[0m [36murl[0m=[35mhttps://www.stocktitan.net/sec-filings/MCHP/form-4-microchip-technology-inc-insider-tradin[0m
[2m2026-04-05T08:04:24.538176Z[0m [[32m[1minfo     [0m] [1mfetch                         [0m [36mstatus[0m=[35m429[0m [36murl[0m=[35mhttps://www.stocktitan.net/sec-filings/MCHP/form-4-microchip-technology-inc-insider-tradin[0m
[2m2026-04-05T08:04:24.607158Z[0m [[32m[1minfo     [0m] [1mfetch                         [0m [36mstatus[0m=[35m200[0m [36murl[0m=[35mhttps://www.stocktitan.net/sec-filings/MCHP/form-4-microchip-technology-inc-insider-tradin[0m
[2m2026-04-05T08:04:24.915647Z[0m [[32m[1minfo     [0m] [1mfetch                         [0m [36mstatus[0m=[35m429[0m [36murl[0m=[35mhttps://www.stocktitan.net/sec-filings/MCHP/form-4-microchip-technology-inc-insider-tradin[0m
[2m2026-04-05T08:04:25.879593Z[0m [[32m[1minfo     [0m] [1mfetch                         [0m [36mstatus[0m=[35m200[0m [36murl[0m=[35mhttps://www.msn.com/en-us/money/technologyinvesting/microchip-technology-mchp-will-address[0m
[2m2026-04-05T08:04:26.959366Z[0m [[32m[1minfo     [0m] [1mfetch                         [0m [36mstatus[0m=[35m200[0m [36murl[0m=[35mhttps://intellectia.ai/en/stock/MCHP/news[0m
[2m2026-04-05T08:04:27.574536Z[0m [[32m[1minfo     [0m] [1mcrawling                      [0m [36mchannel[0m=[35mGoogle->Benzinga[0m [36mtag[0m=[35mgoogle_benzinga[0m
[2m2026-04-05T08:04:30.315302Z[0m [[32m[1minfo     [0m] [1mfetch                         [0m [36mstatus[0m=[35m200[0m [36murl[0m=[35m'https://news.google.com/rss/search?q=ON+on+semiconductor+site:benzinga.com&hl=en-US&gl=US&'[0m
[2m2026-04-05T08:04:30.457008Z[0m [[32m[1minfo     [0m] [1mparsed                        [0m [36mchannel[0m=[35mgoogle_benzinga[0m [36mraw[0m=[35m100[0m
[2m2026-04-05T08:04:33.086258Z[0m [[32m[1minfo     [0m] [1mfetch                         [0m [36mstatus[0m=[35m200[0m [36murl[0m=[35m'https://news.google.com/rss/search?q=on+semiconductor+site:benzinga.com&hl=en-US&gl=US&cei'[0m
[2m2026-04-05T08:04:33.231280Z[0m [[32m[1minfo     [0m] [1mparsed                        [0m [36mchannel[0m=[35mgoogle_benzinga[0m [36mraw[0m=[35m100[0m
[2m2026-04-05T08:04:33.231453Z[0m [[32m[1minfo     [0m] [1mcrawling                      [0m [36mchannel[0m=[35m'Google News (all)'[0m [36mtag[0m=[35mgoogle_broad[0m
[2m2026-04-05T08:04:35.700997Z[0m [[32m[1minfo     [0m] [1mfetch                         [0m [36mstatus[0m=[35m200[0m [36murl[0m=[35m'https://news.google.com/rss/search?q=ON+on+semiconductor+stock+news&hl=en-US&gl=US&ceid=US'[0m
[2m2026-04-05T08:04:35.821712Z[0m [[32m[1minfo     [0m] [1mparsed                        [0m [36mchannel[0m=[35mgoogle_broad[0m [36mraw[0m=[35m77[0m
[2m2026-04-05T08:04:38.279753Z[0m [[32m[1minfo     [0m] [1mfetch                         [0m [36mstatus[0m=[35m200[0m [36murl[0m=[35m'https://news.google.com/rss/search?q=ON+on+semiconductor+earnings+analysis&hl=en-US&gl=US&'[0m
[2m2026-04-05T08:04:38.337619Z[0m [[32m[1minfo     [0m] [1mparsed                        [0m [36mchannel[0m=[35mgoogle_broad[0m [36mraw[0m=[35m60[0m
[2m2026-04-05T08:04:38.339376Z[0m [[32m[1minfo     [0m] [1mquality_filter                [0m [36minput[0m=[35m337[0m [36mpassed[0m=[35m0[0m
[2m2026-04-05T08:04:38.339522Z[0m [[32m[1minfo     [0m] [1mdedup                         [0m [36mafter[0m=[35m0[0m [36mbefore[0m=[35m0[0m
[2m2026-04-05T08:04:38.339596Z[0m [[32m[1minfo     [0m] [1mfulltext_selection            [0m [36mcandidates[0m=[35m0[0m [36mfiltered[0m=[35m0[0m [36mmode[0m=[35mhigh-value[0m [36mticker[0m=[35mON[0m
[2m2026-04-05T08:04:38.340346Z[0m [[32m[1minfo     [0m] [1mcrawling                      [0m [36mchannel[0m=[35mGoogle->Benzinga[0m [36mtag[0m=[35mgoogle_benzinga[0m
[2m2026-04-05T08:04:40.999463Z[0m [[32m[1minfo     [0m] [1mfetch                         [0m [36mstatus[0m=[35m200[0m [36murl[0m=[35m'https://news.google.com/rss/search?q=AAPL+apple+site:benzinga.com&hl=en-US&gl=US&ceid=US:e'[0m
[2m2026-04-05T08:04:41.132912Z[0m [[32m[1minfo     [0m] [1mparsed                        [0m [36mchannel[0m=[35mgoogle_benzinga[0m [36mraw[0m=[35m100[0m
[2m2026-04-05T08:04:43.894770Z[0m [[32m[1minfo     [0m] [1mfetch                         [0m [36mstatus[0m=[35m200[0m [36murl[0m=[35m'https://news.google.com/rss/search?q=apple+site:benzinga.com&hl=en-US&gl=US&ceid=US:en'[0m
[2m2026-04-05T08:04:43.972464Z[0m [[32m[1minfo     [0m] [1mparsed                        [0m [36mchannel[0m=[35mgoogle_benzinga[0m [36mraw[0m=[35m100[0m
[2m2026-04-05T08:04:43.972647Z[0m [[32m[1minfo     [0m] [1mcrawling                      [0m [36mchannel[0m=[35m'Google News (all)'[0m [36mtag[0m=[35mgoogle_broad[0m
[2m2026-04-05T08:04:46.543807Z[0m [[32m[1minfo     [0m] [1mfetch                         [0m [36mstatus[0m=[35m200[0m [36murl[0m=[35m'https://news.google.com/rss/search?q=AAPL+apple+stock+news&hl=en-US&gl=US&ceid=US:en'[0m
[2m2026-04-05T08:04:46.675505Z[0m [[32m[1minfo     [0m] [1mparsed                        [0m [36mchannel[0m=[35mgoogle_broad[0m [36mraw[0m=[35m100[0m
[2m2026-04-05T08:04:49.255992Z[0m [[32m[1minfo     [0m] [1mfetch                         [0m [36mstatus[0m=[35m200[0m [36murl[0m=[35m'https://news.google.com/rss/search?q=AAPL+apple+earnings+analysis&hl=en-US&gl=US&ceid=US:e'[0m
[2m2026-04-05T08:04:49.343944Z[0m [[32m[1minfo     [0m] [1mparsed                        [0m [36mchannel[0m=[35mgoogle_broad[0m [36mraw[0m=[35m100[0m
[2m2026-04-05T08:04:49.346803Z[0m [[32m[1minfo     [0m] [1mquality_filter                [0m [36minput[0m=[35m400[0m [36mpassed[0m=[35m7[0m
[2m2026-04-05T08:04:49.347755Z[0m [[32m[1minfo     [0m] [1mdedup                         [0m [36mafter[0m=[35m7[0m [36mbefore[0m=[35m7[0m
[2m2026-04-05T08:04:49.347933Z[0m [[32m[1minfo     [0m] [1mfulltext_selection            [0m [36mcandidates[0m=[35m5[0m [36mfiltered[0m=[35m7[0m [36mmode[0m=[35mhigh-value[0m [36mticker[0m=[35mAAPL[0m
[2m2026-04-05T08:04:50.949254Z[0m [[32m[1minfo     [0m] [1mfetch                         [0m [36mstatus[0m=[35m200[0m [36murl[0m=[35mhttps://www.marketbeat.com/instant-alerts/filing-apple-inc-aapl-shares-purchased-by-compto[0m
[2m2026-04-05T08:04:51.019619Z[0m [[32m[1minfo     [0m] [1mfetch                         [0m [36mstatus[0m=[35m200[0m [36murl[0m=[35mhttps://www.marketbeat.com/instant-alerts/filing-apple-inc-aapl-stock-holdings-reduced-by-[0m
[2m2026-04-05T08:04:51.142072Z[0m [[32m[1minfo     [0m] [1mfetch                         [0m [36mstatus[0m=[35m403[0m [36murl[0m=[35mhttps://au.investing.com/news/insider-trading-news/apple-ceo-tim-cook-sells-165-million-in[0m
[2m2026-04-05T08:04:51.477967Z[0m [[32m[1minfo     [0m] [1mfetch                         [0m [36mstatus[0m=[35m200[0m [36murl[0m=[35mhttps://www.marketbeat.com/instant-alerts/filing-norden-group-llc-buys-44107-shares-of-app[0m
[2m2026-04-05T08:04:51.539391Z[0m [[32m[1minfo     [0m] [1mfetch                         [0m [36mstatus[0m=[35m200[0m [36murl[0m=[35mhttps://www.marketbeat.com/instant-alerts/apple-nasdaqaapl-ceo-timothy-cook-sells-64949-sh[0m
[2m2026-04-05T08:04:51.889638Z[0m [[32m[1minfo     [0m] [1mcrawling                      [0m [36mchannel[0m=[35mGoogle->Benzinga[0m [36mtag[0m=[35mgoogle_benzinga[0m
[2m2026-04-05T08:04:54.454454Z[0m [[32m[1minfo     [0m] [1mfetch                         [0m [36mstatus[0m=[35m200[0m [36murl[0m=[35m'https://news.google.com/rss/search?q=BRK.B+site:benzinga.com&hl=en-US&gl=US&ceid=US:en'[0m
[2m2026-04-05T08:04:54.583912Z[0m [[32m[1minfo     [0m] [1mparsed                        [0m [36mchannel[0m=[35mgoogle_benzinga[0m [36mraw[0m=[35m100[0m
[2m2026-04-05T08:04:56.589508Z[0m [[32m[1minfo     [0m] [1mfetch                         [0m [36mstatus[0m=[35m200[0m [36murl[0m=[35m'https://news.google.com/rss/search?q=BRK.B+site:benzinga.com&hl=en-US&gl=US&ceid=US:en'[0m
[2m2026-04-05T08:04:56.649130Z[0m [[32m[1minfo     [0m] [1mparsed                        [0m [36mchannel[0m=[35mgoogle_benzinga[0m [36mraw[0m=[35m100[0m
[2m2026-04-05T08:04:56.649355Z[0m [[32m[1minfo     [0m] [1mcrawling                      [0m [36mchannel[0m=[35m'Google News (all)'[0m [36mtag[0m=[35mgoogle_broad[0m
[2m2026-04-05T08:04:59.306629Z[0m [[32m[1minfo     [0m] [1mfetch                         [0m [36mstatus[0m=[35m200[0m [36murl[0m=[35m'https://news.google.com/rss/search?q=BRK.B+stock+news&hl=en-US&gl=US&ceid=US:en'[0m
[2m2026-04-05T08:04:59.449686Z[0m [[32m[1minfo     [0m] [1mparsed                        [0m [36mchannel[0m=[35mgoogle_broad[0m [36mraw[0m=[35m100[0m
[2m2026-04-05T08:05:02.070885Z[0m [[32m[1minfo     [0m] [1mfetch                         [0m [36mstatus[0m=[35m200[0m [36murl[0m=[35m'https://news.google.com/rss/search?q=BRK.B+earnings+analysis&hl=en-US&gl=US&ceid=US:en'[0m
[2m2026-04-05T08:05:02.381863Z[0m [[32m[1minfo     [0m] [1mparsed                        [0m [36mchannel[0m=[35mgoogle_broad[0m [36mraw[0m=[35m100[0m
[2m2026-04-05T08:05:02.401205Z[0m [[32m[1minfo     [0m] [1mquality_filter                [0m [36minput[0m=[35m400[0m [36mpassed[0m=[35m2[0m
[2m2026-04-05T08:05:02.401646Z[0m [[32m[1minfo     [0m] [1mdedup                         [0m [36mafter[0m=[35m2[0m [36mbefore[0m=[35m2[0m
[2m2026-04-05T08:05:02.401772Z[0m [[32m[1minfo     [0m] [1mfulltext_selection            [0m [36mcandidates[0m=[35m0[0m [36mfiltered[0m=[35m2[0m [36mmode[0m=[35mhigh-value[0m [36mticker[0m=[35mBRK.B[0m
[2m2026-04-05T08:05:02.402795Z[0m [[32m[1minfo     [0m] [1mcrawling                      [0m [36mchannel[0m=[35mGoogle->Benzinga[0m [36mtag[0m=[35mgoogle_benzinga[0m
[2m2026-04-05T08:05:05.095754Z[0m [[32m[1minfo     [0m] [1mfetch                         [0m [36mstatus[0m=[35m200[0m [36murl[0m=[35m'https://news.google.com/rss/search?q=WMT+site:benzinga.com&hl=en-US&gl=US&ceid=US:en'[0m
[2m2026-04-05T08:05:05.239721Z[0m [[32m[1minfo     [0m] [1mparsed                        [0m [36mchannel[0m=[35mgoogle_benzinga[0m [36mraw[0m=[35m100[0m
[2m2026-04-05T08:05:07.245369Z[0m [[32m[1minfo     [0m] [1mfetch                         [0m [36mstatus[0m=[35m200[0m [36murl[0m=[35m'https://news.google.com/rss/search?q=WMT+site:benzinga.com&hl=en-US&gl=US&ceid=US:en'[0m
[2m2026-04-05T08:05:07.305766Z[0m [[32m[1minfo     [0m] [1mparsed                        [0m [36mchannel[0m=[35mgoogle_benzinga[0m [36mraw[0m=[35m100[0m
[2m2026-04-05T08:05:07.305941Z[0m [[32m[1minfo     [0m] [1mcrawling                      [0m [36mchannel[0m=[35m'Google News (all)'[0m [36mtag[0m=[35mgoogle_broad[0m
[2m2026-04-05T08:05:09.849045Z[0m [[32m[1minfo     [0m] [1mfetch                         [0m [36mstatus[0m=[35m200[0m [36murl[0m=[35m'https://news.google.com/rss/search?q=WMT+stock+news&hl=en-US&gl=US&ceid=US:en'[0m
[2m2026-04-05T08:05:09.990997Z[0m [[32m[1minfo     [0m] [1mparsed                        [0m [36mchannel[0m=[35mgoogle_broad[0m [36mraw[0m=[35m100[0m
[2m2026-04-05T08:05:12.635774Z[0m [[32m[1minfo     [0m] [1mfetch                         [0m [36mstatus[0m=[35m200[0m [36murl[0m=[35m'https://news.google.com/rss/search?q=WMT+earnings+analysis&hl=en-US&gl=US&ceid=US:en'[0m
[2m2026-04-05T08:05:12.811529Z[0m [[32m[1minfo     [0m] [1mparsed                        [0m [36mchannel[0m=[35mgoogle_broad[0m [36mraw[0m=[35m100[0m
[2m2026-04-05T08:05:12.821435Z[0m [[32m[1minfo     [0m] [1mquality_filter                [0m [36minput[0m=[35m400[0m [36mpassed[0m=[35m1[0m
[2m2026-04-05T08:05:12.821732Z[0m [[32m[1minfo     [0m] [1mdedup                         [0m [36mafter[0m=[35m1[0m [36mbefore[0m=[35m1[0m
[2m2026-04-05T08:05:12.821840Z[0m [[32m[1minfo     [0m] [1mfulltext_selection            [0m [36mcandidates[0m=[35m1[0m [36mfiltered[0m=[35m1[0m [36mmode[0m=[35mhigh-value[0m [36mticker[0m=[35mWMT[0m
[2m2026-04-05T08:05:15.406997Z[0m [[32m[1minfo     [0m] [1mfetch                         [0m [36mstatus[0m=[35m200[0m [36murl[0m=[35mhttps://www.marketbeat.com/instant-alerts/filing-walmart-inc-wmt-shares-purchased-by-compa[0m
[2m2026-04-05T08:05:16.019740Z[0m [[32m[1minfo     [0m] [1mcrawling                      [0m [36mchannel[0m=[35mGoogle->Benzinga[0m [36mtag[0m=[35mgoogle_benzinga[0m
[2m2026-04-05T08:05:18.695335Z[0m [[32m[1minfo     [0m] [1mfetch                         [0m [36mstatus[0m=[35m200[0m [36murl[0m=[35m'https://news.google.com/rss/search?q=JPM+site:benzinga.com&hl=en-US&gl=US&ceid=US:en'[0m
[2m2026-04-05T08:05:18.831061Z[0m [[32m[1minfo     [0m] [1mparsed                        [0m [36mchannel[0m=[35mgoogle_benzinga[0m [36mraw[0m=[35m100[0m
[2m2026-04-05T08:05:20.836137Z[0m [[32m[1minfo     [0m] [1mfetch                         [0m [36mstatus[0m=[35m200[0m [36murl[0m=[35m'https://news.google.com/rss/search?q=JPM+site:benzinga.com&hl=en-US&gl=US&ceid=US:en'[0m
[2m2026-04-05T08:05:20.896067Z[0m [[32m[1minfo     [0m] [1mparsed                        [0m [36mchannel[0m=[35mgoogle_benzinga[0m [36mraw[0m=[35m100[0m
[2m2026-04-05T08:05:20.896260Z[0m [[32m[1minfo     [0m] [1mcrawling                      [0m [36mchannel[0m=[35m'Google News (all)'[0m [36mtag[0m=[35mgoogle_broad[0m
[2m2026-04-05T08:05:23.477627Z[0m [[32m[1minfo     [0m] [1mfetch                         [0m [36mstatus[0m=[35m200[0m [36murl[0m=[35m'https://news.google.com/rss/search?q=JPM+stock+news&hl=en-US&gl=US&ceid=US:en'[0m
[2m2026-04-05T08:05:23.620943Z[0m [[32m[1minfo     [0m] [1mparsed                        [0m [36mchannel[0m=[35mgoogle_broad[0m [36mraw[0m=[35m100[0m
[2m2026-04-05T08:05:26.244324Z[0m [[32m[1minfo     [0m] [1mfetch                         [0m [36mstatus[0m=[35m200[0m [36murl[0m=[35m'https://news.google.com/rss/search?q=JPM+earnings+analysis&hl=en-US&gl=US&ceid=US:en'[0m
[2m2026-04-05T08:05:26.396458Z[0m [[32m[1minfo     [0m] [1mparsed                        [0m [36mchannel[0m=[35mgoogle_broad[0m [36mraw[0m=[35m100[0m
[2m2026-04-05T08:05:26.399030Z[0m [[32m[1minfo     [0m] [1mquality_filter                [0m [36minput[0m=[35m400[0m [36mpassed[0m=[35m6[0m
[2m2026-04-05T08:05:26.399932Z[0m [[32m[1minfo     [0m] [1mdedup                         [0m [36mafter[0m=[35m6[0m [36mbefore[0m=[35m6[0m
[2m2026-04-05T08:05:26.400099Z[0m [[32m[1minfo     [0m] [1mfulltext_selection            [0m [36mcandidates[0m=[35m6[0m [36mfiltered[0m=[35m6[0m [36mmode[0m=[35mhigh-value[0m [36mticker[0m=[35mJPM[0m
[2m2026-04-05T08:05:27.721179Z[0m [[32m[1minfo     [0m] [1mfetch                         [0m [36mstatus[0m=[35m403[0m [36murl[0m=[35mhttps://www.tipranks.com/news/jpmorgan-stock-jpm-looks-undervalued-despite-ai-and-apple-ca[0m
[2m2026-04-05T08:05:28.102807Z[0m [[32m[1minfo     [0m] [1mfetch                         [0m [36mstatus[0m=[35m200[0m [36murl[0m=[35mhttps://www.marketbeat.com/instant-alerts/filing-financial-planning-hawaii-inc-acquires-sh[0m
[2m2026-04-05T08:05:28.322897Z[0m [[32m[1minfo     [0m] [1mfetch                         [0m [36mstatus[0m=[35m200[0m [36murl[0m=[35mhttps://www.marketbeat.com/instant-alerts/filing-retirement-systems-of-alabama-has-30361-m[0m
[2m2026-04-05T08:05:28.433124Z[0m [[32m[1minfo     [0m] [1mfetch                         [0m [36mstatus[0m=[35m200[0m [36murl[0m=[35mhttps://www.marketbeat.com/instant-alerts/filing-sjbenen-advisory-llc-buys-shares-of-9118-[0m
[2m2026-04-05T08:05:28.463927Z[0m [[32m[1minfo     [0m] [1mfetch                         [0m [36mstatus[0m=[35m200[0m [36murl[0m=[35mhttps://www.marketbeat.com/instant-alerts/filing-mn-services-vermogensbeheer-bv-has-20368-[0m
[2m2026-04-05T08:05:28.495934Z[0m [[32m[1minfo     [0m] [1mfetch                         [0m [36mstatus[0m=[35m200[0m [36murl[0m=[35mhttps://www.marketbeat.com/instant-alerts/filing-brookstone-capital-management-buys-5226-s[0m
[2m2026-04-05T08:05:28.818392Z[0m [[32m[1minfo     [0m] [1mcrawling                      [0m [36mchannel[0m=[35mGoogle->Benzinga[0m [36mtag[0m=[35mgoogle_benzinga[0m
[2m2026-04-05T08:05:31.365871Z[0m [[32m[1minfo     [0m] [1mfetch                         [0m [36mstatus[0m=[35m200[0m [36murl[0m=[35m'https://news.google.com/rss/search?q=JNJ+site:benzinga.com&hl=en-US&gl=US&ceid=US:en'[0m
[2m2026-04-05T08:05:31.508522Z[0m [[32m[1minfo     [0m] [1mparsed                        [0m [36mchannel[0m=[35mgoogle_benzinga[0m [36mraw[0m=[35m100[0m
[2m2026-04-05T08:05:33.518757Z[0m [[32m[1minfo     [0m] [1mfetch                         [0m [36mstatus[0m=[35m200[0m [36murl[0m=[35m'https://news.google.com/rss/search?q=JNJ+site:benzinga.com&hl=en-US&gl=US&ceid=US:en'[0m
[2m2026-04-05T08:05:33.578699Z[0m [[32m[1minfo     [0m] [1mparsed                        [0m [36mchannel[0m=[35mgoogle_benzinga[0m [36mraw[0m=[35m100[0m
[2m2026-04-05T08:05:33.578870Z[0m [[32m[1minfo     [0m] [1mcrawling                      [0m [36mchannel[0m=[35m'Google News (all)'[0m [36mtag[0m=[35mgoogle_broad[0m
[2m2026-04-05T08:05:36.076362Z[0m [[32m[1minfo     [0m] [1mfetch                         [0m [36mstatus[0m=[35m200[0m [36murl[0m=[35m'https://news.google.com/rss/search?q=JNJ+stock+news&hl=en-US&gl=US&ceid=US:en'[0m
[2m2026-04-05T08:05:36.214028Z[0m [[32m[1minfo     [0m] [1mparsed                        [0m [36mchannel[0m=[35mgoogle_broad[0m [36mraw[0m=[35m100[0m
[2m2026-04-05T08:05:38.666805Z[0m [[32m[1minfo     [0m] [1mfetch                         [0m [36mstatus[0m=[35m200[0m [36murl[0m=[35m'https://news.google.com/rss/search?q=JNJ+earnings+analysis&hl=en-US&gl=US&ceid=US:en'[0m
[2m2026-04-05T08:05:38.734625Z[0m [[32m[1minfo     [0m] [1mparsed                        [0m [36mchannel[0m=[35mgoogle_broad[0m [36mraw[0m=[35m61[0m
[2m2026-04-05T08:05:38.736957Z[0m [[32m[1minfo     [0m] [1mquality_filter                [0m [36minput[0m=[35m361[0m [36mpassed[0m=[35m4[0m
[2m2026-04-05T08:05:38.737574Z[0m [[32m[1minfo     [0m] [1mdedup                         [0m [36mafter[0m=[35m4[0m [36mbefore[0m=[35m4[0m
[2m2026-04-05T08:05:38.737725Z[0m [[32m[1minfo     [0m] [1mfulltext_selection            [0m [36mcandidates[0m=[35m4[0m [36mfiltered[0m=[35m4[0m [36mmode[0m=[35mhigh-value[0m [36mticker[0m=[35mJNJ[0m
[2m2026-04-05T08:05:40.354487Z[0m [[32m[1minfo     [0m] [1mfetch                         [0m [36mstatus[0m=[35m200[0m [36murl[0m=[35mhttps://www.marketbeat.com/instant-alerts/filing-pinestone-asset-management-inc-reduces-st[0m
[2m2026-04-05T08:05:40.768900Z[0m [[32m[1minfo     [0m] [1mfetch                         [0m [36mstatus[0m=[35m200[0m [36murl[0m=[35mhttps://www.marketbeat.com/instant-alerts/filing-shrier-wealth-management-llc-acquires-sha[0m
[2m2026-04-05T08:05:40.843134Z[0m [[32m[1minfo     [0m] [1mfetch                         [0m [36mstatus[0m=[35m200[0m [36murl[0m=[35mhttps://www.marketbeat.com/instant-alerts/filing-johnson-johnson-jnj-stock-holdings-lifted[0m
[2m2026-04-05T08:05:40.862586Z[0m [[32m[1minfo     [0m] [1mfetch                         [0m [36mstatus[0m=[35m200[0m [36murl[0m=[35mhttps://www.marketbeat.com/instant-alerts/filing-triad-investment-management-invests-105-m[0m
[2m2026-04-05T08:05:41.190768Z[0m [[32m[1minfo     [0m] [1mcrawling                      [0m [36mchannel[0m=[35mGoogle->Benzinga[0m [36mtag[0m=[35mgoogle_benzinga[0m
[2m2026-04-05T08:05:44.049869Z[0m [[32m[1minfo     [0m] [1mfetch                         [0m [36mstatus[0m=[35m200[0m [36murl[0m=[35m'https://news.google.com/rss/search?q=COST+site:benzinga.com&hl=en-US&gl=US&ceid=US:en'[0m
[2m2026-04-05T08:05:44.198643Z[0m [[32m[1minfo     [0m] [1mparsed                        [0m [36mchannel[0m=[35mgoogle_benzinga[0m [36mraw[0m=[35m100[0m
[2m2026-04-05T08:05:46.204822Z[0m [[32m[1minfo     [0m] [1mfetch                         [0m [36mstatus[0m=[35m200[0m [36murl[0m=[35m'https://news.google.com/rss/search?q=COST+site:benzinga.com&hl=en-US&gl=US&ceid=US:en'[0m
[2m2026-04-05T08:05:46.263168Z[0m [[32m[1minfo     [0m] [1mparsed                        [0m [36mchannel[0m=[35mgoogle_benzinga[0m [36mraw[0m=[35m100[0m
[2m2026-04-05T08:05:46.263351Z[0m [[32m[1minfo     [0m] [1mcrawling                      [0m [36mchannel[0m=[35m'Google News (all)'[0m [36mtag[0m=[35mgoogle_broad[0m
[2m2026-04-05T08:05:48.785951Z[0m [[32m[1minfo     [0m] [1mfetch                         [0m [36mstatus[0m=[35m200[0m [36murl[0m=[35m'https://news.google.com/rss/search?q=COST+stock+news&hl=en-US&gl=US&ceid=US:en'[0m
[2m2026-04-05T08:05:48.929671Z[0m [[32m[1minfo     [0m] [1mparsed                        [0m [36mchannel[0m=[35mgoogle_broad[0m [36mraw[0m=[35m100[0m
[2m2026-04-05T08:05:51.519960Z[0m [[32m[1minfo     [0m] [1mfetch                         [0m [36mstatus[0m=[35m200[0m [36murl[0m=[35m'https://news.google.com/rss/search?q=COST+earnings+analysis&hl=en-US&gl=US&ceid=US:en'[0m
[2m2026-04-05T08:05:51.675225Z[0m [[32m[1minfo     [0m] [1mparsed                        [0m [36mchannel[0m=[35mgoogle_broad[0m [36mraw[0m=[35m100[0m
[2m2026-04-05T08:05:51.677029Z[0m [[32m[1minfo     [0m] [1mquality_filter                [0m [36minput[0m=[35m400[0m [36mpassed[0m=[35m2[0m
[2m2026-04-05T08:05:51.677468Z[0m [[32m[1minfo     [0m] [1mdedup                         [0m [36mafter[0m=[35m2[0m [36mbefore[0m=[35m2[0m
[2m2026-04-05T08:05:51.677609Z[0m [[32m[1minfo     [0m] [1mfulltext_selection            [0m [36mcandidates[0m=[35m1[0m [36mfiltered[0m=[35m2[0m [36mmode[0m=[35mhigh-value[0m [36mticker[0m=[35mCOST[0m
[2m2026-04-05T08:05:53.631530Z[0m [[32m[1minfo     [0m] [1mfetch                         [0m [36mstatus[0m=[35m403[0m [36murl[0m=[35mhttps://www.tipranks.com/news/costco-stock-cost-pops-on-significant-growth-runway-for-anot[0m
[2m2026-04-05T08:05:53.833869Z[0m [[32m[1minfo     [0m] [1mcrawling                      [0m [36mchannel[0m=[35mGoogle->Benzinga[0m [36mtag[0m=[35mgoogle_benzinga[0m
[2m2026-04-05T08:05:56.350333Z[0m [[32m[1minfo     [0m] [1mfetch                         [0m [36mstatus[0m=[35m200[0m [36murl[0m=[35m'https://news.google.com/rss/search?q=ABBV+site:benzinga.com&hl=en-US&gl=US&ceid=US:en'[0m
[2m2026-04-05T08:05:56.468288Z[0m [[32m[1minfo     [0m] [1mparsed                        [0m [36mchannel[0m=[35mgoogle_benzinga[0m [36mraw[0m=[35m74[0m
[2m2026-04-05T08:05:58.473254Z[0m [[32m[1minfo     [0m] [1mfetch                         [0m [36mstatus[0m=[35m200[0m [36murl[0m=[35m'https://news.google.com/rss/search?q=ABBV+site:benzinga.com&hl=en-US&gl=US&ceid=US:en'[0m
[2m2026-04-05T08:05:58.518415Z[0m [[32m[1minfo     [0m] [1mparsed                        [0m [36mchannel[0m=[35mgoogle_benzinga[0m [36mraw[0m=[35m74[0m
[2m2026-04-05T08:05:58.518575Z[0m [[32m[1minfo     [0m] [1mcrawling                      [0m [36mchannel[0m=[35m'Google News (all)'[0m [36mtag[0m=[35mgoogle_broad[0m
[2m2026-04-05T08:06:01.011866Z[0m [[32m[1minfo     [0m] [1mfetch                         [0m [36mstatus[0m=[35m200[0m [36murl[0m=[35m'https://news.google.com/rss/search?q=ABBV+stock+news&hl=en-US&gl=US&ceid=US:en'[0m
[2m2026-04-05T08:06:01.199951Z[0m [[32m[1minfo     [0m] [1mparsed                        [0m [36mchannel[0m=[35mgoogle_broad[0m [36mraw[0m=[35m100[0m
[2m2026-04-05T08:06:03.662979Z[0m [[32m[1minfo     [0m] [1mfetch                         [0m [36mstatus[0m=[35m200[0m [36murl[0m=[35m'https://news.google.com/rss/search?q=ABBV+earnings+analysis&hl=en-US&gl=US&ceid=US:en'[0m
[2m2026-04-05T08:06:03.800601Z[0m [[32m[1minfo     [0m] [1mparsed                        [0m [36mchannel[0m=[35mgoogle_broad[0m [36mraw[0m=[35m58[0m
[2m2026-04-05T08:06:03.807292Z[0m [[32m[1minfo     [0m] [1mquality_filter                [0m [36minput[0m=[35m306[0m [36mpassed[0m=[35m0[0m
[2m2026-04-05T08:06:03.807492Z[0m [[32m[1minfo     [0m] [1mdedup                         [0m [36mafter[0m=[35m0[0m [36mbefore[0m=[35m0[0m
[2m2026-04-05T08:06:03.807570Z[0m [[32m[1minfo     [0m] [1mfulltext_selection            [0m [36mcandidates[0m=[35m0[0m [36mfiltered[0m=[35m0[0m [36mmode[0m=[35mhigh-value[0m [36mticker[0m=[35mABBV[0m
[2m2026-04-05T08:06:03.808608Z[0m [[32m[1minfo     [0m] [1mcrawling                      [0m [36mchannel[0m=[35mGoogle->Benzinga[0m [36mtag[0m=[35mgoogle_benzinga[0m
[2m2026-04-05T08:06:06.511993Z[0m [[32m[1minfo     [0m] [1mfetch                         [0m [36mstatus[0m=[35m200[0m [36murl[0m=[35m'https://news.google.com/rss/search?q=NFLX+site:benzinga.com&hl=en-US&gl=US&ceid=US:en'[0m
[2m2026-04-05T08:06:06.658649Z[0m [[32m[1minfo     [0m] [1mparsed                        [0m [36mchannel[0m=[35mgoogle_benzinga[0m [36mraw[0m=[35m100[0m
[2m2026-04-05T08:06:08.666381Z[0m [[32m[1minfo     [0m] [1mfetch                         [0m [36mstatus[0m=[35m200[0m [36murl[0m=[35m'https://news.google.com/rss/search?q=NFLX+site:benzinga.com&hl=en-US&gl=US&ceid=US:en'[0m
[2m2026-04-05T08:06:08.726297Z[0m [[32m[1minfo     [0m] [1mparsed                        [0m [36mchannel[0m=[35mgoogle_benzinga[0m [36mraw[0m=[35m100[0m
[2m2026-04-05T08:06:08.726466Z[0m [[32m[1minfo     [0m] [1mcrawling                      [0m [36mchannel[0m=[35m'Google News (all)'[0m [36mtag[0m=[35mgoogle_broad[0m
[2m2026-04-05T08:06:11.240127Z[0m [[32m[1minfo     [0m] [1mfetch                         [0m [36mstatus[0m=[35m200[0m [36murl[0m=[35m'https://news.google.com/rss/search?q=NFLX+stock+news&hl=en-US&gl=US&ceid=US:en'[0m
[2m2026-04-05T08:06:11.375148Z[0m [[32m[1minfo     [0m] [1mparsed                        [0m [36mchannel[0m=[35mgoogle_broad[0m [36mraw[0m=[35m100[0m
[2m2026-04-05T08:06:13.936611Z[0m [[32m[1minfo     [0m] [1mfetch                         [0m [36mstatus[0m=[35m200[0m [36murl[0m=[35m'https://news.google.com/rss/search?q=NFLX+earnings+analysis&hl=en-US&gl=US&ceid=US:en'[0m
[2m2026-04-05T08:06:14.079401Z[0m [[32m[1minfo     [0m] [1mparsed                        [0m [36mchannel[0m=[35mgoogle_broad[0m [36mraw[0m=[35m100[0m
[2m2026-04-05T08:06:14.081546Z[0m [[32m[1minfo     [0m] [1mquality_filter                [0m [36minput[0m=[35m400[0m [36mpassed[0m=[35m4[0m
[2m2026-04-05T08:06:14.082117Z[0m [[32m[1minfo     [0m] [1mdedup                         [0m [36mafter[0m=[35m4[0m [36mbefore[0m=[35m4[0m
[2m2026-04-05T08:06:14.082275Z[0m [[32m[1minfo     [0m] [1mfulltext_selection            [0m [36mcandidates[0m=[35m2[0m [36mfiltered[0m=[35m4[0m [36mmode[0m=[35mhigh-value[0m [36mticker[0m=[35mNFLX[0m
[2m2026-04-05T08:06:15.891184Z[0m [[32m[1minfo     [0m] [1mfetch                         [0m [36mstatus[0m=[35m403[0m [36murl[0m=[35mhttps://www.investing.com/news/insider-trading-news/neumann-netflix-cfo-sells-28m-in-nflx-[0m
[2m2026-04-05T08:06:16.218158Z[0m [[32m[1minfo     [0m] [1mfetch                         [0m [36mstatus[0m=[35m200[0m [36murl[0m=[35mhttps://www.marketbeat.com/instant-alerts/filing-netflix-inc-nflx-shares-acquired-by-balbo[0m
[2m2026-04-05T08:06:16.564816Z[0m [[32m[1minfo     [0m] [1mcrawling                      [0m [36mchannel[0m=[35mGoogle->Benzinga[0m [36mtag[0m=[35mgoogle_benzinga[0m
[2m2026-04-05T08:06:19.103173Z[0m [[32m[1minfo     [0m] [1mfetch                         [0m [36mstatus[0m=[35m200[0m [36murl[0m=[35m'https://news.google.com/rss/search?q=PG+site:benzinga.com&hl=en-US&gl=US&ceid=US:en'[0m
[2m2026-04-05T08:06:19.232262Z[0m [[32m[1minfo     [0m] [1mparsed                        [0m [36mchannel[0m=[35mgoogle_benzinga[0m [36mraw[0m=[35m88[0m
[2m2026-04-05T08:06:21.237805Z[0m [[32m[1minfo     [0m] [1mfetch                         [0m [36mstatus[0m=[35m200[0m [36murl[0m=[35m'https://news.google.com/rss/search?q=PG+site:benzinga.com&hl=en-US&gl=US&ceid=US:en'[0m
[2m2026-04-05T08:06:21.290871Z[0m [[32m[1minfo     [0m] [1mparsed                        [0m [36mchannel[0m=[35mgoogle_benzinga[0m [36mraw[0m=[35m88[0m
[2m2026-04-05T08:06:21.291036Z[0m [[32m[1minfo     [0m] [1mcrawling                      [0m [36mchannel[0m=[35m'Google News (all)'[0m [36mtag[0m=[35mgoogle_broad[0m
[2m2026-04-05T08:06:23.740660Z[0m [[32m[1minfo     [0m] [1mfetch                         [0m [36mstatus[0m=[35m200[0m [36murl[0m=[35m'https://news.google.com/rss/search?q=PG+stock+news&hl=en-US&gl=US&ceid=US:en'[0m
[2m2026-04-05T08:06:23.886682Z[0m [[32m[1minfo     [0m] [1mparsed                        [0m [36mchannel[0m=[35mgoogle_broad[0m [36mraw[0m=[35m100[0m
[2m2026-04-05T08:06:26.417307Z[0m [[32m[1minfo     [0m] [1mfetch                         [0m [36mstatus[0m=[35m200[0m [36murl[0m=[35m'https://news.google.com/rss/search?q=PG+earnings+analysis&hl=en-US&gl=US&ceid=US:en'[0m
[2m2026-04-05T08:06:26.531521Z[0m [[32m[1minfo     [0m] [1mparsed                        [0m [36mchannel[0m=[35mgoogle_broad[0m [36mraw[0m=[35m66[0m
[2m2026-04-05T08:06:26.533076Z[0m [[32m[1minfo     [0m] [1mquality_filter                [0m [36minput[0m=[35m342[0m [36mpassed[0m=[35m0[0m
[2m2026-04-05T08:06:26.533247Z[0m [[32m[1minfo     [0m] [1mdedup                         [0m [36mafter[0m=[35m0[0m [36mbefore[0m=[35m0[0m
[2m2026-04-05T08:06:26.533327Z[0m [[32m[1minfo     [0m] [1mfulltext_selection            [0m [36mcandidates[0m=[35m0[0m [36mfiltered[0m=[35m0[0m [36mmode[0m=[35mhigh-value[0m [36mticker[0m=[35mPG[0m
[2m2026-04-05T08:06:26.534053Z[0m [[32m[1minfo     [0m] [1mcrawling                      [0m [36mchannel[0m=[35mGoogle->Benzinga[0m [36mtag[0m=[35mgoogle_benzinga[0m
[2m2026-04-05T08:06:29.647586Z[0m [[32m[1minfo     [0m] [1mfetch                         [0m [36mstatus[0m=[35m200[0m [36murl[0m=[35m'https://news.google.com/rss/search?q=HD+site:benzinga.com&hl=en-US&gl=US&ceid=US:en'[0m
[2m2026-04-05T08:06:29.782056Z[0m [[32m[1minfo     [0m] [1mparsed                        [0m [36mchannel[0m=[35mgoogle_benzinga[0m [36mraw[0m=[35m100[0m
[2m2026-04-05T08:06:31.787822Z[0m [[32m[1minfo     [0m] [1mfetch                         [0m [36mstatus[0m=[35m200[0m [36murl[0m=[35m'https://news.google.com/rss/search?q=HD+site:benzinga.com&hl=en-US&gl=US&ceid=US:en'[0m
[2m2026-04-05T08:06:31.846396Z[0m [[32m[1minfo     [0m] [1mparsed                        [0m [36mchannel[0m=[35mgoogle_benzinga[0m [36mraw[0m=[35m100[0m
[2m2026-04-05T08:06:31.846561Z[0m [[32m[1minfo     [0m] [1mcrawling                      [0m [36mchannel[0m=[35m'Google News (all)'[0m [36mtag[0m=[35mgoogle_broad[0m
[2m2026-04-05T08:06:34.336203Z[0m [[32m[1minfo     [0m] [1mfetch                         [0m [36mstatus[0m=[35m200[0m [36murl[0m=[35m'https://news.google.com/rss/search?q=HD+stock+news&hl=en-US&gl=US&ceid=US:en'[0m
[2m2026-04-05T08:06:34.481244Z[0m [[32m[1minfo     [0m] [1mparsed                        [0m [36mchannel[0m=[35mgoogle_broad[0m [36mraw[0m=[35m100[0m
[2m2026-04-05T08:06:37.031494Z[0m [[32m[1minfo     [0m] [1mfetch                         [0m [36mstatus[0m=[35m200[0m [36murl[0m=[35m'https://news.google.com/rss/search?q=HD+earnings+analysis&hl=en-US&gl=US&ceid=US:en'[0m
[2m2026-04-05T08:06:37.187093Z[0m [[32m[1minfo     [0m] [1mparsed                        [0m [36mchannel[0m=[35mgoogle_broad[0m [36mraw[0m=[35m97[0m
[2m2026-04-05T08:06:37.189130Z[0m [[32m[1minfo     [0m] [1mquality_filter                [0m [36minput[0m=[35m397[0m [36mpassed[0m=[35m1[0m
[2m2026-04-05T08:06:37.189490Z[0m [[32m[1minfo     [0m] [1mdedup                         [0m [36mafter[0m=[35m1[0m [36mbefore[0m=[35m1[0m
[2m2026-04-05T08:06:37.189612Z[0m [[32m[1minfo     [0m] [1mfulltext_selection            [0m [36mcandidates[0m=[35m1[0m [36mfiltered[0m=[35m1[0m [36mmode[0m=[35mhigh-value[0m [36mticker[0m=[35mHD[0m
[2m2026-04-05T08:06:39.284016Z[0m [[32m[1minfo     [0m] [1mfetch                         [0m [36mstatus[0m=[35m200[0m [36murl[0m=[35mhttps://www.marketbeat.com/instant-alerts/filing-the-home-depot-inc-hd-stock-holdings-less[0m
[2m2026-04-05T08:06:39.628138Z[0m [[32m[1minfo     [0m] [1mcrawling                      [0m [36mchannel[0m=[35mGoogle->Benzinga[0m [36mtag[0m=[35mgoogle_benzinga[0m
[2m2026-04-05T08:06:42.240069Z[0m [[32m[1minfo     [0m] [1mfetch                         [0m [36mstatus[0m=[35m200[0m [36murl[0m=[35m'https://news.google.com/rss/search?q=BAC+site:benzinga.com&hl=en-US&gl=US&ceid=US:en'[0m
[2m2026-04-05T08:06:42.382626Z[0m [[32m[1minfo     [0m] [1mparsed                        [0m [36mchannel[0m=[35mgoogle_benzinga[0m [36mraw[0m=[35m100[0m
[2m2026-04-05T08:06:44.391874Z[0m [[32m[1minfo     [0m] [1mfetch                         [0m [36mstatus[0m=[35m200[0m [36murl[0m=[35m'https://news.google.com/rss/search?q=BAC+site:benzinga.com&hl=en-US&gl=US&ceid=US:en'[0m
[2m2026-04-05T08:06:44.453301Z[0m [[32m[1minfo     [0m] [1mparsed                        [0m [36mchannel[0m=[35mgoogle_benzinga[0m [36mraw[0m=[35m100[0m
[2m2026-04-05T08:06:44.453466Z[0m [[32m[1minfo     [0m] [1mcrawling                      [0m [36mchannel[0m=[35m'Google News (all)'[0m [36mtag[0m=[35mgoogle_broad[0m
[2m2026-04-05T08:06:46.912836Z[0m [[32m[1minfo     [0m] [1mfetch                         [0m [36mstatus[0m=[35m200[0m [36murl[0m=[35m'https://news.google.com/rss/search?q=BAC+stock+news&hl=en-US&gl=US&ceid=US:en'[0m
[2m2026-04-05T08:06:47.049037Z[0m [[32m[1minfo     [0m] [1mparsed                        [0m [36mchannel[0m=[35mgoogle_broad[0m [36mraw[0m=[35m100[0m
[2m2026-04-05T08:06:49.698163Z[0m [[32m[1minfo     [0m] [1mfetch                         [0m [36mstatus[0m=[35m200[0m [36murl[0m=[35m'https://news.google.com/rss/search?q=BAC+earnings+analysis&hl=en-US&gl=US&ceid=US:en'[0m
[2m2026-04-05T08:06:49.767000Z[0m [[32m[1minfo     [0m] [1mparsed                        [0m [36mchannel[0m=[35mgoogle_broad[0m [36mraw[0m=[35m69[0m
[2m2026-04-05T08:06:49.768433Z[0m [[32m[1minfo     [0m] [1mquality_filter                [0m [36minput[0m=[35m369[0m [36mpassed[0m=[35m1[0m
[2m2026-04-05T08:06:49.768720Z[0m [[32m[1minfo     [0m] [1mdedup                         [0m [36mafter[0m=[35m1[0m [36mbefore[0m=[35m1[0m
[2m2026-04-05T08:06:49.768832Z[0m [[32m[1minfo     [0m] [1mfulltext_selection            [0m [36mcandidates[0m=[35m1[0m [36mfiltered[0m=[35m1[0m [36mmode[0m=[35mhigh-value[0m [36mticker[0m=[35mBAC[0m
[2m2026-04-05T08:06:51.972100Z[0m [[32m[1minfo     [0m] [1mfetch                         [0m [36mstatus[0m=[35m200[0m [36murl[0m=[35mhttps://www.marketbeat.com/instant-alerts/filing-bank-of-america-corporation-bac-stock-hol[0m
[2m2026-04-05T08:06:52.582081Z[0m [[32m[1minfo     [0m] [1mcrawling                      [0m [36mchannel[0m=[35mGoogle->Benzinga[0m [36mtag[0m=[35mgoogle_benzinga[0m
[2m2026-04-05T08:06:55.344139Z[0m [[32m[1minfo     [0m] [1mfetch                         [0m [36mstatus[0m=[35m200[0m [36murl[0m=[35m'https://news.google.com/rss/search?q=KO+site:benzinga.com&hl=en-US&gl=US&ceid=US:en'[0m
[2m2026-04-05T08:06:55.495082Z[0m [[32m[1minfo     [0m] [1mparsed                        [0m [36mchannel[0m=[35mgoogle_benzinga[0m [36mraw[0m=[35m100[0m
[2m2026-04-05T08:06:57.500315Z[0m [[32m[1minfo     [0m] [1mfetch                         [0m [36mstatus[0m=[35m200[0m [36murl[0m=[35m'https://news.google.com/rss/search?q=KO+site:benzinga.com&hl=en-US&gl=US&ceid=US:en'[0m
[2m2026-04-05T08:06:57.561406Z[0m [[32m[1minfo     [0m] [1mparsed                        [0m [36mchannel[0m=[35mgoogle_benzinga[0m [36mraw[0m=[35m100[0m
[2m2026-04-05T08:06:57.561569Z[0m [[32m[1minfo     [0m] [1mcrawling                      [0m [36mchannel[0m=[35m'Google News (all)'[0m [36mtag[0m=[35mgoogle_broad[0m
[2m2026-04-05T08:07:00.059349Z[0m [[32m[1minfo     [0m] [1mfetch                         [0m [36mstatus[0m=[35m200[0m [36murl[0m=[35m'https://news.google.com/rss/search?q=KO+stock+news&hl=en-US&gl=US&ceid=US:en'[0m
[2m2026-04-05T08:07:00.238294Z[0m [[32m[1minfo     [0m] [1mparsed                        [0m [36mchannel[0m=[35mgoogle_broad[0m [36mraw[0m=[35m100[0m
[2m2026-04-05T08:07:02.719707Z[0m [[32m[1minfo     [0m] [1mfetch                         [0m [36mstatus[0m=[35m200[0m [36murl[0m=[35m'https://news.google.com/rss/search?q=KO+earnings+analysis&hl=en-US&gl=US&ceid=US:en'[0m
[2m2026-04-05T08:07:02.814831Z[0m [[32m[1minfo     [0m] [1mparsed                        [0m [36mchannel[0m=[35mgoogle_broad[0m [36mraw[0m=[35m56[0m
[2m2026-04-05T08:07:02.818991Z[0m [[32m[1minfo     [0m] [1mquality_filter                [0m [36minput[0m=[35m356[0m [36mpassed[0m=[35m2[0m
[2m2026-04-05T08:07:02.819482Z[0m [[32m[1minfo     [0m] [1mdedup                         [0m [36mafter[0m=[35m2[0m [36mbefore[0m=[35m2[0m
[2m2026-04-05T08:07:02.819620Z[0m [[32m[1minfo     [0m] [1mfulltext_selection            [0m [36mcandidates[0m=[35m0[0m [36mfiltered[0m=[35m2[0m [36mmode[0m=[35mhigh-value[0m [36mticker[0m=[35mKO[0m
[2m2026-04-05T08:07:02.821538Z[0m [[32m[1minfo     [0m] [1mcrawling                      [0m [36mchannel[0m=[35mGoogle->Benzinga[0m [36mtag[0m=[35mgoogle_benzinga[0m
[2m2026-04-05T08:07:06.030863Z[0m [[32m[1minfo     [0m] [1mfetch                         [0m [36mstatus[0m=[35m200[0m [36murl[0m=[35m'https://news.google.com/rss/search?q=CSCO+site:benzinga.com&hl=en-US&gl=US&ceid=US:en'[0m
[2m2026-04-05T08:07:06.140547Z[0m [[32m[1minfo     [0m] [1mparsed                        [0m [36mchannel[0m=[35mgoogle_benzinga[0m [36mraw[0m=[35m100[0m
[2m2026-04-05T08:07:08.145740Z[0m [[32m[1minfo     [0m] [1mfetch                         [0m [36mstatus[0m=[35m200[0m [36murl[0m=[35m'https://news.google.com/rss/search?q=CSCO+site:benzinga.com&hl=en-US&gl=US&ceid=US:en'[0m
[2m2026-04-05T08:07:08.207160Z[0m [[32m[1minfo     [0m] [1mparsed                        [0m [36mchannel[0m=[35mgoogle_benzinga[0m [36mraw[0m=[35m100[0m
[2m2026-04-05T08:07:08.207349Z[0m [[32m[1minfo     [0m] [1mcrawling                      [0m [36mchannel[0m=[35m'Google News (all)'[0m [36mtag[0m=[35mgoogle_broad[0m
[2m2026-04-05T08:07:10.678325Z[0m [[32m[1minfo     [0m] [1mfetch                         [0m [36mstatus[0m=[35m200[0m [36murl[0m=[35m'https://news.google.com/rss/search?q=CSCO+stock+news&hl=en-US&gl=US&ceid=US:en'[0m
[2m2026-04-05T08:07:10.778996Z[0m [[32m[1minfo     [0m] [1mparsed                        [0m [36mchannel[0m=[35mgoogle_broad[0m [36mraw[0m=[35m100[0m
[2m2026-04-05T08:07:13.295814Z[0m [[32m[1minfo     [0m] [1mfetch                         [0m [36mstatus[0m=[35m200[0m [36murl[0m=[35m'https://news.google.com/rss/search?q=CSCO+earnings+analysis&hl=en-US&gl=US&ceid=US:en'[0m
[2m2026-04-05T08:07:13.445944Z[0m [[32m[1minfo     [0m] [1mparsed                        [0m [36mchannel[0m=[35mgoogle_broad[0m [36mraw[0m=[35m100[0m
[2m2026-04-05T08:07:13.448025Z[0m [[32m[1minfo     [0m] [1mquality_filter                [0m [36minput[0m=[35m400[0m [36mpassed[0m=[35m3[0m
[2m2026-04-05T08:07:13.448506Z[0m [[32m[1minfo     [0m] [1mdedup                         [0m [36mafter[0m=[35m3[0m [36mbefore[0m=[35m3[0m
[2m2026-04-05T08:07:13.448678Z[0m [[32m[1minfo     [0m] [1mfulltext_selection            [0m [36mcandidates[0m=[35m2[0m [36mfiltered[0m=[35m3[0m [36mmode[0m=[35mhigh-value[0m [36mticker[0m=[35mCSCO[0m
[2m2026-04-05T08:07:15.025301Z[0m [[32m[1minfo     [0m] [1mfetch                         [0m [36mstatus[0m=[35m200[0m [36murl[0m=[35mhttps://www.marketbeat.com/instant-alerts/filing-cisco-systems-inc-csco-stock-holdings-low[0m
[2m2026-04-05T08:07:15.512276Z[0m [[32m[1minfo     [0m] [1mfetch                         [0m [36mstatus[0m=[35m200[0m [36murl[0m=[35mhttps://www.marketbeat.com/instant-alerts/filing-aspiriant-llc-has-266-million-stock-posit[0m
[2m2026-04-05T08:07:15.857096Z[0m [[32m[1minfo     [0m] [1mcrawling                      [0m [36mchannel[0m=[35mGoogle->Benzinga[0m [36mtag[0m=[35mgoogle_benzinga[0m
[2m2026-04-05T08:07:18.529631Z[0m [[32m[1minfo     [0m] [1mfetch                         [0m [36mstatus[0m=[35m200[0m [36murl[0m=[35m'https://news.google.com/rss/search?q=MRK+site:benzinga.com&hl=en-US&gl=US&ceid=US:en'[0m
[2m2026-04-05T08:07:18.674092Z[0m [[32m[1minfo     [0m] [1mparsed                        [0m [36mchannel[0m=[35mgoogle_benzinga[0m [36mraw[0m=[35m100[0m
[2m2026-04-05T08:07:20.679578Z[0m [[32m[1minfo     [0m] [1mfetch                         [0m [36mstatus[0m=[35m200[0m [36murl[0m=[35m'https://news.google.com/rss/search?q=MRK+site:benzinga.com&hl=en-US&gl=US&ceid=US:en'[0m
[2m2026-04-05T08:07:20.740061Z[0m [[32m[1minfo     [0m] [1mparsed                        [0m [36mchannel[0m=[35mgoogle_benzinga[0m [36mraw[0m=[35m100[0m
[2m2026-04-05T08:07:20.740243Z[0m [[32m[1minfo     [0m] [1mcrawling                      [0m [36mchannel[0m=[35m'Google News (all)'[0m [36mtag[0m=[35mgoogle_broad[0m
[2m2026-04-05T08:07:23.299487Z[0m [[32m[1minfo     [0m] [1mfetch                         [0m [36mstatus[0m=[35m200[0m [36murl[0m=[35m'https://news.google.com/rss/search?q=MRK+stock+news&hl=en-US&gl=US&ceid=US:en'[0m
[2m2026-04-05T08:07:23.443837Z[0m [[32m[1minfo     [0m] [1mparsed                        [0m [36mchannel[0m=[35mgoogle_broad[0m [36mraw[0m=[35m100[0m
[2m2026-04-05T08:07:25.854815Z[0m [[32m[1minfo     [0m] [1mfetch                         [0m [36mstatus[0m=[35m200[0m [36murl[0m=[35m'https://news.google.com/rss/search?q=MRK+earnings+analysis&hl=en-US&gl=US&ceid=US:en'[0m
[2m2026-04-05T08:07:25.898828Z[0m [[32m[1minfo     [0m] [1mparsed                        [0m [36mchannel[0m=[35mgoogle_broad[0m [36mraw[0m=[35m50[0m
[2m2026-04-05T08:07:25.900233Z[0m [[32m[1minfo     [0m] [1mquality_filter                [0m [36minput[0m=[35m350[0m [36mpassed[0m=[35m1[0m
[2m2026-04-05T08:07:25.900492Z[0m [[32m[1minfo     [0m] [1mdedup                         [0m [36mafter[0m=[35m1[0m [36mbefore[0m=[35m1[0m
[2m2026-04-05T08:07:25.900624Z[0m [[32m[1minfo     [0m] [1mfulltext_selection            [0m [36mcandidates[0m=[35m1[0m [36mfiltered[0m=[35m1[0m [36mmode[0m=[35mhigh-value[0m [36mticker[0m=[35mMRK[0m
[2m2026-04-05T08:07:28.061345Z[0m [[32m[1minfo     [0m] [1mfetch                         [0m [36mstatus[0m=[35m200[0m [36murl[0m=[35mhttps://www.marketbeat.com/instant-alerts/filing-merck-co-inc-mrk-shares-purchased-by-quin[0m
[2m2026-04-05T08:07:28.389195Z[0m [[32m[1minfo     [0m] [1mcrawling                      [0m [36mchannel[0m=[35mGoogle->Benzinga[0m [36mtag[0m=[35mgoogle_benzinga[0m
[2m2026-04-05T08:07:31.104070Z[0m [[32m[1minfo     [0m] [1mfetch                         [0m [36mstatus[0m=[35m200[0m [36murl[0m=[35m'https://news.google.com/rss/search?q=PM+site:benzinga.com&hl=en-US&gl=US&ceid=US:en'[0m
[2m2026-04-05T08:07:31.243363Z[0m [[32m[1minfo     [0m] [1mparsed                        [0m [36mchannel[0m=[35mgoogle_benzinga[0m [36mraw[0m=[35m100[0m
[2m2026-04-05T08:07:33.248883Z[0m [[32m[1minfo     [0m] [1mfetch                         [0m [36mstatus[0m=[35m200[0m [36murl[0m=[35m'https://news.google.com/rss/search?q=PM+site:benzinga.com&hl=en-US&gl=US&ceid=US:en'[0m
[2m2026-04-05T08:07:33.307846Z[0m [[32m[1minfo     [0m] [1mparsed                        [0m [36mchannel[0m=[35mgoogle_benzinga[0m [36mraw[0m=[35m100[0m
[2m2026-04-05T08:07:33.308014Z[0m [[32m[1minfo     [0m] [1mcrawling                      [0m [36mchannel[0m=[35m'Google News (all)'[0m [36mtag[0m=[35mgoogle_broad[0m
[2m2026-04-05T08:07:35.806769Z[0m [[32m[1minfo     [0m] [1mfetch                         [0m [36mstatus[0m=[35m200[0m [36murl[0m=[35m'https://news.google.com/rss/search?q=PM+stock+news&hl=en-US&gl=US&ceid=US:en'[0m
[2m2026-04-05T08:07:35.931882Z[0m [[32m[1minfo     [0m] [1mparsed                        [0m [36mchannel[0m=[35mgoogle_broad[0m [36mraw[0m=[35m86[0m
[2m2026-04-05T08:07:38.340981Z[0m [[32m[1minfo     [0m] [1mfetch                         [0m [36mstatus[0m=[35m200[0m [36murl[0m=[35m'https://news.google.com/rss/search?q=PM+earnings+analysis&hl=en-US&gl=US&ceid=US:en'[0m
[2m2026-04-05T08:07:38.359252Z[0m [[32m[1minfo     [0m] [1mparsed                        [0m [36mchannel[0m=[35mgoogle_broad[0m [36mraw[0m=[35m27[0m
[2m2026-04-05T08:07:38.361087Z[0m [[32m[1minfo     [0m] [1mquality_filter                [0m [36minput[0m=[35m313[0m [36mpassed[0m=[35m1[0m
[2m2026-04-05T08:07:38.361365Z[0m [[32m[1minfo     [0m] [1mdedup                         [0m [36mafter[0m=[35m1[0m [36mbefore[0m=[35m1[0m
[2m2026-04-05T08:07:38.361474Z[0m [[32m[1minfo     [0m] [1mfulltext_selection            [0m [36mcandidates[0m=[35m0[0m [36mfiltered[0m=[35m1[0m [36mmode[0m=[35mhigh-value[0m [36mticker[0m=[35mPM[0m
[2m2026-04-05T08:07:38.362192Z[0m [[32m[1minfo     [0m] [1mcrawling                      [0m [36mchannel[0m=[35mGoogle->Benzinga[0m [36mtag[0m=[35mgoogle_benzinga[0m
[2m2026-04-05T08:07:40.963927Z[0m [[32m[1minfo     [0m] [1mfetch                         [0m [36mstatus[0m=[35m200[0m [36murl[0m=[35m'https://news.google.com/rss/search?q=UNH+site:benzinga.com&hl=en-US&gl=US&ceid=US:en'[0m
[2m2026-04-05T08:07:41.114915Z[0m [[32m[1minfo     [0m] [1mparsed                        [0m [36mchannel[0m=[35mgoogle_benzinga[0m [36mraw[0m=[35m100[0m
[2m2026-04-05T08:07:43.120292Z[0m [[32m[1minfo     [0m] [1mfetch                         [0m [36mstatus[0m=[35m200[0m [36murl[0m=[35m'https://news.google.com/rss/search?q=UNH+site:benzinga.com&hl=en-US&gl=US&ceid=US:en'[0m
[2m2026-04-05T08:07:43.181249Z[0m [[32m[1minfo     [0m] [1mparsed                        [0m [36mchannel[0m=[35mgoogle_benzinga[0m [36mraw[0m=[35m100[0m
[2m2026-04-05T08:07:43.181415Z[0m [[32m[1minfo     [0m] [1mcrawling                      [0m [36mchannel[0m=[35m'Google News (all)'[0m [36mtag[0m=[35mgoogle_broad[0m
[2m2026-04-05T08:07:45.695900Z[0m [[32m[1minfo     [0m] [1mfetch                         [0m [36mstatus[0m=[35m200[0m [36murl[0m=[35m'https://news.google.com/rss/search?q=UNH+stock+news&hl=en-US&gl=US&ceid=US:en'[0m
[2m2026-04-05T08:07:45.839553Z[0m [[32m[1minfo     [0m] [1mparsed                        [0m [36mchannel[0m=[35mgoogle_broad[0m [36mraw[0m=[35m100[0m
[2m2026-04-05T08:07:48.333788Z[0m [[32m[1minfo     [0m] [1mfetch                         [0m [36mstatus[0m=[35m200[0m [36murl[0m=[35m'https://news.google.com/rss/search?q=UNH+earnings+analysis&hl=en-US&gl=US&ceid=US:en'[0m
[2m2026-04-05T08:07:48.479086Z[0m [[32m[1minfo     [0m] [1mparsed                        [0m [36mchannel[0m=[35mgoogle_broad[0m [36mraw[0m=[35m100[0m
[2m2026-04-05T08:07:48.480738Z[0m [[32m[1minfo     [0m] [1mquality_filter                [0m [36minput[0m=[35m400[0m [36mpassed[0m=[35m2[0m
[2m2026-04-05T08:07:48.481117Z[0m [[32m[1minfo     [0m] [1mdedup                         [0m [36mafter[0m=[35m2[0m [36mbefore[0m=[35m2[0m
[2m2026-04-05T08:07:48.481259Z[0m [[32m[1minfo     [0m] [1mfulltext_selection            [0m [36mcandidates[0m=[35m0[0m [36mfiltered[0m=[35m2[0m [36mmode[0m=[35mhigh-value[0m [36mticker[0m=[35mUNH[0m
[2m2026-04-05T08:07:48.481991Z[0m [[32m[1minfo     [0m] [1mcrawling                      [0m [36mchannel[0m=[35mGoogle->Benzinga[0m [36mtag[0m=[35mgoogle_benzinga[0m
[2m2026-04-05T08:07:51.599048Z[0m [[32m[1minfo     [0m] [1mfetch                         [0m [36mstatus[0m=[35m200[0m [36murl[0m=[35m'https://news.google.com/rss/search?q=MS+site:benzinga.com&hl=en-US&gl=US&ceid=US:en'[0m
[2m2026-04-05T08:07:51.741977Z[0m [[32m[1minfo     [0m] [1mparsed                        [0m [36mchannel[0m=[35mgoogle_benzinga[0m [36mraw[0m=[35m100[0m
[2m2026-04-05T08:07:53.747549Z[0m [[32m[1minfo     [0m] [1mfetch                         [0m [36mstatus[0m=[35m200[0m [36murl[0m=[35m'https://news.google.com/rss/search?q=MS+site:benzinga.com&hl=en-US&gl=US&ceid=US:en'[0m
[2m2026-04-05T08:07:53.808121Z[0m [[32m[1minfo     [0m] [1mparsed                        [0m [36mchannel[0m=[35mgoogle_benzinga[0m [36mraw[0m=[35m100[0m
[2m2026-04-05T08:07:53.808305Z[0m [[32m[1minfo     [0m] [1mcrawling                      [0m [36mchannel[0m=[35m'Google News (all)'[0m [36mtag[0m=[35mgoogle_broad[0m
[2m2026-04-05T08:07:56.459817Z[0m [[32m[1minfo     [0m] [1mfetch                         [0m [36mstatus[0m=[35m200[0m [36murl[0m=[35m'https://news.google.com/rss/search?q=MS+stock+news&hl=en-US&gl=US&ceid=US:en'[0m
[2m2026-04-05T08:07:56.523360Z[0m [[32m[1minfo     [0m] [1mparsed                        [0m [36mchannel[0m=[35mgoogle_broad[0m [36mraw[0m=[35m71[0m
[2m2026-04-05T08:07:59.128925Z[0m [[32m[1minfo     [0m] [1mfetch                         [0m [36mstatus[0m=[35m200[0m [36murl[0m=[35m'https://news.google.com/rss/search?q=MS+earnings+analysis&hl=en-US&gl=US&ceid=US:en'[0m
[2m2026-04-05T08:07:59.265707Z[0m [[32m[1minfo     [0m] [1mparsed                        [0m [36mchannel[0m=[35mgoogle_broad[0m [36mraw[0m=[35m90[0m
[2m2026-04-05T08:07:59.267354Z[0m [[32m[1minfo     [0m] [1mquality_filter                [0m [36minput[0m=[35m361[0m [36mpassed[0m=[35m0[0m
[2m2026-04-05T08:07:59.267488Z[0m [[32m[1minfo     [0m] [1mdedup                         [0m [36mafter[0m=[35m0[0m [36mbefore[0m=[35m0[0m
[2m2026-04-05T08:07:59.267561Z[0m [[32m[1minfo     [0m] [1mfulltext_selection            [0m [36mcandidates[0m=[35m0[0m [36mfiltered[0m=[35m0[0m [36mmode[0m=[35mhigh-value[0m [36mticker[0m=[35mMS[0m
[2m2026-04-05T08:07:59.268273Z[0m [[32m[1minfo     [0m] [1mcrawling                      [0m [36mchannel[0m=[35mGoogle->Benzinga[0m [36mtag[0m=[35mgoogle_benzinga[0m
[2m2026-04-05T08:08:01.942119Z[0m [[32m[1minfo     [0m] [1mfetch                         [0m [36mstatus[0m=[35m200[0m [36murl[0m=[35m'https://news.google.com/rss/search?q=GS+site:benzinga.com&hl=en-US&gl=US&ceid=US:en'[0m
[2m2026-04-05T08:08:02.261758Z[0m [[32m[1minfo     [0m] [1mparsed                        [0m [36mchannel[0m=[35mgoogle_benzinga[0m [36mraw[0m=[35m100[0m
[2m2026-04-05T08:08:04.271763Z[0m [[32m[1minfo     [0m] [1mfetch                         [0m [36mstatus[0m=[35m200[0m [36murl[0m=[35m'https://news.google.com/rss/search?q=GS+site:benzinga.com&hl=en-US&gl=US&ceid=US:en'[0m
[2m2026-04-05T08:08:04.349095Z[0m [[32m[1minfo     [0m] [1mparsed                        [0m [36mchannel[0m=[35mgoogle_benzinga[0m [36mraw[0m=[35m100[0m
[2m2026-04-05T08:08:04.349289Z[0m [[32m[1minfo     [0m] [1mcrawling                      [0m [36mchannel[0m=[35m'Google News (all)'[0m [36mtag[0m=[35mgoogle_broad[0m
[2m2026-04-05T08:08:06.895002Z[0m [[32m[1minfo     [0m] [1mfetch                         [0m [36mstatus[0m=[35m200[0m [36murl[0m=[35m'https://news.google.com/rss/search?q=GS+stock+news&hl=en-US&gl=US&ceid=US:en'[0m
[2m2026-04-05T08:08:07.038142Z[0m [[32m[1minfo     [0m] [1mparsed                        [0m [36mchannel[0m=[35mgoogle_broad[0m [36mraw[0m=[35m100[0m
[2m2026-04-05T08:08:09.602839Z[0m [[32m[1minfo     [0m] [1mfetch                         [0m [36mstatus[0m=[35m200[0m [36murl[0m=[35m'https://news.google.com/rss/search?q=GS+earnings+analysis&hl=en-US&gl=US&ceid=US:en'[0m
[2m2026-04-05T08:08:09.717902Z[0m [[32m[1minfo     [0m] [1mparsed                        [0m [36mchannel[0m=[35mgoogle_broad[0m [36mraw[0m=[35m72[0m
[2m2026-04-05T08:08:09.719969Z[0m [[32m[1minfo     [0m] [1mquality_filter                [0m [36minput[0m=[35m372[0m [36mpassed[0m=[35m0[0m
[2m2026-04-05T08:08:09.720123Z[0m [[32m[1minfo     [0m] [1mdedup                         [0m [36mafter[0m=[35m0[0m [36mbefore[0m=[35m0[0m
[2m2026-04-05T08:08:09.720224Z[0m [[32m[1minfo     [0m] [1mfulltext_selection            [0m [36mcandidates[0m=[35m0[0m [36mfiltered[0m=[35m0[0m [36mmode[0m=[35mhigh-value[0m [36mticker[0m=[35mGS[0m
[2m2026-04-05T08:08:09.720976Z[0m [[32m[1minfo     [0m] [1mcrawling                      [0m [36mchannel[0m=[35mGoogle->Benzinga[0m [36mtag[0m=[35mgoogle_benzinga[0m
[2m2026-04-05T08:08:12.246310Z[0m [[32m[1minfo     [0m] [1mfetch                         [0m [36mstatus[0m=[35m200[0m [36murl[0m=[35m'https://news.google.com/rss/search?q=WFC+site:benzinga.com&hl=en-US&gl=US&ceid=US:en'[0m
[2m2026-04-05T08:08:12.379486Z[0m [[32m[1minfo     [0m] [1mparsed                        [0m [36mchannel[0m=[35mgoogle_benzinga[0m [36mraw[0m=[35m85[0m
[2m2026-04-05T08:08:14.384847Z[0m [[32m[1minfo     [0m] [1mfetch                         [0m [36mstatus[0m=[35m200[0m [36murl[0m=[35m'https://news.google.com/rss/search?q=WFC+site:benzinga.com&hl=en-US&gl=US&ceid=US:en'[0m
[2m2026-04-05T08:08:14.435790Z[0m [[32m[1minfo     [0m] [1mparsed                        [0m [36mchannel[0m=[35mgoogle_benzinga[0m [36mraw[0m=[35m85[0m
[2m2026-04-05T08:08:14.435968Z[0m [[32m[1minfo     [0m] [1mcrawling                      [0m [36mchannel[0m=[35m'Google News (all)'[0m [36mtag[0m=[35mgoogle_broad[0m
[2m2026-04-05T08:08:17.033284Z[0m [[32m[1minfo     [0m] [1mfetch                         [0m [36mstatus[0m=[35m200[0m [36murl[0m=[35m'https://news.google.com/rss/search?q=WFC+stock+news&hl=en-US&gl=US&ceid=US:en'[0m
[2m2026-04-05T08:08:17.176664Z[0m [[32m[1minfo     [0m] [1mparsed                        [0m [36mchannel[0m=[35mgoogle_broad[0m [36mraw[0m=[35m100[0m
[2m2026-04-05T08:08:19.744592Z[0m [[32m[1minfo     [0m] [1mfetch                         [0m [36mstatus[0m=[35m200[0m [36murl[0m=[35m'https://news.google.com/rss/search?q=WFC+earnings+analysis&hl=en-US&gl=US&ceid=US:en'[0m
[2m2026-04-05T08:08:19.859302Z[0m [[32m[1minfo     [0m] [1mparsed                        [0m [36mchannel[0m=[35mgoogle_broad[0m [36mraw[0m=[35m69[0m
[2m2026-04-05T08:08:19.860523Z[0m [[32m[1minfo     [0m] [1mquality_filter                [0m [36minput[0m=[35m339[0m [36mpassed[0m=[35m0[0m
[2m2026-04-05T08:08:19.860664Z[0m [[32m[1minfo     [0m] [1mdedup                         [0m [36mafter[0m=[35m0[0m [36mbefore[0m=[35m0[0m
[2m2026-04-05T08:08:19.860738Z[0m [[32m[1minfo     [0m] [1mfulltext_selection            [0m [36mcandidates[0m=[35m0[0m [36mfiltered[0m=[35m0[0m [36mmode[0m=[35mhigh-value[0m [36mticker[0m=[35mWFC[0m
[2m2026-04-05T08:08:19.861493Z[0m [[32m[1minfo     [0m] [1mcrawling                      [0m [36mchannel[0m=[35mGoogle->Benzinga[0m [36mtag[0m=[35mgoogle_benzinga[0m
[2m2026-04-05T08:08:22.469065Z[0m [[32m[1minfo     [0m] [1mfetch                         [0m [36mstatus[0m=[35m200[0m [36murl[0m=[35m'https://news.google.com/rss/search?q=MCD+site:benzinga.com&hl=en-US&gl=US&ceid=US:en'[0m
[2m2026-04-05T08:08:22.618894Z[0m [[32m[1minfo     [0m] [1mparsed                        [0m [36mchannel[0m=[35mgoogle_benzinga[0m [36mraw[0m=[35m100[0m
[2m2026-04-05T08:08:24.624182Z[0m [[32m[1minfo     [0m] [1mfetch                         [0m [36mstatus[0m=[35m200[0m [36murl[0m=[35m'https://news.google.com/rss/search?q=MCD+site:benzinga.com&hl=en-US&gl=US&ceid=US:en'[0m
[2m2026-04-05T08:08:24.687247Z[0m [[32m[1minfo     [0m] [1mparsed                        [0m [36mchannel[0m=[35mgoogle_benzinga[0m [36mraw[0m=[35m100[0m
[2m2026-04-05T08:08:24.687411Z[0m [[32m[1minfo     [0m] [1mcrawling                      [0m [36mchannel[0m=[35m'Google News (all)'[0m [36mtag[0m=[35mgoogle_broad[0m
[2m2026-04-05T08:08:27.307444Z[0m [[32m[1minfo     [0m] [1mfetch                         [0m [36mstatus[0m=[35m200[0m [36murl[0m=[35m'https://news.google.com/rss/search?q=MCD+stock+news&hl=en-US&gl=US&ceid=US:en'[0m
[2m2026-04-05T08:08:27.452715Z[0m [[32m[1minfo     [0m] [1mparsed                        [0m [36mchannel[0m=[35mgoogle_broad[0m [36mraw[0m=[35m100[0m
[2m2026-04-05T08:08:30.058610Z[0m [[32m[1minfo     [0m] [1mfetch                         [0m [36mstatus[0m=[35m200[0m [36murl[0m=[35m'https://news.google.com/rss/search?q=MCD+earnings+analysis&hl=en-US&gl=US&ceid=US:en'[0m
[2m2026-04-05T08:08:30.210560Z[0m [[32m[1minfo     [0m] [1mparsed                        [0m [36mchannel[0m=[35mgoogle_broad[0m [36mraw[0m=[35m100[0m
[2m2026-04-05T08:08:30.212504Z[0m [[32m[1minfo     [0m] [1mquality_filter                [0m [36minput[0m=[35m400[0m [36mpassed[0m=[35m1[0m
[2m2026-04-05T08:08:30.212814Z[0m [[32m[1minfo     [0m] [1mdedup                         [0m [36mafter[0m=[35m1[0m [36mbefore[0m=[35m1[0m
[2m2026-04-05T08:08:30.212920Z[0m [[32m[1minfo     [0m] [1mfulltext_selection            [0m [36mcandidates[0m=[35m1[0m [36mfiltered[0m=[35m1[0m [36mmode[0m=[35mhigh-value[0m [36mticker[0m=[35mMCD[0m
[2m2026-04-05T08:08:32.308045Z[0m [[32m[1minfo     [0m] [1mfetch                         [0m [36mstatus[0m=[35m200[0m [36murl[0m=[35mhttps://www.marketbeat.com/instant-alerts/filing-thurston-springer-miller-herd-titak-inc-b[0m
[2m2026-04-05T08:08:32.651683Z[0m [[32m[1minfo     [0m] [1mcrawling                      [0m [36mchannel[0m=[35mGoogle->Benzinga[0m [36mtag[0m=[35mgoogle_benzinga[0m
[2m2026-04-05T08:08:35.157677Z[0m [[32m[1minfo     [0m] [1mfetch                         [0m [36mstatus[0m=[35m200[0m [36murl[0m=[35m'https://news.google.com/rss/search?q=TMUS+site:benzinga.com&hl=en-US&gl=US&ceid=US:en'[0m
[2m2026-04-05T08:08:35.237507Z[0m [[32m[1minfo     [0m] [1mparsed                        [0m [36mchannel[0m=[35mgoogle_benzinga[0m [36mraw[0m=[35m76[0m
[2m2026-04-05T08:08:37.242778Z[0m [[32m[1minfo     [0m] [1mfetch                         [0m [36mstatus[0m=[35m200[0m [36murl[0m=[35m'https://news.google.com/rss/search?q=TMUS+site:benzinga.com&hl=en-US&gl=US&ceid=US:en'[0m
[2m2026-04-05T08:08:37.289070Z[0m [[32m[1minfo     [0m] [1mparsed                        [0m [36mchannel[0m=[35mgoogle_benzinga[0m [36mraw[0m=[35m76[0m
[2m2026-04-05T08:08:37.289252Z[0m [[32m[1minfo     [0m] [1mcrawling                      [0m [36mchannel[0m=[35m'Google News (all)'[0m [36mtag[0m=[35mgoogle_broad[0m
[2m2026-04-05T08:08:39.902328Z[0m [[32m[1minfo     [0m] [1mfetch                         [0m [36mstatus[0m=[35m200[0m [36murl[0m=[35m'https://news.google.com/rss/search?q=TMUS+stock+news&hl=en-US&gl=US&ceid=US:en'[0m
[2m2026-04-05T08:08:40.036417Z[0m [[32m[1minfo     [0m] [1mparsed                        [0m [36mchannel[0m=[35mgoogle_broad[0m [36mraw[0m=[35m100[0m
[2m2026-04-05T08:08:42.499311Z[0m [[32m[1minfo     [0m] [1mfetch                         [0m [36mstatus[0m=[35m200[0m [36murl[0m=[35m'https://news.google.com/rss/search?q=TMUS+earnings+analysis&hl=en-US&gl=US&ceid=US:en'[0m
[2m2026-04-05T08:08:42.558888Z[0m [[32m[1minfo     [0m] [1mparsed                        [0m [36mchannel[0m=[35mgoogle_broad[0m [36mraw[0m=[35m62[0m
[2m2026-04-05T08:08:42.560313Z[0m [[32m[1minfo     [0m] [1mquality_filter                [0m [36minput[0m=[35m314[0m [36mpassed[0m=[35m1[0m
[2m2026-04-05T08:08:42.560616Z[0m [[32m[1minfo     [0m] [1mdedup                         [0m [36mafter[0m=[35m1[0m [36mbefore[0m=[35m1[0m
[2m2026-04-05T08:08:42.560742Z[0m [[32m[1minfo     [0m] [1mfulltext_selection            [0m [36mcandidates[0m=[35m0[0m [36mfiltered[0m=[35m1[0m [36mmode[0m=[35mhigh-value[0m [36mticker[0m=[35mTMUS[0m
[2m2026-04-05T08:08:42.561518Z[0m [[32m[1minfo     [0m] [1mcrawling                      [0m [36mchannel[0m=[35mGoogle->Benzinga[0m [36mtag[0m=[35mgoogle_benzinga[0m
[2m2026-04-05T08:08:45.095023Z[0m [[32m[1minfo     [0m] [1mfetch                         [0m [36mstatus[0m=[35m200[0m [36murl[0m=[35m'https://news.google.com/rss/search?q=LIN+site:benzinga.com&hl=en-US&gl=US&ceid=US:en'[0m
[2m2026-04-05T08:08:45.238315Z[0m [[32m[1minfo     [0m] [1mparsed                        [0m [36mchannel[0m=[35mgoogle_benzinga[0m [36mraw[0m=[35m100[0m
[2m2026-04-05T08:08:47.242448Z[0m [[32m[1minfo     [0m] [1mfetch                         [0m [36mstatus[0m=[35m200[0m [36murl[0m=[35m'https://news.google.com/rss/search?q=LIN+site:benzinga.com&hl=en-US&gl=US&ceid=US:en'[0m
[2m2026-04-05T08:08:47.302392Z[0m [[32m[1minfo     [0m] [1mparsed                        [0m [36mchannel[0m=[35mgoogle_benzinga[0m [36mraw[0m=[35m100[0m
[2m2026-04-05T08:08:47.302559Z[0m [[32m[1minfo     [0m] [1mcrawling                      [0m [36mchannel[0m=[35m'Google News (all)'[0m [36mtag[0m=[35mgoogle_broad[0m
[2m2026-04-05T08:08:49.801004Z[0m [[32m[1minfo     [0m] [1mfetch                         [0m [36mstatus[0m=[35m200[0m [36murl[0m=[35m'https://news.google.com/rss/search?q=LIN+stock+news&hl=en-US&gl=US&ceid=US:en'[0m
[2m2026-04-05T08:08:49.919221Z[0m [[32m[1minfo     [0m] [1mparsed                        [0m [36mchannel[0m=[35mgoogle_broad[0m [36mraw[0m=[35m73[0m
[2m2026-04-05T08:08:52.401617Z[0m [[32m[1minfo     [0m] [1mfetch                         [0m [36mstatus[0m=[35m200[0m [36murl[0m=[35m'https://news.google.com/rss/search?q=LIN+earnings+analysis&hl=en-US&gl=US&ceid=US:en'[0m
[2m2026-04-05T08:08:52.522257Z[0m [[32m[1minfo     [0m] [1mparsed                        [0m [36mchannel[0m=[35mgoogle_broad[0m [36mraw[0m=[35m73[0m
[2m2026-04-05T08:08:52.523953Z[0m [[32m[1minfo     [0m] [1mquality_filter                [0m [36minput[0m=[35m346[0m [36mpassed[0m=[35m2[0m
[2m2026-04-05T08:08:52.524334Z[0m [[32m[1minfo     [0m] [1mdedup                         [0m [36mafter[0m=[35m2[0m [36mbefore[0m=[35m2[0m
[2m2026-04-05T08:08:52.524475Z[0m [[32m[1minfo     [0m] [1mfulltext_selection            [0m [36mcandidates[0m=[35m0[0m [36mfiltered[0m=[35m2[0m [36mmode[0m=[35mhigh-value[0m [36mticker[0m=[35mLIN[0m
[2m2026-04-05T08:08:52.525229Z[0m [[32m[1minfo     [0m] [1mcrawling                      [0m [36mchannel[0m=[35mGoogle->Benzinga[0m [36mtag[0m=[35mgoogle_benzinga[0m
[2m2026-04-05T08:08:55.183510Z[0m [[32m[1minfo     [0m] [1mfetch                         [0m [36mstatus[0m=[35m200[0m [36murl[0m=[35m'https://news.google.com/rss/search?q=PEP+site:benzinga.com&hl=en-US&gl=US&ceid=US:en'[0m
[2m2026-04-05T08:08:55.302926Z[0m [[32m[1minfo     [0m] [1mparsed                        [0m [36mchannel[0m=[35mgoogle_benzinga[0m [36mraw[0m=[35m74[0m
[2m2026-04-05T08:08:57.308580Z[0m [[32m[1minfo     [0m] [1mfetch                         [0m [36mstatus[0m=[35m200[0m [36murl[0m=[35m'https://news.google.com/rss/search?q=PEP+site:benzinga.com&hl=en-US&gl=US&ceid=US:en'[0m
[2m2026-04-05T08:08:57.354111Z[0m [[32m[1minfo     [0m] [1mparsed                        [0m [36mchannel[0m=[35mgoogle_benzinga[0m [36mraw[0m=[35m74[0m
[2m2026-04-05T08:08:57.354293Z[0m [[32m[1minfo     [0m] [1mcrawling                      [0m [36mchannel[0m=[35m'Google News (all)'[0m [36mtag[0m=[35mgoogle_broad[0m
[2m2026-04-05T08:09:00.014895Z[0m [[32m[1minfo     [0m] [1mfetch                         [0m [36mstatus[0m=[35m200[0m [36murl[0m=[35m'https://news.google.com/rss/search?q=PEP+stock+news&hl=en-US&gl=US&ceid=US:en'[0m
[2m2026-04-05T08:09:00.230768Z[0m [[32m[1minfo     [0m] [1mparsed                        [0m [36mchannel[0m=[35mgoogle_broad[0m [36mraw[0m=[35m100[0m
[2m2026-04-05T08:09:02.752970Z[0m [[32m[1minfo     [0m] [1mfetch                         [0m [36mstatus[0m=[35m200[0m [36murl[0m=[35m'https://news.google.com/rss/search?q=PEP+earnings+analysis&hl=en-US&gl=US&ceid=US:en'[0m
[2m2026-04-05T08:09:02.816023Z[0m [[32m[1minfo     [0m] [1mparsed                        [0m [36mchannel[0m=[35mgoogle_broad[0m [36mraw[0m=[35m69[0m
[2m2026-04-05T08:09:02.817677Z[0m [[32m[1minfo     [0m] [1mquality_filter                [0m [36minput[0m=[35m317[0m [36mpassed[0m=[35m2[0m
[2m2026-04-05T08:09:02.818037Z[0m [[32m[1minfo     [0m] [1mdedup                         [0m [36mafter[0m=[35m2[0m [36mbefore[0m=[35m2[0m
[2m2026-04-05T08:09:02.818141Z[0m [[32m[1minfo     [0m] [1mfulltext_selection            [0m [36mcandidates[0m=[35m2[0m [36mfiltered[0m=[35m2[0m [36mmode[0m=[35mhigh-value[0m [36mticker[0m=[35mPEP[0m
[2m2026-04-05T08:09:04.737417Z[0m [[32m[1minfo     [0m] [1mfetch                         [0m [36mstatus[0m=[35m200[0m [36murl[0m=[35mhttps://www.msn.com/en-us/money/topstocks/will-pepsico-pep-beat-estimates-again-in-its-nex[0m
[2m2026-04-05T08:09:05.767780Z[0m [[32m[1minfo     [0m] [1mfetch                         [0m [36mstatus[0m=[35m200[0m [36murl[0m=[35mhttps://intellectia.ai/en/stock/PEP/earnings[0m
[2m2026-04-05T08:09:06.383117Z[0m [[32m[1minfo     [0m] [1mcrawling                      [0m [36mchannel[0m=[35mGoogle->Benzinga[0m [36mtag[0m=[35mgoogle_benzinga[0m
[2m2026-04-05T08:09:09.139737Z[0m [[32m[1minfo     [0m] [1mfetch                         [0m [36mstatus[0m=[35m200[0m [36murl[0m=[35m'https://news.google.com/rss/search?q=INTC+intel+site:benzinga.com&hl=en-US&gl=US&ceid=US:e'[0m
[2m2026-04-05T08:09:09.289376Z[0m [[32m[1minfo     [0m] [1mparsed                        [0m [36mchannel[0m=[35mgoogle_benzinga[0m [36mraw[0m=[35m100[0m
[2m2026-04-05T08:09:11.823496Z[0m [[32m[1minfo     [0m] [1mfetch                         [0m [36mstatus[0m=[35m200[0m [36murl[0m=[35m'https://news.google.com/rss/search?q=intel+site:benzinga.com&hl=en-US&gl=US&ceid=US:en'[0m
[2m2026-04-05T08:09:11.971945Z[0m [[32m[1minfo     [0m] [1mparsed                        [0m [36mchannel[0m=[35mgoogle_benzinga[0m [36mraw[0m=[35m100[0m
[2m2026-04-05T08:09:11.972121Z[0m [[32m[1minfo     [0m] [1mcrawling                      [0m [36mchannel[0m=[35m'Google News (all)'[0m [36mtag[0m=[35mgoogle_broad[0m
[2m2026-04-05T08:09:14.590343Z[0m [[32m[1minfo     [0m] [1mfetch                         [0m [36mstatus[0m=[35m200[0m [36murl[0m=[35m'https://news.google.com/rss/search?q=INTC+intel+stock+news&hl=en-US&gl=US&ceid=US:en'[0m
[2m2026-04-05T08:09:14.725756Z[0m [[32m[1minfo     [0m] [1mparsed                        [0m [36mchannel[0m=[35mgoogle_broad[0m [36mraw[0m=[35m100[0m
[2m2026-04-05T08:09:17.275878Z[0m [[32m[1minfo     [0m] [1mfetch                         [0m [36mstatus[0m=[35m200[0m [36murl[0m=[35m'https://news.google.com/rss/search?q=INTC+intel+earnings+analysis&hl=en-US&gl=US&ceid=US:e'[0m
[2m2026-04-05T08:09:17.419232Z[0m [[32m[1minfo     [0m] [1mparsed                        [0m [36mchannel[0m=[35mgoogle_broad[0m [36mraw[0m=[35m100[0m
[2m2026-04-05T08:09:17.422078Z[0m [[32m[1minfo     [0m] [1mquality_filter                [0m [36minput[0m=[35m400[0m [36mpassed[0m=[35m11[0m
[2m2026-04-05T08:09:17.423651Z[0m [[32m[1minfo     [0m] [1mdedup                         [0m [36mafter[0m=[35m10[0m [36mbefore[0m=[35m11[0m
[2m2026-04-05T08:09:17.423885Z[0m [[32m[1minfo     [0m] [1mfulltext_selection            [0m [36mcandidates[0m=[35m7[0m [36mfiltered[0m=[35m10[0m [36mmode[0m=[35mhigh-value[0m [36mticker[0m=[35mINTC[0m
[2m2026-04-05T08:09:19.086331Z[0m [[32m[1minfo     [0m] [1mfetch                         [0m [36mstatus[0m=[35m200[0m [36murl[0m=[35mhttps://www.insidermonkey.com/blog/jim-cramer-praises-intels-intc-ceo-lip-bu-tan-once-agai[0m
[2m2026-04-05T08:09:19.474890Z[0m [[32m[1minfo     [0m] [1mfetch                         [0m [36mstatus[0m=[35m200[0m [36murl[0m=[35mhttps://www.marketbeat.com/instant-alerts/filing-quintet-private-bank-europe-sa-trims-stoc[0m
[2m2026-04-05T08:09:19.488182Z[0m [[32m[1minfo     [0m] [1mfetch                         [0m [36mstatus[0m=[35m200[0m [36murl[0m=[35mhttps://www.tradingview.com/news/gurufocus:e1502fe34094b:0-intel-stock-jumps-as-14-2-billi[0m
[2m2026-04-05T08:09:19.503149Z[0m [[32m[1minfo     [0m] [1mfetch                         [0m [36mstatus[0m=[35m200[0m [36murl[0m=[35mhttps://www.fool.com/investing/2026/04/04/why-intel-stock-is-up-this-week/[0m
[2m2026-04-05T08:09:19.878105Z[0m [[31m[1merror    [0m] [1mfetch_error                   [0m [36merror[0m=[35m'400, message=\'Got more than 8190 bytes when reading: b"connect-src \\\'self\\\' wss:'[0m [36murl[0m=[35mhttps://finance.yahoo.com/markets/stocks/articles/assessing-intel-intc[0m
[2m2026-04-05T08:09:20.177902Z[0m [[32m[1minfo     [0m] [1mfetch                         [0m [36mstatus[0m=[35m200[0m [36murl[0m=[35mhttps://247wallst.com/investing/2026/04/04/intels-panther-lake-chip-is-seriously-impressiv[0m
[2m2026-04-05T08:09:20.657626Z[0m [[32m[1minfo     [0m] [1mfetch                         [0m [36mstatus[0m=[35m200[0m [36murl[0m=[35mhttps://www.marketbeat.com/instant-alerts/filing-dorato-capital-management-takes-position-[0m
[2m2026-04-05T08:09:21.260165Z[0m [[32m[1minfo     [0m] [1mcrawling                      [0m [36mchannel[0m=[35mGoogle->Benzinga[0m [36mtag[0m=[35mgoogle_benzinga[0m
[2m2026-04-05T08:09:24.297471Z[0m [[32m[1minfo     [0m] [1mfetch                         [0m [36mstatus[0m=[35m200[0m [36murl[0m=[35m'https://news.google.com/rss/search?q=VZ+site:benzinga.com&hl=en-US&gl=US&ceid=US:en'[0m
[2m2026-04-05T08:09:24.440735Z[0m [[32m[1minfo     [0m] [1mparsed                        [0m [36mchannel[0m=[35mgoogle_benzinga[0m [36mraw[0m=[35m100[0m
[2m2026-04-05T08:09:26.446270Z[0m [[32m[1minfo     [0m] [1mfetch                         [0m [36mstatus[0m=[35m200[0m [36murl[0m=[35m'https://news.google.com/rss/search?q=VZ+site:benzinga.com&hl=en-US&gl=US&ceid=US:en'[0m
[2m2026-04-05T08:09:26.505115Z[0m [[32m[1minfo     [0m] [1mparsed                        [0m [36mchannel[0m=[35mgoogle_benzinga[0m [36mraw[0m=[35m100[0m
[2m2026-04-05T08:09:26.505295Z[0m [[32m[1minfo     [0m] [1mcrawling                      [0m [36mchannel[0m=[35m'Google News (all)'[0m [36mtag[0m=[35mgoogle_broad[0m
[2m2026-04-05T08:09:29.085347Z[0m [[32m[1minfo     [0m] [1mfetch                         [0m [36mstatus[0m=[35m200[0m [36murl[0m=[35m'https://news.google.com/rss/search?q=VZ+stock+news&hl=en-US&gl=US&ceid=US:en'[0m
[2m2026-04-05T08:09:29.220449Z[0m [[32m[1minfo     [0m] [1mparsed                        [0m [36mchannel[0m=[35mgoogle_broad[0m [36mraw[0m=[35m100[0m
[2m2026-04-05T08:09:31.659646Z[0m [[32m[1minfo     [0m] [1mfetch                         [0m [36mstatus[0m=[35m200[0m [36murl[0m=[35m'https://news.google.com/rss/search?q=VZ+earnings+analysis&hl=en-US&gl=US&ceid=US:en'[0m
[2m2026-04-05T08:09:31.716470Z[0m [[32m[1minfo     [0m] [1mparsed                        [0m [36mchannel[0m=[35mgoogle_broad[0m [36mraw[0m=[35m60[0m
[2m2026-04-05T08:09:31.718231Z[0m [[32m[1minfo     [0m] [1mquality_filter                [0m [36minput[0m=[35m360[0m [36mpassed[0m=[35m1[0m
[2m2026-04-05T08:09:31.718522Z[0m [[32m[1minfo     [0m] [1mdedup                         [0m [36mafter[0m=[35m1[0m [36mbefore[0m=[35m1[0m
[2m2026-04-05T08:09:31.718644Z[0m [[32m[1minfo     [0m] [1mfulltext_selection            [0m [36mcandidates[0m=[35m1[0m [36mfiltered[0m=[35m1[0m [36mmode[0m=[35mhigh-value[0m [36mticker[0m=[35mVZ[0m
[2m2026-04-05T08:09:33.619941Z[0m [[32m[1minfo     [0m] [1mfetch                         [0m [36mstatus[0m=[35m200[0m [36murl[0m=[35mhttps://www.marketbeat.com/instant-alerts/verizon-communications-nysevz-stock-rating-upgra[0m
[2m2026-04-05T08:09:33.836761Z[0m [[32m[1minfo     [0m] [1mcrawling                      [0m [36mchannel[0m=[35mGoogle->Benzinga[0m [36mtag[0m=[35mgoogle_benzinga[0m
[2m2026-04-05T08:09:36.348930Z[0m [[32m[1minfo     [0m] [1mfetch                         [0m [36mstatus[0m=[35m200[0m [36murl[0m=[35m'https://news.google.com/rss/search?q=AMGN+site:benzinga.com&hl=en-US&gl=US&ceid=US:en'[0m
[2m2026-04-05T08:09:36.498326Z[0m [[32m[1minfo     [0m] [1mparsed                        [0m [36mchannel[0m=[35mgoogle_benzinga[0m [36mraw[0m=[35m100[0m
[2m2026-04-05T08:09:38.504734Z[0m [[32m[1minfo     [0m] [1mfetch                         [0m [36mstatus[0m=[35m200[0m [36murl[0m=[35m'https://news.google.com/rss/search?q=AMGN+site:benzinga.com&hl=en-US&gl=US&ceid=US:en'[0m
[2m2026-04-05T08:09:38.563569Z[0m [[32m[1minfo     [0m] [1mparsed                        [0m [36mchannel[0m=[35mgoogle_benzinga[0m [36mraw[0m=[35m100[0m
[2m2026-04-05T08:09:38.563736Z[0m [[32m[1minfo     [0m] [1mcrawling                      [0m [36mchannel[0m=[35m'Google News (all)'[0m [36mtag[0m=[35mgoogle_broad[0m
[2m2026-04-05T08:09:41.269519Z[0m [[32m[1minfo     [0m] [1mfetch                         [0m [36mstatus[0m=[35m200[0m [36murl[0m=[35m'https://news.google.com/rss/search?q=AMGN+stock+news&hl=en-US&gl=US&ceid=US:en'[0m
[2m2026-04-05T08:09:41.413286Z[0m [[32m[1minfo     [0m] [1mparsed                        [0m [36mchannel[0m=[35mgoogle_broad[0m [36mraw[0m=[35m100[0m
[2m2026-04-05T08:09:43.821395Z[0m [[32m[1minfo     [0m] [1mfetch                         [0m [36mstatus[0m=[35m200[0m [36murl[0m=[35m'https://news.google.com/rss/search?q=AMGN+earnings+analysis&hl=en-US&gl=US&ceid=US:en'[0m
[2m2026-04-05T08:09:43.852928Z[0m [[32m[1minfo     [0m] [1mparsed                        [0m [36mchannel[0m=[35mgoogle_broad[0m [36mraw[0m=[35m39[0m
[2m2026-04-05T08:09:43.854401Z[0m [[32m[1minfo     [0m] [1mquality_filter                [0m [36minput[0m=[35m339[0m [36mpassed[0m=[35m1[0m
[2m2026-04-05T08:09:43.854657Z[0m [[32m[1minfo     [0m] [1mdedup                         [0m [36mafter[0m=[35m1[0m [36mbefore[0m=[35m1[0m
[2m2026-04-05T08:09:43.854759Z[0m [[32m[1minfo     [0m] [1mfulltext_selection            [0m [36mcandidates[0m=[35m1[0m [36mfiltered[0m=[35m1[0m [36mmode[0m=[35mhigh-value[0m [36mticker[0m=[35mAMGN[0m
[2m2026-04-05T08:09:46.168326Z[0m [[32m[1minfo     [0m] [1mfetch                         [0m [36mstatus[0m=[35m200[0m [36murl[0m=[35mhttps://www.marketbeat.com/instant-alerts/filing-dorato-capital-management-invests-158-mil[0m
[2m2026-04-05T08:09:46.513121Z[0m [[32m[1minfo     [0m] [1mcrawling                      [0m [36mchannel[0m=[35mGoogle->Benzinga[0m [36mtag[0m=[35mgoogle_benzinga[0m
[2m2026-04-05T08:09:49.061319Z[0m [[32m[1minfo     [0m] [1mfetch                         [0m [36mstatus[0m=[35m200[0m [36murl[0m=[35m'https://news.google.com/rss/search?q=ABT+site:benzinga.com&hl=en-US&gl=US&ceid=US:en'[0m
[2m2026-04-05T08:09:49.108249Z[0m [[32m[1minfo     [0m] [1mparsed                        [0m [36mchannel[0m=[35mgoogle_benzinga[0m [36mraw[0m=[35m54[0m
[2m2026-04-05T08:09:51.113439Z[0m [[32m[1minfo     [0m] [1mfetch                         [0m [36mstatus[0m=[35m200[0m [36murl[0m=[35m'https://news.google.com/rss/search?q=ABT+site:benzinga.com&hl=en-US&gl=US&ceid=US:en'[0m
[2m2026-04-05T08:09:51.147289Z[0m [[32m[1minfo     [0m] [1mparsed                        [0m [36mchannel[0m=[35mgoogle_benzinga[0m [36mraw[0m=[35m54[0m
[2m2026-04-05T08:09:51.147479Z[0m [[32m[1minfo     [0m] [1mcrawling                      [0m [36mchannel[0m=[35m'Google News (all)'[0m [36mtag[0m=[35mgoogle_broad[0m
[2m2026-04-05T08:09:53.769892Z[0m [[32m[1minfo     [0m] [1mfetch                         [0m [36mstatus[0m=[35m200[0m [36murl[0m=[35m'https://news.google.com/rss/search?q=ABT+stock+news&hl=en-US&gl=US&ceid=US:en'[0m
[2m2026-04-05T08:09:53.914031Z[0m [[32m[1minfo     [0m] [1mparsed                        [0m [36mchannel[0m=[35mgoogle_broad[0m [36mraw[0m=[35m100[0m
[2m2026-04-05T08:09:56.449001Z[0m [[32m[1minfo     [0m] [1mfetch                         [0m [36mstatus[0m=[35m200[0m [36murl[0m=[35m'https://news.google.com/rss/search?q=ABT+earnings+analysis&hl=en-US&gl=US&ceid=US:en'[0m
[2m2026-04-05T08:09:56.482421Z[0m [[32m[1minfo     [0m] [1mparsed                        [0m [36mchannel[0m=[35mgoogle_broad[0m [36mraw[0m=[35m42[0m
[2m2026-04-05T08:09:56.483774Z[0m [[32m[1minfo     [0m] [1mquality_filter                [0m [36minput[0m=[35m250[0m [36mpassed[0m=[35m2[0m
[2m2026-04-05T08:09:56.484103Z[0m [[32m[1minfo     [0m] [1mdedup                         [0m [36mafter[0m=[35m2[0m [36mbefore[0m=[35m2[0m
[2m2026-04-05T08:09:56.484232Z[0m [[32m[1minfo     [0m] [1mfulltext_selection            [0m [36mcandidates[0m=[35m1[0m [36mfiltered[0m=[35m2[0m [36mmode[0m=[35mhigh-value[0m [36mticker[0m=[35mABT[0m
[2m2026-04-05T08:09:59.371802Z[0m [[32m[1minfo     [0m] [1mfetch                         [0m [36mstatus[0m=[35m200[0m [36murl[0m=[35mhttps://intellectia.ai/en/stock/ABT/earnings[0m
[2m2026-04-05T08:09:59.982363Z[0m [[32m[1minfo     [0m] [1mcrawling                      [0m [36mchannel[0m=[35mGoogle->Benzinga[0m [36mtag[0m=[35mgoogle_benzinga[0m
[2m2026-04-05T08:10:02.563980Z[0m [[32m[1minfo     [0m] [1mfetch                         [0m [36mstatus[0m=[35m200[0m [36murl[0m=[35m'https://news.google.com/rss/search?q=DIS+site:benzinga.com&hl=en-US&gl=US&ceid=US:en'[0m
[2m2026-04-05T08:10:02.720349Z[0m [[32m[1minfo     [0m] [1mparsed                        [0m [36mchannel[0m=[35mgoogle_benzinga[0m [36mraw[0m=[35m100[0m
[2m2026-04-05T08:10:04.725821Z[0m [[32m[1minfo     [0m] [1mfetch                         [0m [36mstatus[0m=[35m200[0m [36murl[0m=[35m'https://news.google.com/rss/search?q=DIS+site:benzinga.com&hl=en-US&gl=US&ceid=US:en'[0m
[2m2026-04-05T08:10:04.787088Z[0m [[32m[1minfo     [0m] [1mparsed                        [0m [36mchannel[0m=[35mgoogle_benzinga[0m [36mraw[0m=[35m100[0m
[2m2026-04-05T08:10:04.787427Z[0m [[32m[1minfo     [0m] [1mcrawling                      [0m [36mchannel[0m=[35m'Google News (all)'[0m [36mtag[0m=[35mgoogle_broad[0m
[2m2026-04-05T08:10:07.397804Z[0m [[32m[1minfo     [0m] [1mfetch                         [0m [36mstatus[0m=[35m200[0m [36murl[0m=[35m'https://news.google.com/rss/search?q=DIS+stock+news&hl=en-US&gl=US&ceid=US:en'[0m
[2m2026-04-05T08:10:07.499532Z[0m [[32m[1minfo     [0m] [1mparsed                        [0m [36mchannel[0m=[35mgoogle_broad[0m [36mraw[0m=[35m100[0m
[2m2026-04-05T08:10:10.127039Z[0m [[32m[1minfo     [0m] [1mfetch                         [0m [36mstatus[0m=[35m200[0m [36murl[0m=[35m'https://news.google.com/rss/search?q=DIS+earnings+analysis&hl=en-US&gl=US&ceid=US:en'[0m
[2m2026-04-05T08:10:10.278675Z[0m [[32m[1minfo     [0m] [1mparsed                        [0m [36mchannel[0m=[35mgoogle_broad[0m [36mraw[0m=[35m100[0m
[2m2026-04-05T08:10:10.279766Z[0m [[32m[1minfo     [0m] [1mquality_filter                [0m [36minput[0m=[35m400[0m [36mpassed[0m=[35m0[0m
[2m2026-04-05T08:10:10.279914Z[0m [[32m[1minfo     [0m] [1mdedup                         [0m [36mafter[0m=[35m0[0m [36mbefore[0m=[35m0[0m
[2m2026-04-05T08:10:10.279991Z[0m [[32m[1minfo     [0m] [1mfulltext_selection            [0m [36mcandidates[0m=[35m0[0m [36mfiltered[0m=[35m0[0m [36mmode[0m=[35mhigh-value[0m [36mticker[0m=[35mDIS[0m
[2m2026-04-05T08:10:10.280802Z[0m [[32m[1minfo     [0m] [1mcrawling                      [0m [36mchannel[0m=[35mGoogle->Benzinga[0m [36mtag[0m=[35mgoogle_benzinga[0m
[2m2026-04-05T08:10:12.738470Z[0m [[32m[1minfo     [0m] [1mfetch                         [0m [36mstatus[0m=[35m200[0m [36murl[0m=[35m'https://news.google.com/rss/search?q=GILD+site:benzinga.com&hl=en-US&gl=US&ceid=US:en'[0m
[2m2026-04-05T08:10:12.770349Z[0m [[32m[1minfo     [0m] [1mparsed                        [0m [36mchannel[0m=[35mgoogle_benzinga[0m [36mraw[0m=[35m39[0m
[2m2026-04-05T08:10:14.776013Z[0m [[32m[1minfo     [0m] [1mfetch                         [0m [36mstatus[0m=[35m200[0m [36murl[0m=[35m'https://news.google.com/rss/search?q=GILD+site:benzinga.com&hl=en-US&gl=US&ceid=US:en'[0m
[2m2026-04-05T08:10:14.800745Z[0m [[32m[1minfo     [0m] [1mparsed                        [0m [36mchannel[0m=[35mgoogle_benzinga[0m [36mraw[0m=[35m39[0m
[2m2026-04-05T08:10:14.800911Z[0m [[32m[1minfo     [0m] [1mcrawling                      [0m [36mchannel[0m=[35m'Google News (all)'[0m [36mtag[0m=[35mgoogle_broad[0m
[2m2026-04-05T08:10:17.317457Z[0m [[32m[1minfo     [0m] [1mfetch                         [0m [36mstatus[0m=[35m200[0m [36murl[0m=[35m'https://news.google.com/rss/search?q=GILD+stock+news&hl=en-US&gl=US&ceid=US:en'[0m
[2m2026-04-05T08:10:17.446936Z[0m [[32m[1minfo     [0m] [1mparsed                        [0m [36mchannel[0m=[35mgoogle_broad[0m [36mraw[0m=[35m100[0m
[2m2026-04-05T08:10:19.997778Z[0m [[32m[1minfo     [0m] [1mfetch                         [0m [36mstatus[0m=[35m200[0m [36murl[0m=[35m'https://news.google.com/rss/search?q=GILD+earnings+analysis&hl=en-US&gl=US&ceid=US:en'[0m
[2m2026-04-05T08:10:20.080966Z[0m [[32m[1minfo     [0m] [1mparsed                        [0m [36mchannel[0m=[35mgoogle_broad[0m [36mraw[0m=[35m81[0m
[2m2026-04-05T08:10:20.081841Z[0m [[32m[1minfo     [0m] [1mquality_filter                [0m [36minput[0m=[35m259[0m [36mpassed[0m=[35m0[0m
[2m2026-04-05T08:10:20.081971Z[0m [[32m[1minfo     [0m] [1mdedup                         [0m [36mafter[0m=[35m0[0m [36mbefore[0m=[35m0[0m
[2m2026-04-05T08:10:20.082047Z[0m [[32m[1minfo     [0m] [1mfulltext_selection            [0m [36mcandidates[0m=[35m0[0m [36mfiltered[0m=[35m0[0m [36mmode[0m=[35mhigh-value[0m [36mticker[0m=[35mGILD[0m
[2m2026-04-05T08:10:20.082892Z[0m [[32m[1minfo     [0m] [1mcrawling                      [0m [36mchannel[0m=[35mGoogle->Benzinga[0m [36mtag[0m=[35mgoogle_benzinga[0m
[2m2026-04-05T08:10:22.510664Z[0m [[32m[1minfo     [0m] [1mfetch                         [0m [36mstatus[0m=[35m200[0m [36murl[0m=[35m'https://news.google.com/rss/search?q=APH+site:benzinga.com&hl=en-US&gl=US&ceid=US:en'[0m
[2m2026-04-05T08:10:22.529696Z[0m [[32m[1minfo     [0m] [1mparsed                        [0m [36mchannel[0m=[35mgoogle_benzinga[0m [36mraw[0m=[35m29[0m
[2m2026-04-05T08:10:24.535030Z[0m [[32m[1minfo     [0m] [1mfetch                         [0m [36mstatus[0m=[35m200[0m [36murl[0m=[35m'https://news.google.com/rss/search?q=APH+site:benzinga.com&hl=en-US&gl=US&ceid=US:en'[0m
[2m2026-04-05T08:10:24.553796Z[0m [[32m[1minfo     [0m] [1mparsed                        [0m [36mchannel[0m=[35mgoogle_benzinga[0m [36mraw[0m=[35m29[0m
[2m2026-04-05T08:10:24.553956Z[0m [[32m[1minfo     [0m] [1mcrawling                      [0m [36mchannel[0m=[35m'Google News (all)'[0m [36mtag[0m=[35mgoogle_broad[0m
[2m2026-04-05T08:10:27.075799Z[0m [[32m[1minfo     [0m] [1mfetch                         [0m [36mstatus[0m=[35m200[0m [36murl[0m=[35m'https://news.google.com/rss/search?q=APH+stock+news&hl=en-US&gl=US&ceid=US:en'[0m
[2m2026-04-05T08:10:27.169756Z[0m [[32m[1minfo     [0m] [1mparsed                        [0m [36mchannel[0m=[35mgoogle_broad[0m [36mraw[0m=[35m100[0m
[2m2026-04-05T08:10:29.659441Z[0m [[32m[1minfo     [0m] [1mfetch                         [0m [36mstatus[0m=[35m200[0m [36murl[0m=[35m'https://news.google.com/rss/search?q=APH+earnings+analysis&hl=en-US&gl=US&ceid=US:en'[0m
[2m2026-04-05T08:10:29.693032Z[0m [[32m[1minfo     [0m] [1mparsed                        [0m [36mchannel[0m=[35mgoogle_broad[0m [36mraw[0m=[35m43[0m
[2m2026-04-05T08:10:29.694150Z[0m [[32m[1minfo     [0m] [1mquality_filter                [0m [36minput[0m=[35m201[0m [36mpassed[0m=[35m1[0m
[2m2026-04-05T08:10:29.694533Z[0m [[32m[1minfo     [0m] [1mdedup                         [0m [36mafter[0m=[35m1[0m [36mbefore[0m=[35m1[0m
[2m2026-04-05T08:10:29.694646Z[0m [[32m[1minfo     [0m] [1mfulltext_selection            [0m [36mcandidates[0m=[35m0[0m [36mfiltered[0m=[35m1[0m [36mmode[0m=[35mhigh-value[0m [36mticker[0m=[35mAPH[0m
[2m2026-04-05T08:10:29.695362Z[0m [[32m[1minfo     [0m] [1mcrawling                      [0m [36mchannel[0m=[35mGoogle->Benzinga[0m [36mtag[0m=[35mgoogle_benzinga[0m
[2m2026-04-05T08:10:32.174480Z[0m [[32m[1minfo     [0m] [1mfetch                         [0m [36mstatus[0m=[35m200[0m [36murl[0m=[35m'https://news.google.com/rss/search?q=TJX+site:benzinga.com&hl=en-US&gl=US&ceid=US:en'[0m
[2m2026-04-05T08:10:32.227933Z[0m [[32m[1minfo     [0m] [1mparsed                        [0m [36mchannel[0m=[35mgoogle_benzinga[0m [36mraw[0m=[35m55[0m
[2m2026-04-05T08:10:34.235127Z[0m [[32m[1minfo     [0m] [1mfetch                         [0m [36mstatus[0m=[35m200[0m [36murl[0m=[35m'https://news.google.com/rss/search?q=TJX+site:benzinga.com&hl=en-US&gl=US&ceid=US:en'[0m
[2m2026-04-05T08:10:34.268624Z[0m [[32m[1minfo     [0m] [1mparsed                        [0m [36mchannel[0m=[35mgoogle_benzinga[0m [36mraw[0m=[35m55[0m
[2m2026-04-05T08:10:34.268785Z[0m [[32m[1minfo     [0m] [1mcrawling                      [0m [36mchannel[0m=[35m'Google News (all)'[0m [36mtag[0m=[35mgoogle_broad[0m
[2m2026-04-05T08:10:36.823474Z[0m [[32m[1minfo     [0m] [1mfetch                         [0m [36mstatus[0m=[35m200[0m [36murl[0m=[35m'https://news.google.com/rss/search?q=TJX+stock+news&hl=en-US&gl=US&ceid=US:en'[0m
[2m2026-04-05T08:10:36.894588Z[0m [[32m[1minfo     [0m] [1mparsed                        [0m [36mchannel[0m=[35mgoogle_broad[0m [36mraw[0m=[35m100[0m
[2m2026-04-05T08:10:39.362457Z[0m [[32m[1minfo     [0m] [1mfetch                         [0m [36mstatus[0m=[35m200[0m [36murl[0m=[35m'https://news.google.com/rss/search?q=TJX+earnings+analysis&hl=en-US&gl=US&ceid=US:en'[0m
[2m2026-04-05T08:10:39.403909Z[0m [[32m[1minfo     [0m] [1mparsed                        [0m [36mchannel[0m=[35mgoogle_broad[0m [36mraw[0m=[35m57[0m
[2m2026-04-05T08:10:39.405486Z[0m [[32m[1minfo     [0m] [1mquality_filter                [0m [36minput[0m=[35m267[0m [36mpassed[0m=[35m3[0m
[2m2026-04-05T08:10:39.405941Z[0m [[32m[1minfo     [0m] [1mdedup                         [0m [36mafter[0m=[35m3[0m [36mbefore[0m=[35m3[0m
[2m2026-04-05T08:10:39.406056Z[0m [[32m[1minfo     [0m] [1mfulltext_selection            [0m [36mcandidates[0m=[35m2[0m [36mfiltered[0m=[35m3[0m [36mmode[0m=[35mhigh-value[0m [36mticker[0m=[35mTJX[0m
[2m2026-04-05T08:10:41.007188Z[0m [[32m[1minfo     [0m] [1mfetch                         [0m [36mstatus[0m=[35m200[0m [36murl[0m=[35mhttps://www.msn.com/en-us/money/topstocks/why-is-tjx-tjx-down-0-7-since-last-earnings-repo[0m
[2m2026-04-05T08:10:41.312046Z[0m [[32m[1minfo     [0m] [1mfetch                         [0m [36mstatus[0m=[35m403[0m [36murl[0m=[35mhttps://www.investing.com/news/analyst-ratings/ubs-reiterates-tjx-stock-buy-rating-on-mark[0m
[2m2026-04-05T08:10:41.514997Z[0m [[32m[1minfo     [0m] [1mcrawling                      [0m [36mchannel[0m=[35mGoogle->Benzinga[0m [36mtag[0m=[35mgoogle_benzinga[0m
[2m2026-04-05T08:10:43.989794Z[0m [[32m[1minfo     [0m] [1mfetch                         [0m [36mstatus[0m=[35m200[0m [36murl[0m=[35m'https://news.google.com/rss/search?q=SCHW+site:benzinga.com&hl=en-US&gl=US&ceid=US:en'[0m
[2m2026-04-05T08:10:44.049952Z[0m [[32m[1minfo     [0m] [1mparsed                        [0m [36mchannel[0m=[35mgoogle_benzinga[0m [36mraw[0m=[35m63[0m
[2m2026-04-05T08:10:46.056276Z[0m [[32m[1minfo     [0m] [1mfetch                         [0m [36mstatus[0m=[35m200[0m [36murl[0m=[35m'https://news.google.com/rss/search?q=SCHW+site:benzinga.com&hl=en-US&gl=US&ceid=US:en'[0m
[2m2026-04-05T08:10:46.095311Z[0m [[32m[1minfo     [0m] [1mparsed                        [0m [36mchannel[0m=[35mgoogle_benzinga[0m [36mraw[0m=[35m63[0m
[2m2026-04-05T08:10:46.095475Z[0m [[32m[1minfo     [0m] [1mcrawling                      [0m [36mchannel[0m=[35m'Google News (all)'[0m [36mtag[0m=[35mgoogle_broad[0m
[2m2026-04-05T08:10:48.623315Z[0m [[32m[1minfo     [0m] [1mfetch                         [0m [36mstatus[0m=[35m200[0m [36murl[0m=[35m'https://news.google.com/rss/search?q=SCHW+stock+news&hl=en-US&gl=US&ceid=US:en'[0m
[2m2026-04-05T08:10:48.765668Z[0m [[32m[1minfo     [0m] [1mparsed                        [0m [36mchannel[0m=[35mgoogle_broad[0m [36mraw[0m=[35m100[0m
[2m2026-04-05T08:10:51.178057Z[0m [[32m[1minfo     [0m] [1mfetch                         [0m [36mstatus[0m=[35m200[0m [36murl[0m=[35m'https://news.google.com/rss/search?q=SCHW+earnings+analysis&hl=en-US&gl=US&ceid=US:en'[0m
[2m2026-04-05T08:10:51.211748Z[0m [[32m[1minfo     [0m] [1mparsed                        [0m [36mchannel[0m=[35mgoogle_broad[0m [36mraw[0m=[35m44[0m
[2m2026-04-05T08:10:51.212953Z[0m [[32m[1minfo     [0m] [1mquality_filter                [0m [36minput[0m=[35m270[0m [36mpassed[0m=[35m0[0m
[2m2026-04-05T08:10:51.213089Z[0m [[32m[1minfo     [0m] [1mdedup                         [0m [36mafter[0m=[35m0[0m [36mbefore[0m=[35m0[0m
[2m2026-04-05T08:10:51.213165Z[0m [[32m[1minfo     [0m] [1mfulltext_selection            [0m [36mcandidates[0m=[35m0[0m [36mfiltered[0m=[35m0[0m [36mmode[0m=[35mhigh-value[0m [36mticker[0m=[35mSCHW[0m
[2m2026-04-05T08:10:51.213895Z[0m [[32m[1minfo     [0m] [1mcrawling                      [0m [36mchannel[0m=[35mGoogle->Benzinga[0m [36mtag[0m=[35mgoogle_benzinga[0m
[2m2026-04-05T08:10:53.803329Z[0m [[32m[1minfo     [0m] [1mfetch                         [0m [36mstatus[0m=[35m200[0m [36murl[0m=[35m'https://news.google.com/rss/search?q=PFE+site:benzinga.com&hl=en-US&gl=US&ceid=US:en'[0m
[2m2026-04-05T08:10:53.953567Z[0m [[32m[1minfo     [0m] [1mparsed                        [0m [36mchannel[0m=[35mgoogle_benzinga[0m [36mraw[0m=[35m100[0m
[2m2026-04-05T08:10:55.958858Z[0m [[32m[1minfo     [0m] [1mfetch                         [0m [36mstatus[0m=[35m200[0m [36murl[0m=[35m'https://news.google.com/rss/search?q=PFE+site:benzinga.com&hl=en-US&gl=US&ceid=US:en'[0m
[2m2026-04-05T08:10:56.018424Z[0m [[32m[1minfo     [0m] [1mparsed                        [0m [36mchannel[0m=[35mgoogle_benzinga[0m [36mraw[0m=[35m100[0m
[2m2026-04-05T08:10:56.018584Z[0m [[32m[1minfo     [0m] [1mcrawling                      [0m [36mchannel[0m=[35m'Google News (all)'[0m [36mtag[0m=[35mgoogle_broad[0m
[2m2026-04-05T08:10:59.177963Z[0m [[32m[1minfo     [0m] [1mfetch                         [0m [36mstatus[0m=[35m200[0m [36murl[0m=[35m'https://news.google.com/rss/search?q=PFE+stock+news&hl=en-US&gl=US&ceid=US:en'[0m
[2m2026-04-05T08:10:59.185530Z[0m [[32m[1minfo     [0m] [1mparsed                        [0m [36mchannel[0m=[35mgoogle_broad[0m [36mraw[0m=[35m0[0m
[2m2026-04-05T08:11:01.785520Z[0m [[32m[1minfo     [0m] [1mfetch                         [0m [36mstatus[0m=[35m200[0m [36murl[0m=[35m'https://news.google.com/rss/search?q=PFE+earnings+analysis&hl=en-US&gl=US&ceid=US:en'[0m
[2m2026-04-05T08:11:02.058999Z[0m [[32m[1minfo     [0m] [1mparsed                        [0m [36mchannel[0m=[35mgoogle_broad[0m [36mraw[0m=[35m99[0m
[2m2026-04-05T08:11:02.069239Z[0m [[32m[1minfo     [0m] [1mquality_filter                [0m [36minput[0m=[35m299[0m [36mpassed[0m=[35m0[0m
[2m2026-04-05T08:11:02.069436Z[0m [[32m[1minfo     [0m] [1mdedup                         [0m [36mafter[0m=[35m0[0m [36mbefore[0m=[35m0[0m
[2m2026-04-05T08:11:02.069514Z[0m [[32m[1minfo     [0m] [1mfulltext_selection            [0m [36mcandidates[0m=[35m0[0m [36mfiltered[0m=[35m0[0m [36mmode[0m=[35mhigh-value[0m [36mticker[0m=[35mPFE[0m
[2m2026-04-05T08:11:02.070331Z[0m [[32m[1minfo     [0m] [1mcrawling                      [0m [36mchannel[0m=[35mGoogle->Benzinga[0m [36mtag[0m=[35mgoogle_benzinga[0m
[2m2026-04-05T08:11:04.617317Z[0m [[32m[1minfo     [0m] [1mfetch                         [0m [36mstatus[0m=[35m200[0m [36murl[0m=[35m'https://news.google.com/rss/search?q=HON+site:benzinga.com&hl=en-US&gl=US&ceid=US:en'[0m
[2m2026-04-05T08:11:04.757572Z[0m [[32m[1minfo     [0m] [1mparsed                        [0m [36mchannel[0m=[35mgoogle_benzinga[0m [36mraw[0m=[35m93[0m
[2m2026-04-05T08:11:06.763359Z[0m [[32m[1minfo     [0m] [1mfetch                         [0m [36mstatus[0m=[35m200[0m [36murl[0m=[35m'https://news.google.com/rss/search?q=HON+site:benzinga.com&hl=en-US&gl=US&ceid=US:en'[0m
[2m2026-04-05T08:11:06.819603Z[0m [[32m[1minfo     [0m] [1mparsed                        [0m [36mchannel[0m=[35mgoogle_benzinga[0m [36mraw[0m=[35m93[0m
[2m2026-04-05T08:11:06.819770Z[0m [[32m[1minfo     [0m] [1mcrawling                      [0m [36mchannel[0m=[35m'Google News (all)'[0m [36mtag[0m=[35mgoogle_broad[0m
[2m2026-04-05T08:11:09.412357Z[0m [[32m[1minfo     [0m] [1mfetch                         [0m [36mstatus[0m=[35m200[0m [36murl[0m=[35m'https://news.google.com/rss/search?q=HON+stock+news&hl=en-US&gl=US&ceid=US:en'[0m
[2m2026-04-05T08:11:09.558792Z[0m [[32m[1minfo     [0m] [1mparsed                        [0m [36mchannel[0m=[35mgoogle_broad[0m [36mraw[0m=[35m100[0m
[2m2026-04-05T08:11:12.072787Z[0m [[32m[1minfo     [0m] [1mfetch                         [0m [36mstatus[0m=[35m200[0m [36murl[0m=[35m'https://news.google.com/rss/search?q=HON+earnings+analysis&hl=en-US&gl=US&ceid=US:en'[0m
[2m2026-04-05T08:11:12.131200Z[0m [[32m[1minfo     [0m] [1mparsed                        [0m [36mchannel[0m=[35mgoogle_broad[0m [36mraw[0m=[35m63[0m
[2m2026-04-05T08:11:12.132527Z[0m [[32m[1minfo     [0m] [1mquality_filter                [0m [36minput[0m=[35m349[0m [36mpassed[0m=[35m1[0m
[2m2026-04-05T08:11:12.132765Z[0m [[32m[1minfo     [0m] [1mdedup                         [0m [36mafter[0m=[35m1[0m [36mbefore[0m=[35m1[0m
[2m2026-04-05T08:11:12.132860Z[0m [[32m[1minfo     [0m] [1mfulltext_selection            [0m [36mcandidates[0m=[35m1[0m [36mfiltered[0m=[35m1[0m [36mmode[0m=[35mhigh-value[0m [36mticker[0m=[35mHON[0m
[2m2026-04-05T08:11:14.861863Z[0m [[32m[1minfo     [0m] [1mfetch                         [0m [36mstatus[0m=[35m200[0m [36murl[0m=[35mhttps://intellectia.ai/en/stock/HON/earnings[0m
[2m2026-04-05T08:11:15.468119Z[0m [[32m[1minfo     [0m] [1mcrawling                      [0m [36mchannel[0m=[35mGoogle->Benzinga[0m [36mtag[0m=[35mgoogle_benzinga[0m
[2m2026-04-05T08:11:18.257458Z[0m [[32m[1minfo     [0m] [1mfetch                         [0m [36mstatus[0m=[35m200[0m [36murl[0m=[35m'https://news.google.com/rss/search?q=LOW+site:benzinga.com&hl=en-US&gl=US&ceid=US:en'[0m
[2m2026-04-05T08:11:18.400050Z[0m [[32m[1minfo     [0m] [1mparsed                        [0m [36mchannel[0m=[35mgoogle_benzinga[0m [36mraw[0m=[35m100[0m
[2m2026-04-05T08:11:20.405522Z[0m [[32m[1minfo     [0m] [1mfetch                         [0m [36mstatus[0m=[35m200[0m [36murl[0m=[35m'https://news.google.com/rss/search?q=LOW+site:benzinga.com&hl=en-US&gl=US&ceid=US:en'[0m
[2m2026-04-05T08:11:20.464779Z[0m [[32m[1minfo     [0m] [1mparsed                        [0m [36mchannel[0m=[35mgoogle_benzinga[0m [36mraw[0m=[35m100[0m
[2m2026-04-05T08:11:20.464959Z[0m [[32m[1minfo     [0m] [1mcrawling                      [0m [36mchannel[0m=[35m'Google News (all)'[0m [36mtag[0m=[35mgoogle_broad[0m
[2m2026-04-05T08:11:23.025130Z[0m [[32m[1minfo     [0m] [1mfetch                         [0m [36mstatus[0m=[35m200[0m [36murl[0m=[35m'https://news.google.com/rss/search?q=LOW+stock+news&hl=en-US&gl=US&ceid=US:en'[0m
[2m2026-04-05T08:11:23.171460Z[0m [[32m[1minfo     [0m] [1mparsed                        [0m [36mchannel[0m=[35mgoogle_broad[0m [36mraw[0m=[35m100[0m
[2m2026-04-05T08:11:25.738827Z[0m [[32m[1minfo     [0m] [1mfetch                         [0m [36mstatus[0m=[35m200[0m [36murl[0m=[35m'https://news.google.com/rss/search?q=LOW+earnings+analysis&hl=en-US&gl=US&ceid=US:en'[0m
[2m2026-04-05T08:11:25.890148Z[0m [[32m[1minfo     [0m] [1mparsed                        [0m [36mchannel[0m=[35mgoogle_broad[0m [36mraw[0m=[35m100[0m
[2m2026-04-05T08:11:25.892176Z[0m [[32m[1minfo     [0m] [1mquality_filter                [0m [36minput[0m=[35m400[0m [36mpassed[0m=[35m5[0m
[2m2026-04-05T08:11:25.892940Z[0m [[32m[1minfo     [0m] [1mdedup                         [0m [36mafter[0m=[35m5[0m [36mbefore[0m=[35m5[0m
[2m2026-04-05T08:11:25.893122Z[0m [[32m[1minfo     [0m] [1mfulltext_selection            [0m [36mcandidates[0m=[35m0[0m [36mfiltered[0m=[35m5[0m [36mmode[0m=[35mhigh-value[0m [36mticker[0m=[35mLOW[0m
[2m2026-04-05T08:11:25.893873Z[0m [[32m[1minfo     [0m] [1mcrawling                      [0m [36mchannel[0m=[35mGoogle->Benzinga[0m [36mtag[0m=[35mgoogle_benzinga[0m
[2m2026-04-05T08:11:28.591328Z[0m [[32m[1minfo     [0m] [1mfetch                         [0m [36mstatus[0m=[35m200[0m [36murl[0m=[35m'https://news.google.com/rss/search?q=WELL+site:benzinga.com&hl=en-US&gl=US&ceid=US:en'[0m
[2m2026-04-05T08:11:28.727544Z[0m [[32m[1minfo     [0m] [1mparsed                        [0m [36mchannel[0m=[35mgoogle_benzinga[0m [36mraw[0m=[35m100[0m
[2m2026-04-05T08:11:30.734091Z[0m [[32m[1minfo     [0m] [1mfetch                         [0m [36mstatus[0m=[35m200[0m [36murl[0m=[35m'https://news.google.com/rss/search?q=WELL+site:benzinga.com&hl=en-US&gl=US&ceid=US:en'[0m
[2m2026-04-05T08:11:30.793647Z[0m [[32m[1minfo     [0m] [1mparsed                        [0m [36mchannel[0m=[35mgoogle_benzinga[0m [36mraw[0m=[35m100[0m
[2m2026-04-05T08:11:30.793813Z[0m [[32m[1minfo     [0m] [1mcrawling                      [0m [36mchannel[0m=[35m'Google News (all)'[0m [36mtag[0m=[35mgoogle_broad[0m
[2m2026-04-05T08:11:33.501331Z[0m [[32m[1minfo     [0m] [1mfetch                         [0m [36mstatus[0m=[35m200[0m [36murl[0m=[35m'https://news.google.com/rss/search?q=WELL+stock+news&hl=en-US&gl=US&ceid=US:en'[0m
[2m2026-04-05T08:11:33.631182Z[0m [[32m[1minfo     [0m] [1mparsed                        [0m [36mchannel[0m=[35mgoogle_broad[0m [36mraw[0m=[35m84[0m
[2m2026-04-05T08:11:36.378192Z[0m [[32m[1minfo     [0m] [1mfetch                         [0m [36mstatus[0m=[35m200[0m [36murl[0m=[35m'https://news.google.com/rss/search?q=WELL+earnings+analysis&hl=en-US&gl=US&ceid=US:en'[0m
[2m2026-04-05T08:11:36.432351Z[0m [[32m[1minfo     [0m] [1mparsed                        [0m [36mchannel[0m=[35mgoogle_broad[0m [36mraw[0m=[35m54[0m
[2m2026-04-05T08:11:36.434302Z[0m [[32m[1minfo     [0m] [1mquality_filter                [0m [36minput[0m=[35m338[0m [36mpassed[0m=[35m5[0m
[2m2026-04-05T08:11:36.435060Z[0m [[32m[1minfo     [0m] [1mdedup                         [0m [36mafter[0m=[35m4[0m [36mbefore[0m=[35m5[0m
[2m2026-04-05T08:11:36.435238Z[0m [[32m[1minfo     [0m] [1mfulltext_selection            [0m [36mcandidates[0m=[35m1[0m [36mfiltered[0m=[35m4[0m [36mmode[0m=[35mhigh-value[0m [36mticker[0m=[35mWELL[0m
[2m2026-04-05T08:11:38.537389Z[0m [[32m[1minfo     [0m] [1mfetch                         [0m [36mstatus[0m=[35m200[0m [36murl[0m=[35mhttps://www.marketbeat.com/instant-alerts/filing-welltower-inc-well-stock-position-increas[0m
[2m2026-04-05T08:11:38.880789Z[0m [[32m[1minfo     [0m] [1mcrawling                      [0m [36mchannel[0m=[35mGoogle->Benzinga[0m [36mtag[0m=[35mgoogle_benzinga[0m
[2m2026-04-05T08:11:41.894392Z[0m [[32m[1minfo     [0m] [1mfetch                         [0m [36mstatus[0m=[35m200[0m [36murl[0m=[35m'https://news.google.com/rss/search?q=NEM+site:benzinga.com&hl=en-US&gl=US&ceid=US:en'[0m
[2m2026-04-05T08:11:42.024820Z[0m [[32m[1minfo     [0m] [1mparsed                        [0m [36mchannel[0m=[35mgoogle_benzinga[0m [36mraw[0m=[35m85[0m
[2m2026-04-05T08:11:44.030455Z[0m [[32m[1minfo     [0m] [1mfetch                         [0m [36mstatus[0m=[35m200[0m [36murl[0m=[35m'https://news.google.com/rss/search?q=NEM+site:benzinga.com&hl=en-US&gl=US&ceid=US:en'[0m
[2m2026-04-05T08:11:44.083745Z[0m [[32m[1minfo     [0m] [1mparsed                        [0m [36mchannel[0m=[35mgoogle_benzinga[0m [36mraw[0m=[35m85[0m
[2m2026-04-05T08:11:44.083913Z[0m [[32m[1minfo     [0m] [1mcrawling                      [0m [36mchannel[0m=[35m'Google News (all)'[0m [36mtag[0m=[35mgoogle_broad[0m
[2m2026-04-05T08:11:46.640001Z[0m [[32m[1minfo     [0m] [1mfetch                         [0m [36mstatus[0m=[35m200[0m [36murl[0m=[35m'https://news.google.com/rss/search?q=NEM+stock+news&hl=en-US&gl=US&ceid=US:en'[0m
[2m2026-04-05T08:11:46.777558Z[0m [[32m[1minfo     [0m] [1mparsed                        [0m [36mchannel[0m=[35mgoogle_broad[0m [36mraw[0m=[35m100[0m
[2m2026-04-05T08:11:49.213821Z[0m [[32m[1minfo     [0m] [1mfetch                         [0m [36mstatus[0m=[35m200[0m [36murl[0m=[35m'https://news.google.com/rss/search?q=NEM+earnings+analysis&hl=en-US&gl=US&ceid=US:en'[0m
[2m2026-04-05T08:11:49.261890Z[0m [[32m[1minfo     [0m] [1mparsed                        [0m [36mchannel[0m=[35mgoogle_broad[0m [36mraw[0m=[35m56[0m
[2m2026-04-05T08:11:49.263582Z[0m [[32m[1minfo     [0m] [1mquality_filter                [0m [36minput[0m=[35m326[0m [36mpassed[0m=[35m2[0m
[2m2026-04-05T08:11:49.263960Z[0m [[32m[1minfo     [0m] [1mdedup                         [0m [36mafter[0m=[35m2[0m [36mbefore[0m=[35m2[0m
[2m2026-04-05T08:11:49.264080Z[0m [[32m[1minfo     [0m] [1mfulltext_selection            [0m [36mcandidates[0m=[35m0[0m [36mfiltered[0m=[35m2[0m [36mmode[0m=[35mhigh-value[0m [36mticker[0m=[35mNEM[0m
[2m2026-04-05T08:11:49.264825Z[0m [[32m[1minfo     [0m] [1mcrawling                      [0m [36mchannel[0m=[35mGoogle->Benzinga[0m [36mtag[0m=[35mgoogle_benzinga[0m
[2m2026-04-05T08:11:51.688301Z[0m [[32m[1minfo     [0m] [1mfetch                         [0m [36mstatus[0m=[35m200[0m [36murl[0m=[35m'https://news.google.com/rss/search?q=CB+site:benzinga.com&hl=en-US&gl=US&ceid=US:en'[0m
[2m2026-04-05T08:11:51.739544Z[0m [[32m[1minfo     [0m] [1mparsed                        [0m [36mchannel[0m=[35mgoogle_benzinga[0m [36mraw[0m=[35m52[0m
[2m2026-04-05T08:11:53.744996Z[0m [[32m[1minfo     [0m] [1mfetch                         [0m [36mstatus[0m=[35m200[0m [36murl[0m=[35m'https://news.google.com/rss/search?q=CB+site:benzinga.com&hl=en-US&gl=US&ceid=US:en'[0m
[2m2026-04-05T08:11:53.777376Z[0m [[32m[1minfo     [0m] [1mparsed                        [0m [36mchannel[0m=[35mgoogle_benzinga[0m [36mraw[0m=[35m52[0m
[2m2026-04-05T08:11:53.777540Z[0m [[32m[1minfo     [0m] [1mcrawling                      [0m [36mchannel[0m=[35m'Google News (all)'[0m [36mtag[0m=[35mgoogle_broad[0m
[2m2026-04-05T08:11:56.232894Z[0m [[32m[1minfo     [0m] [1mfetch                         [0m [36mstatus[0m=[35m200[0m [36murl[0m=[35m'https://news.google.com/rss/search?q=CB+stock+news&hl=en-US&gl=US&ceid=US:en'[0m
[2m2026-04-05T08:11:56.292408Z[0m [[32m[1minfo     [0m] [1mparsed                        [0m [36mchannel[0m=[35mgoogle_broad[0m [36mraw[0m=[35m64[0m
[2m2026-04-05T08:11:58.786266Z[0m [[32m[1minfo     [0m] [1mfetch                         [0m [36mstatus[0m=[35m200[0m [36murl[0m=[35m'https://news.google.com/rss/search?q=CB+earnings+analysis&hl=en-US&gl=US&ceid=US:en'[0m
[2m2026-04-05T08:11:58.826945Z[0m [[32m[1minfo     [0m] [1mparsed                        [0m [36mchannel[0m=[35mgoogle_broad[0m [36mraw[0m=[35m58[0m
[2m2026-04-05T08:11:58.828378Z[0m [[32m[1minfo     [0m] [1mquality_filter                [0m [36minput[0m=[35m226[0m [36mpassed[0m=[35m0[0m
[2m2026-04-05T08:11:58.828523Z[0m [[32m[1minfo     [0m] [1mdedup                         [0m [36mafter[0m=[35m0[0m [36mbefore[0m=[35m0[0m
[2m2026-04-05T08:11:58.828599Z[0m [[32m[1minfo     [0m] [1mfulltext_selection            [0m [36mcandidates[0m=[35m0[0m [36mfiltered[0m=[35m0[0m [36mmode[0m=[35mhigh-value[0m [36mticker[0m=[35mCB[0m
[2m2026-04-05T08:11:58.829318Z[0m [[32m[1minfo     [0m] [1mcrawling                      [0m [36mchannel[0m=[35mGoogle->Benzinga[0m [36mtag[0m=[35mgoogle_benzinga[0m
[2m2026-04-05T08:12:01.689775Z[0m [[32m[1minfo     [0m] [1mfetch                         [0m [36mstatus[0m=[35m200[0m [36murl[0m=[35m'https://news.google.com/rss/search?q=PLD+site:benzinga.com&hl=en-US&gl=US&ceid=US:en'[0m
[2m2026-04-05T08:12:01.736596Z[0m [[32m[1minfo     [0m] [1mparsed                        [0m [36mchannel[0m=[35mgoogle_benzinga[0m [36mraw[0m=[35m23[0m
[2m2026-04-05T08:12:03.741868Z[0m [[32m[1minfo     [0m] [1mfetch                         [0m [36mstatus[0m=[35m200[0m [36murl[0m=[35m'https://news.google.com/rss/search?q=PLD+site:benzinga.com&hl=en-US&gl=US&ceid=US:en'[0m
[2m2026-04-05T08:12:03.758917Z[0m [[32m[1minfo     [0m] [1mparsed                        [0m [36mchannel[0m=[35mgoogle_benzinga[0m [36mraw[0m=[35m23[0m
[2m2026-04-05T08:12:03.759076Z[0m [[32m[1minfo     [0m] [1mcrawling                      [0m [36mchannel[0m=[35m'Google News (all)'[0m [36mtag[0m=[35mgoogle_broad[0m
[2m2026-04-05T08:12:06.279042Z[0m [[32m[1minfo     [0m] [1mfetch                         [0m [36mstatus[0m=[35m200[0m [36murl[0m=[35m'https://news.google.com/rss/search?q=PLD+stock+news&hl=en-US&gl=US&ceid=US:en'[0m
[2m2026-04-05T08:12:06.352132Z[0m [[32m[1minfo     [0m] [1mparsed                        [0m [36mchannel[0m=[35mgoogle_broad[0m [36mraw[0m=[35m77[0m
[2m2026-04-05T08:12:08.840077Z[0m [[32m[1minfo     [0m] [1mfetch                         [0m [36mstatus[0m=[35m200[0m [36murl[0m=[35m'https://news.google.com/rss/search?q=PLD+earnings+analysis&hl=en-US&gl=US&ceid=US:en'[0m
[2m2026-04-05T08:12:08.885278Z[0m [[32m[1minfo     [0m] [1mparsed                        [0m [36mchannel[0m=[35mgoogle_broad[0m [36mraw[0m=[35m50[0m
[2m2026-04-05T08:12:08.887125Z[0m [[32m[1minfo     [0m] [1mquality_filter                [0m [36minput[0m=[35m173[0m [36mpassed[0m=[35m6[0m
[2m2026-04-05T08:12:08.887840Z[0m [[32m[1minfo     [0m] [1mdedup                         [0m [36mafter[0m=[35m3[0m [36mbefore[0m=[35m6[0m
[2m2026-04-05T08:12:08.887984Z[0m [[32m[1minfo     [0m] [1mfulltext_selection            [0m [36mcandidates[0m=[35m1[0m [36mfiltered[0m=[35m3[0m [36mmode[0m=[35mhigh-value[0m [36mticker[0m=[35mPLD[0m
[2m2026-04-05T08:12:12.049253Z[0m [[32m[1minfo     [0m] [1mfetch                         [0m [36mstatus[0m=[35m200[0m [36murl[0m=[35mhttps://intellectia.ai/en/stock/PLD/earnings[0m
[2m2026-04-05T08:12:12.655527Z[0m [[32m[1minfo     [0m] [1mcrawling                      [0m [36mchannel[0m=[35mGoogle->Benzinga[0m [36mtag[0m=[35mgoogle_benzinga[0m
[2m2026-04-05T08:12:15.653841Z[0m [[32m[1minfo     [0m] [1mfetch                         [0m [36mstatus[0m=[35m200[0m [36murl[0m=[35m'https://news.google.com/rss/search?q=GLW+site:benzinga.com&hl=en-US&gl=US&ceid=US:en'[0m
[2m2026-04-05T08:12:15.699071Z[0m [[32m[1minfo     [0m] [1mparsed                        [0m [36mchannel[0m=[35mgoogle_benzinga[0m [36mraw[0m=[35m49[0m
[2m2026-04-05T08:12:17.705439Z[0m [[32m[1minfo     [0m] [1mfetch                         [0m [36mstatus[0m=[35m200[0m [36murl[0m=[35m'https://news.google.com/rss/search?q=GLW+site:benzinga.com&hl=en-US&gl=US&ceid=US:en'[0m
[2m2026-04-05T08:12:17.736830Z[0m [[32m[1minfo     [0m] [1mparsed                        [0m [36mchannel[0m=[35mgoogle_benzinga[0m [36mraw[0m=[35m49[0m
[2m2026-04-05T08:12:17.736992Z[0m [[32m[1minfo     [0m] [1mcrawling                      [0m [36mchannel[0m=[35m'Google News (all)'[0m [36mtag[0m=[35mgoogle_broad[0m
[2m2026-04-05T08:12:20.319323Z[0m [[32m[1minfo     [0m] [1mfetch                         [0m [36mstatus[0m=[35m200[0m [36murl[0m=[35m'https://news.google.com/rss/search?q=GLW+stock+news&hl=en-US&gl=US&ceid=US:en'[0m
[2m2026-04-05T08:12:20.462575Z[0m [[32m[1minfo     [0m] [1mparsed                        [0m [36mchannel[0m=[35mgoogle_broad[0m [36mraw[0m=[35m100[0m
[2m2026-04-05T08:12:23.075546Z[0m [[32m[1minfo     [0m] [1mfetch                         [0m [36mstatus[0m=[35m200[0m [36murl[0m=[35m'https://news.google.com/rss/search?q=GLW+earnings+analysis&hl=en-US&gl=US&ceid=US:en'[0m
[2m2026-04-05T08:12:23.124907Z[0m [[32m[1minfo     [0m] [1mparsed                        [0m [36mchannel[0m=[35mgoogle_broad[0m [36mraw[0m=[35m58[0m
[2m2026-04-05T08:12:23.125748Z[0m [[32m[1minfo     [0m] [1mquality_filter                [0m [36minput[0m=[35m256[0m [36mpassed[0m=[35m0[0m
[2m2026-04-05T08:12:23.125882Z[0m [[32m[1minfo     [0m] [1mdedup                         [0m [36mafter[0m=[35m0[0m [36mbefore[0m=[35m0[0m
[2m2026-04-05T08:12:23.125956Z[0m [[32m[1minfo     [0m] [1mfulltext_selection            [0m [36mcandidates[0m=[35m0[0m [36mfiltered[0m=[35m0[0m [36mmode[0m=[35mhigh-value[0m [36mticker[0m=[35mGLW[0m
[2m2026-04-05T08:12:23.126802Z[0m [[32m[1minfo     [0m] [1mcrawling                      [0m [36mchannel[0m=[35mGoogle->Benzinga[0m [36mtag[0m=[35mgoogle_benzinga[0m
[2m2026-04-05T08:12:25.656795Z[0m [[32m[1minfo     [0m] [1mfetch                         [0m [36mstatus[0m=[35m200[0m [36murl[0m=[35m'https://news.google.com/rss/search?q=ACN+site:benzinga.com&hl=en-US&gl=US&ceid=US:en'[0m
[2m2026-04-05T08:12:25.783244Z[0m [[32m[1minfo     [0m] [1mparsed                        [0m [36mchannel[0m=[35mgoogle_benzinga[0m [36mraw[0m=[35m83[0m
[2m2026-04-05T08:12:27.788786Z[0m [[32m[1minfo     [0m] [1mfetch                         [0m [36mstatus[0m=[35m200[0m [36murl[0m=[35m'https://news.google.com/rss/search?q=ACN+site:benzinga.com&hl=en-US&gl=US&ceid=US:en'[0m
[2m2026-04-05T08:12:27.838616Z[0m [[32m[1minfo     [0m] [1mparsed                        [0m [36mchannel[0m=[35mgoogle_benzinga[0m [36mraw[0m=[35m83[0m
[2m2026-04-05T08:12:27.838779Z[0m [[32m[1minfo     [0m] [1mcrawling                      [0m [36mchannel[0m=[35m'Google News (all)'[0m [36mtag[0m=[35mgoogle_broad[0m
[2m2026-04-05T08:12:30.360626Z[0m [[32m[1minfo     [0m] [1mfetch                         [0m [36mstatus[0m=[35m200[0m [36murl[0m=[35m'https://news.google.com/rss/search?q=ACN+stock+news&hl=en-US&gl=US&ceid=US:en'[0m
[2m2026-04-05T08:12:30.503941Z[0m [[32m[1minfo     [0m] [1mparsed                        [0m [36mchannel[0m=[35mgoogle_broad[0m [36mraw[0m=[35m100[0m
[2m2026-04-05T08:12:33.014038Z[0m [[32m[1minfo     [0m] [1mfetch                         [0m [36mstatus[0m=[35m200[0m [36murl[0m=[35m'https://news.google.com/rss/search?q=ACN+earnings+analysis&hl=en-US&gl=US&ceid=US:en'[0m
[2m2026-04-05T08:12:33.075933Z[0m [[32m[1minfo     [0m] [1mparsed                        [0m [36mchannel[0m=[35mgoogle_broad[0m [36mraw[0m=[35m66[0m
[2m2026-04-05T08:12:33.077271Z[0m [[32m[1minfo     [0m] [1mquality_filter                [0m [36minput[0m=[35m332[0m [36mpassed[0m=[35m0[0m
[2m2026-04-05T08:12:33.077461Z[0m [[32m[1minfo     [0m] [1mdedup                         [0m [36mafter[0m=[35m0[0m [36mbefore[0m=[35m0[0m
[2m2026-04-05T08:12:33.077542Z[0m [[32m[1minfo     [0m] [1mfulltext_selection            [0m [36mcandidates[0m=[35m0[0m [36mfiltered[0m=[35m0[0m [36mmode[0m=[35mhigh-value[0m [36mticker[0m=[35mACN[0m
[2m2026-04-05T08:12:33.078288Z[0m [[32m[1minfo     [0m] [1mcrawling                      [0m [36mchannel[0m=[35mGoogle->Benzinga[0m [36mtag[0m=[35mgoogle_benzinga[0m
[2m2026-04-05T08:12:35.545415Z[0m [[32m[1minfo     [0m] [1mfetch                         [0m [36mstatus[0m=[35m200[0m [36murl[0m=[35m'https://news.google.com/rss/search?q=BMY+site:benzinga.com&hl=en-US&gl=US&ceid=US:en'[0m
[2m2026-04-05T08:12:35.592925Z[0m [[32m[1minfo     [0m] [1mparsed                        [0m [36mchannel[0m=[35mgoogle_benzinga[0m [36mraw[0m=[35m53[0m
[2m2026-04-05T08:12:37.598140Z[0m [[32m[1minfo     [0m] [1mfetch                         [0m [36mstatus[0m=[35m200[0m [36murl[0m=[35m'https://news.google.com/rss/search?q=BMY+site:benzinga.com&hl=en-US&gl=US&ceid=US:en'[0m
[2m2026-04-05T08:12:37.630892Z[0m [[32m[1minfo     [0m] [1mparsed                        [0m [36mchannel[0m=[35mgoogle_benzinga[0m [36mraw[0m=[35m53[0m
[2m2026-04-05T08:12:37.631050Z[0m [[32m[1minfo     [0m] [1mcrawling                      [0m [36mchannel[0m=[35m'Google News (all)'[0m [36mtag[0m=[35mgoogle_broad[0m
[2m2026-04-05T08:12:40.275552Z[0m [[32m[1minfo     [0m] [1mfetch                         [0m [36mstatus[0m=[35m200[0m [36murl[0m=[35m'https://news.google.com/rss/search?q=BMY+stock+news&hl=en-US&gl=US&ceid=US:en'[0m
[2m2026-04-05T08:12:40.418786Z[0m [[32m[1minfo     [0m] [1mparsed                        [0m [36mchannel[0m=[35mgoogle_broad[0m [36mraw[0m=[35m100[0m
[2m2026-04-05T08:12:42.881799Z[0m [[32m[1minfo     [0m] [1mfetch                         [0m [36mstatus[0m=[35m200[0m [36murl[0m=[35m'https://news.google.com/rss/search?q=BMY+earnings+analysis&hl=en-US&gl=US&ceid=US:en'[0m
[2m2026-04-05T08:12:42.942926Z[0m [[32m[1minfo     [0m] [1mparsed                        [0m [36mchannel[0m=[35mgoogle_broad[0m [36mraw[0m=[35m65[0m
[2m2026-04-05T08:12:42.944324Z[0m [[32m[1minfo     [0m] [1mquality_filter                [0m [36minput[0m=[35m271[0m [36mpassed[0m=[35m0[0m
[2m2026-04-05T08:12:42.944466Z[0m [[32m[1minfo     [0m] [1mdedup                         [0m [36mafter[0m=[35m0[0m [36mbefore[0m=[35m0[0m
[2m2026-04-05T08:12:42.944553Z[0m [[32m[1minfo     [0m] [1mfulltext_selection            [0m [36mcandidates[0m=[35m0[0m [36mfiltered[0m=[35m0[0m [36mmode[0m=[35mhigh-value[0m [36mticker[0m=[35mBMY[0m
[2m2026-04-05T08:12:42.945285Z[0m [[32m[1minfo     [0m] [1mcrawling                      [0m [36mchannel[0m=[35mGoogle->Benzinga[0m [36mtag[0m=[35mgoogle_benzinga[0m
[2m2026-04-05T08:12:45.860108Z[0m [[32m[1minfo     [0m] [1mfetch                         [0m [36mstatus[0m=[35m200[0m [36murl[0m=[35m'https://news.google.com/rss/search?q=MDT+site:benzinga.com&hl=en-US&gl=US&ceid=US:en'[0m
[2m2026-04-05T08:12:45.902789Z[0m [[32m[1minfo     [0m] [1mparsed                        [0m [36mchannel[0m=[35mgoogle_benzinga[0m [36mraw[0m=[35m48[0m
[2m2026-04-05T08:12:47.908254Z[0m [[32m[1minfo     [0m] [1mfetch                         [0m [36mstatus[0m=[35m200[0m [36murl[0m=[35m'https://news.google.com/rss/search?q=MDT+site:benzinga.com&hl=en-US&gl=US&ceid=US:en'[0m
[2m2026-04-05T08:12:47.938781Z[0m [[32m[1minfo     [0m] [1mparsed                        [0m [36mchannel[0m=[35mgoogle_benzinga[0m [36mraw[0m=[35m48[0m
[2m2026-04-05T08:12:47.938947Z[0m [[32m[1minfo     [0m] [1mcrawling                      [0m [36mchannel[0m=[35m'Google News (all)'[0m [36mtag[0m=[35mgoogle_broad[0m
[2m2026-04-05T08:12:50.474481Z[0m [[32m[1minfo     [0m] [1mfetch                         [0m [36mstatus[0m=[35m200[0m [36murl[0m=[35m'https://news.google.com/rss/search?q=MDT+stock+news&hl=en-US&gl=US&ceid=US:en'[0m
[2m2026-04-05T08:12:50.618673Z[0m [[32m[1minfo     [0m] [1mparsed                        [0m [36mchannel[0m=[35mgoogle_broad[0m [36mraw[0m=[35m100[0m
[2m2026-04-05T08:12:53.173394Z[0m [[32m[1minfo     [0m] [1mfetch                         [0m [36mstatus[0m=[35m200[0m [36murl[0m=[35m'https://news.google.com/rss/search?q=MDT+earnings+analysis&hl=en-US&gl=US&ceid=US:en'[0m
[2m2026-04-05T08:12:53.218725Z[0m [[32m[1minfo     [0m] [1mparsed                        [0m [36mchannel[0m=[35mgoogle_broad[0m [36mraw[0m=[35m50[0m
[2m2026-04-05T08:12:53.220089Z[0m [[32m[1minfo     [0m] [1mquality_filter                [0m [36minput[0m=[35m246[0m [36mpassed[0m=[35m2[0m
[2m2026-04-05T08:12:53.220451Z[0m [[32m[1minfo     [0m] [1mdedup                         [0m [36mafter[0m=[35m2[0m [36mbefore[0m=[35m2[0m
[2m2026-04-05T08:12:53.220600Z[0m [[32m[1minfo     [0m] [1mfulltext_selection            [0m [36mcandidates[0m=[35m2[0m [36mfiltered[0m=[35m2[0m [36mmode[0m=[35mhigh-value[0m [36mticker[0m=[35mMDT[0m
[2m2026-04-05T08:12:55.193494Z[0m [[32m[1minfo     [0m] [1mfetch                         [0m [36mstatus[0m=[35m200[0m [36murl[0m=[35mhttps://www.marketbeat.com/instant-alerts/filing-genesis-financial-group-llc-acquires-shar[0m
[2m2026-04-05T08:12:55.624096Z[0m [[32m[1minfo     [0m] [1mfetch                         [0m [36mstatus[0m=[35m200[0m [36murl[0m=[35mhttps://intellectia.ai/en/stock/MDT/earnings[0m
[2m2026-04-05T08:12:56.238819Z[0m [[32m[1minfo     [0m] [1mcrawling                      [0m [36mchannel[0m=[35mGoogle->Benzinga[0m [36mtag[0m=[35mgoogle_benzinga[0m
[2m2026-04-05T08:12:58.640259Z[0m [[32m[1minfo     [0m] [1mfetch                         [0m [36mstatus[0m=[35m200[0m [36murl[0m=[35m'https://news.google.com/rss/search?q=PGR+site:benzinga.com&hl=en-US&gl=US&ceid=US:en'[0m
[2m2026-04-05T08:12:58.661691Z[0m [[32m[1minfo     [0m] [1mparsed                        [0m [36mchannel[0m=[35mgoogle_benzinga[0m [36mraw[0m=[35m23[0m
[2m2026-04-05T08:13:00.669834Z[0m [[32m[1minfo     [0m] [1mfetch                         [0m [36mstatus[0m=[35m200[0m [36murl[0m=[35m'https://news.google.com/rss/search?q=PGR+site:benzinga.com&hl=en-US&gl=US&ceid=US:en'[0m
[2m2026-04-05T08:13:00.685497Z[0m [[32m[1minfo     [0m] [1mparsed                        [0m [36mchannel[0m=[35mgoogle_benzinga[0m [36mraw[0m=[35m23[0m
[2m2026-04-05T08:13:00.685660Z[0m [[32m[1minfo     [0m] [1mcrawling                      [0m [36mchannel[0m=[35m'Google News (all)'[0m [36mtag[0m=[35mgoogle_broad[0m
[2m2026-04-05T08:13:03.321101Z[0m [[32m[1minfo     [0m] [1mfetch                         [0m [36mstatus[0m=[35m200[0m [36murl[0m=[35m'https://news.google.com/rss/search?q=PGR+stock+news&hl=en-US&gl=US&ceid=US:en'[0m
[2m2026-04-05T08:13:03.429458Z[0m [[32m[1minfo     [0m] [1mparsed                        [0m [36mchannel[0m=[35mgoogle_broad[0m [36mraw[0m=[35m100[0m
[2m2026-04-05T08:13:05.833031Z[0m [[32m[1minfo     [0m] [1mfetch                         [0m [36mstatus[0m=[35m200[0m [36murl[0m=[35m'https://news.google.com/rss/search?q=PGR+earnings+analysis&hl=en-US&gl=US&ceid=US:en'[0m
[2m2026-04-05T08:13:05.877095Z[0m [[32m[1minfo     [0m] [1mparsed                        [0m [36mchannel[0m=[35mgoogle_broad[0m [36mraw[0m=[35m49[0m
[2m2026-04-05T08:13:05.878410Z[0m [[32m[1minfo     [0m] [1mquality_filter                [0m [36minput[0m=[35m195[0m [36mpassed[0m=[35m2[0m
[2m2026-04-05T08:13:05.878765Z[0m [[32m[1minfo     [0m] [1mdedup                         [0m [36mafter[0m=[35m2[0m [36mbefore[0m=[35m2[0m
[2m2026-04-05T08:13:05.878903Z[0m [[32m[1minfo     [0m] [1mfulltext_selection            [0m [36mcandidates[0m=[35m0[0m [36mfiltered[0m=[35m2[0m [36mmode[0m=[35mhigh-value[0m [36mticker[0m=[35mPGR[0m
[2m2026-04-05T08:13:05.879654Z[0m [[32m[1minfo     [0m] [1mcrawling                      [0m [36mchannel[0m=[35mGoogle->Benzinga[0m [36mtag[0m=[35mgoogle_benzinga[0m
[2m2026-04-05T08:13:08.370994Z[0m [[32m[1minfo     [0m] [1mfetch                         [0m [36mstatus[0m=[35m200[0m [36murl[0m=[35m'https://news.google.com/rss/search?q=COF+site:benzinga.com&hl=en-US&gl=US&ceid=US:en'[0m
[2m2026-04-05T08:13:08.427051Z[0m [[32m[1minfo     [0m] [1mparsed                        [0m [36mchannel[0m=[35mgoogle_benzinga[0m [36mraw[0m=[35m58[0m
[2m2026-04-05T08:13:10.433075Z[0m [[32m[1minfo     [0m] [1mfetch                         [0m [36mstatus[0m=[35m200[0m [36murl[0m=[35m'https://news.google.com/rss/search?q=COF+site:benzinga.com&hl=en-US&gl=US&ceid=US:en'[0m
[2m2026-04-05T08:13:10.468590Z[0m [[32m[1minfo     [0m] [1mparsed                        [0m [36mchannel[0m=[35mgoogle_benzinga[0m [36mraw[0m=[35m58[0m
[2m2026-04-05T08:13:10.468754Z[0m [[32m[1minfo     [0m] [1mcrawling                      [0m [36mchannel[0m=[35m'Google News (all)'[0m [36mtag[0m=[35mgoogle_broad[0m
[2m2026-04-05T08:13:13.014425Z[0m [[32m[1minfo     [0m] [1mfetch                         [0m [36mstatus[0m=[35m200[0m [36murl[0m=[35m'https://news.google.com/rss/search?q=COF+stock+news&hl=en-US&gl=US&ceid=US:en'[0m
[2m2026-04-05T08:13:13.151328Z[0m [[32m[1minfo     [0m] [1mparsed                        [0m [36mchannel[0m=[35mgoogle_broad[0m [36mraw[0m=[35m100[0m
[2m2026-04-05T08:13:15.557158Z[0m [[32m[1minfo     [0m] [1mfetch                         [0m [36mstatus[0m=[35m200[0m [36murl[0m=[35m'https://news.google.com/rss/search?q=COF+earnings+analysis&hl=en-US&gl=US&ceid=US:en'[0m
[2m2026-04-05T08:13:15.592371Z[0m [[32m[1minfo     [0m] [1mparsed                        [0m [36mchannel[0m=[35mgoogle_broad[0m [36mraw[0m=[35m45[0m
[2m2026-04-05T08:13:15.594038Z[0m [[32m[1minfo     [0m] [1mquality_filter                [0m [36minput[0m=[35m261[0m [36mpassed[0m=[35m1[0m
[2m2026-04-05T08:13:15.594338Z[0m [[32m[1minfo     [0m] [1mdedup                         [0m [36mafter[0m=[35m1[0m [36mbefore[0m=[35m1[0m
[2m2026-04-05T08:13:15.594454Z[0m [[32m[1minfo     [0m] [1mfulltext_selection            [0m [36mcandidates[0m=[35m0[0m [36mfiltered[0m=[35m1[0m [36mmode[0m=[35mhigh-value[0m [36mticker[0m=[35mCOF[0m
[2m2026-04-05T08:13:15.595155Z[0m [[32m[1minfo     [0m] [1mcrawling                      [0m [36mchannel[0m=[35mGoogle->Benzinga[0m [36mtag[0m=[35mgoogle_benzinga[0m
[2m2026-04-05T08:13:18.445455Z[0m [[32m[1minfo     [0m] [1mfetch                         [0m [36mstatus[0m=[35m200[0m [36murl[0m=[35m'https://news.google.com/rss/search?q=MCK+site:benzinga.com&hl=en-US&gl=US&ceid=US:en'[0m
[2m2026-04-05T08:13:18.462506Z[0m [[32m[1minfo     [0m] [1mparsed                        [0m [36mchannel[0m=[35mgoogle_benzinga[0m [36mraw[0m=[35m20[0m
[2m2026-04-05T08:13:20.467725Z[0m [[32m[1minfo     [0m] [1mfetch                         [0m [36mstatus[0m=[35m200[0m [36murl[0m=[35m'https://news.google.com/rss/search?q=MCK+site:benzinga.com&hl=en-US&gl=US&ceid=US:en'[0m
[2m2026-04-05T08:13:20.481437Z[0m [[32m[1minfo     [0m] [1mparsed                        [0m [36mchannel[0m=[35mgoogle_benzinga[0m [36mraw[0m=[35m20[0m
[2m2026-04-05T08:13:20.481590Z[0m [[32m[1minfo     [0m] [1mcrawling                      [0m [36mchannel[0m=[35m'Google News (all)'[0m [36mtag[0m=[35mgoogle_broad[0m
[2m2026-04-05T08:13:22.982979Z[0m [[32m[1minfo     [0m] [1mfetch                         [0m [36mstatus[0m=[35m200[0m [36murl[0m=[35m'https://news.google.com/rss/search?q=MCK+stock+news&hl=en-US&gl=US&ceid=US:en'[0m
[2m2026-04-05T08:13:23.132993Z[0m [[32m[1minfo     [0m] [1mparsed                        [0m [36mchannel[0m=[35mgoogle_broad[0m [36mraw[0m=[35m100[0m
[2m2026-04-05T08:13:25.573151Z[0m [[32m[1minfo     [0m] [1mfetch                         [0m [36mstatus[0m=[35m200[0m [36murl[0m=[35m'https://news.google.com/rss/search?q=MCK+earnings+analysis&hl=en-US&gl=US&ceid=US:en'[0m
[2m2026-04-05T08:13:25.616990Z[0m [[32m[1minfo     [0m] [1mparsed                        [0m [36mchannel[0m=[35mgoogle_broad[0m [36mraw[0m=[35m49[0m
[2m2026-04-05T08:13:25.618259Z[0m [[32m[1minfo     [0m] [1mquality_filter                [0m [36minput[0m=[35m189[0m [36mpassed[0m=[35m2[0m
[2m2026-04-05T08:13:25.618629Z[0m [[32m[1minfo     [0m] [1mdedup                         [0m [36mafter[0m=[35m2[0m [36mbefore[0m=[35m2[0m
[2m2026-04-05T08:13:25.618747Z[0m [[32m[1minfo     [0m] [1mfulltext_selection            [0m [36mcandidates[0m=[35m1[0m [36mfiltered[0m=[35m2[0m [36mmode[0m=[35mhigh-value[0m [36mticker[0m=[35mMCK[0m
[2m2026-04-05T08:13:28.604346Z[0m [[32m[1minfo     [0m] [1mfetch                         [0m [36mstatus[0m=[35m200[0m [36murl[0m=[35mhttps://intellectia.ai/en/stock/MCK/earnings[0m
[2m2026-04-05T08:13:29.215981Z[0m [[32m[1minfo     [0m] [1mcrawling                      [0m [36mchannel[0m=[35mGoogle->Benzinga[0m [36mtag[0m=[35mgoogle_benzinga[0m
[2m2026-04-05T08:13:31.790619Z[0m [[32m[1minfo     [0m] [1mfetch                         [0m [36mstatus[0m=[35m200[0m [36murl[0m=[35m'https://news.google.com/rss/search?q=HCA+site:benzinga.com&hl=en-US&gl=US&ceid=US:en'[0m
[2m2026-04-05T08:13:31.847017Z[0m [[32m[1minfo     [0m] [1mparsed                        [0m [36mchannel[0m=[35mgoogle_benzinga[0m [36mraw[0m=[35m60[0m
[2m2026-04-05T08:13:33.852640Z[0m [[32m[1minfo     [0m] [1mfetch                         [0m [36mstatus[0m=[35m200[0m [36murl[0m=[35m'https://news.google.com/rss/search?q=HCA+site:benzinga.com&hl=en-US&gl=US&ceid=US:en'[0m
[2m2026-04-05T08:13:33.888662Z[0m [[32m[1minfo     [0m] [1mparsed                        [0m [36mchannel[0m=[35mgoogle_benzinga[0m [36mraw[0m=[35m60[0m
[2m2026-04-05T08:13:33.888828Z[0m [[32m[1minfo     [0m] [1mcrawling                      [0m [36mchannel[0m=[35m'Google News (all)'[0m [36mtag[0m=[35mgoogle_broad[0m
[2m2026-04-05T08:13:36.632200Z[0m [[32m[1minfo     [0m] [1mfetch                         [0m [36mstatus[0m=[35m200[0m [36murl[0m=[35m'https://news.google.com/rss/search?q=HCA+stock+news&hl=en-US&gl=US&ceid=US:en'[0m
[2m2026-04-05T08:13:36.773813Z[0m [[32m[1minfo     [0m] [1mparsed                        [0m [36mchannel[0m=[35mgoogle_broad[0m [36mraw[0m=[35m100[0m
[2m2026-04-05T08:13:39.192348Z[0m [[32m[1minfo     [0m] [1mfetch                         [0m [36mstatus[0m=[35m200[0m [36murl[0m=[35m'https://news.google.com/rss/search?q=HCA+earnings+analysis&hl=en-US&gl=US&ceid=US:en'[0m
[2m2026-04-05T08:13:39.222790Z[0m [[32m[1minfo     [0m] [1mparsed                        [0m [36mchannel[0m=[35mgoogle_broad[0m [36mraw[0m=[35m40[0m
[2m2026-04-05T08:13:39.224386Z[0m [[32m[1minfo     [0m] [1mquality_filter                [0m [36minput[0m=[35m260[0m [36mpassed[0m=[35m4[0m
[2m2026-04-05T08:13:39.224914Z[0m [[32m[1minfo     [0m] [1mdedup                         [0m [36mafter[0m=[35m4[0m [36mbefore[0m=[35m4[0m
[2m2026-04-05T08:13:39.225054Z[0m [[32m[1minfo     [0m] [1mfulltext_selection            [0m [36mcandidates[0m=[35m3[0m [36mfiltered[0m=[35m4[0m [36mmode[0m=[35mhigh-value[0m [36mticker[0m=[35mHCA[0m
[2m2026-04-05T08:13:41.072592Z[0m [[32m[1minfo     [0m] [1mfetch                         [0m [36mstatus[0m=[35m403[0m [36murl[0m=[35mhttps://www.investing.com/news/analyst-ratings/cantor-fitzgerald-reiterates-hca-healthcare[0m
[2m2026-04-05T08:13:42.072731Z[0m [[32m[1minfo     [0m] [1mfetch                         [0m [36mstatus[0m=[35m200[0m [36murl[0m=[35mhttps://intellectia.ai/en/stock/HCA/news[0m
[2m2026-04-05T08:13:42.748129Z[0m [[32m[1minfo     [0m] [1mfetch                         [0m [36mstatus[0m=[35m200[0m [36murl[0m=[35mhttps://www.investors.com/research/ibd-stock-of-the-day/hca-stock-of-the-day-ai-winner-pal[0m
[2m2026-04-05T08:13:43.171292Z[0m [[32m[1minfo     [0m] [1mcrawling                      [0m [36mchannel[0m=[35mGoogle->Benzinga[0m [36mtag[0m=[35mgoogle_benzinga[0m
[2m2026-04-05T08:13:45.811139Z[0m [[32m[1minfo     [0m] [1mfetch                         [0m [36mstatus[0m=[35m200[0m [36murl[0m=[35m'https://news.google.com/rss/search?q=MO+site:benzinga.com&hl=en-US&gl=US&ceid=US:en'[0m
[2m2026-04-05T08:13:45.952663Z[0m [[32m[1minfo     [0m] [1mparsed                        [0m [36mchannel[0m=[35mgoogle_benzinga[0m [36mraw[0m=[35m100[0m
[2m2026-04-05T08:13:47.960388Z[0m [[32m[1minfo     [0m] [1mfetch                         [0m [36mstatus[0m=[35m200[0m [36murl[0m=[35m'https://news.google.com/rss/search?q=MO+site:benzinga.com&hl=en-US&gl=US&ceid=US:en'[0m
[2m2026-04-05T08:13:48.021225Z[0m [[32m[1minfo     [0m] [1mparsed                        [0m [36mchannel[0m=[35mgoogle_benzinga[0m [36mraw[0m=[35m100[0m
[2m2026-04-05T08:13:48.021402Z[0m [[32m[1minfo     [0m] [1mcrawling                      [0m [36mchannel[0m=[35m'Google News (all)'[0m [36mtag[0m=[35mgoogle_broad[0m
[2m2026-04-05T08:13:50.672931Z[0m [[32m[1minfo     [0m] [1mfetch                         [0m [36mstatus[0m=[35m200[0m [36murl[0m=[35m'https://news.google.com/rss/search?q=MO+stock+news&hl=en-US&gl=US&ceid=US:en'[0m
[2m2026-04-05T08:13:50.816199Z[0m [[32m[1minfo     [0m] [1mparsed                        [0m [36mchannel[0m=[35mgoogle_broad[0m [36mraw[0m=[35m100[0m
[2m2026-04-05T08:13:53.352173Z[0m [[32m[1minfo     [0m] [1mfetch                         [0m [36mstatus[0m=[35m200[0m [36murl[0m=[35m'https://news.google.com/rss/search?q=MO+earnings+analysis&hl=en-US&gl=US&ceid=US:en'[0m
[2m2026-04-05T08:13:53.411975Z[0m [[32m[1minfo     [0m] [1mparsed                        [0m [36mchannel[0m=[35mgoogle_broad[0m [36mraw[0m=[35m65[0m
[2m2026-04-05T08:13:53.413663Z[0m [[32m[1minfo     [0m] [1mquality_filter                [0m [36minput[0m=[35m365[0m [36mpassed[0m=[35m0[0m
[2m2026-04-05T08:13:53.413804Z[0m [[32m[1minfo     [0m] [1mdedup                         [0m [36mafter[0m=[35m0[0m [36mbefore[0m=[35m0[0m
[2m2026-04-05T08:13:53.413877Z[0m [[32m[1minfo     [0m] [1mfulltext_selection            [0m [36mcandidates[0m=[35m0[0m [36mfiltered[0m=[35m0[0m [36mmode[0m=[35mhigh-value[0m [36mticker[0m=[35mMO[0m
[2m2026-04-05T08:13:53.414626Z[0m [[32m[1minfo     [0m] [1mcrawling                      [0m [36mchannel[0m=[35mGoogle->Benzinga[0m [36mtag[0m=[35mgoogle_benzinga[0m
[2m2026-04-05T08:13:55.963840Z[0m [[32m[1minfo     [0m] [1mfetch                         [0m [36mstatus[0m=[35m200[0m [36murl[0m=[35m'https://news.google.com/rss/search?q=SBUX+site:benzinga.com&hl=en-US&gl=US&ceid=US:en'[0m
[2m2026-04-05T08:13:56.106774Z[0m [[32m[1minfo     [0m] [1mparsed                        [0m [36mchannel[0m=[35mgoogle_benzinga[0m [36mraw[0m=[35m99[0m
[2m2026-04-05T08:13:58.112315Z[0m [[32m[1minfo     [0m] [1mfetch                         [0m [36mstatus[0m=[35m200[0m [36murl[0m=[35m'https://news.google.com/rss/search?q=SBUX+site:benzinga.com&hl=en-US&gl=US&ceid=US:en'[0m
[2m2026-04-05T08:13:58.171955Z[0m [[32m[1minfo     [0m] [1mparsed                        [0m [36mchannel[0m=[35mgoogle_benzinga[0m [36mraw[0m=[35m99[0m
[2m2026-04-05T08:13:58.172126Z[0m [[32m[1minfo     [0m] [1mcrawling                      [0m [36mchannel[0m=[35m'Google News (all)'[0m [36mtag[0m=[35mgoogle_broad[0m
[2m2026-04-05T08:14:00.838117Z[0m [[32m[1minfo     [0m] [1mfetch                         [0m [36mstatus[0m=[35m200[0m [36murl[0m=[35m'https://news.google.com/rss/search?q=SBUX+stock+news&hl=en-US&gl=US&ceid=US:en'[0m
[2m2026-04-05T08:14:00.982775Z[0m [[32m[1minfo     [0m] [1mparsed                        [0m [36mchannel[0m=[35mgoogle_broad[0m [36mraw[0m=[35m100[0m
[2m2026-04-05T08:14:03.577570Z[0m [[32m[1minfo     [0m] [1mfetch                         [0m [36mstatus[0m=[35m200[0m [36murl[0m=[35m'https://news.google.com/rss/search?q=SBUX+earnings+analysis&hl=en-US&gl=US&ceid=US:en'[0m
[2m2026-04-05T08:14:03.730186Z[0m [[32m[1minfo     [0m] [1mparsed                        [0m [36mchannel[0m=[35mgoogle_broad[0m [36mraw[0m=[35m100[0m
[2m2026-04-05T08:14:03.731701Z[0m [[32m[1minfo     [0m] [1mquality_filter                [0m [36minput[0m=[35m398[0m [36mpassed[0m=[35m2[0m
[2m2026-04-05T08:14:03.732148Z[0m [[32m[1minfo     [0m] [1mdedup                         [0m [36mafter[0m=[35m2[0m [36mbefore[0m=[35m2[0m
[2m2026-04-05T08:14:03.732322Z[0m [[32m[1minfo     [0m] [1mfulltext_selection            [0m [36mcandidates[0m=[35m2[0m [36mfiltered[0m=[35m2[0m [36mmode[0m=[35mhigh-value[0m [36mticker[0m=[35mSBUX[0m
[2m2026-04-05T08:14:05.986788Z[0m [[32m[1minfo     [0m] [1mfetch                         [0m [36mstatus[0m=[35m200[0m [36murl[0m=[35mhttps://blockonomi.com/starbucks-sbux-stock-flat-despite-china-partnership-closure-and-emp[0m
[2m2026-04-05T08:14:07.791655Z[0m [[32m[1minfo     [0m] [1mfetch                         [0m [36mstatus[0m=[35m200[0m [36murl[0m=[35mhttps://coincentral.com/starbucks-sbux-stock-unmoved-as-china-deal-and-bonus-plan-land-on-[0m
[2m2026-04-05T08:14:08.016403Z[0m [[32m[1minfo     [0m] [1mcrawling                      [0m [36mchannel[0m=[35mGoogle->Benzinga[0m [36mtag[0m=[35mgoogle_benzinga[0m
[2m2026-04-05T08:14:10.682143Z[0m [[32m[1minfo     [0m] [1mfetch                         [0m [36mstatus[0m=[35m200[0m [36murl[0m=[35m'https://news.google.com/rss/search?q=CMCSA+site:benzinga.com&hl=en-US&gl=US&ceid=US:en'[0m
[2m2026-04-05T08:14:10.833271Z[0m [[32m[1minfo     [0m] [1mparsed                        [0m [36mchannel[0m=[35mgoogle_benzinga[0m [36mraw[0m=[35m100[0m
[2m2026-04-05T08:14:12.838635Z[0m [[32m[1minfo     [0m] [1mfetch                         [0m [36mstatus[0m=[35m200[0m [36murl[0m=[35m'https://news.google.com/rss/search?q=CMCSA+site:benzinga.com&hl=en-US&gl=US&ceid=US:en'[0m
[2m2026-04-05T08:14:12.899983Z[0m [[32m[1minfo     [0m] [1mparsed                        [0m [36mchannel[0m=[35mgoogle_benzinga[0m [36mraw[0m=[35m100[0m
[2m2026-04-05T08:14:12.900156Z[0m [[32m[1minfo     [0m] [1mcrawling                      [0m [36mchannel[0m=[35m'Google News (all)'[0m [36mtag[0m=[35mgoogle_broad[0m
[2m2026-04-05T08:14:15.441989Z[0m [[32m[1minfo     [0m] [1mfetch                         [0m [36mstatus[0m=[35m200[0m [36murl[0m=[35m'https://news.google.com/rss/search?q=CMCSA+stock+news&hl=en-US&gl=US&ceid=US:en'[0m
[2m2026-04-05T08:14:15.584371Z[0m [[32m[1minfo     [0m] [1mparsed                        [0m [36mchannel[0m=[35mgoogle_broad[0m [36mraw[0m=[35m100[0m
[2m2026-04-05T08:14:18.018869Z[0m [[32m[1minfo     [0m] [1mfetch                         [0m [36mstatus[0m=[35m200[0m [36murl[0m=[35m'https://news.google.com/rss/search?q=CMCSA+earnings+analysis&hl=en-US&gl=US&ceid=US:en'[0m
[2m2026-04-05T08:14:18.132084Z[0m [[32m[1minfo     [0m] [1mparsed                        [0m [36mchannel[0m=[35mgoogle_broad[0m [36mraw[0m=[35m63[0m
[2m2026-04-05T08:14:18.133740Z[0m [[32m[1minfo     [0m] [1mquality_filter                [0m [36minput[0m=[35m363[0m [36mpassed[0m=[35m1[0m
[2m2026-04-05T08:14:18.133988Z[0m [[32m[1minfo     [0m] [1mdedup                         [0m [36mafter[0m=[35m1[0m [36mbefore[0m=[35m1[0m
[2m2026-04-05T08:14:18.134099Z[0m [[32m[1minfo     [0m] [1mfulltext_selection            [0m [36mcandidates[0m=[35m1[0m [36mfiltered[0m=[35m1[0m [36mmode[0m=[35mhigh-value[0m [36mticker[0m=[35mCMCSA[0m
[2m2026-04-05T08:14:21.568929Z[0m [[32m[1minfo     [0m] [1mfetch                         [0m [36mstatus[0m=[35m200[0m [36murl[0m=[35mhttps://intellectia.ai/en/stock/CMCSA/earnings[0m
[2m2026-04-05T08:14:22.179097Z[0m [[32m[1minfo     [0m] [1mcrawling                      [0m [36mchannel[0m=[35mGoogle->Benzinga[0m [36mtag[0m=[35mgoogle_benzinga[0m
[2m2026-04-05T08:14:24.756889Z[0m [[32m[1minfo     [0m] [1mfetch                         [0m [36mstatus[0m=[35m200[0m [36murl[0m=[35m'https://news.google.com/rss/search?q=CVS+site:benzinga.com&hl=en-US&gl=US&ceid=US:en'[0m
[2m2026-04-05T08:14:24.892451Z[0m [[32m[1minfo     [0m] [1mparsed                        [0m [36mchannel[0m=[35mgoogle_benzinga[0m [36mraw[0m=[35m100[0m
[2m2026-04-05T08:14:26.897879Z[0m [[32m[1minfo     [0m] [1mfetch                         [0m [36mstatus[0m=[35m200[0m [36murl[0m=[35m'https://news.google.com/rss/search?q=CVS+site:benzinga.com&hl=en-US&gl=US&ceid=US:en'[0m
[2m2026-04-05T08:14:26.957914Z[0m [[32m[1minfo     [0m] [1mparsed                        [0m [36mchannel[0m=[35mgoogle_benzinga[0m [36mraw[0m=[35m100[0m
[2m2026-04-05T08:14:26.958095Z[0m [[32m[1minfo     [0m] [1mcrawling                      [0m [36mchannel[0m=[35m'Google News (all)'[0m [36mtag[0m=[35mgoogle_broad[0m
[2m2026-04-05T08:14:29.565042Z[0m [[32m[1minfo     [0m] [1mfetch                         [0m [36mstatus[0m=[35m200[0m [36murl[0m=[35m'https://news.google.com/rss/search?q=CVS+stock+news&hl=en-US&gl=US&ceid=US:en'[0m
[2m2026-04-05T08:14:29.709089Z[0m [[32m[1minfo     [0m] [1mparsed                        [0m [36mchannel[0m=[35mgoogle_broad[0m [36mraw[0m=[35m100[0m
[2m2026-04-05T08:14:32.195791Z[0m [[32m[1minfo     [0m] [1mfetch                         [0m [36mstatus[0m=[35m200[0m [36murl[0m=[35m'https://news.google.com/rss/search?q=CVS+earnings+analysis&hl=en-US&gl=US&ceid=US:en'[0m
[2m2026-04-05T08:14:32.314865Z[0m [[32m[1minfo     [0m] [1mparsed                        [0m [36mchannel[0m=[35mgoogle_broad[0m [36mraw[0m=[35m71[0m
[2m2026-04-05T08:14:32.317567Z[0m [[32m[1minfo     [0m] [1mquality_filter                [0m [36minput[0m=[35m371[0m [36mpassed[0m=[35m9[0m
[2m2026-04-05T08:14:32.318946Z[0m [[32m[1minfo     [0m] [1mdedup                         [0m [36mafter[0m=[35m7[0m [36mbefore[0m=[35m9[0m
[2m2026-04-05T08:14:32.319137Z[0m [[32m[1minfo     [0m] [1mfulltext_selection            [0m [36mcandidates[0m=[35m4[0m [36mfiltered[0m=[35m7[0m [36mmode[0m=[35mhigh-value[0m [36mticker[0m=[35mCVS[0m
[2m2026-04-05T08:14:34.310146Z[0m [[32m[1minfo     [0m] [1mfetch                         [0m [36mstatus[0m=[35m200[0m [36murl[0m=[35mhttps://www.marketbeat.com/instant-alerts/filing-toth-financial-advisory-corp-boosts-stock[0m
[2m2026-04-05T08:14:34.331153Z[0m [[32m[1minfo     [0m] [1mfetch                         [0m [36mstatus[0m=[35m200[0m [36murl[0m=[35mhttps://www.marketbeat.com/instant-alerts/filing-aberdeen-group-plc-lowers-stake-in-cvs-he[0m
[2m2026-04-05T08:14:34.604894Z[0m [[32m[1minfo     [0m] [1mfetch                         [0m [36mstatus[0m=[35m200[0m [36murl[0m=[35mhttps://www.fool.com/investing/2026/04/04/if-invest-100-cvs-health-cvs-stock-lost-money/[0m
[2m2026-04-05T08:14:35.187116Z[0m [[32m[1minfo     [0m] [1mfetch                         [0m [36mstatus[0m=[35m200[0m [36murl[0m=[35mhttps://intellectia.ai/en/stock/CVS/earnings[0m
[2m2026-04-05T08:14:35.798990Z[0m [[32m[1minfo     [0m] [1mcrawling                      [0m [36mchannel[0m=[35mGoogle->Benzinga[0m [36mtag[0m=[35mgoogle_benzinga[0m
[2m2026-04-05T08:14:38.457028Z[0m [[32m[1minfo     [0m] [1mfetch                         [0m [36mstatus[0m=[35m200[0m [36murl[0m=[35m'https://news.google.com/rss/search?q=UPS+site:benzinga.com&hl=en-US&gl=US&ceid=US:en'[0m
[2m2026-04-05T08:14:38.589972Z[0m [[32m[1minfo     [0m] [1mparsed                        [0m [36mchannel[0m=[35mgoogle_benzinga[0m [36mraw[0m=[35m100[0m
[2m2026-04-05T08:14:40.595533Z[0m [[32m[1minfo     [0m] [1mfetch                         [0m [36mstatus[0m=[35m200[0m [36murl[0m=[35m'https://news.google.com/rss/search?q=UPS+site:benzinga.com&hl=en-US&gl=US&ceid=US:en'[0m
[2m2026-04-05T08:14:40.654995Z[0m [[32m[1minfo     [0m] [1mparsed                        [0m [36mchannel[0m=[35mgoogle_benzinga[0m [36mraw[0m=[35m100[0m
[2m2026-04-05T08:14:40.655165Z[0m [[32m[1minfo     [0m] [1mcrawling                      [0m [36mchannel[0m=[35m'Google News (all)'[0m [36mtag[0m=[35mgoogle_broad[0m
[2m2026-04-05T08:14:43.339010Z[0m [[32m[1minfo     [0m] [1mfetch                         [0m [36mstatus[0m=[35m200[0m [36murl[0m=[35m'https://news.google.com/rss/search?q=UPS+stock+news&hl=en-US&gl=US&ceid=US:en'[0m
[2m2026-04-05T08:14:43.483175Z[0m [[32m[1minfo     [0m] [1mparsed                        [0m [36mchannel[0m=[35mgoogle_broad[0m [36mraw[0m=[35m100[0m
[2m2026-04-05T08:14:46.097472Z[0m [[32m[1minfo     [0m] [1mfetch                         [0m [36mstatus[0m=[35m200[0m [36murl[0m=[35m'https://news.google.com/rss/search?q=UPS+earnings+analysis&hl=en-US&gl=US&ceid=US:en'[0m
[2m2026-04-05T08:14:46.248645Z[0m [[32m[1minfo     [0m] [1mparsed                        [0m [36mchannel[0m=[35mgoogle_broad[0m [36mraw[0m=[35m100[0m
[2m2026-04-05T08:14:46.250061Z[0m [[32m[1minfo     [0m] [1mquality_filter                [0m [36minput[0m=[35m400[0m [36mpassed[0m=[35m1[0m
[2m2026-04-05T08:14:46.250318Z[0m [[32m[1minfo     [0m] [1mdedup                         [0m [36mafter[0m=[35m1[0m [36mbefore[0m=[35m1[0m
[2m2026-04-05T08:14:46.250427Z[0m [[32m[1minfo     [0m] [1mfulltext_selection            [0m [36mcandidates[0m=[35m1[0m [36mfiltered[0m=[35m1[0m [36mmode[0m=[35mhigh-value[0m [36mticker[0m=[35mUPS[0m
[2m2026-04-05T08:14:49.262273Z[0m [[32m[1minfo     [0m] [1mfetch                         [0m [36mstatus[0m=[35m200[0m [36murl[0m=[35mhttps://intellectia.ai/en/stock/UPS/earnings[0m
[2m2026-04-05T08:14:49.873913Z[0m [[32m[1minfo     [0m] [1mcrawling                      [0m [36mchannel[0m=[35mGoogle->Benzinga[0m [36mtag[0m=[35mgoogle_benzinga[0m
[2m2026-04-05T08:14:52.373514Z[0m [[32m[1minfo     [0m] [1mfetch                         [0m [36mstatus[0m=[35m200[0m [36murl[0m=[35m'https://news.google.com/rss/search?q=EQIX+site:benzinga.com&hl=en-US&gl=US&ceid=US:en'[0m
[2m2026-04-05T08:14:52.439061Z[0m [[32m[1minfo     [0m] [1mparsed                        [0m [36mchannel[0m=[35mgoogle_benzinga[0m [36mraw[0m=[35m65[0m
[2m2026-04-05T08:14:54.444320Z[0m [[32m[1minfo     [0m] [1mfetch                         [0m [36mstatus[0m=[35m200[0m [36murl[0m=[35m'https://news.google.com/rss/search?q=EQIX+site:benzinga.com&hl=en-US&gl=US&ceid=US:en'[0m
[2m2026-04-05T08:14:54.483166Z[0m [[32m[1minfo     [0m] [1mparsed                        [0m [36mchannel[0m=[35mgoogle_benzinga[0m [36mraw[0m=[35m65[0m
[2m2026-04-05T08:14:54.483344Z[0m [[32m[1minfo     [0m] [1mcrawling                      [0m [36mchannel[0m=[35m'Google News (all)'[0m [36mtag[0m=[35mgoogle_broad[0m
[2m2026-04-05T08:14:56.998940Z[0m [[32m[1minfo     [0m] [1mfetch                         [0m [36mstatus[0m=[35m200[0m [36murl[0m=[35m'https://news.google.com/rss/search?q=EQIX+stock+news&hl=en-US&gl=US&ceid=US:en'[0m
[2m2026-04-05T08:14:57.090871Z[0m [[32m[1minfo     [0m] [1mparsed                        [0m [36mchannel[0m=[35mgoogle_broad[0m [36mraw[0m=[35m100[0m
[2m2026-04-05T08:14:59.505632Z[0m [[32m[1minfo     [0m] [1mfetch                         [0m [36mstatus[0m=[35m200[0m [36murl[0m=[35m'https://news.google.com/rss/search?q=EQIX+earnings+analysis&hl=en-US&gl=US&ceid=US:en'[0m
[2m2026-04-05T08:14:59.539182Z[0m [[32m[1minfo     [0m] [1mparsed                        [0m [36mchannel[0m=[35mgoogle_broad[0m [36mraw[0m=[35m43[0m
[2m2026-04-05T08:14:59.540629Z[0m [[32m[1minfo     [0m] [1mquality_filter                [0m [36minput[0m=[35m273[0m [36mpassed[0m=[35m2[0m
[2m2026-04-05T08:14:59.540961Z[0m [[32m[1minfo     [0m] [1mdedup                         [0m [36mafter[0m=[35m2[0m [36mbefore[0m=[35m2[0m
[2m2026-04-05T08:14:59.541079Z[0m [[32m[1minfo     [0m] [1mfulltext_selection            [0m [36mcandidates[0m=[35m1[0m [36mfiltered[0m=[35m2[0m [36mmode[0m=[35mhigh-value[0m [36mticker[0m=[35mEQIX[0m
[2m2026-04-05T08:15:02.540930Z[0m [[32m[1minfo     [0m] [1mfetch                         [0m [36mstatus[0m=[35m200[0m [36murl[0m=[35mhttps://intellectia.ai/en/stock/EQIX/earnings[0m
[2m2026-04-05T08:15:03.185971Z[0m [[32m[1minfo     [0m] [1mcrawling                      [0m [36mchannel[0m=[35mGoogle->Benzinga[0m [36mtag[0m=[35mgoogle_benzinga[0m
[2m2026-04-05T08:15:05.784010Z[0m [[32m[1minfo     [0m] [1mfetch                         [0m [36mstatus[0m=[35m200[0m [36murl[0m=[35m'https://news.google.com/rss/search?q=NKE+site:benzinga.com&hl=en-US&gl=US&ceid=US:en'[0m
[2m2026-04-05T08:15:05.922103Z[0m [[32m[1minfo     [0m] [1mparsed                        [0m [36mchannel[0m=[35mgoogle_benzinga[0m [36mraw[0m=[35m100[0m
[2m2026-04-05T08:15:07.927836Z[0m [[32m[1minfo     [0m] [1mfetch                         [0m [36mstatus[0m=[35m200[0m [36murl[0m=[35m'https://news.google.com/rss/search?q=NKE+site:benzinga.com&hl=en-US&gl=US&ceid=US:en'[0m
[2m2026-04-05T08:15:07.987742Z[0m [[32m[1minfo     [0m] [1mparsed                        [0m [36mchannel[0m=[35mgoogle_benzinga[0m [36mraw[0m=[35m100[0m
[2m2026-04-05T08:15:07.987911Z[0m [[32m[1minfo     [0m] [1mcrawling                      [0m [36mchannel[0m=[35m'Google News (all)'[0m [36mtag[0m=[35mgoogle_broad[0m
[2m2026-04-05T08:15:10.535776Z[0m [[32m[1minfo     [0m] [1mfetch                         [0m [36mstatus[0m=[35m200[0m [36murl[0m=[35m'https://news.google.com/rss/search?q=NKE+stock+news&hl=en-US&gl=US&ceid=US:en'[0m
[2m2026-04-05T08:15:10.685749Z[0m [[32m[1minfo     [0m] [1mparsed                        [0m [36mchannel[0m=[35mgoogle_broad[0m [36mraw[0m=[35m100[0m
[2m2026-04-05T08:15:13.219517Z[0m [[32m[1minfo     [0m] [1mfetch                         [0m [36mstatus[0m=[35m200[0m [36murl[0m=[35m'https://news.google.com/rss/search?q=NKE+earnings+analysis&hl=en-US&gl=US&ceid=US:en'[0m
[2m2026-04-05T08:15:13.363620Z[0m [[32m[1minfo     [0m] [1mparsed                        [0m [36mchannel[0m=[35mgoogle_broad[0m [36mraw[0m=[35m100[0m
[2m2026-04-05T08:15:13.364888Z[0m [[32m[1minfo     [0m] [1mquality_filter                [0m [36minput[0m=[35m400[0m [36mpassed[0m=[35m0[0m
[2m2026-04-05T08:15:13.365027Z[0m [[32m[1minfo     [0m] [1mdedup                         [0m [36mafter[0m=[35m0[0m [36mbefore[0m=[35m0[0m
[2m2026-04-05T08:15:13.365100Z[0m [[32m[1minfo     [0m] [1mfulltext_selection            [0m [36mcandidates[0m=[35m0[0m [36mfiltered[0m=[35m0[0m [36mmode[0m=[35mhigh-value[0m [36mticker[0m=[35mNKE[0m
[2m2026-04-05T08:15:13.365822Z[0m [[32m[1minfo     [0m] [1mcrawling                      [0m [36mchannel[0m=[35mGoogle->Benzinga[0m [36mtag[0m=[35mgoogle_benzinga[0m
[2m2026-04-05T08:15:15.775309Z[0m [[32m[1minfo     [0m] [1mfetch                         [0m [36mstatus[0m=[35m200[0m [36murl[0m=[35m'https://news.google.com/rss/search?q=WMB+site:benzinga.com&hl=en-US&gl=US&ceid=US:en'[0m
[2m2026-04-05T08:15:15.791087Z[0m [[32m[1minfo     [0m] [1mparsed                        [0m [36mchannel[0m=[35mgoogle_benzinga[0m [36mraw[0m=[35m22[0m
[2m2026-04-05T08:15:17.796624Z[0m [[32m[1minfo     [0m] [1mfetch                         [0m [36mstatus[0m=[35m200[0m [36murl[0m=[35m'https://news.google.com/rss/search?q=WMB+site:benzinga.com&hl=en-US&gl=US&ceid=US:en'[0m
[2m2026-04-05T08:15:17.811636Z[0m [[32m[1minfo     [0m] [1mparsed                        [0m [36mchannel[0m=[35mgoogle_benzinga[0m [36mraw[0m=[35m22[0m
[2m2026-04-05T08:15:17.811796Z[0m [[32m[1minfo     [0m] [1mcrawling                      [0m [36mchannel[0m=[35m'Google News (all)'[0m [36mtag[0m=[35mgoogle_broad[0m
[2m2026-04-05T08:15:20.269415Z[0m [[32m[1minfo     [0m] [1mfetch                         [0m [36mstatus[0m=[35m200[0m [36murl[0m=[35m'https://news.google.com/rss/search?q=WMB+stock+news&hl=en-US&gl=US&ceid=US:en'[0m
[2m2026-04-05T08:15:20.333747Z[0m [[32m[1minfo     [0m] [1mparsed                        [0m [36mchannel[0m=[35mgoogle_broad[0m [36mraw[0m=[35m100[0m
[2m2026-04-05T08:15:22.768710Z[0m [[32m[1minfo     [0m] [1mfetch                         [0m [36mstatus[0m=[35m200[0m [36murl[0m=[35m'https://news.google.com/rss/search?q=WMB+earnings+analysis&hl=en-US&gl=US&ceid=US:en'[0m
[2m2026-04-05T08:15:22.814634Z[0m [[32m[1minfo     [0m] [1mparsed                        [0m [36mchannel[0m=[35mgoogle_broad[0m [36mraw[0m=[35m49[0m
[2m2026-04-05T08:15:22.816116Z[0m [[32m[1minfo     [0m] [1mquality_filter                [0m [36minput[0m=[35m193[0m [36mpassed[0m=[35m1[0m
[2m2026-04-05T08:15:22.816423Z[0m [[32m[1minfo     [0m] [1mdedup                         [0m [36mafter[0m=[35m1[0m [36mbefore[0m=[35m1[0m
[2m2026-04-05T08:15:22.816548Z[0m [[32m[1minfo     [0m] [1mfulltext_selection            [0m [36mcandidates[0m=[35m0[0m [36mfiltered[0m=[35m1[0m [36mmode[0m=[35mhigh-value[0m [36mticker[0m=[35mWMB[0m
[2m2026-04-05T08:15:22.817309Z[0m [[32m[1minfo     [0m] [1mcrawling                      [0m [36mchannel[0m=[35mGoogle->Benzinga[0m [36mtag[0m=[35mgoogle_benzinga[0m
[2m2026-04-05T08:15:25.455562Z[0m [[32m[1minfo     [0m] [1mfetch                         [0m [36mstatus[0m=[35m200[0m [36murl[0m=[35m'https://news.google.com/rss/search?q=FDX+site:benzinga.com&hl=en-US&gl=US&ceid=US:en'[0m
[2m2026-04-05T08:15:25.607782Z[0m [[32m[1minfo     [0m] [1mparsed                        [0m [36mchannel[0m=[35mgoogle_benzinga[0m [36mraw[0m=[35m100[0m
[2m2026-04-05T08:15:27.614038Z[0m [[32m[1minfo     [0m] [1mfetch                         [0m [36mstatus[0m=[35m200[0m [36murl[0m=[35m'https://news.google.com/rss/search?q=FDX+site:benzinga.com&hl=en-US&gl=US&ceid=US:en'[0m
[2m2026-04-05T08:15:27.678580Z[0m [[32m[1minfo     [0m] [1mparsed                        [0m [36mchannel[0m=[35mgoogle_benzinga[0m [36mraw[0m=[35m100[0m
[2m2026-04-05T08:15:27.678755Z[0m [[32m[1minfo     [0m] [1mcrawling                      [0m [36mchannel[0m=[35m'Google News (all)'[0m [36mtag[0m=[35mgoogle_broad[0m
[2m2026-04-05T08:15:30.288150Z[0m [[32m[1minfo     [0m] [1mfetch                         [0m [36mstatus[0m=[35m200[0m [36murl[0m=[35m'https://news.google.com/rss/search?q=FDX+stock+news&hl=en-US&gl=US&ceid=US:en'[0m
[2m2026-04-05T08:15:30.430654Z[0m [[32m[1minfo     [0m] [1mparsed                        [0m [36mchannel[0m=[35mgoogle_broad[0m [36mraw[0m=[35m100[0m
[2m2026-04-05T08:15:33.020653Z[0m [[32m[1minfo     [0m] [1mfetch                         [0m [36mstatus[0m=[35m200[0m [36murl[0m=[35m'https://news.google.com/rss/search?q=FDX+earnings+analysis&hl=en-US&gl=US&ceid=US:en'[0m
[2m2026-04-05T08:15:33.170812Z[0m [[32m[1minfo     [0m] [1mparsed                        [0m [36mchannel[0m=[35mgoogle_broad[0m [36mraw[0m=[35m100[0m
[2m2026-04-05T08:15:33.172550Z[0m [[32m[1minfo     [0m] [1mquality_filter                [0m [36minput[0m=[35m400[0m [36mpassed[0m=[35m2[0m
[2m2026-04-05T08:15:33.172892Z[0m [[32m[1minfo     [0m] [1mdedup                         [0m [36mafter[0m=[35m2[0m [36mbefore[0m=[35m2[0m
[2m2026-04-05T08:15:33.173013Z[0m [[32m[1minfo     [0m] [1mfulltext_selection            [0m [36mcandidates[0m=[35m0[0m [36mfiltered[0m=[35m2[0m [36mmode[0m=[35mhigh-value[0m [36mticker[0m=[35mFDX[0m
[2m2026-04-05T08:15:33.173764Z[0m [[32m[1minfo     [0m] [1mcrawling                      [0m [36mchannel[0m=[35mGoogle->Benzinga[0m [36mtag[0m=[35mgoogle_benzinga[0m
[2m2026-04-05T08:15:35.550041Z[0m [[32m[1minfo     [0m] [1mfetch                         [0m [36mstatus[0m=[35m200[0m [36murl[0m=[35m'https://news.google.com/rss/search?q=MRSH+site:benzinga.com&hl=en-US&gl=US&ceid=US:en'[0m
[2m2026-04-05T08:15:35.556420Z[0m [[32m[1minfo     [0m] [1mparsed                        [0m [36mchannel[0m=[35mgoogle_benzinga[0m [36mraw[0m=[35m5[0m
[2m2026-04-05T08:15:37.561668Z[0m [[32m[1minfo     [0m] [1mfetch                         [0m [36mstatus[0m=[35m200[0m [36murl[0m=[35m'https://news.google.com/rss/search?q=MRSH+site:benzinga.com&hl=en-US&gl=US&ceid=US:en'[0m
[2m2026-04-05T08:15:37.566545Z[0m [[32m[1minfo     [0m] [1mparsed                        [0m [36mchannel[0m=[35mgoogle_benzinga[0m [36mraw[0m=[35m5[0m
[2m2026-04-05T08:15:37.566695Z[0m [[32m[1minfo     [0m] [1mcrawling                      [0m [36mchannel[0m=[35m'Google News (all)'[0m [36mtag[0m=[35mgoogle_broad[0m
[2m2026-04-05T08:15:40.127109Z[0m [[32m[1minfo     [0m] [1mfetch                         [0m [36mstatus[0m=[35m200[0m [36murl[0m=[35m'https://news.google.com/rss/search?q=MRSH+stock+news&hl=en-US&gl=US&ceid=US:en'[0m
[2m2026-04-05T08:15:40.268251Z[0m [[32m[1minfo     [0m] [1mparsed                        [0m [36mchannel[0m=[35mgoogle_broad[0m [36mraw[0m=[35m96[0m
[2m2026-04-05T08:15:42.660857Z[0m [[32m[1minfo     [0m] [1mfetch                         [0m [36mstatus[0m=[35m200[0m [36murl[0m=[35m'https://news.google.com/rss/search?q=MRSH+earnings+analysis&hl=en-US&gl=US&ceid=US:en'[0m
[2m2026-04-05T08:15:42.693103Z[0m [[32m[1minfo     [0m] [1mparsed                        [0m [36mchannel[0m=[35mgoogle_broad[0m [36mraw[0m=[35m39[0m
[2m2026-04-05T08:15:42.694972Z[0m [[32m[1minfo     [0m] [1mquality_filter                [0m [36minput[0m=[35m145[0m [36mpassed[0m=[35m4[0m
[2m2026-04-05T08:15:42.695605Z[0m [[32m[1minfo     [0m] [1mdedup                         [0m [36mafter[0m=[35m4[0m [36mbefore[0m=[35m4[0m
[2m2026-04-05T08:15:42.695746Z[0m [[32m[1minfo     [0m] [1mfulltext_selection            [0m [36mcandidates[0m=[35m3[0m [36mfiltered[0m=[35m4[0m [36mmode[0m=[35mhigh-value[0m [36mticker[0m=[35mMRSH[0m
[2m2026-04-05T08:15:44.761649Z[0m [[32m[1minfo     [0m] [1mfetch                         [0m [36mstatus[0m=[35m200[0m [36murl[0m=[35mhttps://www.marketbeat.com/instant-alerts/filing-spire-wealth-management-has-154000-stake-[0m
[2m2026-04-05T08:15:45.299025Z[0m [[31m[1merror    [0m] [1mfetch_error                   [0m [36merror[0m=[35m'400, message=\'Got more than 8190 bytes when reading: b"connect-src \\\'self\\\' wss:'[0m [36murl[0m=[35mhttps://finance.yahoo.com/markets/stocks/articles/investment-story-shi[0m
[2m2026-04-05T08:15:45.504820Z[0m [[32m[1minfo     [0m] [1mfetch                         [0m [36mstatus[0m=[35m200[0m [36murl[0m=[35mhttps://intellectia.ai/en/stock/MRSH/earnings[0m
[2m2026-04-05T08:15:46.113813Z[0m [[32m[1minfo     [0m] [1mcrawling                      [0m [36mchannel[0m=[35mGoogle->Benzinga[0m [36mtag[0m=[35mgoogle_benzinga[0m
[2m2026-04-05T08:15:48.546321Z[0m [[32m[1minfo     [0m] [1mfetch                         [0m [36mstatus[0m=[35m200[0m [36murl[0m=[35m'https://news.google.com/rss/search?q=SHW+site:benzinga.com&hl=en-US&gl=US&ceid=US:en'[0m
[2m2026-04-05T08:15:48.569051Z[0m [[32m[1minfo     [0m] [1mparsed                        [0m [36mchannel[0m=[35mgoogle_benzinga[0m [36mraw[0m=[35m33[0m
[2m2026-04-05T08:15:50.575100Z[0m [[32m[1minfo     [0m] [1mfetch                         [0m [36mstatus[0m=[35m200[0m [36murl[0m=[35m'https://news.google.com/rss/search?q=SHW+site:benzinga.com&hl=en-US&gl=US&ceid=US:en'[0m
[2m2026-04-05T08:15:50.595854Z[0m [[32m[1minfo     [0m] [1mparsed                        [0m [36mchannel[0m=[35mgoogle_benzinga[0m [36mraw[0m=[35m33[0m
[2m2026-04-05T08:15:50.596011Z[0m [[32m[1minfo     [0m] [1mcrawling                      [0m [36mchannel[0m=[35m'Google News (all)'[0m [36mtag[0m=[35mgoogle_broad[0m
[2m2026-04-05T08:15:53.118678Z[0m [[32m[1minfo     [0m] [1mfetch                         [0m [36mstatus[0m=[35m200[0m [36murl[0m=[35m'https://news.google.com/rss/search?q=SHW+stock+news&hl=en-US&gl=US&ceid=US:en'[0m
[2m2026-04-05T08:15:53.269703Z[0m [[32m[1minfo     [0m] [1mparsed                        [0m [36mchannel[0m=[35mgoogle_broad[0m [36mraw[0m=[35m100[0m
[2m2026-04-05T08:15:55.751700Z[0m [[32m[1minfo     [0m] [1mfetch                         [0m [36mstatus[0m=[35m200[0m [36murl[0m=[35m'https://news.google.com/rss/search?q=SHW+earnings+analysis&hl=en-US&gl=US&ceid=US:en'[0m
[2m2026-04-05T08:15:55.804982Z[0m [[32m[1minfo     [0m] [1mparsed                        [0m [36mchannel[0m=[35mgoogle_broad[0m [36mraw[0m=[35m54[0m
[2m2026-04-05T08:15:55.806368Z[0m [[32m[1minfo     [0m] [1mquality_filter                [0m [36minput[0m=[35m220[0m [36mpassed[0m=[35m2[0m
[2m2026-04-05T08:15:55.806725Z[0m [[32m[1minfo     [0m] [1mdedup                         [0m [36mafter[0m=[35m2[0m [36mbefore[0m=[35m2[0m
[2m2026-04-05T08:15:55.806849Z[0m [[32m[1minfo     [0m] [1mfulltext_selection            [0m [36mcandidates[0m=[35m0[0m [36mfiltered[0m=[35m2[0m [36mmode[0m=[35mhigh-value[0m [36mticker[0m=[35mSHW[0m
[2m2026-04-05T08:15:55.807603Z[0m [[32m[1minfo     [0m] [1mcrawling                      [0m [36mchannel[0m=[35mGoogle->Benzinga[0m [36mtag[0m=[35mgoogle_benzinga[0m
[2m2026-04-05T08:15:58.259710Z[0m [[32m[1minfo     [0m] [1mfetch                         [0m [36mstatus[0m=[35m200[0m [36murl[0m=[35m'https://news.google.com/rss/search?q=AMT+site:benzinga.com&hl=en-US&gl=US&ceid=US:en'[0m
[2m2026-04-05T08:15:58.316361Z[0m [[32m[1minfo     [0m] [1mparsed                        [0m [36mchannel[0m=[35mgoogle_benzinga[0m [36mraw[0m=[35m61[0m
[2m2026-04-05T08:16:00.322554Z[0m [[32m[1minfo     [0m] [1mfetch                         [0m [36mstatus[0m=[35m200[0m [36murl[0m=[35m'https://news.google.com/rss/search?q=AMT+site:benzinga.com&hl=en-US&gl=US&ceid=US:en'[0m
[2m2026-04-05T08:16:00.371261Z[0m [[32m[1minfo     [0m] [1mparsed                        [0m [36mchannel[0m=[35mgoogle_benzinga[0m [36mraw[0m=[35m61[0m
[2m2026-04-05T08:16:00.371745Z[0m [[32m[1minfo     [0m] [1mcrawling                      [0m [36mchannel[0m=[35m'Google News (all)'[0m [36mtag[0m=[35mgoogle_broad[0m
[2m2026-04-05T08:16:02.958954Z[0m [[32m[1minfo     [0m] [1mfetch                         [0m [36mstatus[0m=[35m200[0m [36murl[0m=[35m'https://news.google.com/rss/search?q=AMT+stock+news&hl=en-US&gl=US&ceid=US:en'[0m
[2m2026-04-05T08:16:03.108462Z[0m [[32m[1minfo     [0m] [1mparsed                        [0m [36mchannel[0m=[35mgoogle_broad[0m [36mraw[0m=[35m100[0m
[2m2026-04-05T08:16:05.620604Z[0m [[32m[1minfo     [0m] [1mfetch                         [0m [36mstatus[0m=[35m200[0m [36murl[0m=[35m'https://news.google.com/rss/search?q=AMT+earnings+analysis&hl=en-US&gl=US&ceid=US:en'[0m
[2m2026-04-05T08:16:05.683263Z[0m [[32m[1minfo     [0m] [1mparsed                        [0m [36mchannel[0m=[35mgoogle_broad[0m [36mraw[0m=[35m64[0m
[2m2026-04-05T08:16:05.684911Z[0m [[32m[1minfo     [0m] [1mquality_filter                [0m [36minput[0m=[35m286[0m [36mpassed[0m=[35m2[0m
[2m2026-04-05T08:16:05.685366Z[0m [[32m[1minfo     [0m] [1mdedup                         [0m [36mafter[0m=[35m2[0m [36mbefore[0m=[35m2[0m
[2m2026-04-05T08:16:05.685505Z[0m [[32m[1minfo     [0m] [1mfulltext_selection            [0m [36mcandidates[0m=[35m0[0m [36mfiltered[0m=[35m2[0m [36mmode[0m=[35mhigh-value[0m [36mticker[0m=[35mAMT[0m
[2m2026-04-05T08:16:05.686309Z[0m [[32m[1minfo     [0m] [1mcrawling                      [0m [36mchannel[0m=[35mGoogle->Benzinga[0m [36mtag[0m=[35mgoogle_benzinga[0m
[2m2026-04-05T08:16:08.214896Z[0m [[32m[1minfo     [0m] [1mfetch                         [0m [36mstatus[0m=[35m200[0m [36murl[0m=[35m'https://news.google.com/rss/search?q=BX+site:benzinga.com&hl=en-US&gl=US&ceid=US:en'[0m
[2m2026-04-05T08:16:08.365769Z[0m [[32m[1minfo     [0m] [1mparsed                        [0m [36mchannel[0m=[35mgoogle_benzinga[0m [36mraw[0m=[35m100[0m
[2m2026-04-05T08:16:10.371177Z[0m [[32m[1minfo     [0m] [1mfetch                         [0m [36mstatus[0m=[35m200[0m [36murl[0m=[35m'https://news.google.com/rss/search?q=BX+site:benzinga.com&hl=en-US&gl=US&ceid=US:en'[0m
[2m2026-04-05T08:16:10.432904Z[0m [[32m[1minfo     [0m] [1mparsed                        [0m [36mchannel[0m=[35mgoogle_benzinga[0m [36mraw[0m=[35m100[0m
[2m2026-04-05T08:16:10.433068Z[0m [[32m[1minfo     [0m] [1mcrawling                      [0m [36mchannel[0m=[35m'Google News (all)'[0m [36mtag[0m=[35mgoogle_broad[0m
[2m2026-04-05T08:16:13.014120Z[0m [[32m[1minfo     [0m] [1mfetch                         [0m [36mstatus[0m=[35m200[0m [36murl[0m=[35m'https://news.google.com/rss/search?q=BX+stock+news&hl=en-US&gl=US&ceid=US:en'[0m
[2m2026-04-05T08:16:13.158223Z[0m [[32m[1minfo     [0m] [1mparsed                        [0m [36mchannel[0m=[35mgoogle_broad[0m [36mraw[0m=[35m100[0m
[2m2026-04-05T08:16:15.630996Z[0m [[32m[1minfo     [0m] [1mfetch                         [0m [36mstatus[0m=[35m200[0m [36murl[0m=[35m'https://news.google.com/rss/search?q=BX+earnings+analysis&hl=en-US&gl=US&ceid=US:en'[0m
[2m2026-04-05T08:16:15.687450Z[0m [[32m[1minfo     [0m] [1mparsed                        [0m [36mchannel[0m=[35mgoogle_broad[0m [36mraw[0m=[35m57[0m
[2m2026-04-05T08:16:15.689760Z[0m [[32m[1minfo     [0m] [1mquality_filter                [0m [36minput[0m=[35m357[0m [36mpassed[0m=[35m4[0m
[2m2026-04-05T08:16:15.690366Z[0m [[32m[1minfo     [0m] [1mdedup                         [0m [36mafter[0m=[35m4[0m [36mbefore[0m=[35m4[0m
[2m2026-04-05T08:16:15.690530Z[0m [[32m[1minfo     [0m] [1mfulltext_selection            [0m [36mcandidates[0m=[35m1[0m [36mfiltered[0m=[35m4[0m [36mmode[0m=[35mhigh-value[0m [36mticker[0m=[35mBX[0m
[2m2026-04-05T08:16:18.162843Z[0m [[32m[1minfo     [0m] [1mfetch                         [0m [36mstatus[0m=[35m200[0m [36murl[0m=[35mhttps://www.stocktitan.net/sec-filings/BX/form-4-blackstone-inc-insider-trading-activity-0[0m
[2m2026-04-05T08:16:18.387202Z[0m [[32m[1minfo     [0m] [1mcrawling                      [0m [36mchannel[0m=[35mGoogle->Benzinga[0m [36mtag[0m=[35mgoogle_benzinga[0m
[2m2026-04-05T08:16:20.897014Z[0m [[32m[1minfo     [0m] [1mfetch                         [0m [36mstatus[0m=[35m200[0m [36murl[0m=[35m'https://news.google.com/rss/search?q=JCI+site:benzinga.com&hl=en-US&gl=US&ceid=US:en'[0m
[2m2026-04-05T08:16:20.926607Z[0m [[32m[1minfo     [0m] [1mparsed                        [0m [36mchannel[0m=[35mgoogle_benzinga[0m [36mraw[0m=[35m38[0m
[2m2026-04-05T08:16:22.931806Z[0m [[32m[1minfo     [0m] [1mfetch                         [0m [36mstatus[0m=[35m200[0m [36murl[0m=[35m'https://news.google.com/rss/search?q=JCI+site:benzinga.com&hl=en-US&gl=US&ceid=US:en'[0m
[2m2026-04-05T08:16:22.955670Z[0m [[32m[1minfo     [0m] [1mparsed                        [0m [36mchannel[0m=[35mgoogle_benzinga[0m [36mraw[0m=[35m38[0m
[2m2026-04-05T08:16:22.955835Z[0m [[32m[1minfo     [0m] [1mcrawling                      [0m [36mchannel[0m=[35m'Google News (all)'[0m [36mtag[0m=[35mgoogle_broad[0m
[2m2026-04-05T08:16:25.508301Z[0m [[32m[1minfo     [0m] [1mfetch                         [0m [36mstatus[0m=[35m200[0m [36murl[0m=[35m'https://news.google.com/rss/search?q=JCI+stock+news&hl=en-US&gl=US&ceid=US:en'[0m
[2m2026-04-05T08:16:25.655954Z[0m [[32m[1minfo     [0m] [1mparsed                        [0m [36mchannel[0m=[35mgoogle_broad[0m [36mraw[0m=[35m100[0m
[2m2026-04-05T08:16:28.150558Z[0m [[32m[1minfo     [0m] [1mfetch                         [0m [36mstatus[0m=[35m200[0m [36murl[0m=[35m'https://news.google.com/rss/search?q=JCI+earnings+analysis&hl=en-US&gl=US&ceid=US:en'[0m
[2m2026-04-05T08:16:28.190278Z[0m [[32m[1minfo     [0m] [1mparsed                        [0m [36mchannel[0m=[35mgoogle_broad[0m [36mraw[0m=[35m43[0m
[2m2026-04-05T08:16:28.191833Z[0m [[32m[1minfo     [0m] [1mquality_filter                [0m [36minput[0m=[35m219[0m [36mpassed[0m=[35m1[0m
[2m2026-04-05T08:16:28.192109Z[0m [[32m[1minfo     [0m] [1mdedup                         [0m [36mafter[0m=[35m1[0m [36mbefore[0m=[35m1[0m
[2m2026-04-05T08:16:28.192230Z[0m [[32m[1minfo     [0m] [1mfulltext_selection            [0m [36mcandidates[0m=[35m0[0m [36mfiltered[0m=[35m1[0m [36mmode[0m=[35mhigh-value[0m [36mticker[0m=[35mJCI[0m
[2m2026-04-05T08:16:28.192994Z[0m [[32m[1minfo     [0m] [1mcrawling                      [0m [36mchannel[0m=[35mGoogle->Benzinga[0m [36mtag[0m=[35mgoogle_benzinga[0m
[2m2026-04-05T08:16:30.637865Z[0m [[32m[1minfo     [0m] [1mfetch                         [0m [36mstatus[0m=[35m200[0m [36murl[0m=[35m'https://news.google.com/rss/search?q=MMM+site:benzinga.com&hl=en-US&gl=US&ceid=US:en'[0m
[2m2026-04-05T08:16:30.665318Z[0m [[32m[1minfo     [0m] [1mparsed                        [0m [36mchannel[0m=[35mgoogle_benzinga[0m [36mraw[0m=[35m33[0m
[2m2026-04-05T08:16:32.671479Z[0m [[32m[1minfo     [0m] [1mfetch                         [0m [36mstatus[0m=[35m200[0m [36murl[0m=[35m'https://news.google.com/rss/search?q=MMM+site:benzinga.com&hl=en-US&gl=US&ceid=US:en'[0m
[2m2026-04-05T08:16:32.692587Z[0m [[32m[1minfo     [0m] [1mparsed                        [0m [36mchannel[0m=[35mgoogle_benzinga[0m [36mraw[0m=[35m33[0m
[2m2026-04-05T08:16:32.692748Z[0m [[32m[1minfo     [0m] [1mcrawling                      [0m [36mchannel[0m=[35m'Google News (all)'[0m [36mtag[0m=[35mgoogle_broad[0m
[2m2026-04-05T08:16:35.435767Z[0m [[32m[1minfo     [0m] [1mfetch                         [0m [36mstatus[0m=[35m200[0m [36murl[0m=[35m'https://news.google.com/rss/search?q=MMM+stock+news&hl=en-US&gl=US&ceid=US:en'[0m
[2m2026-04-05T08:16:35.580444Z[0m [[32m[1minfo     [0m] [1mparsed                        [0m [36mchannel[0m=[35mgoogle_broad[0m [36mraw[0m=[35m100[0m
[2m2026-04-05T08:16:38.009614Z[0m [[32m[1minfo     [0m] [1mfetch                         [0m [36mstatus[0m=[35m200[0m [36murl[0m=[35m'https://news.google.com/rss/search?q=MMM+earnings+analysis&hl=en-US&gl=US&ceid=US:en'[0m
[2m2026-04-05T08:16:38.050473Z[0m [[32m[1minfo     [0m] [1mparsed                        [0m [36mchannel[0m=[35mgoogle_broad[0m [36mraw[0m=[35m49[0m
[2m2026-04-05T08:16:38.051735Z[0m [[32m[1minfo     [0m] [1mquality_filter                [0m [36minput[0m=[35m215[0m [36mpassed[0m=[35m1[0m
[2m2026-04-05T08:16:38.051976Z[0m [[32m[1minfo     [0m] [1mdedup                         [0m [36mafter[0m=[35m1[0m [36mbefore[0m=[35m1[0m
[2m2026-04-05T08:16:38.052077Z[0m [[32m[1minfo     [0m] [1mfulltext_selection            [0m [36mcandidates[0m=[35m1[0m [36mfiltered[0m=[35m1[0m [36mmode[0m=[35mhigh-value[0m [36mticker[0m=[35mMMM[0m
[2m2026-04-05T08:16:40.273540Z[0m [[32m[1minfo     [0m] [1mfetch                         [0m [36mstatus[0m=[35m200[0m [36murl[0m=[35mhttps://www.marketbeat.com/instant-alerts/3m-nysemmm-stock-unloaded-sen-tina-smith-2026-04[0m
[2m2026-04-05T08:16:40.531915Z[0m [[32m[1minfo     [0m] [1mcrawling                      [0m [36mchannel[0m=[35mGoogle->Benzinga[0m [36mtag[0m=[35mgoogle_benzinga[0m
[2m2026-04-05T08:16:43.423792Z[0m [[32m[1minfo     [0m] [1mfetch                         [0m [36mstatus[0m=[35m200[0m [36murl[0m=[35m'https://news.google.com/rss/search?q=ECL+site:benzinga.com&hl=en-US&gl=US&ceid=US:en'[0m
[2m2026-04-05T08:16:43.437173Z[0m [[32m[1minfo     [0m] [1mparsed                        [0m [36mchannel[0m=[35mgoogle_benzinga[0m [36mraw[0m=[35m17[0m
[2m2026-04-05T08:16:45.448632Z[0m [[32m[1minfo     [0m] [1mfetch                         [0m [36mstatus[0m=[35m200[0m [36murl[0m=[35m'https://news.google.com/rss/search?q=ECL+site:benzinga.com&hl=en-US&gl=US&ceid=US:en'[0m
[2m2026-04-05T08:16:45.460963Z[0m [[32m[1minfo     [0m] [1mparsed                        [0m [36mchannel[0m=[35mgoogle_benzinga[0m [36mraw[0m=[35m17[0m
[2m2026-04-05T08:16:45.461127Z[0m [[32m[1minfo     [0m] [1mcrawling                      [0m [36mchannel[0m=[35m'Google News (all)'[0m [36mtag[0m=[35mgoogle_broad[0m
[2m2026-04-05T08:16:48.260723Z[0m [[32m[1minfo     [0m] [1mfetch                         [0m [36mstatus[0m=[35m200[0m [36murl[0m=[35m'https://news.google.com/rss/search?q=ECL+stock+news&hl=en-US&gl=US&ceid=US:en'[0m
[2m2026-04-05T08:16:48.388291Z[0m [[32m[1minfo     [0m] [1mparsed                        [0m [36mchannel[0m=[35mgoogle_broad[0m [36mraw[0m=[35m83[0m
[2m2026-04-05T08:16:50.813542Z[0m [[32m[1minfo     [0m] [1mfetch                         [0m [36mstatus[0m=[35m200[0m [36murl[0m=[35m'https://news.google.com/rss/search?q=ECL+earnings+analysis&hl=en-US&gl=US&ceid=US:en'[0m
[2m2026-04-05T08:16:50.857309Z[0m [[32m[1minfo     [0m] [1mparsed                        [0m [36mchannel[0m=[35mgoogle_broad[0m [36mraw[0m=[35m49[0m
[2m2026-04-05T08:16:50.858014Z[0m [[32m[1minfo     [0m] [1mquality_filter                [0m [36minput[0m=[35m166[0m [36mpassed[0m=[35m0[0m
[2m2026-04-05T08:16:50.858129Z[0m [[32m[1minfo     [0m] [1mdedup                         [0m [36mafter[0m=[35m0[0m [36mbefore[0m=[35m0[0m
[2m2026-04-05T08:16:50.858202Z[0m [[32m[1minfo     [0m] [1mfulltext_selection            [0m [36mcandidates[0m=[35m0[0m [36mfiltered[0m=[35m0[0m [36mmode[0m=[35mhigh-value[0m [36mticker[0m=[35mECL[0m
[2m2026-04-05T08:16:50.859058Z[0m [[32m[1minfo     [0m] [1mcrawling                      [0m [36mchannel[0m=[35mGoogle->Benzinga[0m [36mtag[0m=[35mgoogle_benzinga[0m
[2m2026-04-05T08:16:53.885539Z[0m [[32m[1minfo     [0m] [1mfetch                         [0m [36mstatus[0m=[35m200[0m [36murl[0m=[35m'https://news.google.com/rss/search?q=ADP+site:benzinga.com&hl=en-US&gl=US&ceid=US:en'[0m
[2m2026-04-05T08:16:54.037638Z[0m [[32m[1minfo     [0m] [1mparsed                        [0m [36mchannel[0m=[35mgoogle_benzinga[0m [36mraw[0m=[35m100[0m
[2m2026-04-05T08:16:56.043316Z[0m [[32m[1minfo     [0m] [1mfetch                         [0m [36mstatus[0m=[35m200[0m [36murl[0m=[35m'https://news.google.com/rss/search?q=ADP+site:benzinga.com&hl=en-US&gl=US&ceid=US:en'[0m
[2m2026-04-05T08:16:56.104850Z[0m [[32m[1minfo     [0m] [1mparsed                        [0m [36mchannel[0m=[35mgoogle_benzinga[0m [36mraw[0m=[35m100[0m
[2m2026-04-05T08:16:56.105020Z[0m [[32m[1minfo     [0m] [1mcrawling                      [0m [36mchannel[0m=[35m'Google News (all)'[0m [36mtag[0m=[35mgoogle_broad[0m
[2m2026-04-05T08:16:58.698975Z[0m [[32m[1minfo     [0m] [1mfetch                         [0m [36mstatus[0m=[35m200[0m [36murl[0m=[35m'https://news.google.com/rss/search?q=ADP+stock+news&hl=en-US&gl=US&ceid=US:en'[0m
[2m2026-04-05T08:16:58.842260Z[0m [[32m[1minfo     [0m] [1mparsed                        [0m [36mchannel[0m=[35mgoogle_broad[0m [36mraw[0m=[35m100[0m
[2m2026-04-05T08:17:01.303857Z[0m [[32m[1minfo     [0m] [1mfetch                         [0m [36mstatus[0m=[35m200[0m [36murl[0m=[35m'https://news.google.com/rss/search?q=ADP+earnings+analysis&hl=en-US&gl=US&ceid=US:en'[0m
[2m2026-04-05T08:17:01.354154Z[0m [[32m[1minfo     [0m] [1mparsed                        [0m [36mchannel[0m=[35mgoogle_broad[0m [36mraw[0m=[35m53[0m
[2m2026-04-05T08:17:01.357112Z[0m [[32m[1minfo     [0m] [1mquality_filter                [0m [36minput[0m=[35m353[0m [36mpassed[0m=[35m0[0m
[2m2026-04-05T08:17:01.357303Z[0m [[32m[1minfo     [0m] [1mdedup                         [0m [36mafter[0m=[35m0[0m [36mbefore[0m=[35m0[0m
[2m2026-04-05T08:17:01.357383Z[0m [[32m[1minfo     [0m] [1mfulltext_selection            [0m [36mcandidates[0m=[35m0[0m [36mfiltered[0m=[35m0[0m [36mmode[0m=[35mhigh-value[0m [36mticker[0m=[35mADP[0m
[2m2026-04-05T08:17:01.358133Z[0m [[32m[1minfo     [0m] [1mcrawling                      [0m [36mchannel[0m=[35mGoogle->Benzinga[0m [36mtag[0m=[35mgoogle_benzinga[0m
[2m2026-04-05T08:17:03.866813Z[0m [[32m[1minfo     [0m] [1mfetch                         [0m [36mstatus[0m=[35m200[0m [36murl[0m=[35m'https://news.google.com/rss/search?q=PNC+site:benzinga.com&hl=en-US&gl=US&ceid=US:en'[0m
[2m2026-04-05T08:17:03.953087Z[0m [[32m[1minfo     [0m] [1mparsed                        [0m [36mchannel[0m=[35mgoogle_benzinga[0m [36mraw[0m=[35m88[0m
[2m2026-04-05T08:17:05.958494Z[0m [[32m[1minfo     [0m] [1mfetch                         [0m [36mstatus[0m=[35m200[0m [36murl[0m=[35m'https://news.google.com/rss/search?q=PNC+site:benzinga.com&hl=en-US&gl=US&ceid=US:en'[0m
[2m2026-04-05T08:17:06.013806Z[0m [[32m[1minfo     [0m] [1mparsed                        [0m [36mchannel[0m=[35mgoogle_benzinga[0m [36mraw[0m=[35m88[0m
[2m2026-04-05T08:17:06.013978Z[0m [[32m[1minfo     [0m] [1mcrawling                      [0m [36mchannel[0m=[35m'Google News (all)'[0m [36mtag[0m=[35mgoogle_broad[0m
[2m2026-04-05T08:17:08.700999Z[0m [[32m[1minfo     [0m] [1mfetch                         [0m [36mstatus[0m=[35m200[0m [36murl[0m=[35m'https://news.google.com/rss/search?q=PNC+stock+news&hl=en-US&gl=US&ceid=US:en'[0m
[2m2026-04-05T08:17:08.831607Z[0m [[32m[1minfo     [0m] [1mparsed                        [0m [36mchannel[0m=[35mgoogle_broad[0m [36mraw[0m=[35m100[0m
[2m2026-04-05T08:17:11.332848Z[0m [[32m[1minfo     [0m] [1mfetch                         [0m [36mstatus[0m=[35m200[0m [36murl[0m=[35m'https://news.google.com/rss/search?q=PNC+earnings+analysis&hl=en-US&gl=US&ceid=US:en'[0m
[2m2026-04-05T08:17:11.393429Z[0m [[32m[1minfo     [0m] [1mparsed                        [0m [36mchannel[0m=[35mgoogle_broad[0m [36mraw[0m=[35m65[0m
[2m2026-04-05T08:17:11.394966Z[0m [[32m[1minfo     [0m] [1mquality_filter                [0m [36minput[0m=[35m341[0m [36mpassed[0m=[35m1[0m
[2m2026-04-05T08:17:11.395290Z[0m [[32m[1minfo     [0m] [1mdedup                         [0m [36mafter[0m=[35m1[0m [36mbefore[0m=[35m1[0m
[2m2026-04-05T08:17:11.395394Z[0m [[32m[1minfo     [0m] [1mfulltext_selection            [0m [36mcandidates[0m=[35m1[0m [36mfiltered[0m=[35m1[0m [36mmode[0m=[35mhigh-value[0m [36mticker[0m=[35mPNC[0m
[2m2026-04-05T08:17:14.804457Z[0m [[32m[1minfo     [0m] [1mfetch                         [0m [36mstatus[0m=[35m200[0m [36murl[0m=[35mhttps://www.sharewise.com/de/news_articles/Will_The_PNC_Financial_Services_Group_PNC_Beat_[0m
[2m2026-04-05T08:17:15.009046Z[0m [[32m[1minfo     [0m] [1mcrawling                      [0m [36mchannel[0m=[35mGoogle->Benzinga[0m [36mtag[0m=[35mgoogle_benzinga[0m
[2m2026-04-05T08:17:17.501536Z[0m [[32m[1minfo     [0m] [1mfetch                         [0m [36mstatus[0m=[35m200[0m [36murl[0m=[35m'https://news.google.com/rss/search?q=USB+site:benzinga.com&hl=en-US&gl=US&ceid=US:en'[0m
[2m2026-04-05T08:17:17.587107Z[0m [[32m[1minfo     [0m] [1mparsed                        [0m [36mchannel[0m=[35mgoogle_benzinga[0m [36mraw[0m=[35m84[0m
[2m2026-04-05T08:17:19.592775Z[0m [[32m[1minfo     [0m] [1mfetch                         [0m [36mstatus[0m=[35m200[0m [36murl[0m=[35m'https://news.google.com/rss/search?q=USB+site:benzinga.com&hl=en-US&gl=US&ceid=US:en'[0m
[2m2026-04-05T08:17:19.642629Z[0m [[32m[1minfo     [0m] [1mparsed                        [0m [36mchannel[0m=[35mgoogle_benzinga[0m [36mraw[0m=[35m84[0m
[2m2026-04-05T08:17:19.642792Z[0m [[32m[1minfo     [0m] [1mcrawling                      [0m [36mchannel[0m=[35m'Google News (all)'[0m [36mtag[0m=[35mgoogle_broad[0m
[2m2026-04-05T08:17:22.110670Z[0m [[32m[1minfo     [0m] [1mfetch                         [0m [36mstatus[0m=[35m200[0m [36murl[0m=[35m'https://news.google.com/rss/search?q=USB+stock+news&hl=en-US&gl=US&ceid=US:en'[0m
[2m2026-04-05T08:17:22.189230Z[0m [[32m[1minfo     [0m] [1mparsed                        [0m [36mchannel[0m=[35mgoogle_broad[0m [36mraw[0m=[35m85[0m
[2m2026-04-05T08:17:24.721516Z[0m [[32m[1minfo     [0m] [1mfetch                         [0m [36mstatus[0m=[35m200[0m [36murl[0m=[35m'https://news.google.com/rss/search?q=USB+earnings+analysis&hl=en-US&gl=US&ceid=US:en'[0m
[2m2026-04-05T08:17:24.780799Z[0m [[32m[1minfo     [0m] [1mparsed                        [0m [36mchannel[0m=[35mgoogle_broad[0m [36mraw[0m=[35m62[0m
[2m2026-04-05T08:17:24.782589Z[0m [[32m[1minfo     [0m] [1mquality_filter                [0m [36minput[0m=[35m315[0m [36mpassed[0m=[35m4[0m
[2m2026-04-05T08:17:24.783181Z[0m [[32m[1minfo     [0m] [1mdedup                         [0m [36mafter[0m=[35m4[0m [36mbefore[0m=[35m4[0m
[2m2026-04-05T08:17:24.783331Z[0m [[32m[1minfo     [0m] [1mfulltext_selection            [0m [36mcandidates[0m=[35m3[0m [36mfiltered[0m=[35m4[0m [36mmode[0m=[35mhigh-value[0m [36mticker[0m=[35mUSB[0m
[2m2026-04-05T08:17:26.531512Z[0m [[32m[1minfo     [0m] [1mfetch                         [0m [36mstatus[0m=[35m200[0m [36murl[0m=[35mhttps://www.sharewise.com/us/news_articles/Will_US_Bancorp_USB_Beat_Estimates_Again_in_Its[0m
[2m2026-04-05T08:17:26.844980Z[0m [[32m[1minfo     [0m] [1mfetch                         [0m [36mstatus[0m=[35m200[0m [36murl[0m=[35mhttps://www.msn.com/en-us/money/topstocks/will-us-bancorp-usb-beat-estimates-again-in-its-[0m
[2m2026-04-05T08:17:27.697289Z[0m [[32m[1minfo     [0m] [1mfetch                         [0m [36mstatus[0m=[35m200[0m [36murl[0m=[35mhttps://intellectia.ai/en/stock/USB/earnings[0m
[2m2026-04-05T08:17:28.306285Z[0m [[32m[1minfo     [0m] [1mcrawling                      [0m [36mchannel[0m=[35mGoogle->Benzinga[0m [36mtag[0m=[35mgoogle_benzinga[0m
[2m2026-04-05T08:17:31.215442Z[0m [[32m[1minfo     [0m] [1mfetch                         [0m [36mstatus[0m=[35m200[0m [36murl[0m=[35m'https://news.google.com/rss/search?q=EMR+site:benzinga.com&hl=en-US&gl=US&ceid=US:en'[0m
[2m2026-04-05T08:17:31.234716Z[0m [[32m[1minfo     [0m] [1mparsed                        [0m [36mchannel[0m=[35mgoogle_benzinga[0m [36mraw[0m=[35m22[0m
[2m2026-04-05T08:17:33.240308Z[0m [[32m[1minfo     [0m] [1mfetch                         [0m [36mstatus[0m=[35m200[0m [36murl[0m=[35m'https://news.google.com/rss/search?q=EMR+site:benzinga.com&hl=en-US&gl=US&ceid=US:en'[0m
[2m2026-04-05T08:17:33.255294Z[0m [[32m[1minfo     [0m] [1mparsed                        [0m [36mchannel[0m=[35mgoogle_benzinga[0m [36mraw[0m=[35m22[0m
[2m2026-04-05T08:17:33.255452Z[0m [[32m[1minfo     [0m] [1mcrawling                      [0m [36mchannel[0m=[35m'Google News (all)'[0m [36mtag[0m=[35mgoogle_broad[0m
[2m2026-04-05T08:17:35.691904Z[0m [[32m[1minfo     [0m] [1mfetch                         [0m [36mstatus[0m=[35m200[0m [36murl[0m=[35m'https://news.google.com/rss/search?q=EMR+stock+news&hl=en-US&gl=US&ceid=US:en'[0m
[2m2026-04-05T08:17:35.755766Z[0m [[32m[1minfo     [0m] [1mparsed                        [0m [36mchannel[0m=[35mgoogle_broad[0m [36mraw[0m=[35m69[0m
[2m2026-04-05T08:17:38.216870Z[0m [[32m[1minfo     [0m] [1mfetch                         [0m [36mstatus[0m=[35m200[0m [36murl[0m=[35m'https://news.google.com/rss/search?q=EMR+earnings+analysis&hl=en-US&gl=US&ceid=US:en'[0m
[2m2026-04-05T08:17:38.268453Z[0m [[32m[1minfo     [0m] [1mparsed                        [0m [36mchannel[0m=[35mgoogle_broad[0m [36mraw[0m=[35m51[0m
[2m2026-04-05T08:17:38.269589Z[0m [[32m[1minfo     [0m] [1mquality_filter                [0m [36minput[0m=[35m164[0m [36mpassed[0m=[35m1[0m
[2m2026-04-05T08:17:38.269800Z[0m [[32m[1minfo     [0m] [1mdedup                         [0m [36mafter[0m=[35m1[0m [36mbefore[0m=[35m1[0m
[2m2026-04-05T08:17:38.269912Z[0m [[32m[1minfo     [0m] [1mfulltext_selection            [0m [36mcandidates[0m=[35m1[0m [36mfiltered[0m=[35m1[0m [36mmode[0m=[35mhigh-value[0m [36mticker[0m=[35mEMR[0m
[2m2026-04-05T08:17:41.425513Z[0m [[32m[1minfo     [0m] [1mfetch                         [0m [36mstatus[0m=[35m200[0m [36murl[0m=[35mhttps://intellectia.ai/en/stock/EMR/technical[0m
[2m2026-04-05T08:17:42.030616Z[0m [[32m[1minfo     [0m] [1mcrawling                      [0m [36mchannel[0m=[35mGoogle->Benzinga[0m [36mtag[0m=[35mgoogle_benzinga[0m
[2m2026-04-05T08:17:44.409930Z[0m [[32m[1minfo     [0m] [1mfetch                         [0m [36mstatus[0m=[35m200[0m [36murl[0m=[35m'https://news.google.com/rss/search?q=ITW+site:benzinga.com&hl=en-US&gl=US&ceid=US:en'[0m
[2m2026-04-05T08:17:44.420765Z[0m [[32m[1minfo     [0m] [1mparsed                        [0m [36mchannel[0m=[35mgoogle_benzinga[0m [36mraw[0m=[35m9[0m
[2m2026-04-05T08:17:46.425989Z[0m [[32m[1minfo     [0m] [1mfetch                         [0m [36mstatus[0m=[35m200[0m [36murl[0m=[35m'https://news.google.com/rss/search?q=ITW+site:benzinga.com&hl=en-US&gl=US&ceid=US:en'[0m
[2m2026-04-05T08:17:46.433175Z[0m [[32m[1minfo     [0m] [1mparsed                        [0m [36mchannel[0m=[35mgoogle_benzinga[0m [36mraw[0m=[35m9[0m
[2m2026-04-05T08:17:46.433345Z[0m [[32m[1minfo     [0m] [1mcrawling                      [0m [36mchannel[0m=[35m'Google News (all)'[0m [36mtag[0m=[35mgoogle_broad[0m
[2m2026-04-05T08:17:48.933528Z[0m [[32m[1minfo     [0m] [1mfetch                         [0m [36mstatus[0m=[35m200[0m [36murl[0m=[35m'https://news.google.com/rss/search?q=ITW+stock+news&hl=en-US&gl=US&ceid=US:en'[0m
[2m2026-04-05T08:17:49.023737Z[0m [[32m[1minfo     [0m] [1mparsed                        [0m [36mchannel[0m=[35mgoogle_broad[0m [36mraw[0m=[35m91[0m
[2m2026-04-05T08:17:51.543899Z[0m [[32m[1minfo     [0m] [1mfetch                         [0m [36mstatus[0m=[35m200[0m [36murl[0m=[35m'https://news.google.com/rss/search?q=ITW+earnings+analysis&hl=en-US&gl=US&ceid=US:en'[0m
[2m2026-04-05T08:17:51.588040Z[0m [[32m[1minfo     [0m] [1mparsed                        [0m [36mchannel[0m=[35mgoogle_broad[0m [36mraw[0m=[35m46[0m
[2m2026-04-05T08:17:51.589906Z[0m [[32m[1minfo     [0m] [1mquality_filter                [0m [36minput[0m=[35m155[0m [36mpassed[0m=[35m5[0m
[2m2026-04-05T08:17:51.590677Z[0m [[32m[1minfo     [0m] [1mdedup                         [0m [36mafter[0m=[35m4[0m [36mbefore[0m=[35m5[0m
[2m2026-04-05T08:17:51.590849Z[0m [[32m[1minfo     [0m] [1mfulltext_selection            [0m [36mcandidates[0m=[35m1[0m [36mfiltered[0m=[35m4[0m [36mmode[0m=[35mhigh-value[0m [36mticker[0m=[35mITW[0m
[2m2026-04-05T08:17:53.787453Z[0m [[32m[1minfo     [0m] [1mfetch                         [0m [36mstatus[0m=[35m200[0m [36murl[0m=[35mhttps://www.marketbeat.com/instant-alerts/filing-illinois-tool-works-inc-itw-position-boos[0m
[2m2026-04-05T08:17:54.127739Z[0m [[32m[1minfo     [0m] [1mcrawling                      [0m [36mchannel[0m=[35mGoogle->Benzinga[0m [36mtag[0m=[35mgoogle_benzinga[0m
[2m2026-04-05T08:17:56.596103Z[0m [[32m[1minfo     [0m] [1mfetch                         [0m [36mstatus[0m=[35m200[0m [36murl[0m=[35m'https://news.google.com/rss/search?q=MNST+site:benzinga.com&hl=en-US&gl=US&ceid=US:en'[0m
[2m2026-04-05T08:17:56.616839Z[0m [[32m[1minfo     [0m] [1mparsed                        [0m [36mchannel[0m=[35mgoogle_benzinga[0m [36mraw[0m=[35m25[0m
[2m2026-04-05T08:17:58.622545Z[0m [[32m[1minfo     [0m] [1mfetch                         [0m [36mstatus[0m=[35m200[0m [36murl[0m=[35m'https://news.google.com/rss/search?q=MNST+site:benzinga.com&hl=en-US&gl=US&ceid=US:en'[0m
[2m2026-04-05T08:17:58.638780Z[0m [[32m[1minfo     [0m] [1mparsed                        [0m [36mchannel[0m=[35mgoogle_benzinga[0m [36mraw[0m=[35m25[0m
[2m2026-04-05T08:17:58.638941Z[0m [[32m[1minfo     [0m] [1mcrawling                      [0m [36mchannel[0m=[35m'Google News (all)'[0m [36mtag[0m=[35mgoogle_broad[0m
[2m2026-04-05T08:18:01.169844Z[0m [[32m[1minfo     [0m] [1mfetch                         [0m [36mstatus[0m=[35m200[0m [36murl[0m=[35m'https://news.google.com/rss/search?q=MNST+stock+news&hl=en-US&gl=US&ceid=US:en'[0m
[2m2026-04-05T08:18:01.421392Z[0m [[32m[1minfo     [0m] [1mparsed                        [0m [36mchannel[0m=[35mgoogle_broad[0m [36mraw[0m=[35m100[0m
[2m2026-04-05T08:18:03.849616Z[0m [[32m[1minfo     [0m] [1mfetch                         [0m [36mstatus[0m=[35m200[0m [36murl[0m=[35m'https://news.google.com/rss/search?q=MNST+earnings+analysis&hl=en-US&gl=US&ceid=US:en'[0m
[2m2026-04-05T08:18:03.882193Z[0m [[32m[1minfo     [0m] [1mparsed                        [0m [36mchannel[0m=[35mgoogle_broad[0m [36mraw[0m=[35m43[0m
[2m2026-04-05T08:18:03.883713Z[0m [[32m[1minfo     [0m] [1mquality_filter                [0m [36minput[0m=[35m193[0m [36mpassed[0m=[35m3[0m
[2m2026-04-05T08:18:03.884140Z[0m [[32m[1minfo     [0m] [1mdedup                         [0m [36mafter[0m=[35m3[0m [36mbefore[0m=[35m3[0m
[2m2026-04-05T08:18:03.884292Z[0m [[32m[1minfo     [0m] [1mfulltext_selection            [0m [36mcandidates[0m=[35m0[0m [36mfiltered[0m=[35m3[0m [36mmode[0m=[35mhigh-value[0m [36mticker[0m=[35mMNST[0m
[2m2026-04-05T08:18:03.885050Z[0m [[32m[1minfo     [0m] [1mcrawling                      [0m [36mchannel[0m=[35mGoogle->Benzinga[0m [36mtag[0m=[35mgoogle_benzinga[0m
[2m2026-04-05T08:18:06.343626Z[0m [[32m[1minfo     [0m] [1mfetch                         [0m [36mstatus[0m=[35m200[0m [36murl[0m=[35m'https://news.google.com/rss/search?q=CRH+site:benzinga.com&hl=en-US&gl=US&ceid=US:en'[0m
[2m2026-04-05T08:18:06.356631Z[0m [[32m[1minfo     [0m] [1mparsed                        [0m [36mchannel[0m=[35mgoogle_benzinga[0m [36mraw[0m=[35m19[0m
[2m2026-04-05T08:18:08.361948Z[0m [[32m[1minfo     [0m] [1mfetch                         [0m [36mstatus[0m=[35m200[0m [36murl[0m=[35m'https://news.google.com/rss/search?q=CRH+site:benzinga.com&hl=en-US&gl=US&ceid=US:en'[0m
[2m2026-04-05T08:18:08.375139Z[0m [[32m[1minfo     [0m] [1mparsed                        [0m [36mchannel[0m=[35mgoogle_benzinga[0m [36mraw[0m=[35m19[0m
[2m2026-04-05T08:18:08.375309Z[0m [[32m[1minfo     [0m] [1mcrawling                      [0m [36mchannel[0m=[35m'Google News (all)'[0m [36mtag[0m=[35mgoogle_broad[0m
[2m2026-04-05T08:18:10.949964Z[0m [[32m[1minfo     [0m] [1mfetch                         [0m [36mstatus[0m=[35m200[0m [36murl[0m=[35m'https://news.google.com/rss/search?q=CRH+stock+news&hl=en-US&gl=US&ceid=US:en'[0m
[2m2026-04-05T08:18:11.053371Z[0m [[32m[1minfo     [0m] [1mparsed                        [0m [36mchannel[0m=[35mgoogle_broad[0m [36mraw[0m=[35m100[0m
[2m2026-04-05T08:18:13.488833Z[0m [[32m[1minfo     [0m] [1mfetch                         [0m [36mstatus[0m=[35m200[0m [36murl[0m=[35m'https://news.google.com/rss/search?q=CRH+earnings+analysis&hl=en-US&gl=US&ceid=US:en'[0m
[2m2026-04-05T08:18:13.539461Z[0m [[32m[1minfo     [0m] [1mparsed                        [0m [36mchannel[0m=[35mgoogle_broad[0m [36mraw[0m=[35m50[0m
[2m2026-04-05T08:18:13.540913Z[0m [[32m[1minfo     [0m] [1mquality_filter                [0m [36minput[0m=[35m188[0m [36mpassed[0m=[35m3[0m
[2m2026-04-05T08:18:13.541393Z[0m [[32m[1minfo     [0m] [1mdedup                         [0m [36mafter[0m=[35m3[0m [36mbefore[0m=[35m3[0m
[2m2026-04-05T08:18:13.541532Z[0m [[32m[1minfo     [0m] [1mfulltext_selection            [0m [36mcandidates[0m=[35m2[0m [36mfiltered[0m=[35m3[0m [36mmode[0m=[35mhigh-value[0m [36mticker[0m=[35mCRH[0m
[2m2026-04-05T08:18:15.564906Z[0m [[32m[1minfo     [0m] [1mfetch                         [0m [36mstatus[0m=[35m200[0m [36murl[0m=[35mhttps://www.marketbeat.com/instant-alerts/filing-aberdeen-group-plc-boosts-stock-position-[0m
[2m2026-04-05T08:18:16.479371Z[0m [[32m[1minfo     [0m] [1mfetch                         [0m [36mstatus[0m=[35m200[0m [36murl[0m=[35mhttps://intellectia.ai/en/stock/CRH/earnings[0m
[2m2026-04-05T08:18:17.091273Z[0m [[32m[1minfo     [0m] [1mcrawling                      [0m [36mchannel[0m=[35mGoogle->Benzinga[0m [36mtag[0m=[35mgoogle_benzinga[0m
[2m2026-04-05T08:18:19.574878Z[0m [[32m[1minfo     [0m] [1mfetch                         [0m [36mstatus[0m=[35m200[0m [36murl[0m=[35m'https://news.google.com/rss/search?q=CL+colgate-palmolive+site:benzinga.com&hl=en-US&gl=US'[0m
[2m2026-04-05T08:18:19.598085Z[0m [[32m[1minfo     [0m] [1mparsed                        [0m [36mchannel[0m=[35mgoogle_benzinga[0m [36mraw[0m=[35m26[0m
[2m2026-04-05T08:18:21.970661Z[0m [[32m[1minfo     [0m] [1mfetch                         [0m [36mstatus[0m=[35m200[0m [36murl[0m=[35m'https://news.google.com/rss/search?q=colgate-palmolive+site:benzinga.com&hl=en-US&gl=US&ce'[0m
[2m2026-04-05T08:18:22.014184Z[0m [[32m[1minfo     [0m] [1mparsed                        [0m [36mchannel[0m=[35mgoogle_benzinga[0m [36mraw[0m=[35m49[0m
[2m2026-04-05T08:18:22.014368Z[0m [[32m[1minfo     [0m] [1mcrawling                      [0m [36mchannel[0m=[35m'Google News (all)'[0m [36mtag[0m=[35mgoogle_broad[0m
[2m2026-04-05T08:18:24.545419Z[0m [[32m[1minfo     [0m] [1mfetch                         [0m [36mstatus[0m=[35m200[0m [36murl[0m=[35m'https://news.google.com/rss/search?q=CL+colgate-palmolive+stock+news&hl=en-US&gl=US&ceid=U'[0m
[2m2026-04-05T08:18:24.696438Z[0m [[32m[1minfo     [0m] [1mparsed                        [0m [36mchannel[0m=[35mgoogle_broad[0m [36mraw[0m=[35m100[0m
[2m2026-04-05T08:18:27.150455Z[0m [[32m[1minfo     [0m] [1mfetch                         [0m [36mstatus[0m=[35m200[0m [36murl[0m=[35m'https://news.google.com/rss/search?q=CL+colgate-palmolive+earnings+analysis&hl=en-US&gl=US'[0m
[2m2026-04-05T08:18:27.202318Z[0m [[32m[1minfo     [0m] [1mparsed                        [0m [36mchannel[0m=[35mgoogle_broad[0m [36mraw[0m=[35m51[0m
[2m2026-04-05T08:18:27.204751Z[0m [[32m[1minfo     [0m] [1mquality_filter                [0m [36minput[0m=[35m226[0m [36mpassed[0m=[35m3[0m
[2m2026-04-05T08:18:27.205275Z[0m [[32m[1minfo     [0m] [1mdedup                         [0m [36mafter[0m=[35m3[0m [36mbefore[0m=[35m3[0m
[2m2026-04-05T08:18:27.205419Z[0m [[32m[1minfo     [0m] [1mfulltext_selection            [0m [36mcandidates[0m=[35m0[0m [36mfiltered[0m=[35m3[0m [36mmode[0m=[35mhigh-value[0m [36mticker[0m=[35mCL[0m
[2m2026-04-05T08:18:27.206156Z[0m [[32m[1minfo     [0m] [1mcrawling                      [0m [36mchannel[0m=[35mGoogle->Benzinga[0m [36mtag[0m=[35mgoogle_benzinga[0m
[2m2026-04-05T08:18:29.626040Z[0m [[32m[1minfo     [0m] [1mfetch                         [0m [36mstatus[0m=[35m200[0m [36murl[0m=[35m'https://news.google.com/rss/search?q=ORLY+site:benzinga.com&hl=en-US&gl=US&ceid=US:en'[0m
[2m2026-04-05T08:18:29.640296Z[0m [[32m[1minfo     [0m] [1mparsed                        [0m [36mchannel[0m=[35mgoogle_benzinga[0m [36mraw[0m=[35m21[0m
[2m2026-04-05T08:18:31.646152Z[0m [[32m[1minfo     [0m] [1mfetch                         [0m [36mstatus[0m=[35m200[0m [36murl[0m=[35m'https://news.google.com/rss/search?q=ORLY+site:benzinga.com&hl=en-US&gl=US&ceid=US:en'[0m
[2m2026-04-05T08:18:31.660221Z[0m [[32m[1minfo     [0m] [1mparsed                        [0m [36mchannel[0m=[35mgoogle_benzinga[0m [36mraw[0m=[35m21[0m
[2m2026-04-05T08:18:31.660386Z[0m [[32m[1minfo     [0m] [1mcrawling                      [0m [36mchannel[0m=[35m'Google News (all)'[0m [36mtag[0m=[35mgoogle_broad[0m
[2m2026-04-05T08:18:34.125141Z[0m [[32m[1minfo     [0m] [1mfetch                         [0m [36mstatus[0m=[35m200[0m [36murl[0m=[35m'https://news.google.com/rss/search?q=ORLY+stock+news&hl=en-US&gl=US&ceid=US:en'[0m
[2m2026-04-05T08:18:34.243984Z[0m [[32m[1minfo     [0m] [1mparsed                        [0m [36mchannel[0m=[35mgoogle_broad[0m [36mraw[0m=[35m73[0m
[2m2026-04-05T08:18:36.673964Z[0m [[32m[1minfo     [0m] [1mfetch                         [0m [36mstatus[0m=[35m200[0m [36murl[0m=[35m'https://news.google.com/rss/search?q=ORLY+earnings+analysis&hl=en-US&gl=US&ceid=US:en'[0m
[2m2026-04-05T08:18:36.705751Z[0m [[32m[1minfo     [0m] [1mparsed                        [0m [36mchannel[0m=[35mgoogle_broad[0m [36mraw[0m=[35m42[0m
[2m2026-04-05T08:18:36.707384Z[0m [[32m[1minfo     [0m] [1mquality_filter                [0m [36minput[0m=[35m157[0m [36mpassed[0m=[35m3[0m
[2m2026-04-05T08:18:36.707910Z[0m [[32m[1minfo     [0m] [1mdedup                         [0m [36mafter[0m=[35m2[0m [36mbefore[0m=[35m3[0m
[2m2026-04-05T08:18:36.708033Z[0m [[32m[1minfo     [0m] [1mfulltext_selection            [0m [36mcandidates[0m=[35m0[0m [36mfiltered[0m=[35m2[0m [36mmode[0m=[35mhigh-value[0m [36mticker[0m=[35mORLY[0m
[2m2026-04-05T08:18:36.708824Z[0m [[32m[1minfo     [0m] [1mcrawling                      [0m [36mchannel[0m=[35mGoogle->Benzinga[0m [36mtag[0m=[35mgoogle_benzinga[0m
[2m2026-04-05T08:18:39.142529Z[0m [[32m[1minfo     [0m] [1mfetch                         [0m [36mstatus[0m=[35m200[0m [36murl[0m=[35m'https://news.google.com/rss/search?q=MDLZ+site:benzinga.com&hl=en-US&gl=US&ceid=US:en'[0m
[2m2026-04-05T08:18:39.166817Z[0m [[32m[1minfo     [0m] [1mparsed                        [0m [36mchannel[0m=[35mgoogle_benzinga[0m [36mraw[0m=[35m39[0m
[2m2026-04-05T08:18:41.174502Z[0m [[32m[1minfo     [0m] [1mfetch                         [0m [36mstatus[0m=[35m200[0m [36murl[0m=[35m'https://news.google.com/rss/search?q=MDLZ+site:benzinga.com&hl=en-US&gl=US&ceid=US:en'[0m
[2m2026-04-05T08:18:41.198271Z[0m [[32m[1minfo     [0m] [1mparsed                        [0m [36mchannel[0m=[35mgoogle_benzinga[0m [36mraw[0m=[35m39[0m
[2m2026-04-05T08:18:41.198430Z[0m [[32m[1minfo     [0m] [1mcrawling                      [0m [36mchannel[0m=[35m'Google News (all)'[0m [36mtag[0m=[35mgoogle_broad[0m
[2m2026-04-05T08:18:43.690155Z[0m [[32m[1minfo     [0m] [1mfetch                         [0m [36mstatus[0m=[35m200[0m [36murl[0m=[35m'https://news.google.com/rss/search?q=MDLZ+stock+news&hl=en-US&gl=US&ceid=US:en'[0m
[2m2026-04-05T08:18:43.822122Z[0m [[32m[1minfo     [0m] [1mparsed                        [0m [36mchannel[0m=[35mgoogle_broad[0m [36mraw[0m=[35m91[0m
[2m2026-04-05T08:18:46.260850Z[0m [[32m[1minfo     [0m] [1mfetch                         [0m [36mstatus[0m=[35m200[0m [36murl[0m=[35m'https://news.google.com/rss/search?q=MDLZ+earnings+analysis&hl=en-US&gl=US&ceid=US:en'[0m
[2m2026-04-05T08:18:46.303494Z[0m [[32m[1minfo     [0m] [1mparsed                        [0m [36mchannel[0m=[35mgoogle_broad[0m [36mraw[0m=[35m47[0m
[2m2026-04-05T08:18:46.305169Z[0m [[32m[1minfo     [0m] [1mquality_filter                [0m [36minput[0m=[35m216[0m [36mpassed[0m=[35m4[0m
[2m2026-04-05T08:18:46.305737Z[0m [[32m[1minfo     [0m] [1mdedup                         [0m [36mafter[0m=[35m3[0m [36mbefore[0m=[35m4[0m
[2m2026-04-05T08:18:46.305871Z[0m [[32m[1minfo     [0m] [1mfulltext_selection            [0m [36mcandidates[0m=[35m0[0m [36mfiltered[0m=[35m3[0m [36mmode[0m=[35mhigh-value[0m [36mticker[0m=[35mMDLZ[0m
[2m2026-04-05T08:18:46.306630Z[0m [[32m[1minfo     [0m] [1mcrawling                      [0m [36mchannel[0m=[35mGoogle->Benzinga[0m [36mtag[0m=[35mgoogle_benzinga[0m
[2m2026-04-05T08:18:48.805958Z[0m [[32m[1minfo     [0m] [1mfetch                         [0m [36mstatus[0m=[35m200[0m [36murl[0m=[35m'https://news.google.com/rss/search?q=CI+the+cigna+group+site:benzinga.com&hl=en-US&gl=US&c'[0m
[2m2026-04-05T08:18:48.833780Z[0m [[32m[1minfo     [0m] [1mparsed                        [0m [36mchannel[0m=[35mgoogle_benzinga[0m [36mraw[0m=[35m33[0m
[2m2026-04-05T08:18:51.199193Z[0m [[32m[1minfo     [0m] [1mfetch                         [0m [36mstatus[0m=[35m200[0m [36murl[0m=[35m'https://news.google.com/rss/search?q=the+cigna+group+site:benzinga.com&hl=en-US&gl=US&ceid'[0m
[2m2026-04-05T08:18:51.244397Z[0m [[32m[1minfo     [0m] [1mparsed                        [0m [36mchannel[0m=[35mgoogle_benzinga[0m [36mraw[0m=[35m51[0m
[2m2026-04-05T08:18:51.244579Z[0m [[32m[1minfo     [0m] [1mcrawling                      [0m [36mchannel[0m=[35m'Google News (all)'[0m [36mtag[0m=[35mgoogle_broad[0m
[2m2026-04-05T08:18:53.778594Z[0m [[32m[1minfo     [0m] [1mfetch                         [0m [36mstatus[0m=[35m200[0m [36murl[0m=[35m'https://news.google.com/rss/search?q=CI+the+cigna+group+stock+news&hl=en-US&gl=US&ceid=US:'[0m
[2m2026-04-05T08:18:53.922647Z[0m [[32m[1minfo     [0m] [1mparsed                        [0m [36mchannel[0m=[35mgoogle_broad[0m [36mraw[0m=[35m100[0m
[2m2026-04-05T08:18:56.502760Z[0m [[32m[1minfo     [0m] [1mfetch                         [0m [36mstatus[0m=[35m200[0m [36murl[0m=[35m'https://news.google.com/rss/search?q=CI+the+cigna+group+earnings+analysis&hl=en-US&gl=US&c'[0m
[2m2026-04-05T08:18:56.545916Z[0m [[32m[1minfo     [0m] [1mparsed                        [0m [36mchannel[0m=[35mgoogle_broad[0m [36mraw[0m=[35m48[0m
[2m2026-04-05T08:18:56.547857Z[0m [[32m[1minfo     [0m] [1mquality_filter                [0m [36minput[0m=[35m232[0m [36mpassed[0m=[35m2[0m
[2m2026-04-05T08:18:56.548197Z[0m [[32m[1minfo     [0m] [1mdedup                         [0m [36mafter[0m=[35m2[0m [36mbefore[0m=[35m2[0m
[2m2026-04-05T08:18:56.548341Z[0m [[32m[1minfo     [0m] [1mfulltext_selection            [0m [36mcandidates[0m=[35m1[0m [36mfiltered[0m=[35m2[0m [36mmode[0m=[35mhigh-value[0m [36mticker[0m=[35mCI[0m
[2m2026-04-05T08:18:58.521087Z[0m [[32m[1minfo     [0m] [1mfetch                         [0m [36mstatus[0m=[35m200[0m [36murl[0m=[35mhttps://www.marketbeat.com/instant-alerts/filing-aberdeen-group-plc-reduces-stake-in-cigna[0m
[2m2026-04-05T08:18:58.781189Z[0m [[32m[1minfo     [0m] [1mcrawling                      [0m [36mchannel[0m=[35mGoogle->Benzinga[0m [36mtag[0m=[35mgoogle_benzinga[0m
[2m2026-04-05T08:19:01.190606Z[0m [[32m[1minfo     [0m] [1mfetch                         [0m [36mstatus[0m=[35m200[0m [36murl[0m=[35m'https://news.google.com/rss/search?q=TDG+site:benzinga.com&hl=en-US&gl=US&ceid=US:en'[0m
[2m2026-04-05T08:19:01.215872Z[0m [[32m[1minfo     [0m] [1mparsed                        [0m [36mchannel[0m=[35mgoogle_benzinga[0m [36mraw[0m=[35m21[0m
[2m2026-04-05T08:19:03.221336Z[0m [[32m[1minfo     [0m] [1mfetch                         [0m [36mstatus[0m=[35m200[0m [36murl[0m=[35m'https://news.google.com/rss/search?q=TDG+site:benzinga.com&hl=en-US&gl=US&ceid=US:en'[0m
[2m2026-04-05T08:19:03.236047Z[0m [[32m[1minfo     [0m] [1mparsed                        [0m [36mchannel[0m=[35mgoogle_benzinga[0m [36mraw[0m=[35m21[0m
[2m2026-04-05T08:19:03.236226Z[0m [[32m[1minfo     [0m] [1mcrawling                      [0m [36mchannel[0m=[35m'Google News (all)'[0m [36mtag[0m=[35mgoogle_broad[0m
[2m2026-04-05T08:19:05.733612Z[0m [[32m[1minfo     [0m] [1mfetch                         [0m [36mstatus[0m=[35m200[0m [36murl[0m=[35m'https://news.google.com/rss/search?q=TDG+stock+news&hl=en-US&gl=US&ceid=US:en'[0m
[2m2026-04-05T08:19:05.863808Z[0m [[32m[1minfo     [0m] [1mparsed                        [0m [36mchannel[0m=[35mgoogle_broad[0m [36mraw[0m=[35m88[0m
[2m2026-04-05T08:19:08.257847Z[0m [[32m[1minfo     [0m] [1mfetch                         [0m [36mstatus[0m=[35m200[0m [36murl[0m=[35m'https://news.google.com/rss/search?q=TDG+earnings+analysis&hl=en-US&gl=US&ceid=US:en'[0m
[2m2026-04-05T08:19:08.290548Z[0m [[32m[1minfo     [0m] [1mparsed                        [0m [36mchannel[0m=[35mgoogle_broad[0m [36mraw[0m=[35m42[0m
[2m2026-04-05T08:19:08.291335Z[0m [[32m[1minfo     [0m] [1mquality_filter                [0m [36minput[0m=[35m172[0m [36mpassed[0m=[35m0[0m
[2m2026-04-05T08:19:08.291476Z[0m [[32m[1minfo     [0m] [1mdedup                         [0m [36mafter[0m=[35m0[0m [36mbefore[0m=[35m0[0m
[2m2026-04-05T08:19:08.291549Z[0m [[32m[1minfo     [0m] [1mfulltext_selection            [0m [36mcandidates[0m=[35m0[0m [36mfiltered[0m=[35m0[0m [36mmode[0m=[35mhigh-value[0m [36mticker[0m=[35mTDG[0m
[2m2026-04-05T08:19:08.292326Z[0m [[32m[1minfo     [0m] [1mcrawling                      [0m [36mchannel[0m=[35mGoogle->Benzinga[0m [36mtag[0m=[35mgoogle_benzinga[0m
[2m2026-04-05T08:19:10.737604Z[0m [[32m[1minfo     [0m] [1mfetch                         [0m [36mstatus[0m=[35m200[0m [36murl[0m=[35m'https://news.google.com/rss/search?q=COR+site:benzinga.com&hl=en-US&gl=US&ceid=US:en'[0m
[2m2026-04-05T08:19:10.768996Z[0m [[32m[1minfo     [0m] [1mparsed                        [0m [36mchannel[0m=[35mgoogle_benzinga[0m [36mraw[0m=[35m41[0m
[2m2026-04-05T08:19:12.774250Z[0m [[32m[1minfo     [0m] [1mfetch                         [0m [36mstatus[0m=[35m200[0m [36murl[0m=[35m'https://news.google.com/rss/search?q=COR+site:benzinga.com&hl=en-US&gl=US&ceid=US:en'[0m
[2m2026-04-05T08:19:12.800270Z[0m [[32m[1minfo     [0m] [1mparsed                        [0m [36mchannel[0m=[35mgoogle_benzinga[0m [36mraw[0m=[35m41[0m
[2m2026-04-05T08:19:12.800435Z[0m [[32m[1minfo     [0m] [1mcrawling                      [0m [36mchannel[0m=[35m'Google News (all)'[0m [36mtag[0m=[35mgoogle_broad[0m
[2m2026-04-05T08:19:15.372447Z[0m [[32m[1minfo     [0m] [1mfetch                         [0m [36mstatus[0m=[35m200[0m [36murl[0m=[35m'https://news.google.com/rss/search?q=COR+stock+news&hl=en-US&gl=US&ceid=US:en'[0m
[2m2026-04-05T08:19:15.505168Z[0m [[32m[1minfo     [0m] [1mparsed                        [0m [36mchannel[0m=[35mgoogle_broad[0m [36mraw[0m=[35m92[0m
[2m2026-04-05T08:19:17.984753Z[0m [[32m[1minfo     [0m] [1mfetch                         [0m [36mstatus[0m=[35m200[0m [36murl[0m=[35m'https://news.google.com/rss/search?q=COR+earnings+analysis&hl=en-US&gl=US&ceid=US:en'[0m
[2m2026-04-05T08:19:18.041824Z[0m [[32m[1minfo     [0m] [1mparsed                        [0m [36mchannel[0m=[35mgoogle_broad[0m [36mraw[0m=[35m60[0m
[2m2026-04-05T08:19:18.042791Z[0m [[32m[1minfo     [0m] [1mquality_filter                [0m [36minput[0m=[35m234[0m [36mpassed[0m=[35m0[0m
[2m2026-04-05T08:19:18.042913Z[0m [[32m[1minfo     [0m] [1mdedup                         [0m [36mafter[0m=[35m0[0m [36mbefore[0m=[35m0[0m
[2m2026-04-05T08:19:18.043035Z[0m [[32m[1minfo     [0m] [1mfulltext_selection            [0m [36mcandidates[0m=[35m0[0m [36mfiltered[0m=[35m0[0m [36mmode[0m=[35mhigh-value[0m [36mticker[0m=[35mCOR[0m
[2m2026-04-05T08:19:18.043746Z[0m [[32m[1minfo     [0m] [1mcrawling                      [0m [36mchannel[0m=[35mGoogle->Benzinga[0m [36mtag[0m=[35mgoogle_benzinga[0m
[2m2026-04-05T08:19:20.969626Z[0m [[32m[1minfo     [0m] [1mfetch                         [0m [36mstatus[0m=[35m200[0m [36murl[0m=[35m'https://news.google.com/rss/search?q=AON+site:benzinga.com&hl=en-US&gl=US&ceid=US:en'[0m
[2m2026-04-05T08:19:21.015429Z[0m [[32m[1minfo     [0m] [1mparsed                        [0m [36mchannel[0m=[35mgoogle_benzinga[0m [36mraw[0m=[35m55[0m
[2m2026-04-05T08:19:23.021001Z[0m [[32m[1minfo     [0m] [1mfetch                         [0m [36mstatus[0m=[35m200[0m [36murl[0m=[35m'https://news.google.com/rss/search?q=AON+site:benzinga.com&hl=en-US&gl=US&ceid=US:en'[0m
[2m2026-04-05T08:19:23.053503Z[0m [[32m[1minfo     [0m] [1mparsed                        [0m [36mchannel[0m=[35mgoogle_benzinga[0m [36mraw[0m=[35m55[0m
[2m2026-04-05T08:19:23.053660Z[0m [[32m[1minfo     [0m] [1mcrawling                      [0m [36mchannel[0m=[35m'Google News (all)'[0m [36mtag[0m=[35mgoogle_broad[0m
[2m2026-04-05T08:19:25.639669Z[0m [[32m[1minfo     [0m] [1mfetch                         [0m [36mstatus[0m=[35m200[0m [36murl[0m=[35m'https://news.google.com/rss/search?q=AON+stock+news&hl=en-US&gl=US&ceid=US:en'[0m
[2m2026-04-05T08:19:25.784436Z[0m [[32m[1minfo     [0m] [1mparsed                        [0m [36mchannel[0m=[35mgoogle_broad[0m [36mraw[0m=[35m100[0m
[2m2026-04-05T08:19:28.296140Z[0m [[32m[1minfo     [0m] [1mfetch                         [0m [36mstatus[0m=[35m200[0m [36murl[0m=[35m'https://news.google.com/rss/search?q=AON+earnings+analysis&hl=en-US&gl=US&ceid=US:en'[0m
[2m2026-04-05T08:19:28.331367Z[0m [[32m[1minfo     [0m] [1mparsed                        [0m [36mchannel[0m=[35mgoogle_broad[0m [36mraw[0m=[35m45[0m
[2m2026-04-05T08:19:28.332763Z[0m [[32m[1minfo     [0m] [1mquality_filter                [0m [36minput[0m=[35m255[0m [36mpassed[0m=[35m1[0m
[2m2026-04-05T08:19:28.333073Z[0m [[32m[1minfo     [0m] [1mdedup                         [0m [36mafter[0m=[35m1[0m [36mbefore[0m=[35m1[0m
[2m2026-04-05T08:19:28.333167Z[0m [[32m[1minfo     [0m] [1mfulltext_selection            [0m [36mcandidates[0m=[35m1[0m [36mfiltered[0m=[35m1[0m [36mmode[0m=[35mhigh-value[0m [36mticker[0m=[35mAON[0m
[2m2026-04-05T08:19:30.307716Z[0m [[32m[1minfo     [0m] [1mfetch                         [0m [36mstatus[0m=[35m403[0m [36murl[0m=[35mhttps://www.bitget.com/news/detail/12560605335581[0m
[2m2026-04-05T08:19:30.509996Z[0m [[32m[1minfo     [0m] [1mcrawling                      [0m [36mchannel[0m=[35mGoogle->Benzinga[0m [36mtag[0m=[35mgoogle_benzinga[0m
[2m2026-04-05T08:19:33.227669Z[0m [[32m[1minfo     [0m] [1mfetch                         [0m [36mstatus[0m=[35m200[0m [36murl[0m=[35m'https://news.google.com/rss/search?q=GM+site:benzinga.com&hl=en-US&gl=US&ceid=US:en'[0m
[2m2026-04-05T08:19:33.363799Z[0m [[32m[1minfo     [0m] [1mparsed                        [0m [36mchannel[0m=[35mgoogle_benzinga[0m [36mraw[0m=[35m100[0m
[2m2026-04-05T08:19:35.370779Z[0m [[32m[1minfo     [0m] [1mfetch                         [0m [36mstatus[0m=[35m200[0m [36murl[0m=[35m'https://news.google.com/rss/search?q=GM+site:benzinga.com&hl=en-US&gl=US&ceid=US:en'[0m
[2m2026-04-05T08:19:35.431135Z[0m [[32m[1minfo     [0m] [1mparsed                        [0m [36mchannel[0m=[35mgoogle_benzinga[0m [36mraw[0m=[35m100[0m
[2m2026-04-05T08:19:35.431387Z[0m [[32m[1minfo     [0m] [1mcrawling                      [0m [36mchannel[0m=[35m'Google News (all)'[0m [36mtag[0m=[35mgoogle_broad[0m
[2m2026-04-05T08:19:37.973716Z[0m [[32m[1minfo     [0m] [1mfetch                         [0m [36mstatus[0m=[35m200[0m [36murl[0m=[35m'https://news.google.com/rss/search?q=GM+stock+news&hl=en-US&gl=US&ceid=US:en'[0m
[2m2026-04-05T08:19:38.139929Z[0m [[32m[1minfo     [0m] [1mparsed                        [0m [36mchannel[0m=[35mgoogle_broad[0m [36mraw[0m=[35m100[0m
[2m2026-04-05T08:19:40.727556Z[0m [[32m[1minfo     [0m] [1mfetch                         [0m [36mstatus[0m=[35m200[0m [36murl[0m=[35m'https://news.google.com/rss/search?q=GM+earnings+analysis&hl=en-US&gl=US&ceid=US:en'[0m
[2m2026-04-05T08:19:40.867996Z[0m [[32m[1minfo     [0m] [1mparsed                        [0m [36mchannel[0m=[35mgoogle_broad[0m [36mraw[0m=[35m100[0m
[2m2026-04-05T08:19:40.869675Z[0m [[32m[1minfo     [0m] [1mquality_filter                [0m [36minput[0m=[35m400[0m [36mpassed[0m=[35m0[0m
[2m2026-04-05T08:19:40.869824Z[0m [[32m[1minfo     [0m] [1mdedup                         [0m [36mafter[0m=[35m0[0m [36mbefore[0m=[35m0[0m
[2m2026-04-05T08:19:40.869899Z[0m [[32m[1minfo     [0m] [1mfulltext_selection            [0m [36mcandidates[0m=[35m0[0m [36mfiltered[0m=[35m0[0m [36mmode[0m=[35mhigh-value[0m [36mticker[0m=[35mGM[0m
[2m2026-04-05T08:19:40.870633Z[0m [[32m[1minfo     [0m] [1mcrawling                      [0m [36mchannel[0m=[35mGoogle->Benzinga[0m [36mtag[0m=[35mgoogle_benzinga[0m
[2m2026-04-05T08:19:43.291117Z[0m [[32m[1minfo     [0m] [1mfetch                         [0m [36mstatus[0m=[35m200[0m [36murl[0m=[35m'https://news.google.com/rss/search?q=ELV+site:benzinga.com&hl=en-US&gl=US&ceid=US:en'[0m
[2m2026-04-05T08:19:43.318077Z[0m [[32m[1minfo     [0m] [1mparsed                        [0m [36mchannel[0m=[35mgoogle_benzinga[0m [36mraw[0m=[35m32[0m
[2m2026-04-05T08:19:45.323845Z[0m [[32m[1minfo     [0m] [1mfetch                         [0m [36mstatus[0m=[35m200[0m [36murl[0m=[35m'https://news.google.com/rss/search?q=ELV+site:benzinga.com&hl=en-US&gl=US&ceid=US:en'[0m
[2m2026-04-05T08:19:45.344301Z[0m [[32m[1minfo     [0m] [1mparsed                        [0m [36mchannel[0m=[35mgoogle_benzinga[0m [36mraw[0m=[35m32[0m
[2m2026-04-05T08:19:45.344477Z[0m [[32m[1minfo     [0m] [1mcrawling                      [0m [36mchannel[0m=[35m'Google News (all)'[0m [36mtag[0m=[35mgoogle_broad[0m
[2m2026-04-05T08:19:47.821493Z[0m [[32m[1minfo     [0m] [1mfetch                         [0m [36mstatus[0m=[35m200[0m [36murl[0m=[35m'https://news.google.com/rss/search?q=ELV+stock+news&hl=en-US&gl=US&ceid=US:en'[0m
[2m2026-04-05T08:19:47.972724Z[0m [[32m[1minfo     [0m] [1mparsed                        [0m [36mchannel[0m=[35mgoogle_broad[0m [36mraw[0m=[35m100[0m
[2m2026-04-05T08:19:50.386579Z[0m [[32m[1minfo     [0m] [1mfetch                         [0m [36mstatus[0m=[35m200[0m [36murl[0m=[35m'https://news.google.com/rss/search?q=ELV+earnings+analysis&hl=en-US&gl=US&ceid=US:en'[0m
[2m2026-04-05T08:19:50.431839Z[0m [[32m[1minfo     [0m] [1mparsed                        [0m [36mchannel[0m=[35mgoogle_broad[0m [36mraw[0m=[35m51[0m
[2m2026-04-05T08:19:50.433421Z[0m [[32m[1minfo     [0m] [1mquality_filter                [0m [36minput[0m=[35m215[0m [36mpassed[0m=[35m3[0m
[2m2026-04-05T08:19:50.433879Z[0m [[32m[1minfo     [0m] [1mdedup                         [0m [36mafter[0m=[35m2[0m [36mbefore[0m=[35m3[0m
[2m2026-04-05T08:19:50.433998Z[0m [[32m[1minfo     [0m] [1mfulltext_selection            [0m [36mcandidates[0m=[35m1[0m [36mfiltered[0m=[35m2[0m [36mmode[0m=[35mhigh-value[0m [36mticker[0m=[35mELV[0m
[2m2026-04-05T08:19:52.346493Z[0m [[32m[1minfo     [0m] [1mfetch                         [0m [36mstatus[0m=[35m200[0m [36murl[0m=[35mhttps://www.msn.com/en-us/health/other/will-elevance-health-elv-beat-estimates-again-in-it[0m
[2m2026-04-05T08:19:52.564147Z[0m [[32m[1minfo     [0m] [1mcrawling                      [0m [36mchannel[0m=[35mGoogle->Benzinga[0m [36mtag[0m=[35mgoogle_benzinga[0m
[2m2026-04-05T08:19:55.147990Z[0m [[32m[1minfo     [0m] [1mfetch                         [0m [36mstatus[0m=[35m200[0m [36murl[0m=[35m'https://news.google.com/rss/search?q=WBD+site:benzinga.com&hl=en-US&gl=US&ceid=US:en'[0m
[2m2026-04-05T08:19:55.281553Z[0m [[32m[1minfo     [0m] [1mparsed                        [0m [36mchannel[0m=[35mgoogle_benzinga[0m [36mraw[0m=[35m100[0m
[2m2026-04-05T08:19:57.287025Z[0m [[32m[1minfo     [0m] [1mfetch                         [0m [36mstatus[0m=[35m200[0m [36murl[0m=[35m'https://news.google.com/rss/search?q=WBD+site:benzinga.com&hl=en-US&gl=US&ceid=US:en'[0m
[2m2026-04-05T08:19:57.347195Z[0m [[32m[1minfo     [0m] [1mparsed                        [0m [36mchannel[0m=[35mgoogle_benzinga[0m [36mraw[0m=[35m100[0m
[2m2026-04-05T08:19:57.347383Z[0m [[32m[1minfo     [0m] [1mcrawling                      [0m [36mchannel[0m=[35m'Google News (all)'[0m [36mtag[0m=[35mgoogle_broad[0m
[2m2026-04-05T08:19:59.921488Z[0m [[32m[1minfo     [0m] [1mfetch                         [0m [36mstatus[0m=[35m200[0m [36murl[0m=[35m'https://news.google.com/rss/search?q=WBD+stock+news&hl=en-US&gl=US&ceid=US:en'[0m
[2m2026-04-05T08:20:00.137928Z[0m [[32m[1minfo     [0m] [1mparsed                        [0m [36mchannel[0m=[35mgoogle_broad[0m [36mraw[0m=[35m100[0m
[2m2026-04-05T08:20:02.592674Z[0m [[32m[1minfo     [0m] [1mfetch                         [0m [36mstatus[0m=[35m200[0m [36murl[0m=[35m'https://news.google.com/rss/search?q=WBD+earnings+analysis&hl=en-US&gl=US&ceid=US:en'[0m
[2m2026-04-05T08:20:02.925485Z[0m [[32m[1minfo     [0m] [1mparsed                        [0m [36mchannel[0m=[35mgoogle_broad[0m [36mraw[0m=[35m67[0m
[2m2026-04-05T08:20:02.938907Z[0m [[32m[1minfo     [0m] [1mquality_filter                [0m [36minput[0m=[35m367[0m [36mpassed[0m=[35m1[0m
[2m2026-04-05T08:20:02.939273Z[0m [[32m[1minfo     [0m] [1mdedup                         [0m [36mafter[0m=[35m1[0m [36mbefore[0m=[35m1[0m
[2m2026-04-05T08:20:02.939405Z[0m [[32m[1minfo     [0m] [1mfulltext_selection            [0m [36mcandidates[0m=[35m0[0m [36mfiltered[0m=[35m1[0m [36mmode[0m=[35mhigh-value[0m [36mticker[0m=[35mWBD[0m
[2m2026-04-05T08:20:02.940639Z[0m [[32m[1minfo     [0m] [1mcrawling                      [0m [36mchannel[0m=[35mGoogle->Benzinga[0m [36mtag[0m=[35mgoogle_benzinga[0m
[2m2026-04-05T08:20:05.525954Z[0m [[32m[1minfo     [0m] [1mfetch                         [0m [36mstatus[0m=[35m200[0m [36murl[0m=[35m'https://news.google.com/rss/search?q=TEL+site:benzinga.com&hl=en-US&gl=US&ceid=US:en'[0m
[2m2026-04-05T08:20:05.705965Z[0m [[32m[1minfo     [0m] [1mparsed                        [0m [36mchannel[0m=[35mgoogle_benzinga[0m [36mraw[0m=[35m78[0m
[2m2026-04-05T08:20:07.711652Z[0m [[32m[1minfo     [0m] [1mfetch                         [0m [36mstatus[0m=[35m200[0m [36murl[0m=[35m'https://news.google.com/rss/search?q=TEL+site:benzinga.com&hl=en-US&gl=US&ceid=US:en'[0m
[2m2026-04-05T08:20:07.759925Z[0m [[32m[1minfo     [0m] [1mparsed                        [0m [36mchannel[0m=[35mgoogle_benzinga[0m [36mraw[0m=[35m78[0m
[2m2026-04-05T08:20:07.760097Z[0m [[32m[1minfo     [0m] [1mcrawling                      [0m [36mchannel[0m=[35m'Google News (all)'[0m [36mtag[0m=[35mgoogle_broad[0m
[2m2026-04-05T08:20:10.260471Z[0m [[32m[1minfo     [0m] [1mfetch                         [0m [36mstatus[0m=[35m200[0m [36murl[0m=[35m'https://news.google.com/rss/search?q=TEL+stock+news&hl=en-US&gl=US&ceid=US:en'[0m
[2m2026-04-05T08:20:10.383031Z[0m [[32m[1minfo     [0m] [1mparsed                        [0m [36mchannel[0m=[35mgoogle_broad[0m [36mraw[0m=[35m82[0m
[2m2026-04-05T08:20:12.902054Z[0m [[32m[1minfo     [0m] [1mfetch                         [0m [36mstatus[0m=[35m200[0m [36murl[0m=[35m'https://news.google.com/rss/search?q=TEL+earnings+analysis&hl=en-US&gl=US&ceid=US:en'[0m
[2m2026-04-05T08:20:12.935496Z[0m [[32m[1minfo     [0m] [1mparsed                        [0m [36mchannel[0m=[35mgoogle_broad[0m [36mraw[0m=[35m44[0m
[2m2026-04-05T08:20:12.937307Z[0m [[32m[1minfo     [0m] [1mquality_filter                [0m [36minput[0m=[35m282[0m [36mpassed[0m=[35m4[0m
[2m2026-04-05T08:20:12.937944Z[0m [[32m[1minfo     [0m] [1mdedup                         [0m [36mafter[0m=[35m4[0m [36mbefore[0m=[35m4[0m
[2m2026-04-05T08:20:12.938091Z[0m [[32m[1minfo     [0m] [1mfulltext_selection            [0m [36mcandidates[0m=[35m2[0m [36mfiltered[0m=[35m4[0m [36mmode[0m=[35mhigh-value[0m [36mticker[0m=[35mTEL[0m
[2m2026-04-05T08:20:15.054029Z[0m [[32m[1minfo     [0m] [1mfetch                         [0m [36mstatus[0m=[35m200[0m [36murl[0m=[35mhttps://www.marketbeat.com/instant-alerts/filing-te-connectivity-ltd-tel-stock-holdings-le[0m
[2m2026-04-05T08:20:15.886160Z[0m [[32m[1minfo     [0m] [1mfetch                         [0m [36mstatus[0m=[35m200[0m [36murl[0m=[35mhttps://www.chartmill.com/news/TEL/Chartmill-45003-TE-Connectivity-PLC-NYSETEL-Presents-a-[0m
[2m2026-04-05T08:20:16.089179Z[0m [[32m[1minfo     [0m] [1mcrawling                      [0m [36mchannel[0m=[35mGoogle->Benzinga[0m [36mtag[0m=[35mgoogle_benzinga[0m
[2m2026-04-05T08:20:18.498979Z[0m [[32m[1minfo     [0m] [1mfetch                         [0m [36mstatus[0m=[35m200[0m [36murl[0m=[35m'https://news.google.com/rss/search?q=TRV+site:benzinga.com&hl=en-US&gl=US&ceid=US:en'[0m
[2m2026-04-05T08:20:18.512197Z[0m [[32m[1minfo     [0m] [1mparsed                        [0m [36mchannel[0m=[35mgoogle_benzinga[0m [36mraw[0m=[35m15[0m
[2m2026-04-05T08:20:20.517787Z[0m [[32m[1minfo     [0m] [1mfetch                         [0m [36mstatus[0m=[35m200[0m [36murl[0m=[35m'https://news.google.com/rss/search?q=TRV+site:benzinga.com&hl=en-US&gl=US&ceid=US:en'[0m
[2m2026-04-05T08:20:20.528846Z[0m [[32m[1minfo     [0m] [1mparsed                        [0m [36mchannel[0m=[35mgoogle_benzinga[0m [36mraw[0m=[35m15[0m
[2m2026-04-05T08:20:20.529004Z[0m [[32m[1minfo     [0m] [1mcrawling                      [0m [36mchannel[0m=[35m'Google News (all)'[0m [36mtag[0m=[35mgoogle_broad[0m
[2m2026-04-05T08:20:23.047349Z[0m [[32m[1minfo     [0m] [1mfetch                         [0m [36mstatus[0m=[35m200[0m [36murl[0m=[35m'https://news.google.com/rss/search?q=TRV+stock+news&hl=en-US&gl=US&ceid=US:en'[0m
[2m2026-04-05T08:20:23.167083Z[0m [[32m[1minfo     [0m] [1mparsed                        [0m [36mchannel[0m=[35mgoogle_broad[0m [36mraw[0m=[35m75[0m
[2m2026-04-05T08:20:25.590416Z[0m [[32m[1minfo     [0m] [1mfetch                         [0m [36mstatus[0m=[35m200[0m [36murl[0m=[35m'https://news.google.com/rss/search?q=TRV+earnings+analysis&hl=en-US&gl=US&ceid=US:en'[0m
[2m2026-04-05T08:20:25.634873Z[0m [[32m[1minfo     [0m] [1mparsed                        [0m [36mchannel[0m=[35mgoogle_broad[0m [36mraw[0m=[35m49[0m
[2m2026-04-05T08:20:25.635639Z[0m [[32m[1minfo     [0m] [1mquality_filter                [0m [36minput[0m=[35m154[0m [36mpassed[0m=[35m0[0m
[2m2026-04-05T08:20:25.635767Z[0m [[32m[1minfo     [0m] [1mdedup                         [0m [36mafter[0m=[35m0[0m [36mbefore[0m=[35m0[0m
[2m2026-04-05T08:20:25.635841Z[0m [[32m[1minfo     [0m] [1mfulltext_selection            [0m [36mcandidates[0m=[35m0[0m [36mfiltered[0m=[35m0[0m [36mmode[0m=[35mhigh-value[0m [36mticker[0m=[35mTRV[0m
[2m2026-04-05T08:20:25.636707Z[0m [[32m[1minfo     [0m] [1mcrawling                      [0m [36mchannel[0m=[35mGoogle->Benzinga[0m [36mtag[0m=[35mgoogle_benzinga[0m
[2m2026-04-05T08:20:28.126801Z[0m [[32m[1minfo     [0m] [1mfetch                         [0m [36mstatus[0m=[35m200[0m [36murl[0m=[35m'https://news.google.com/rss/search?q=ROST+site:benzinga.com&hl=en-US&gl=US&ceid=US:en'[0m
[2m2026-04-05T08:20:28.145344Z[0m [[32m[1minfo     [0m] [1mparsed                        [0m [36mchannel[0m=[35mgoogle_benzinga[0m [36mraw[0m=[35m27[0m
[2m2026-04-05T08:20:30.150858Z[0m [[32m[1minfo     [0m] [1mfetch                         [0m [36mstatus[0m=[35m200[0m [36murl[0m=[35m'https://news.google.com/rss/search?q=ROST+site:benzinga.com&hl=en-US&gl=US&ceid=US:en'[0m
[2m2026-04-05T08:20:30.173730Z[0m [[32m[1minfo     [0m] [1mparsed                        [0m [36mchannel[0m=[35mgoogle_benzinga[0m [36mraw[0m=[35m27[0m
[2m2026-04-05T08:20:30.173891Z[0m [[32m[1minfo     [0m] [1mcrawling                      [0m [36mchannel[0m=[35m'Google News (all)'[0m [36mtag[0m=[35mgoogle_broad[0m
[2m2026-04-05T08:20:32.662430Z[0m [[32m[1minfo     [0m] [1mfetch                         [0m [36mstatus[0m=[35m200[0m [36murl[0m=[35m'https://news.google.com/rss/search?q=ROST+stock+news&hl=en-US&gl=US&ceid=US:en'[0m
[2m2026-04-05T08:20:32.788196Z[0m [[32m[1minfo     [0m] [1mparsed                        [0m [36mchannel[0m=[35mgoogle_broad[0m [36mraw[0m=[35m86[0m
[2m2026-04-05T08:20:35.230461Z[0m [[32m[1minfo     [0m] [1mfetch                         [0m [36mstatus[0m=[35m200[0m [36murl[0m=[35m'https://news.google.com/rss/search?q=ROST+earnings+analysis&hl=en-US&gl=US&ceid=US:en'[0m
[2m2026-04-05T08:20:35.262622Z[0m [[32m[1minfo     [0m] [1mparsed                        [0m [36mchannel[0m=[35mgoogle_broad[0m [36mraw[0m=[35m40[0m
[2m2026-04-05T08:20:35.263420Z[0m [[32m[1minfo     [0m] [1mquality_filter                [0m [36minput[0m=[35m180[0m [36mpassed[0m=[35m0[0m
[2m2026-04-05T08:20:35.263545Z[0m [[32m[1minfo     [0m] [1mdedup                         [0m [36mafter[0m=[35m0[0m [36mbefore[0m=[35m0[0m
[2m2026-04-05T08:20:35.263618Z[0m [[32m[1minfo     [0m] [1mfulltext_selection            [0m [36mcandidates[0m=[35m0[0m [36mfiltered[0m=[35m0[0m [36mmode[0m=[35mhigh-value[0m [36mticker[0m=[35mROST[0m
[2m2026-04-05T08:20:35.264428Z[0m [[32m[1minfo     [0m] [1mcrawling                      [0m [36mchannel[0m=[35mGoogle->Benzinga[0m [36mtag[0m=[35mgoogle_benzinga[0m
[2m2026-04-05T08:20:37.674888Z[0m [[32m[1minfo     [0m] [1mfetch                         [0m [36mstatus[0m=[35m200[0m [36murl[0m=[35m'https://news.google.com/rss/search?q=SPG+site:benzinga.com&hl=en-US&gl=US&ceid=US:en'[0m
[2m2026-04-05T08:20:37.685654Z[0m [[32m[1minfo     [0m] [1mparsed                        [0m [36mchannel[0m=[35mgoogle_benzinga[0m [36mraw[0m=[35m14[0m
[2m2026-04-05T08:20:39.690849Z[0m [[32m[1minfo     [0m] [1mfetch                         [0m [36mstatus[0m=[35m200[0m [36murl[0m=[35m'https://news.google.com/rss/search?q=SPG+site:benzinga.com&hl=en-US&gl=US&ceid=US:en'[0m
[2m2026-04-05T08:20:39.701126Z[0m [[32m[1minfo     [0m] [1mparsed                        [0m [36mchannel[0m=[35mgoogle_benzinga[0m [36mraw[0m=[35m14[0m
[2m2026-04-05T08:20:39.701305Z[0m [[32m[1minfo     [0m] [1mcrawling                      [0m [36mchannel[0m=[35m'Google News (all)'[0m [36mtag[0m=[35mgoogle_broad[0m
[2m2026-04-05T08:20:42.180905Z[0m [[32m[1minfo     [0m] [1mfetch                         [0m [36mstatus[0m=[35m200[0m [36murl[0m=[35m'https://news.google.com/rss/search?q=SPG+stock+news&hl=en-US&gl=US&ceid=US:en'[0m
[2m2026-04-05T08:20:42.331589Z[0m [[32m[1minfo     [0m] [1mparsed                        [0m [36mchannel[0m=[35mgoogle_broad[0m [36mraw[0m=[35m100[0m
[2m2026-04-05T08:20:44.788465Z[0m [[32m[1minfo     [0m] [1mfetch                         [0m [36mstatus[0m=[35m200[0m [36murl[0m=[35m'https://news.google.com/rss/search?q=SPG+earnings+analysis&hl=en-US&gl=US&ceid=US:en'[0m
[2m2026-04-05T08:20:44.840125Z[0m [[32m[1minfo     [0m] [1mparsed                        [0m [36mchannel[0m=[35mgoogle_broad[0m [36mraw[0m=[35m51[0m
[2m2026-04-05T08:20:44.841663Z[0m [[32m[1minfo     [0m] [1mquality_filter                [0m [36minput[0m=[35m179[0m [36mpassed[0m=[35m3[0m
[2m2026-04-05T08:20:44.842086Z[0m [[32m[1minfo     [0m] [1mdedup                         [0m [36mafter[0m=[35m3[0m [36mbefore[0m=[35m3[0m
[2m2026-04-05T08:20:44.842202Z[0m [[32m[1minfo     [0m] [1mfulltext_selection            [0m [36mcandidates[0m=[35m2[0m [36mfiltered[0m=[35m3[0m [36mmode[0m=[35mhigh-value[0m [36mticker[0m=[35mSPG[0m
[2m2026-04-05T08:20:47.430361Z[0m [[32m[1minfo     [0m] [1mfetch                         [0m [36mstatus[0m=[35m200[0m [36murl[0m=[35mhttps://intellectia.ai/en/stock/SPG/technical[0m
[2m2026-04-05T08:20:47.811007Z[0m [[32m[1minfo     [0m] [1mfetch                         [0m [36mstatus[0m=[35m200[0m [36murl[0m=[35mhttps://intellectia.ai/en/stock/SPG/financials[0m
[2m2026-04-05T08:20:48.418000Z[0m [[32m[1minfo     [0m] [1mcrawling                      [0m [36mchannel[0m=[35mGoogle->Benzinga[0m [36mtag[0m=[35mgoogle_benzinga[0m
[2m2026-04-05T08:20:50.805884Z[0m [[32m[1minfo     [0m] [1mfetch                         [0m [36mstatus[0m=[35m200[0m [36murl[0m=[35m'https://news.google.com/rss/search?q=SRE+site:benzinga.com&hl=en-US&gl=US&ceid=US:en'[0m
[2m2026-04-05T08:20:50.818142Z[0m [[32m[1minfo     [0m] [1mparsed                        [0m [36mchannel[0m=[35mgoogle_benzinga[0m [36mraw[0m=[35m17[0m
[2m2026-04-05T08:20:52.823578Z[0m [[32m[1minfo     [0m] [1mfetch                         [0m [36mstatus[0m=[35m200[0m [36murl[0m=[35m'https://news.google.com/rss/search?q=SRE+site:benzinga.com&hl=en-US&gl=US&ceid=US:en'[0m
[2m2026-04-05T08:20:52.835397Z[0m [[32m[1minfo     [0m] [1mparsed                        [0m [36mchannel[0m=[35mgoogle_benzinga[0m [36mraw[0m=[35m17[0m
[2m2026-04-05T08:20:52.835551Z[0m [[32m[1minfo     [0m] [1mcrawling                      [0m [36mchannel[0m=[35m'Google News (all)'[0m [36mtag[0m=[35mgoogle_broad[0m
[2m2026-04-05T08:20:55.401718Z[0m [[32m[1minfo     [0m] [1mfetch                         [0m [36mstatus[0m=[35m200[0m [36murl[0m=[35m'https://news.google.com/rss/search?q=SRE+stock+news&hl=en-US&gl=US&ceid=US:en'[0m
[2m2026-04-05T08:20:55.526949Z[0m [[32m[1minfo     [0m] [1mparsed                        [0m [36mchannel[0m=[35mgoogle_broad[0m [36mraw[0m=[35m91[0m
[2m2026-04-05T08:20:57.998292Z[0m [[32m[1minfo     [0m] [1mfetch                         [0m [36mstatus[0m=[35m200[0m [36murl[0m=[35m'https://news.google.com/rss/search?q=SRE+earnings+analysis&hl=en-US&gl=US&ceid=US:en'[0m
[2m2026-04-05T08:20:58.039862Z[0m [[32m[1minfo     [0m] [1mparsed                        [0m [36mchannel[0m=[35mgoogle_broad[0m [36mraw[0m=[35m46[0m
[2m2026-04-05T08:20:58.041084Z[0m [[32m[1minfo     [0m] [1mquality_filter                [0m [36minput[0m=[35m171[0m [36mpassed[0m=[35m2[0m
[2m2026-04-05T08:20:58.041457Z[0m [[32m[1minfo     [0m] [1mdedup                         [0m [36mafter[0m=[35m1[0m [36mbefore[0m=[35m2[0m
[2m2026-04-05T08:20:58.041572Z[0m [[32m[1minfo     [0m] [1mfulltext_selection            [0m [36mcandidates[0m=[35m0[0m [36mfiltered[0m=[35m1[0m [36mmode[0m=[35mhigh-value[0m [36mticker[0m=[35mSRE[0m
[2m2026-04-05T08:20:58.042354Z[0m [[32m[1minfo     [0m] [1mcrawling                      [0m [36mchannel[0m=[35mGoogle->Benzinga[0m [36mtag[0m=[35mgoogle_benzinga[0m
[2m2026-04-05T08:21:00.491934Z[0m [[32m[1minfo     [0m] [1mfetch                         [0m [36mstatus[0m=[35m200[0m [36murl[0m=[35m'https://news.google.com/rss/search?q=TFC+site:benzinga.com&hl=en-US&gl=US&ceid=US:en'[0m
[2m2026-04-05T08:21:00.510324Z[0m [[32m[1minfo     [0m] [1mparsed                        [0m [36mchannel[0m=[35mgoogle_benzinga[0m [36mraw[0m=[35m21[0m
[2m2026-04-05T08:21:02.516576Z[0m [[32m[1minfo     [0m] [1mfetch                         [0m [36mstatus[0m=[35m200[0m [36murl[0m=[35m'https://news.google.com/rss/search?q=TFC+site:benzinga.com&hl=en-US&gl=US&ceid=US:en'[0m
[2m2026-04-05T08:21:02.560056Z[0m [[32m[1minfo     [0m] [1mparsed                        [0m [36mchannel[0m=[35mgoogle_benzinga[0m [36mraw[0m=[35m21[0m
[2m2026-04-05T08:21:02.560238Z[0m [[32m[1minfo     [0m] [1mcrawling                      [0m [36mchannel[0m=[35m'Google News (all)'[0m [36mtag[0m=[35mgoogle_broad[0m
[2m2026-04-05T08:21:05.038672Z[0m [[32m[1minfo     [0m] [1mfetch                         [0m [36mstatus[0m=[35m200[0m [36murl[0m=[35m'https://news.google.com/rss/search?q=TFC+stock+news&hl=en-US&gl=US&ceid=US:en'[0m
[2m2026-04-05T08:21:05.194525Z[0m [[32m[1minfo     [0m] [1mparsed                        [0m [36mchannel[0m=[35mgoogle_broad[0m [36mraw[0m=[35m97[0m
[2m2026-04-05T08:21:07.590088Z[0m [[32m[1minfo     [0m] [1mfetch                         [0m [36mstatus[0m=[35m200[0m [36murl[0m=[35m'https://news.google.com/rss/search?q=TFC+earnings+analysis&hl=en-US&gl=US&ceid=US:en'[0m
[2m2026-04-05T08:21:07.620846Z[0m [[32m[1minfo     [0m] [1mparsed                        [0m [36mchannel[0m=[35mgoogle_broad[0m [36mraw[0m=[35m39[0m
[2m2026-04-05T08:21:07.621955Z[0m [[32m[1minfo     [0m] [1mquality_filter                [0m [36minput[0m=[35m178[0m [36mpassed[0m=[35m1[0m
[2m2026-04-05T08:21:07.622242Z[0m [[32m[1minfo     [0m] [1mdedup                         [0m [36mafter[0m=[35m1[0m [36mbefore[0m=[35m1[0m
[2m2026-04-05T08:21:07.622444Z[0m [[32m[1minfo     [0m] [1mfulltext_selection            [0m [36mcandidates[0m=[35m0[0m [36mfiltered[0m=[35m1[0m [36mmode[0m=[35mhigh-value[0m [36mticker[0m=[35mTFC[0m
[2m2026-04-05T08:21:07.623157Z[0m [[32m[1minfo     [0m] [1mcrawling                      [0m [36mchannel[0m=[35mGoogle->Benzinga[0m [36mtag[0m=[35mgoogle_benzinga[0m
[2m2026-04-05T08:21:10.039831Z[0m [[32m[1minfo     [0m] [1mfetch                         [0m [36mstatus[0m=[35m200[0m [36murl[0m=[35m'https://news.google.com/rss/search?q=AZO+site:benzinga.com&hl=en-US&gl=US&ceid=US:en'[0m
[2m2026-04-05T08:21:10.054966Z[0m [[32m[1minfo     [0m] [1mparsed                        [0m [36mchannel[0m=[35mgoogle_benzinga[0m [36mraw[0m=[35m21[0m
[2m2026-04-05T08:21:12.060284Z[0m [[32m[1minfo     [0m] [1mfetch                         [0m [36mstatus[0m=[35m200[0m [36murl[0m=[35m'https://news.google.com/rss/search?q=AZO+site:benzinga.com&hl=en-US&gl=US&ceid=US:en'[0m
[2m2026-04-05T08:21:12.076919Z[0m [[32m[1minfo     [0m] [1mparsed                        [0m [36mchannel[0m=[35mgoogle_benzinga[0m [36mraw[0m=[35m21[0m
[2m2026-04-05T08:21:12.077085Z[0m [[32m[1minfo     [0m] [1mcrawling                      [0m [36mchannel[0m=[35m'Google News (all)'[0m [36mtag[0m=[35mgoogle_broad[0m
[2m2026-04-05T08:21:14.761787Z[0m [[32m[1minfo     [0m] [1mfetch                         [0m [36mstatus[0m=[35m200[0m [36murl[0m=[35m'https://news.google.com/rss/search?q=AZO+stock+news&hl=en-US&gl=US&ceid=US:en'[0m
[2m2026-04-05T08:21:14.832376Z[0m [[32m[1minfo     [0m] [1mparsed                        [0m [36mchannel[0m=[35mgoogle_broad[0m [36mraw[0m=[35m72[0m
[2m2026-04-05T08:21:17.339088Z[0m [[32m[1minfo     [0m] [1mfetch                         [0m [36mstatus[0m=[35m200[0m [36murl[0m=[35m'https://news.google.com/rss/search?q=AZO+earnings+analysis&hl=en-US&gl=US&ceid=US:en'[0m
[2m2026-04-05T08:21:17.383234Z[0m [[32m[1minfo     [0m] [1mparsed                        [0m [36mchannel[0m=[35mgoogle_broad[0m [36mraw[0m=[35m50[0m
[2m2026-04-05T08:21:17.383955Z[0m [[32m[1minfo     [0m] [1mquality_filter                [0m [36minput[0m=[35m164[0m [36mpassed[0m=[35m0[0m
[2m2026-04-05T08:21:17.384072Z[0m [[32m[1minfo     [0m] [1mdedup                         [0m [36mafter[0m=[35m0[0m [36mbefore[0m=[35m0[0m
[2m2026-04-05T08:21:17.384144Z[0m [[32m[1minfo     [0m] [1mfulltext_selection            [0m [36mcandidates[0m=[35m0[0m [36mfiltered[0m=[35m0[0m [36mmode[0m=[35mhigh-value[0m [36mticker[0m=[35mAZO[0m
[2m2026-04-05T08:21:17.385053Z[0m [[32m[1minfo     [0m] [1mcrawling                      [0m [36mchannel[0m=[35mGoogle->Benzinga[0m [36mtag[0m=[35mgoogle_benzinga[0m
[2m2026-04-05T08:21:19.805303Z[0m [[32m[1minfo     [0m] [1mfetch                         [0m [36mstatus[0m=[35m200[0m [36murl[0m=[35m'https://news.google.com/rss/search?q=O+realty+income+corporation+site:benzinga.com&hl=en-U'[0m
[2m2026-04-05T08:21:19.831481Z[0m [[32m[1minfo     [0m] [1mparsed                        [0m [36mchannel[0m=[35mgoogle_benzinga[0m [36mraw[0m=[35m31[0m
[2m2026-04-05T08:21:22.369793Z[0m [[32m[1minfo     [0m] [1mfetch                         [0m [36mstatus[0m=[35m200[0m [36murl[0m=[35m'https://news.google.com/rss/search?q=realty+income+corporation+site:benzinga.com&hl=en-US&'[0m
[2m2026-04-05T08:21:22.518775Z[0m [[32m[1minfo     [0m] [1mparsed                        [0m [36mchannel[0m=[35mgoogle_benzinga[0m [36mraw[0m=[35m100[0m
[2m2026-04-05T08:21:22.518939Z[0m [[32m[1minfo     [0m] [1mcrawling                      [0m [36mchannel[0m=[35m'Google News (all)'[0m [36mtag[0m=[35mgoogle_broad[0m
[2m2026-04-05T08:21:25.091696Z[0m [[32m[1minfo     [0m] [1mfetch                         [0m [36mstatus[0m=[35m200[0m [36murl[0m=[35m'https://news.google.com/rss/search?q=O+realty+income+corporation+stock+news&hl=en-US&gl=US'[0m
[2m2026-04-05T08:21:25.234914Z[0m [[32m[1minfo     [0m] [1mparsed                        [0m [36mchannel[0m=[35mgoogle_broad[0m [36mraw[0m=[35m100[0m
[2m2026-04-05T08:21:27.710823Z[0m [[32m[1minfo     [0m] [1mfetch                         [0m [36mstatus[0m=[35m200[0m [36murl[0m=[35m'https://news.google.com/rss/search?q=O+realty+income+corporation+earnings+analysis&hl=en-U'[0m
[2m2026-04-05T08:21:27.771243Z[0m [[32m[1minfo     [0m] [1mparsed                        [0m [36mchannel[0m=[35mgoogle_broad[0m [36mraw[0m=[35m67[0m
[2m2026-04-05T08:21:27.772981Z[0m [[32m[1minfo     [0m] [1mquality_filter                [0m [36minput[0m=[35m298[0m [36mpassed[0m=[35m0[0m
[2m2026-04-05T08:21:27.773130Z[0m [[32m[1minfo     [0m] [1mdedup                         [0m [36mafter[0m=[35m0[0m [36mbefore[0m=[35m0[0m
[2m2026-04-05T08:21:27.773222Z[0m [[32m[1minfo     [0m] [1mfulltext_selection            [0m [36mcandidates[0m=[35m0[0m [36mfiltered[0m=[35m0[0m [36mmode[0m=[35mhigh-value[0m [36mticker[0m=[35mO[0m
[2m2026-04-05T08:21:27.773941Z[0m [[32m[1minfo     [0m] [1mcrawling                      [0m [36mchannel[0m=[35mGoogle->Benzinga[0m [36mtag[0m=[35mgoogle_benzinga[0m
[2m2026-04-05T08:21:30.649033Z[0m [[32m[1minfo     [0m] [1mfetch                         [0m [36mstatus[0m=[35m200[0m [36murl[0m=[35m'https://news.google.com/rss/search?q=APD+site:benzinga.com&hl=en-US&gl=US&ceid=US:en'[0m
[2m2026-04-05T08:21:30.661685Z[0m [[32m[1minfo     [0m] [1mparsed                        [0m [36mchannel[0m=[35mgoogle_benzinga[0m [36mraw[0m=[35m18[0m
[2m2026-04-05T08:21:32.666839Z[0m [[32m[1minfo     [0m] [1mfetch                         [0m [36mstatus[0m=[35m200[0m [36murl[0m=[35m'https://news.google.com/rss/search?q=APD+site:benzinga.com&hl=en-US&gl=US&ceid=US:en'[0m
[2m2026-04-05T08:21:32.688571Z[0m [[32m[1minfo     [0m] [1mparsed                        [0m [36mchannel[0m=[35mgoogle_benzinga[0m [36mraw[0m=[35m18[0m
[2m2026-04-05T08:21:32.688736Z[0m [[32m[1minfo     [0m] [1mcrawling                      [0m [36mchannel[0m=[35m'Google News (all)'[0m [36mtag[0m=[35mgoogle_broad[0m
[2m2026-04-05T08:21:35.225426Z[0m [[32m[1minfo     [0m] [1mfetch                         [0m [36mstatus[0m=[35m200[0m [36murl[0m=[35m'https://news.google.com/rss/search?q=APD+stock+news&hl=en-US&gl=US&ceid=US:en'[0m
[2m2026-04-05T08:21:35.357396Z[0m [[32m[1minfo     [0m] [1mparsed                        [0m [36mchannel[0m=[35mgoogle_broad[0m [36mraw[0m=[35m89[0m
[2m2026-04-05T08:21:37.787860Z[0m [[32m[1minfo     [0m] [1mfetch                         [0m [36mstatus[0m=[35m200[0m [36murl[0m=[35m'https://news.google.com/rss/search?q=APD+earnings+analysis&hl=en-US&gl=US&ceid=US:en'[0m
[2m2026-04-05T08:21:37.831712Z[0m [[32m[1minfo     [0m] [1mparsed                        [0m [36mchannel[0m=[35mgoogle_broad[0m [36mraw[0m=[35m50[0m
[2m2026-04-05T08:21:37.832843Z[0m [[32m[1minfo     [0m] [1mquality_filter                [0m [36minput[0m=[35m175[0m [36mpassed[0m=[35m1[0m
[2m2026-04-05T08:21:37.833126Z[0m [[32m[1minfo     [0m] [1mdedup                         [0m [36mafter[0m=[35m1[0m [36mbefore[0m=[35m1[0m
[2m2026-04-05T08:21:37.833258Z[0m [[32m[1minfo     [0m] [1mfulltext_selection            [0m [36mcandidates[0m=[35m1[0m [36mfiltered[0m=[35m1[0m [36mmode[0m=[35mhigh-value[0m [36mticker[0m=[35mAPD[0m
[2m2026-04-05T08:21:40.730688Z[0m [[32m[1minfo     [0m] [1mfetch                         [0m [36mstatus[0m=[35m200[0m [36murl[0m=[35mhttps://intellectia.ai/en/stock/APD/technical[0m
[2m2026-04-05T08:21:41.335057Z[0m [[32m[1minfo     [0m] [1mcrawling                      [0m [36mchannel[0m=[35mGoogle->Benzinga[0m [36mtag[0m=[35mgoogle_benzinga[0m
[2m2026-04-05T08:21:43.865733Z[0m [[32m[1minfo     [0m] [1mfetch                         [0m [36mstatus[0m=[35m200[0m [36murl[0m=[35m'https://news.google.com/rss/search?q=DLR+site:benzinga.com&hl=en-US&gl=US&ceid=US:en'[0m
[2m2026-04-05T08:21:43.885747Z[0m [[32m[1minfo     [0m] [1mparsed                        [0m [36mchannel[0m=[35mgoogle_benzinga[0m [36mraw[0m=[35m31[0m
[2m2026-04-05T08:21:45.891066Z[0m [[32m[1minfo     [0m] [1mfetch                         [0m [36mstatus[0m=[35m200[0m [36murl[0m=[35m'https://news.google.com/rss/search?q=DLR+site:benzinga.com&hl=en-US&gl=US&ceid=US:en'[0m
[2m2026-04-05T08:21:45.911539Z[0m [[32m[1minfo     [0m] [1mparsed                        [0m [36mchannel[0m=[35mgoogle_benzinga[0m [36mraw[0m=[35m31[0m
[2m2026-04-05T08:21:45.911701Z[0m [[32m[1minfo     [0m] [1mcrawling                      [0m [36mchannel[0m=[35m'Google News (all)'[0m [36mtag[0m=[35mgoogle_broad[0m
[2m2026-04-05T08:21:48.336100Z[0m [[32m[1minfo     [0m] [1mfetch                         [0m [36mstatus[0m=[35m200[0m [36murl[0m=[35m'https://news.google.com/rss/search?q=DLR+stock+news&hl=en-US&gl=US&ceid=US:en'[0m
[2m2026-04-05T08:21:48.383979Z[0m [[32m[1minfo     [0m] [1mparsed                        [0m [36mchannel[0m=[35mgoogle_broad[0m [36mraw[0m=[35m54[0m
[2m2026-04-05T08:21:50.866844Z[0m [[32m[1minfo     [0m] [1mfetch                         [0m [36mstatus[0m=[35m200[0m [36murl[0m=[35m'https://news.google.com/rss/search?q=DLR+earnings+analysis&hl=en-US&gl=US&ceid=US:en'[0m
[2m2026-04-05T08:21:50.900948Z[0m [[32m[1minfo     [0m] [1mparsed                        [0m [36mchannel[0m=[35mgoogle_broad[0m [36mraw[0m=[35m44[0m
[2m2026-04-05T08:21:50.901993Z[0m [[32m[1minfo     [0m] [1mquality_filter                [0m [36minput[0m=[35m160[0m [36mpassed[0m=[35m1[0m
[2m2026-04-05T08:21:50.902367Z[0m [[32m[1minfo     [0m] [1mdedup                         [0m [36mafter[0m=[35m1[0m [36mbefore[0m=[35m1[0m
[2m2026-04-05T08:21:50.902528Z[0m [[32m[1minfo     [0m] [1mfulltext_selection            [0m [36mcandidates[0m=[35m0[0m [36mfiltered[0m=[35m1[0m [36mmode[0m=[35mhigh-value[0m [36mticker[0m=[35mDLR[0m
[2m2026-04-05T08:21:50.903250Z[0m [[32m[1minfo     [0m] [1mcrawling                      [0m [36mchannel[0m=[35mGoogle->Benzinga[0m [36mtag[0m=[35mgoogle_benzinga[0m
[2m2026-04-05T08:21:53.310341Z[0m [[32m[1minfo     [0m] [1mfetch                         [0m [36mstatus[0m=[35m200[0m [36murl[0m=[35m'https://news.google.com/rss/search?q=AJG+site:benzinga.com&hl=en-US&gl=US&ceid=US:en'[0m
[2m2026-04-05T08:21:53.324113Z[0m [[32m[1minfo     [0m] [1mparsed                        [0m [36mchannel[0m=[35mgoogle_benzinga[0m [36mraw[0m=[35m21[0m
[2m2026-04-05T08:21:55.329659Z[0m [[32m[1minfo     [0m] [1mfetch                         [0m [36mstatus[0m=[35m200[0m [36murl[0m=[35m'https://news.google.com/rss/search?q=AJG+site:benzinga.com&hl=en-US&gl=US&ceid=US:en'[0m
[2m2026-04-05T08:21:55.343732Z[0m [[32m[1minfo     [0m] [1mparsed                        [0m [36mchannel[0m=[35mgoogle_benzinga[0m [36mraw[0m=[35m21[0m
[2m2026-04-05T08:21:55.343914Z[0m [[32m[1minfo     [0m] [1mcrawling                      [0m [36mchannel[0m=[35m'Google News (all)'[0m [36mtag[0m=[35mgoogle_broad[0m
[2m2026-04-05T08:21:57.845532Z[0m [[32m[1minfo     [0m] [1mfetch                         [0m [36mstatus[0m=[35m200[0m [36murl[0m=[35m'https://news.google.com/rss/search?q=AJG+stock+news&hl=en-US&gl=US&ceid=US:en'[0m
[2m2026-04-05T08:21:57.989081Z[0m [[32m[1minfo     [0m] [1mparsed                        [0m [36mchannel[0m=[35mgoogle_broad[0m [36mraw[0m=[35m100[0m
[2m2026-04-05T08:22:00.386520Z[0m [[32m[1minfo     [0m] [1mfetch                         [0m [36mstatus[0m=[35m200[0m [36murl[0m=[35m'https://news.google.com/rss/search?q=AJG+earnings+analysis&hl=en-US&gl=US&ceid=US:en'[0m
[2m2026-04-05T08:22:00.429105Z[0m [[32m[1minfo     [0m] [1mparsed                        [0m [36mchannel[0m=[35mgoogle_broad[0m [36mraw[0m=[35m47[0m
[2m2026-04-05T08:22:00.430308Z[0m [[32m[1minfo     [0m] [1mquality_filter                [0m [36minput[0m=[35m189[0m [36mpassed[0m=[35m1[0m
[2m2026-04-05T08:22:00.430578Z[0m [[32m[1minfo     [0m] [1mdedup                         [0m [36mafter[0m=[35m1[0m [36mbefore[0m=[35m1[0m
[2m2026-04-05T08:22:00.430682Z[0m [[32m[1minfo     [0m] [1mfulltext_selection            [0m [36mcandidates[0m=[35m1[0m [36mfiltered[0m=[35m1[0m [36mmode[0m=[35mhigh-value[0m [36mticker[0m=[35mAJG[0m
[2m2026-04-05T08:22:03.660077Z[0m [[32m[1minfo     [0m] [1mfetch                         [0m [36mstatus[0m=[35m200[0m [36murl[0m=[35mhttps://intellectia.ai/en/stock/AJG/earnings[0m
[2m2026-04-05T08:22:04.278094Z[0m [[32m[1minfo     [0m] [1mcrawling                      [0m [36mchannel[0m=[35mGoogle->Benzinga[0m [36mtag[0m=[35mgoogle_benzinga[0m
[2m2026-04-05T08:22:06.684852Z[0m [[32m[1minfo     [0m] [1mfetch                         [0m [36mstatus[0m=[35m200[0m [36murl[0m=[35m'https://news.google.com/rss/search?q=AFL+site:benzinga.com&hl=en-US&gl=US&ceid=US:en'[0m
[2m2026-04-05T08:22:06.705543Z[0m [[32m[1minfo     [0m] [1mparsed                        [0m [36mchannel[0m=[35mgoogle_benzinga[0m [36mraw[0m=[35m22[0m
[2m2026-04-05T08:22:08.713076Z[0m [[32m[1minfo     [0m] [1mfetch                         [0m [36mstatus[0m=[35m200[0m [36murl[0m=[35m'https://news.google.com/rss/search?q=AFL+site:benzinga.com&hl=en-US&gl=US&ceid=US:en'[0m
[2m2026-04-05T08:22:08.728195Z[0m [[32m[1minfo     [0m] [1mparsed                        [0m [36mchannel[0m=[35mgoogle_benzinga[0m [36mraw[0m=[35m22[0m
[2m2026-04-05T08:22:08.728372Z[0m [[32m[1minfo     [0m] [1mcrawling                      [0m [36mchannel[0m=[35m'Google News (all)'[0m [36mtag[0m=[35mgoogle_broad[0m
[2m2026-04-05T08:22:11.367014Z[0m [[32m[1minfo     [0m] [1mfetch                         [0m [36mstatus[0m=[35m200[0m [36murl[0m=[35m'https://news.google.com/rss/search?q=AFL+stock+news&hl=en-US&gl=US&ceid=US:en'[0m
[2m2026-04-05T08:22:11.483047Z[0m [[32m[1minfo     [0m] [1mparsed                        [0m [36mchannel[0m=[35mgoogle_broad[0m [36mraw[0m=[35m69[0m
[2m2026-04-05T08:22:13.943719Z[0m [[32m[1minfo     [0m] [1mfetch                         [0m [36mstatus[0m=[35m200[0m [36murl[0m=[35m'https://news.google.com/rss/search?q=AFL+earnings+analysis&hl=en-US&gl=US&ceid=US:en'[0m
[2m2026-04-05T08:22:14.061012Z[0m [[32m[1minfo     [0m] [1mparsed                        [0m [36mchannel[0m=[35mgoogle_broad[0m [36mraw[0m=[35m71[0m
[2m2026-04-05T08:22:14.062577Z[0m [[32m[1minfo     [0m] [1mquality_filter                [0m [36minput[0m=[35m184[0m [36mpassed[0m=[35m2[0m
[2m2026-04-05T08:22:14.062978Z[0m [[32m[1minfo     [0m] [1mdedup                         [0m [36mafter[0m=[35m2[0m [36mbefore[0m=[35m2[0m
[2m2026-04-05T08:22:14.063098Z[0m [[32m[1minfo     [0m] [1mfulltext_selection            [0m [36mcandidates[0m=[35m0[0m [36mfiltered[0m=[35m2[0m [36mmode[0m=[35mhigh-value[0m [36mticker[0m=[35mAFL[0m
[2m2026-04-05T08:22:14.063851Z[0m [[32m[1minfo     [0m] [1mcrawling                      [0m [36mchannel[0m=[35mGoogle->Benzinga[0m [36mtag[0m=[35mgoogle_benzinga[0m
[2m2026-04-05T08:22:16.723891Z[0m [[32m[1minfo     [0m] [1mfetch                         [0m [36mstatus[0m=[35m200[0m [36murl[0m=[35m'https://news.google.com/rss/search?q=F+ford+motor+company+site:benzinga.com&hl=en-US&gl=US'[0m
[2m2026-04-05T08:22:16.857231Z[0m [[32m[1minfo     [0m] [1mparsed                        [0m [36mchannel[0m=[35mgoogle_benzinga[0m [36mraw[0m=[35m100[0m
[2m2026-04-05T08:22:19.443576Z[0m [[32m[1minfo     [0m] [1mfetch                         [0m [36mstatus[0m=[35m200[0m [36murl[0m=[35m'https://news.google.com/rss/search?q=ford+motor+company+site:benzinga.com&hl=en-US&gl=US&c'[0m
[2m2026-04-05T08:22:19.536697Z[0m [[32m[1minfo     [0m] [1mparsed                        [0m [36mchannel[0m=[35mgoogle_benzinga[0m [36mraw[0m=[35m100[0m
[2m2026-04-05T08:22:19.536863Z[0m [[32m[1minfo     [0m] [1mcrawling                      [0m [36mchannel[0m=[35m'Google News (all)'[0m [36mtag[0m=[35mgoogle_broad[0m
[2m2026-04-05T08:22:22.646132Z[0m [[32m[1minfo     [0m] [1mfetch                         [0m [36mstatus[0m=[35m200[0m [36murl[0m=[35m'https://news.google.com/rss/search?q=F+ford+motor+company+stock+news&hl=en-US&gl=US&ceid=U'[0m
[2m2026-04-05T08:22:22.739354Z[0m [[32m[1minfo     [0m] [1mparsed                        [0m [36mchannel[0m=[35mgoogle_broad[0m [36mraw[0m=[35m100[0m
[2m2026-04-05T08:22:25.419310Z[0m [[32m[1minfo     [0m] [1mfetch                         [0m [36mstatus[0m=[35m200[0m [36murl[0m=[35m'https://news.google.com/rss/search?q=F+ford+motor+company+earnings+analysis&hl=en-US&gl=US'[0m
[2m2026-04-05T08:22:25.547244Z[0m [[32m[1minfo     [0m] [1mparsed                        [0m [36mchannel[0m=[35mgoogle_broad[0m [36mraw[0m=[35m96[0m
[2m2026-04-05T08:22:25.549683Z[0m [[32m[1minfo     [0m] [1mquality_filter                [0m [36minput[0m=[35m396[0m [36mpassed[0m=[35m3[0m
[2m2026-04-05T08:22:25.550124Z[0m [[32m[1minfo     [0m] [1mdedup                         [0m [36mafter[0m=[35m3[0m [36mbefore[0m=[35m3[0m
[2m2026-04-05T08:22:25.550276Z[0m [[32m[1minfo     [0m] [1mfulltext_selection            [0m [36mcandidates[0m=[35m1[0m [36mfiltered[0m=[35m3[0m [36mmode[0m=[35mhigh-value[0m [36mticker[0m=[35mF[0m
[2m2026-04-05T08:22:29.520972Z[0m [[32m[1minfo     [0m] [1mfetch                         [0m [36mstatus[0m=[35m200[0m [36murl[0m=[35mhttps://www.theglobeandmail.com/investing/markets/stocks/F/pressreleases/1136413/ford-moto[0m
[2m2026-04-05T08:22:29.947051Z[0m [[32m[1minfo     [0m] [1mcrawling                      [0m [36mchannel[0m=[35mGoogle->Benzinga[0m [36mtag[0m=[35mgoogle_benzinga[0m
[2m2026-04-05T08:22:32.403890Z[0m [[32m[1minfo     [0m] [1mfetch                         [0m [36mstatus[0m=[35m200[0m [36murl[0m=[35m'https://news.google.com/rss/search?q=ALL+allstate+corporation+site:benzinga.com&hl=en-US&g'[0m
[2m2026-04-05T08:22:32.458609Z[0m [[32m[1minfo     [0m] [1mparsed                        [0m [36mchannel[0m=[35mgoogle_benzinga[0m [36mraw[0m=[35m58[0m
[2m2026-04-05T08:22:34.830610Z[0m [[32m[1minfo     [0m] [1mfetch                         [0m [36mstatus[0m=[35m200[0m [36murl[0m=[35m'https://news.google.com/rss/search?q=allstate+corporation+site:benzinga.com&hl=en-US&gl=US'[0m
[2m2026-04-05T08:22:34.884745Z[0m [[32m[1minfo     [0m] [1mparsed                        [0m [36mchannel[0m=[35mgoogle_benzinga[0m [36mraw[0m=[35m58[0m
[2m2026-04-05T08:22:34.884911Z[0m [[32m[1minfo     [0m] [1mcrawling                      [0m [36mchannel[0m=[35m'Google News (all)'[0m [36mtag[0m=[35mgoogle_broad[0m
[2m2026-04-05T08:22:37.423986Z[0m [[32m[1minfo     [0m] [1mfetch                         [0m [36mstatus[0m=[35m200[0m [36murl[0m=[35m'https://news.google.com/rss/search?q=ALL+allstate+corporation+stock+news&hl=en-US&gl=US&ce'[0m
[2m2026-04-05T08:22:37.555594Z[0m [[32m[1minfo     [0m] [1mparsed                        [0m [36mchannel[0m=[35mgoogle_broad[0m [36mraw[0m=[35m89[0m
[2m2026-04-05T08:22:40.019963Z[0m [[32m[1minfo     [0m] [1mfetch                         [0m [36mstatus[0m=[35m200[0m [36murl[0m=[35m'https://news.google.com/rss/search?q=ALL+allstate+corporation+earnings+analysis&hl=en-US&g'[0m
[2m2026-04-05T08:22:40.068826Z[0m [[32m[1minfo     [0m] [1mparsed                        [0m [36mchannel[0m=[35mgoogle_broad[0m [36mraw[0m=[35m55[0m
[2m2026-04-05T08:22:40.071425Z[0m [[32m[1minfo     [0m] [1mquality_filter                [0m [36minput[0m=[35m260[0m [36mpassed[0m=[35m3[0m
[2m2026-04-05T08:22:40.071917Z[0m [[32m[1minfo     [0m] [1mdedup                         [0m [36mafter[0m=[35m3[0m [36mbefore[0m=[35m3[0m
[2m2026-04-05T08:22:40.072037Z[0m [[32m[1minfo     [0m] [1mfulltext_selection            [0m [36mcandidates[0m=[35m3[0m [36mfiltered[0m=[35m3[0m [36mmode[0m=[35mhigh-value[0m [36mticker[0m=[35mALL[0m
[2m2026-04-05T08:22:41.466648Z[0m [[32m[1minfo     [0m] [1mfetch                         [0m [36mstatus[0m=[35m200[0m [36murl[0m=[35mhttps://www.defenseworld.net/2026/04/04/the-allstate-corporation-nyseall-given-average-rat[0m
[2m2026-04-05T08:22:42.596421Z[0m [[32m[1minfo     [0m] [1mfetch                         [0m [36mstatus[0m=[35m200[0m [36murl[0m=[35mhttps://www.marketbeat.com/instant-alerts/filing-the-allstate-corporation-all-shares-purch[0m
[2m2026-04-05T08:22:42.664060Z[0m [[32m[1minfo     [0m] [1mfetch                         [0m [36mstatus[0m=[35m200[0m [36murl[0m=[35mhttps://seekingalpha.com/article/4888400-allstate-has-weathered-insurance-storm-in-2025-it[0m
[2m2026-04-05T08:22:42.879245Z[0m [[32m[1minfo     [0m] [1mcrawling                      [0m [36mchannel[0m=[35mGoogle->Benzinga[0m [36mtag[0m=[35mgoogle_benzinga[0m
[2m2026-04-05T08:22:45.724701Z[0m [[32m[1minfo     [0m] [1mfetch                         [0m [36mstatus[0m=[35m200[0m [36murl[0m=[35m'https://news.google.com/rss/search?q=ZTS+site:benzinga.com&hl=en-US&gl=US&ceid=US:en'[0m
[2m2026-04-05T08:22:45.729939Z[0m [[32m[1minfo     [0m] [1mparsed                        [0m [36mchannel[0m=[35mgoogle_benzinga[0m [36mraw[0m=[35m6[0m
[2m2026-04-05T08:22:47.735023Z[0m [[32m[1minfo     [0m] [1mfetch                         [0m [36mstatus[0m=[35m200[0m [36murl[0m=[35m'https://news.google.com/rss/search?q=ZTS+site:benzinga.com&hl=en-US&gl=US&ceid=US:en'[0m
[2m2026-04-05T08:22:47.740647Z[0m [[32m[1minfo     [0m] [1mparsed                        [0m [36mchannel[0m=[35mgoogle_benzinga[0m [36mraw[0m=[35m6[0m
[2m2026-04-05T08:22:47.740800Z[0m [[32m[1minfo     [0m] [1mcrawling                      [0m [36mchannel[0m=[35m'Google News (all)'[0m [36mtag[0m=[35mgoogle_broad[0m
[2m2026-04-05T08:22:50.287176Z[0m [[32m[1minfo     [0m] [1mfetch                         [0m [36mstatus[0m=[35m200[0m [36murl[0m=[35m'https://news.google.com/rss/search?q=ZTS+stock+news&hl=en-US&gl=US&ceid=US:en'[0m
[2m2026-04-05T08:22:50.427330Z[0m [[32m[1minfo     [0m] [1mparsed                        [0m [36mchannel[0m=[35mgoogle_broad[0m [36mraw[0m=[35m94[0m
[2m2026-04-05T08:22:52.822998Z[0m [[32m[1minfo     [0m] [1mfetch                         [0m [36mstatus[0m=[35m200[0m [36murl[0m=[35m'https://news.google.com/rss/search?q=ZTS+earnings+analysis&hl=en-US&gl=US&ceid=US:en'[0m
[2m2026-04-05T08:22:52.853875Z[0m [[32m[1minfo     [0m] [1mparsed                        [0m [36mchannel[0m=[35mgoogle_broad[0m [36mraw[0m=[35m39[0m
[2m2026-04-05T08:22:52.855477Z[0m [[32m[1minfo     [0m] [1mquality_filter                [0m [36minput[0m=[35m145[0m [36mpassed[0m=[35m5[0m
[2m2026-04-05T08:22:52.856098Z[0m [[32m[1minfo     [0m] [1mdedup                         [0m [36mafter[0m=[35m5[0m [36mbefore[0m=[35m5[0m
[2m2026-04-05T08:22:52.856270Z[0m [[32m[1minfo     [0m] [1mfulltext_selection            [0m [36mcandidates[0m=[35m2[0m [36mfiltered[0m=[35m5[0m [36mmode[0m=[35mhigh-value[0m [36mticker[0m=[35mZTS[0m
[2m2026-04-05T08:22:54.857991Z[0m [[32m[1minfo     [0m] [1mfetch                         [0m [36mstatus[0m=[35m200[0m [36murl[0m=[35mhttps://www.marketbeat.com/instant-alerts/filing-nilsine-partners-llc-decreases-stock-posi[0m
[2m2026-04-05T08:22:55.745883Z[0m [[32m[1minfo     [0m] [1mfetch                         [0m [36mstatus[0m=[35m200[0m [36murl[0m=[35mhttps://intellectia.ai/en/stock/ZTS/technical[0m
[2m2026-04-05T08:22:56.355239Z[0m [[32m[1minfo     [0m] [1mcrawling                      [0m [36mchannel[0m=[35mGoogle->Benzinga[0m [36mtag[0m=[35mgoogle_benzinga[0m
[2m2026-04-05T08:22:58.818082Z[0m [[32m[1minfo     [0m] [1mfetch                         [0m [36mstatus[0m=[35m200[0m [36murl[0m=[35m'https://news.google.com/rss/search?q=AME+site:benzinga.com&hl=en-US&gl=US&ceid=US:en'[0m
[2m2026-04-05T08:22:58.875407Z[0m [[32m[1minfo     [0m] [1mparsed                        [0m [36mchannel[0m=[35mgoogle_benzinga[0m [36mraw[0m=[35m60[0m
[2m2026-04-05T08:23:00.880948Z[0m [[32m[1minfo     [0m] [1mfetch                         [0m [36mstatus[0m=[35m200[0m [36murl[0m=[35m'https://news.google.com/rss/search?q=AME+site:benzinga.com&hl=en-US&gl=US&ceid=US:en'[0m
[2m2026-04-05T08:23:00.917525Z[0m [[32m[1minfo     [0m] [1mparsed                        [0m [36mchannel[0m=[35mgoogle_benzinga[0m [36mraw[0m=[35m60[0m
[2m2026-04-05T08:23:00.917695Z[0m [[32m[1minfo     [0m] [1mcrawling                      [0m [36mchannel[0m=[35m'Google News (all)'[0m [36mtag[0m=[35mgoogle_broad[0m
[2m2026-04-05T08:23:03.395686Z[0m [[32m[1minfo     [0m] [1mfetch                         [0m [36mstatus[0m=[35m200[0m [36murl[0m=[35m'https://news.google.com/rss/search?q=AME+stock+news&hl=en-US&gl=US&ceid=US:en'[0m
[2m2026-04-05T08:23:03.517180Z[0m [[32m[1minfo     [0m] [1mparsed                        [0m [36mchannel[0m=[35mgoogle_broad[0m [36mraw[0m=[35m76[0m
[2m2026-04-05T08:23:05.982506Z[0m [[32m[1minfo     [0m] [1mfetch                         [0m [36mstatus[0m=[35m200[0m [36murl[0m=[35m'https://news.google.com/rss/search?q=AME+earnings+analysis&hl=en-US&gl=US&ceid=US:en'[0m
[2m2026-04-05T08:23:06.094009Z[0m [[32m[1minfo     [0m] [1mparsed                        [0m [36mchannel[0m=[35mgoogle_broad[0m [36mraw[0m=[35m64[0m
[2m2026-04-05T08:23:06.095599Z[0m [[32m[1minfo     [0m] [1mquality_filter                [0m [36minput[0m=[35m260[0m [36mpassed[0m=[35m1[0m
[2m2026-04-05T08:23:06.095866Z[0m [[32m[1minfo     [0m] [1mdedup                         [0m [36mafter[0m=[35m1[0m [36mbefore[0m=[35m1[0m
[2m2026-04-05T08:23:06.095969Z[0m [[32m[1minfo     [0m] [1mfulltext_selection            [0m [36mcandidates[0m=[35m0[0m [36mfiltered[0m=[35m1[0m [36mmode[0m=[35mhigh-value[0m [36mticker[0m=[35mAME[0m
[2m2026-04-05T08:23:06.096724Z[0m [[32m[1minfo     [0m] [1mcrawling                      [0m [36mchannel[0m=[35mGoogle->Benzinga[0m [36mtag[0m=[35mgoogle_benzinga[0m
[2m2026-04-05T08:23:08.956966Z[0m [[32m[1minfo     [0m] [1mfetch                         [0m [36mstatus[0m=[35m200[0m [36murl[0m=[35m'https://news.google.com/rss/search?q=GWW+site:benzinga.com&hl=en-US&gl=US&ceid=US:en'[0m
[2m2026-04-05T08:23:08.967589Z[0m [[32m[1minfo     [0m] [1mparsed                        [0m [36mchannel[0m=[35mgoogle_benzinga[0m [36mraw[0m=[35m13[0m
[2m2026-04-05T08:23:10.975969Z[0m [[32m[1minfo     [0m] [1mfetch                         [0m [36mstatus[0m=[35m200[0m [36murl[0m=[35m'https://news.google.com/rss/search?q=GWW+site:benzinga.com&hl=en-US&gl=US&ceid=US:en'[0m
[2m2026-04-05T08:23:10.990637Z[0m [[32m[1minfo     [0m] [1mparsed                        [0m [36mchannel[0m=[35mgoogle_benzinga[0m [36mraw[0m=[35m13[0m
[2m2026-04-05T08:23:10.990806Z[0m [[32m[1minfo     [0m] [1mcrawling                      [0m [36mchannel[0m=[35m'Google News (all)'[0m [36mtag[0m=[35mgoogle_broad[0m
[2m2026-04-05T08:23:13.412897Z[0m [[32m[1minfo     [0m] [1mfetch                         [0m [36mstatus[0m=[35m200[0m [36murl[0m=[35m'https://news.google.com/rss/search?q=GWW+stock+news&hl=en-US&gl=US&ceid=US:en'[0m
[2m2026-04-05T08:23:13.526879Z[0m [[32m[1minfo     [0m] [1mparsed                        [0m [36mchannel[0m=[35mgoogle_broad[0m [36mraw[0m=[35m67[0m
[2m2026-04-05T08:23:15.916982Z[0m [[32m[1minfo     [0m] [1mfetch                         [0m [36mstatus[0m=[35m200[0m [36murl[0m=[35m'https://news.google.com/rss/search?q=GWW+earnings+analysis&hl=en-US&gl=US&ceid=US:en'[0m
[2m2026-04-05T08:23:15.949096Z[0m [[32m[1minfo     [0m] [1mparsed                        [0m [36mchannel[0m=[35mgoogle_broad[0m [36mraw[0m=[35m40[0m
[2m2026-04-05T08:23:15.950262Z[0m [[32m[1minfo     [0m] [1mquality_filter                [0m [36minput[0m=[35m133[0m [36mpassed[0m=[35m1[0m
[2m2026-04-05T08:23:15.950619Z[0m [[32m[1minfo     [0m] [1mdedup                         [0m [36mafter[0m=[35m1[0m [36mbefore[0m=[35m1[0m
[2m2026-04-05T08:23:15.950743Z[0m [[32m[1minfo     [0m] [1mfulltext_selection            [0m [36mcandidates[0m=[35m1[0m [36mfiltered[0m=[35m1[0m [36mmode[0m=[35mhigh-value[0m [36mticker[0m=[35mGWW[0m
[2m2026-04-05T08:23:19.259625Z[0m [[32m[1minfo     [0m] [1mfetch                         [0m [36mstatus[0m=[35m200[0m [36murl[0m=[35mhttps://intellectia.ai/en/stock/GWW/financials[0m
[2m2026-04-05T08:23:19.872182Z[0m [[32m[1minfo     [0m] [1mcrawling                      [0m [36mchannel[0m=[35mGoogle->Benzinga[0m [36mtag[0m=[35mgoogle_benzinga[0m
[2m2026-04-05T08:23:22.754892Z[0m [[32m[1minfo     [0m] [1mfetch                         [0m [36mstatus[0m=[35m200[0m [36murl[0m=[35m'https://news.google.com/rss/search?q=CAH+site:benzinga.com&hl=en-US&gl=US&ceid=US:en'[0m
[2m2026-04-05T08:23:22.771584Z[0m [[32m[1minfo     [0m] [1mparsed                        [0m [36mchannel[0m=[35mgoogle_benzinga[0m [36mraw[0m=[35m25[0m
[2m2026-04-05T08:23:24.777407Z[0m [[32m[1minfo     [0m] [1mfetch                         [0m [36mstatus[0m=[35m200[0m [36murl[0m=[35m'https://news.google.com/rss/search?q=CAH+site:benzinga.com&hl=en-US&gl=US&ceid=US:en'[0m
[2m2026-04-05T08:23:24.794117Z[0m [[32m[1minfo     [0m] [1mparsed                        [0m [36mchannel[0m=[35mgoogle_benzinga[0m [36mraw[0m=[35m25[0m
[2m2026-04-05T08:23:24.794295Z[0m [[32m[1minfo     [0m] [1mcrawling                      [0m [36mchannel[0m=[35m'Google News (all)'[0m [36mtag[0m=[35mgoogle_broad[0m
[2m2026-04-05T08:23:27.321283Z[0m [[32m[1minfo     [0m] [1mfetch                         [0m [36mstatus[0m=[35m200[0m [36murl[0m=[35m'https://news.google.com/rss/search?q=CAH+stock+news&hl=en-US&gl=US&ceid=US:en'[0m
[2m2026-04-05T08:23:27.470486Z[0m [[32m[1minfo     [0m] [1mparsed                        [0m [36mchannel[0m=[35mgoogle_broad[0m [36mraw[0m=[35m99[0m
[2m2026-04-05T08:23:29.881844Z[0m [[32m[1minfo     [0m] [1mfetch                         [0m [36mstatus[0m=[35m200[0m [36murl[0m=[35m'https://news.google.com/rss/search?q=CAH+earnings+analysis&hl=en-US&gl=US&ceid=US:en'[0m
[2m2026-04-05T08:23:29.926076Z[0m [[32m[1minfo     [0m] [1mparsed                        [0m [36mchannel[0m=[35mgoogle_broad[0m [36mraw[0m=[35m49[0m
[2m2026-04-05T08:23:29.927159Z[0m [[32m[1minfo     [0m] [1mquality_filter                [0m [36minput[0m=[35m198[0m [36mpassed[0m=[35m1[0m
[2m2026-04-05T08:23:29.927494Z[0m [[32m[1minfo     [0m] [1mdedup                         [0m [36mafter[0m=[35m1[0m [36mbefore[0m=[35m1[0m
[2m2026-04-05T08:23:29.927608Z[0m [[32m[1minfo     [0m] [1mfulltext_selection            [0m [36mcandidates[0m=[35m0[0m [36mfiltered[0m=[35m1[0m [36mmode[0m=[35mhigh-value[0m [36mticker[0m=[35mCAH[0m
[2m2026-04-05T08:23:29.928375Z[0m [[32m[1minfo     [0m] [1mcrawling                      [0m [36mchannel[0m=[35mGoogle->Benzinga[0m [36mtag[0m=[35mgoogle_benzinga[0m
[2m2026-04-05T08:23:32.833778Z[0m [[32m[1minfo     [0m] [1mfetch                         [0m [36mstatus[0m=[35m200[0m [36murl[0m=[35m'https://news.google.com/rss/search?q=PSA+site:benzinga.com&hl=en-US&gl=US&ceid=US:en'[0m
[2m2026-04-05T08:23:32.880365Z[0m [[32m[1minfo     [0m] [1mparsed                        [0m [36mchannel[0m=[35mgoogle_benzinga[0m [36mraw[0m=[35m53[0m
[2m2026-04-05T08:23:34.885958Z[0m [[32m[1minfo     [0m] [1mfetch                         [0m [36mstatus[0m=[35m200[0m [36murl[0m=[35m'https://news.google.com/rss/search?q=PSA+site:benzinga.com&hl=en-US&gl=US&ceid=US:en'[0m
[2m2026-04-05T08:23:34.919870Z[0m [[32m[1minfo     [0m] [1mparsed                        [0m [36mchannel[0m=[35mgoogle_benzinga[0m [36mraw[0m=[35m53[0m
[2m2026-04-05T08:23:34.920035Z[0m [[32m[1minfo     [0m] [1mcrawling                      [0m [36mchannel[0m=[35m'Google News (all)'[0m [36mtag[0m=[35mgoogle_broad[0m
[2m2026-04-05T08:23:37.397647Z[0m [[32m[1minfo     [0m] [1mfetch                         [0m [36mstatus[0m=[35m200[0m [36murl[0m=[35m'https://news.google.com/rss/search?q=PSA+stock+news&hl=en-US&gl=US&ceid=US:en'[0m
[2m2026-04-05T08:23:37.515756Z[0m [[32m[1minfo     [0m] [1mparsed                        [0m [36mchannel[0m=[35mgoogle_broad[0m [36mraw[0m=[35m73[0m
[2m2026-04-05T08:23:39.966764Z[0m [[32m[1minfo     [0m] [1mfetch                         [0m [36mstatus[0m=[35m200[0m [36murl[0m=[35m'https://news.google.com/rss/search?q=PSA+earnings+analysis&hl=en-US&gl=US&ceid=US:en'[0m
[2m2026-04-05T08:23:40.041502Z[0m [[32m[1minfo     [0m] [1mparsed                        [0m [36mchannel[0m=[35mgoogle_broad[0m [36mraw[0m=[35m59[0m
[2m2026-04-05T08:23:40.048132Z[0m [[32m[1minfo     [0m] [1mquality_filter                [0m [36minput[0m=[35m238[0m [36mpassed[0m=[35m6[0m
[2m2026-04-05T08:23:40.049036Z[0m [[32m[1minfo     [0m] [1mdedup                         [0m [36mafter[0m=[35m6[0m [36mbefore[0m=[35m6[0m
[2m2026-04-05T08:23:40.049250Z[0m [[32m[1minfo     [0m] [1mfulltext_selection            [0m [36mcandidates[0m=[35m2[0m [36mfiltered[0m=[35m6[0m [36mmode[0m=[35mhigh-value[0m [36mticker[0m=[35mPSA[0m
[2m2026-04-05T08:23:42.487429Z[0m [[32m[1minfo     [0m] [1mfetch                         [0m [36mstatus[0m=[35m200[0m [36murl[0m=[35mhttps://intellectia.ai/en/stock/PSA-PN/earnings[0m
[2m2026-04-05T08:23:43.017336Z[0m [[32m[1minfo     [0m] [1mfetch                         [0m [36mstatus[0m=[35m200[0m [36murl[0m=[35mhttps://www.defenseworld.net/2026/04/05/public-storage-nysepsa-given-consensus-recommendat[0m
[2m2026-04-05T08:23:43.654896Z[0m [[32m[1minfo     [0m] [1mcrawling                      [0m [36mchannel[0m=[35mGoogle->Benzinga[0m [36mtag[0m=[35mgoogle_benzinga[0m
[2m2026-04-05T08:23:46.072195Z[0m [[32m[1minfo     [0m] [1mfetch                         [0m [36mstatus[0m=[35m200[0m [36murl[0m=[35m'https://news.google.com/rss/search?q=CTVA+site:benzinga.com&hl=en-US&gl=US&ceid=US:en'[0m
[2m2026-04-05T08:23:46.086499Z[0m [[32m[1minfo     [0m] [1mparsed                        [0m [36mchannel[0m=[35mgoogle_benzinga[0m [36mraw[0m=[35m21[0m
[2m2026-04-05T08:23:48.091831Z[0m [[32m[1minfo     [0m] [1mfetch                         [0m [36mstatus[0m=[35m200[0m [36murl[0m=[35m'https://news.google.com/rss/search?q=CTVA+site:benzinga.com&hl=en-US&gl=US&ceid=US:en'[0m
[2m2026-04-05T08:23:48.105789Z[0m [[32m[1minfo     [0m] [1mparsed                        [0m [36mchannel[0m=[35mgoogle_benzinga[0m [36mraw[0m=[35m21[0m
[2m2026-04-05T08:23:48.105944Z[0m [[32m[1minfo     [0m] [1mcrawling                      [0m [36mchannel[0m=[35m'Google News (all)'[0m [36mtag[0m=[35mgoogle_broad[0m
[2m2026-04-05T08:23:50.558388Z[0m [[32m[1minfo     [0m] [1mfetch                         [0m [36mstatus[0m=[35m200[0m [36murl[0m=[35m'https://news.google.com/rss/search?q=CTVA+stock+news&hl=en-US&gl=US&ceid=US:en'[0m
[2m2026-04-05T08:23:50.750539Z[0m [[32m[1minfo     [0m] [1mparsed                        [0m [36mchannel[0m=[35mgoogle_broad[0m [36mraw[0m=[35m90[0m
[2m2026-04-05T08:23:53.197638Z[0m [[32m[1minfo     [0m] [1mfetch                         [0m [36mstatus[0m=[35m200[0m [36murl[0m=[35m'https://news.google.com/rss/search?q=CTVA+earnings+analysis&hl=en-US&gl=US&ceid=US:en'[0m
[2m2026-04-05T08:23:53.240033Z[0m [[32m[1minfo     [0m] [1mparsed                        [0m [36mchannel[0m=[35mgoogle_broad[0m [36mraw[0m=[35m47[0m
[2m2026-04-05T08:23:53.241360Z[0m [[32m[1minfo     [0m] [1mquality_filter                [0m [36minput[0m=[35m179[0m [36mpassed[0m=[35m2[0m
[2m2026-04-05T08:23:53.241736Z[0m [[32m[1minfo     [0m] [1mdedup                         [0m [36mafter[0m=[35m2[0m [36mbefore[0m=[35m2[0m
[2m2026-04-05T08:23:53.241848Z[0m [[32m[1minfo     [0m] [1mfulltext_selection            [0m [36mcandidates[0m=[35m1[0m [36mfiltered[0m=[35m2[0m [36mmode[0m=[35mhigh-value[0m [36mticker[0m=[35mCTVA[0m
[2m2026-04-05T08:23:56.089115Z[0m [[32m[1minfo     [0m] [1mfetch                         [0m [36mstatus[0m=[35m200[0m [36murl[0m=[35mhttps://intellectia.ai/en/stock/CTVA/financials[0m
[2m2026-04-05T08:23:56.704736Z[0m [[32m[1minfo     [0m] [1mcrawling                      [0m [36mchannel[0m=[35mGoogle->Benzinga[0m [36mtag[0m=[35mgoogle_benzinga[0m
[2m2026-04-05T08:23:59.153618Z[0m [[32m[1minfo     [0m] [1mfetch                         [0m [36mstatus[0m=[35m200[0m [36murl[0m=[35m'https://news.google.com/rss/search?q=CARR+site:benzinga.com&hl=en-US&gl=US&ceid=US:en'[0m
[2m2026-04-05T08:23:59.184663Z[0m [[32m[1minfo     [0m] [1mparsed                        [0m [36mchannel[0m=[35mgoogle_benzinga[0m [36mraw[0m=[35m39[0m
[2m2026-04-05T08:24:01.192286Z[0m [[32m[1minfo     [0m] [1mfetch                         [0m [36mstatus[0m=[35m200[0m [36murl[0m=[35m'https://news.google.com/rss/search?q=CARR+site:benzinga.com&hl=en-US&gl=US&ceid=US:en'[0m
[2m2026-04-05T08:24:01.304804Z[0m [[32m[1minfo     [0m] [1mparsed                        [0m [36mchannel[0m=[35mgoogle_benzinga[0m [36mraw[0m=[35m39[0m
[2m2026-04-05T08:24:01.304989Z[0m [[32m[1minfo     [0m] [1mcrawling                      [0m [36mchannel[0m=[35m'Google News (all)'[0m [36mtag[0m=[35mgoogle_broad[0m
[2m2026-04-05T08:24:03.789936Z[0m [[32m[1minfo     [0m] [1mfetch                         [0m [36mstatus[0m=[35m200[0m [36murl[0m=[35m'https://news.google.com/rss/search?q=CARR+stock+news&hl=en-US&gl=US&ceid=US:en'[0m
[2m2026-04-05T08:24:03.912512Z[0m [[32m[1minfo     [0m] [1mparsed                        [0m [36mchannel[0m=[35mgoogle_broad[0m [36mraw[0m=[35m81[0m
[2m2026-04-05T08:24:06.373536Z[0m [[32m[1minfo     [0m] [1mfetch                         [0m [36mstatus[0m=[35m200[0m [36murl[0m=[35m'https://news.google.com/rss/search?q=CARR+earnings+analysis&hl=en-US&gl=US&ceid=US:en'[0m
[2m2026-04-05T08:24:06.431163Z[0m [[32m[1minfo     [0m] [1mparsed                        [0m [36mchannel[0m=[35mgoogle_broad[0m [36mraw[0m=[35m63[0m
[2m2026-04-05T08:24:06.432412Z[0m [[32m[1minfo     [0m] [1mquality_filter                [0m [36minput[0m=[35m222[0m [36mpassed[0m=[35m1[0m
[2m2026-04-05T08:24:06.432777Z[0m [[32m[1minfo     [0m] [1mdedup                         [0m [36mafter[0m=[35m1[0m [36mbefore[0m=[35m1[0m
[2m2026-04-05T08:24:06.432888Z[0m [[32m[1minfo     [0m] [1mfulltext_selection            [0m [36mcandidates[0m=[35m0[0m [36mfiltered[0m=[35m1[0m [36mmode[0m=[35mhigh-value[0m [36mticker[0m=[35mCARR[0m
[2m2026-04-05T08:24:06.433613Z[0m [[32m[1minfo     [0m] [1mcrawling                      [0m [36mchannel[0m=[35mGoogle->Benzinga[0m [36mtag[0m=[35mgoogle_benzinga[0m
[2m2026-04-05T08:24:11.357115Z[0m [[32m[1minfo     [0m] [1mfetch                         [0m [36mstatus[0m=[35m200[0m [36murl[0m=[35m'https://news.google.com/rss/search?q=KEYS+site:benzinga.com&hl=en-US&gl=US&ceid=US:en'[0m
[2m2026-04-05T08:24:11.493085Z[0m [[32m[1minfo     [0m] [1mparsed                        [0m [36mchannel[0m=[35mgoogle_benzinga[0m [36mraw[0m=[35m100[0m
[2m2026-04-05T08:24:13.498838Z[0m [[32m[1minfo     [0m] [1mfetch                         [0m [36mstatus[0m=[35m200[0m [36murl[0m=[35m'https://news.google.com/rss/search?q=KEYS+site:benzinga.com&hl=en-US&gl=US&ceid=US:en'[0m
[2m2026-04-05T08:24:13.558312Z[0m [[32m[1minfo     [0m] [1mparsed                        [0m [36mchannel[0m=[35mgoogle_benzinga[0m [36mraw[0m=[35m100[0m
[2m2026-04-05T08:24:13.558479Z[0m [[32m[1minfo     [0m] [1mcrawling                      [0m [36mchannel[0m=[35m'Google News (all)'[0m [36mtag[0m=[35mgoogle_broad[0m
[2m2026-04-05T08:24:16.138340Z[0m [[32m[1minfo     [0m] [1mfetch                         [0m [36mstatus[0m=[35m200[0m [36murl[0m=[35m'https://news.google.com/rss/search?q=KEYS+stock+news&hl=en-US&gl=US&ceid=US:en'[0m
[2m2026-04-05T08:24:16.281837Z[0m [[32m[1minfo     [0m] [1mparsed                        [0m [36mchannel[0m=[35mgoogle_broad[0m [36mraw[0m=[35m100[0m
[2m2026-04-05T08:24:18.863153Z[0m [[32m[1minfo     [0m] [1mfetch                         [0m [36mstatus[0m=[35m200[0m [36murl[0m=[35m'https://news.google.com/rss/search?q=KEYS+earnings+analysis&hl=en-US&gl=US&ceid=US:en'[0m
[2m2026-04-05T08:24:19.006356Z[0m [[32m[1minfo     [0m] [1mparsed                        [0m [36mchannel[0m=[35mgoogle_broad[0m [36mraw[0m=[35m100[0m
[2m2026-04-05T08:24:19.007876Z[0m [[32m[1minfo     [0m] [1mquality_filter                [0m [36minput[0m=[35m400[0m [36mpassed[0m=[35m2[0m
[2m2026-04-05T08:24:19.008329Z[0m [[32m[1minfo     [0m] [1mdedup                         [0m [36mafter[0m=[35m1[0m [36mbefore[0m=[35m2[0m
[2m2026-04-05T08:24:19.008474Z[0m [[32m[1minfo     [0m] [1mfulltext_selection            [0m [36mcandidates[0m=[35m1[0m [36mfiltered[0m=[35m1[0m [36mmode[0m=[35mhigh-value[0m [36mticker[0m=[35mKEYS[0m
[2m2026-04-05T08:24:21.391810Z[0m [[32m[1minfo     [0m] [1mfetch                         [0m [36mstatus[0m=[35m200[0m [36murl[0m=[35mhttps://intellectia.ai/en/stock/KEYS/news[0m
[2m2026-04-05T08:24:22.004719Z[0m [[32m[1minfo     [0m] [1mcrawling                      [0m [36mchannel[0m=[35mGoogle->Benzinga[0m [36mtag[0m=[35mgoogle_benzinga[0m
[2m2026-04-05T08:24:24.940764Z[0m [[32m[1minfo     [0m] [1mfetch                         [0m [36mstatus[0m=[35m200[0m [36murl[0m=[35m'https://news.google.com/rss/search?q=ADSK+site:benzinga.com&hl=en-US&gl=US&ceid=US:en'[0m
[2m2026-04-05T08:24:24.994351Z[0m [[32m[1minfo     [0m] [1mparsed                        [0m [36mchannel[0m=[35mgoogle_benzinga[0m [36mraw[0m=[35m55[0m
[2m2026-04-05T08:24:27.000114Z[0m [[32m[1minfo     [0m] [1mfetch                         [0m [36mstatus[0m=[35m200[0m [36murl[0m=[35m'https://news.google.com/rss/search?q=ADSK+site:benzinga.com&hl=en-US&gl=US&ceid=US:en'[0m
[2m2026-04-05T08:24:27.034542Z[0m [[32m[1minfo     [0m] [1mparsed                        [0m [36mchannel[0m=[35mgoogle_benzinga[0m [36mraw[0m=[35m55[0m
[2m2026-04-05T08:24:27.034701Z[0m [[32m[1minfo     [0m] [1mcrawling                      [0m [36mchannel[0m=[35m'Google News (all)'[0m [36mtag[0m=[35mgoogle_broad[0m
[2m2026-04-05T08:24:29.549446Z[0m [[32m[1minfo     [0m] [1mfetch                         [0m [36mstatus[0m=[35m200[0m [36murl[0m=[35m'https://news.google.com/rss/search?q=ADSK+stock+news&hl=en-US&gl=US&ceid=US:en'[0m
[2m2026-04-05T08:24:29.695492Z[0m [[32m[1minfo     [0m] [1mparsed                        [0m [36mchannel[0m=[35mgoogle_broad[0m [36mraw[0m=[35m100[0m
[2m2026-04-05T08:24:32.115199Z[0m [[32m[1minfo     [0m] [1mfetch                         [0m [36mstatus[0m=[35m200[0m [36murl[0m=[35m'https://news.google.com/rss/search?q=ADSK+earnings+analysis&hl=en-US&gl=US&ceid=US:en'[0m
[2m2026-04-05T08:24:32.159719Z[0m [[32m[1minfo     [0m] [1mparsed                        [0m [36mchannel[0m=[35mgoogle_broad[0m [36mraw[0m=[35m49[0m
[2m2026-04-05T08:24:32.161054Z[0m [[32m[1minfo     [0m] [1mquality_filter                [0m [36minput[0m=[35m259[0m [36mpassed[0m=[35m2[0m
[2m2026-04-05T08:24:32.161435Z[0m [[32m[1minfo     [0m] [1mdedup                         [0m [36mafter[0m=[35m2[0m [36mbefore[0m=[35m2[0m
[2m2026-04-05T08:24:32.161558Z[0m [[32m[1minfo     [0m] [1mfulltext_selection            [0m [36mcandidates[0m=[35m1[0m [36mfiltered[0m=[35m2[0m [36mmode[0m=[35mhigh-value[0m [36mticker[0m=[35mADSK[0m
[2m2026-04-05T08:24:35.224240Z[0m [[32m[1minfo     [0m] [1mfetch                         [0m [36mstatus[0m=[35m200[0m [36murl[0m=[35mhttps://intellectia.ai/en/stock/ADSK/earnings[0m
[2m2026-04-05T08:24:35.834991Z[0m [[32m[1minfo     [0m] [1mcrawling                      [0m [36mchannel[0m=[35mGoogle->Benzinga[0m [36mtag[0m=[35mgoogle_benzinga[0m
[2m2026-04-05T08:24:38.367591Z[0m [[32m[1minfo     [0m] [1mfetch                         [0m [36mstatus[0m=[35m200[0m [36murl[0m=[35m'https://news.google.com/rss/search?q=TGT+site:benzinga.com&hl=en-US&gl=US&ceid=US:en'[0m
[2m2026-04-05T08:24:38.528116Z[0m [[32m[1minfo     [0m] [1mparsed                        [0m [36mchannel[0m=[35mgoogle_benzinga[0m [36mraw[0m=[35m100[0m
[2m2026-04-05T08:24:40.533797Z[0m [[32m[1minfo     [0m] [1mfetch                         [0m [36mstatus[0m=[35m200[0m [36murl[0m=[35m'https://news.google.com/rss/search?q=TGT+site:benzinga.com&hl=en-US&gl=US&ceid=US:en'[0m
[2m2026-04-05T08:24:40.596098Z[0m [[32m[1minfo     [0m] [1mparsed                        [0m [36mchannel[0m=[35mgoogle_benzinga[0m [36mraw[0m=[35m100[0m
[2m2026-04-05T08:24:40.596279Z[0m [[32m[1minfo     [0m] [1mcrawling                      [0m [36mchannel[0m=[35m'Google News (all)'[0m [36mtag[0m=[35mgoogle_broad[0m
[2m2026-04-05T08:24:43.159141Z[0m [[32m[1minfo     [0m] [1mfetch                         [0m [36mstatus[0m=[35m200[0m [36murl[0m=[35m'https://news.google.com/rss/search?q=TGT+stock+news&hl=en-US&gl=US&ceid=US:en'[0m
[2m2026-04-05T08:24:43.295322Z[0m [[32m[1minfo     [0m] [1mparsed                        [0m [36mchannel[0m=[35mgoogle_broad[0m [36mraw[0m=[35m100[0m
[2m2026-04-05T08:24:45.849721Z[0m [[32m[1minfo     [0m] [1mfetch                         [0m [36mstatus[0m=[35m200[0m [36murl[0m=[35m'https://news.google.com/rss/search?q=TGT+earnings+analysis&hl=en-US&gl=US&ceid=US:en'[0m
[2m2026-04-05T08:24:46.000399Z[0m [[32m[1minfo     [0m] [1mparsed                        [0m [36mchannel[0m=[35mgoogle_broad[0m [36mraw[0m=[35m100[0m
[2m2026-04-05T08:24:46.002029Z[0m [[32m[1minfo     [0m] [1mquality_filter                [0m [36minput[0m=[35m400[0m [36mpassed[0m=[35m3[0m
[2m2026-04-05T08:24:46.002522Z[0m [[32m[1minfo     [0m] [1mdedup                         [0m [36mafter[0m=[35m3[0m [36mbefore[0m=[35m3[0m
[2m2026-04-05T08:24:46.002679Z[0m [[32m[1minfo     [0m] [1mfulltext_selection            [0m [36mcandidates[0m=[35m0[0m [36mfiltered[0m=[35m3[0m [36mmode[0m=[35mhigh-value[0m [36mticker[0m=[35mTGT[0m
[2m2026-04-05T08:24:46.003422Z[0m [[32m[1minfo     [0m] [1mcrawling                      [0m [36mchannel[0m=[35mGoogle->Benzinga[0m [36mtag[0m=[35mgoogle_benzinga[0m
[2m2026-04-05T08:24:48.424769Z[0m [[32m[1minfo     [0m] [1mfetch                         [0m [36mstatus[0m=[35m200[0m [36murl[0m=[35m'https://news.google.com/rss/search?q=BDX+site:benzinga.com&hl=en-US&gl=US&ceid=US:en'[0m
[2m2026-04-05T08:24:48.444514Z[0m [[32m[1minfo     [0m] [1mparsed                        [0m [36mchannel[0m=[35mgoogle_benzinga[0m [36mraw[0m=[35m30[0m
[2m2026-04-05T08:24:50.450399Z[0m [[32m[1minfo     [0m] [1mfetch                         [0m [36mstatus[0m=[35m200[0m [36murl[0m=[35m'https://news.google.com/rss/search?q=BDX+site:benzinga.com&hl=en-US&gl=US&ceid=US:en'[0m
[2m2026-04-05T08:24:50.469937Z[0m [[32m[1minfo     [0m] [1mparsed                        [0m [36mchannel[0m=[35mgoogle_benzinga[0m [36mraw[0m=[35m30[0m
[2m2026-04-05T08:24:50.470096Z[0m [[32m[1minfo     [0m] [1mcrawling                      [0m [36mchannel[0m=[35m'Google News (all)'[0m [36mtag[0m=[35mgoogle_broad[0m
[2m2026-04-05T08:24:53.034571Z[0m [[32m[1minfo     [0m] [1mfetch                         [0m [36mstatus[0m=[35m200[0m [36murl[0m=[35m'https://news.google.com/rss/search?q=BDX+stock+news&hl=en-US&gl=US&ceid=US:en'[0m
[2m2026-04-05T08:24:53.178013Z[0m [[32m[1minfo     [0m] [1mparsed                        [0m [36mchannel[0m=[35mgoogle_broad[0m [36mraw[0m=[35m100[0m
[2m2026-04-05T08:24:55.583400Z[0m [[32m[1minfo     [0m] [1mfetch                         [0m [36mstatus[0m=[35m200[0m [36murl[0m=[35m'https://news.google.com/rss/search?q=BDX+earnings+analysis&hl=en-US&gl=US&ceid=US:en'[0m
[2m2026-04-05T08:24:55.625550Z[0m [[32m[1minfo     [0m] [1mparsed                        [0m [36mchannel[0m=[35mgoogle_broad[0m [36mraw[0m=[35m46[0m
[2m2026-04-05T08:24:55.626363Z[0m [[32m[1minfo     [0m] [1mquality_filter                [0m [36minput[0m=[35m206[0m [36mpassed[0m=[35m0[0m
[2m2026-04-05T08:24:55.626489Z[0m [[32m[1minfo     [0m] [1mdedup                         [0m [36mafter[0m=[35m0[0m [36mbefore[0m=[35m0[0m
[2m2026-04-05T08:24:55.626563Z[0m [[32m[1minfo     [0m] [1mfulltext_selection            [0m [36mcandidates[0m=[35m0[0m [36mfiltered[0m=[35m0[0m [36mmode[0m=[35mhigh-value[0m [36mticker[0m=[35mBDX[0m
[2m2026-04-05T08:24:55.627349Z[0m [[32m[1minfo     [0m] [1mcrawling                      [0m [36mchannel[0m=[35mGoogle->Benzinga[0m [36mtag[0m=[35mgoogle_benzinga[0m
[2m2026-04-05T08:24:58.231477Z[0m [[32m[1minfo     [0m] [1mfetch                         [0m [36mstatus[0m=[35m200[0m [36murl[0m=[35m'https://news.google.com/rss/search?q=EA+site:benzinga.com&hl=en-US&gl=US&ceid=US:en'[0m
[2m2026-04-05T08:24:58.325038Z[0m [[32m[1minfo     [0m] [1mparsed                        [0m [36mchannel[0m=[35mgoogle_benzinga[0m [36mraw[0m=[35m100[0m
[2m2026-04-05T08:25:00.331277Z[0m [[32m[1minfo     [0m] [1mfetch                         [0m [36mstatus[0m=[35m200[0m [36murl[0m=[35m'https://news.google.com/rss/search?q=EA+site:benzinga.com&hl=en-US&gl=US&ceid=US:en'[0m
[2m2026-04-05T08:25:00.413412Z[0m [[32m[1minfo     [0m] [1mparsed                        [0m [36mchannel[0m=[35mgoogle_benzinga[0m [36mraw[0m=[35m100[0m
[2m2026-04-05T08:25:00.413588Z[0m [[32m[1minfo     [0m] [1mcrawling                      [0m [36mchannel[0m=[35m'Google News (all)'[0m [36mtag[0m=[35mgoogle_broad[0m
[2m2026-04-05T08:25:03.005184Z[0m [[32m[1minfo     [0m] [1mfetch                         [0m [36mstatus[0m=[35m200[0m [36murl[0m=[35m'https://news.google.com/rss/search?q=EA+stock+news&hl=en-US&gl=US&ceid=US:en'[0m
[2m2026-04-05T08:25:03.188697Z[0m [[32m[1minfo     [0m] [1mparsed                        [0m [36mchannel[0m=[35mgoogle_broad[0m [36mraw[0m=[35m100[0m
[2m2026-04-05T08:25:05.717565Z[0m [[32m[1minfo     [0m] [1mfetch                         [0m [36mstatus[0m=[35m200[0m [36murl[0m=[35m'https://news.google.com/rss/search?q=EA+earnings+analysis&hl=en-US&gl=US&ceid=US:en'[0m
[2m2026-04-05T08:25:05.784385Z[0m [[32m[1minfo     [0m] [1mparsed                        [0m [36mchannel[0m=[35mgoogle_broad[0m [36mraw[0m=[35m64[0m
[2m2026-04-05T08:25:05.786110Z[0m [[32m[1minfo     [0m] [1mquality_filter                [0m [36minput[0m=[35m364[0m [36mpassed[0m=[35m0[0m
[2m2026-04-05T08:25:05.786282Z[0m [[32m[1minfo     [0m] [1mdedup                         [0m [36mafter[0m=[35m0[0m [36mbefore[0m=[35m0[0m
[2m2026-04-05T08:25:05.786359Z[0m [[32m[1minfo     [0m] [1mfulltext_selection            [0m [36mcandidates[0m=[35m0[0m [36mfiltered[0m=[35m0[0m [36mmode[0m=[35mhigh-value[0m [36mticker[0m=[35mEA[0m
[2m2026-04-05T08:25:05.787079Z[0m [[32m[1minfo     [0m] [1mcrawling                      [0m [36mchannel[0m=[35mGoogle->Benzinga[0m [36mtag[0m=[35mgoogle_benzinga[0m
[2m2026-04-05T08:25:08.424979Z[0m [[32m[1minfo     [0m] [1mfetch                         [0m [36mstatus[0m=[35m200[0m [36murl[0m=[35m'https://news.google.com/rss/search?q=EW+site:benzinga.com&hl=en-US&gl=US&ceid=US:en'[0m
[2m2026-04-05T08:25:08.511904Z[0m [[32m[1minfo     [0m] [1mparsed                        [0m [36mchannel[0m=[35mgoogle_benzinga[0m [36mraw[0m=[35m87[0m
[2m2026-04-05T08:25:10.521134Z[0m [[32m[1minfo     [0m] [1mfetch                         [0m [36mstatus[0m=[35m200[0m [36murl[0m=[35m'https://news.google.com/rss/search?q=EW+site:benzinga.com&hl=en-US&gl=US&ceid=US:en'[0m
[2m2026-04-05T08:25:10.573464Z[0m [[32m[1minfo     [0m] [1mparsed                        [0m [36mchannel[0m=[35mgoogle_benzinga[0m [36mraw[0m=[35m87[0m
[2m2026-04-05T08:25:10.573641Z[0m [[32m[1minfo     [0m] [1mcrawling                      [0m [36mchannel[0m=[35m'Google News (all)'[0m [36mtag[0m=[35mgoogle_broad[0m
[2m2026-04-05T08:25:13.040308Z[0m [[32m[1minfo     [0m] [1mfetch                         [0m [36mstatus[0m=[35m200[0m [36murl[0m=[35m'https://news.google.com/rss/search?q=EW+stock+news&hl=en-US&gl=US&ceid=US:en'[0m
[2m2026-04-05T08:25:13.101611Z[0m [[32m[1minfo     [0m] [1mparsed                        [0m [36mchannel[0m=[35mgoogle_broad[0m [36mraw[0m=[35m66[0m
[2m2026-04-05T08:25:15.694789Z[0m [[32m[1minfo     [0m] [1mfetch                         [0m [36mstatus[0m=[35m200[0m [36murl[0m=[35m'https://news.google.com/rss/search?q=EW+earnings+analysis&hl=en-US&gl=US&ceid=US:en'[0m
[2m2026-04-05T08:25:15.765079Z[0m [[32m[1minfo     [0m] [1mparsed                        [0m [36mchannel[0m=[35mgoogle_broad[0m [36mraw[0m=[35m69[0m
[2m2026-04-05T08:25:15.766612Z[0m [[32m[1minfo     [0m] [1mquality_filter                [0m [36minput[0m=[35m309[0m [36mpassed[0m=[35m0[0m
[2m2026-04-05T08:25:15.766752Z[0m [[32m[1minfo     [0m] [1mdedup                         [0m [36mafter[0m=[35m0[0m [36mbefore[0m=[35m0[0m
[2m2026-04-05T08:25:15.766825Z[0m [[32m[1minfo     [0m] [1mfulltext_selection            [0m [36mcandidates[0m=[35m0[0m [36mfiltered[0m=[35m0[0m [36mmode[0m=[35mhigh-value[0m [36mticker[0m=[35mEW[0m
[2m2026-04-05T08:25:15.767554Z[0m [[32m[1minfo     [0m] [1mcrawling                      [0m [36mchannel[0m=[35mGoogle->Benzinga[0m [36mtag[0m=[35mgoogle_benzinga[0m
[2m2026-04-05T08:25:18.305854Z[0m [[32m[1minfo     [0m] [1mfetch                         [0m [36mstatus[0m=[35m200[0m [36murl[0m=[35m'https://news.google.com/rss/search?q=CIEN+site:benzinga.com&hl=en-US&gl=US&ceid=US:en'[0m
[2m2026-04-05T08:25:18.349637Z[0m [[32m[1minfo     [0m] [1mparsed                        [0m [36mchannel[0m=[35mgoogle_benzinga[0m [36mraw[0m=[35m49[0m
[2m2026-04-05T08:25:20.355492Z[0m [[32m[1minfo     [0m] [1mfetch                         [0m [36mstatus[0m=[35m200[0m [36murl[0m=[35m'https://news.google.com/rss/search?q=CIEN+site:benzinga.com&hl=en-US&gl=US&ceid=US:en'[0m
[2m2026-04-05T08:25:20.386183Z[0m [[32m[1minfo     [0m] [1mparsed                        [0m [36mchannel[0m=[35mgoogle_benzinga[0m [36mraw[0m=[35m49[0m
[2m2026-04-05T08:25:20.386363Z[0m [[32m[1minfo     [0m] [1mcrawling                      [0m [36mchannel[0m=[35m'Google News (all)'[0m [36mtag[0m=[35mgoogle_broad[0m
[2m2026-04-05T08:25:22.970897Z[0m [[32m[1minfo     [0m] [1mfetch                         [0m [36mstatus[0m=[35m200[0m [36murl[0m=[35m'https://news.google.com/rss/search?q=CIEN+stock+news&hl=en-US&gl=US&ceid=US:en'[0m
[2m2026-04-05T08:25:23.114845Z[0m [[32m[1minfo     [0m] [1mparsed                        [0m [36mchannel[0m=[35mgoogle_broad[0m [36mraw[0m=[35m100[0m
[2m2026-04-05T08:25:25.631612Z[0m [[32m[1minfo     [0m] [1mfetch                         [0m [36mstatus[0m=[35m200[0m [36murl[0m=[35m'https://news.google.com/rss/search?q=CIEN+earnings+analysis&hl=en-US&gl=US&ceid=US:en'[0m
[2m2026-04-05T08:25:25.688015Z[0m [[32m[1minfo     [0m] [1mparsed                        [0m [36mchannel[0m=[35mgoogle_broad[0m [36mraw[0m=[35m55[0m
[2m2026-04-05T08:25:25.689942Z[0m [[32m[1minfo     [0m] [1mquality_filter                [0m [36minput[0m=[35m253[0m [36mpassed[0m=[35m4[0m
[2m2026-04-05T08:25:25.690568Z[0m [[32m[1minfo     [0m] [1mdedup                         [0m [36mafter[0m=[35m4[0m [36mbefore[0m=[35m4[0m
[2m2026-04-05T08:25:25.690721Z[0m [[32m[1minfo     [0m] [1mfulltext_selection            [0m [36mcandidates[0m=[35m1[0m [36mfiltered[0m=[35m4[0m [36mmode[0m=[35mhigh-value[0m [36mticker[0m=[35mCIEN[0m
[2m2026-04-05T08:25:27.995911Z[0m [[32m[1minfo     [0m] [1mfetch                         [0m [36mstatus[0m=[35m200[0m [36murl[0m=[35mhttps://www.stocktitan.net/sec-filings/CIEN/form-4-ciena-corp-insider-trading-activity-eb7[0m
[2m2026-04-05T08:25:28.217499Z[0m [[32m[1minfo     [0m] [1mcrawling                      [0m [36mchannel[0m=[35mGoogle->Benzinga[0m [36mtag[0m=[35mgoogle_benzinga[0m
[2m2026-04-05T08:25:30.606851Z[0m [[32m[1minfo     [0m] [1mfetch                         [0m [36mstatus[0m=[35m200[0m [36murl[0m=[35m'https://news.google.com/rss/search?q=GRMN+site:benzinga.com&hl=en-US&gl=US&ceid=US:en'[0m
[2m2026-04-05T08:25:30.622141Z[0m [[32m[1minfo     [0m] [1mparsed                        [0m [36mchannel[0m=[35mgoogle_benzinga[0m [36mraw[0m=[35m14[0m
[2m2026-04-05T08:25:32.627588Z[0m [[32m[1minfo     [0m] [1mfetch                         [0m [36mstatus[0m=[35m200[0m [36murl[0m=[35m'https://news.google.com/rss/search?q=GRMN+site:benzinga.com&hl=en-US&gl=US&ceid=US:en'[0m
[2m2026-04-05T08:25:32.637846Z[0m [[32m[1minfo     [0m] [1mparsed                        [0m [36mchannel[0m=[35mgoogle_benzinga[0m [36mraw[0m=[35m14[0m
[2m2026-04-05T08:25:32.638009Z[0m [[32m[1minfo     [0m] [1mcrawling                      [0m [36mchannel[0m=[35m'Google News (all)'[0m [36mtag[0m=[35mgoogle_broad[0m
[2m2026-04-05T08:25:35.094094Z[0m [[32m[1minfo     [0m] [1mfetch                         [0m [36mstatus[0m=[35m200[0m [36murl[0m=[35m'https://news.google.com/rss/search?q=GRMN+stock+news&hl=en-US&gl=US&ceid=US:en'[0m
[2m2026-04-05T08:25:35.237166Z[0m [[32m[1minfo     [0m] [1mparsed                        [0m [36mchannel[0m=[35mgoogle_broad[0m [36mraw[0m=[35m100[0m
[2m2026-04-05T08:25:37.784673Z[0m [[32m[1minfo     [0m] [1mfetch                         [0m [36mstatus[0m=[35m200[0m [36murl[0m=[35m'https://news.google.com/rss/search?q=GRMN+earnings+analysis&hl=en-US&gl=US&ceid=US:en'[0m
[2m2026-04-05T08:25:37.828098Z[0m [[32m[1minfo     [0m] [1mparsed                        [0m [36mchannel[0m=[35mgoogle_broad[0m [36mraw[0m=[35m47[0m
[2m2026-04-05T08:25:37.828854Z[0m [[32m[1minfo     [0m] [1mquality_filter                [0m [36minput[0m=[35m175[0m [36mpassed[0m=[35m0[0m
[2m2026-04-05T08:25:37.828976Z[0m [[32m[1minfo     [0m] [1mdedup                         [0m [36mafter[0m=[35m0[0m [36mbefore[0m=[35m0[0m
[2m2026-04-05T08:25:37.829048Z[0m [[32m[1minfo     [0m] [1mfulltext_selection            [0m [36mcandidates[0m=[35m0[0m [36mfiltered[0m=[35m0[0m [36mmode[0m=[35mhigh-value[0m [36mticker[0m=[35mGRMN[0m
[2m2026-04-05T08:25:37.829894Z[0m [[32m[1minfo     [0m] [1mcrawling                      [0m [36mchannel[0m=[35mGoogle->Benzinga[0m [36mtag[0m=[35mgoogle_benzinga[0m
[2m2026-04-05T08:25:40.248668Z[0m [[32m[1minfo     [0m] [1mfetch                         [0m [36mstatus[0m=[35m200[0m [36murl[0m=[35m'https://news.google.com/rss/search?q=HSY+site:benzinga.com&hl=en-US&gl=US&ceid=US:en'[0m
[2m2026-04-05T08:25:40.269833Z[0m [[32m[1minfo     [0m] [1mparsed                        [0m [36mchannel[0m=[35mgoogle_benzinga[0m [36mraw[0m=[35m23[0m
[2m2026-04-05T08:25:42.275309Z[0m [[32m[1minfo     [0m] [1mfetch                         [0m [36mstatus[0m=[35m200[0m [36murl[0m=[35m'https://news.google.com/rss/search?q=HSY+site:benzinga.com&hl=en-US&gl=US&ceid=US:en'[0m
[2m2026-04-05T08:25:42.290725Z[0m [[32m[1minfo     [0m] [1mparsed                        [0m [36mchannel[0m=[35mgoogle_benzinga[0m [36mraw[0m=[35m23[0m
[2m2026-04-05T08:25:42.290885Z[0m [[32m[1minfo     [0m] [1mcrawling                      [0m [36mchannel[0m=[35m'Google News (all)'[0m [36mtag[0m=[35mgoogle_broad[0m
[2m2026-04-05T08:25:44.845571Z[0m [[32m[1minfo     [0m] [1mfetch                         [0m [36mstatus[0m=[35m200[0m [36murl[0m=[35m'https://news.google.com/rss/search?q=HSY+stock+news&hl=en-US&gl=US&ceid=US:en'[0m
[2m2026-04-05T08:25:44.982189Z[0m [[32m[1minfo     [0m] [1mparsed                        [0m [36mchannel[0m=[35mgoogle_broad[0m [36mraw[0m=[35m100[0m
[2m2026-04-05T08:25:47.596297Z[0m [[32m[1minfo     [0m] [1mfetch                         [0m [36mstatus[0m=[35m200[0m [36murl[0m=[35m'https://news.google.com/rss/search?q=HSY+earnings+analysis&hl=en-US&gl=US&ceid=US:en'[0m
[2m2026-04-05T08:25:47.643765Z[0m [[32m[1minfo     [0m] [1mparsed                        [0m [36mchannel[0m=[35mgoogle_broad[0m [36mraw[0m=[35m55[0m
[2m2026-04-05T08:25:47.646384Z[0m [[32m[1minfo     [0m] [1mquality_filter                [0m [36minput[0m=[35m201[0m [36mpassed[0m=[35m11[0m
[2m2026-04-05T08:25:47.647886Z[0m [[32m[1minfo     [0m] [1mdedup                         [0m [36mafter[0m=[35m11[0m [36mbefore[0m=[35m11[0m
[2m2026-04-05T08:25:47.648154Z[0m [[32m[1minfo     [0m] [1mfulltext_selection            [0m [36mcandidates[0m=[35m0[0m [36mfiltered[0m=[35m11[0m [36mmode[0m=[35mhigh-value[0m [36mticker[0m=[35mHSY[0m
[2m2026-04-05T08:25:47.648944Z[0m [[32m[1minfo     [0m] [1mcrawling                      [0m [36mchannel[0m=[35mGoogle->Benzinga[0m [36mtag[0m=[35mgoogle_benzinga[0m
[2m2026-04-05T08:25:50.249157Z[0m [[32m[1minfo     [0m] [1mfetch                         [0m [36mstatus[0m=[35m200[0m [36murl[0m=[35m'https://news.google.com/rss/search?q=CVNA+site:benzinga.com&hl=en-US&gl=US&ceid=US:en'[0m
[2m2026-04-05T08:25:50.392687Z[0m [[32m[1minfo     [0m] [1mparsed                        [0m [36mchannel[0m=[35mgoogle_benzinga[0m [36mraw[0m=[35m100[0m
[2m2026-04-05T08:25:52.398945Z[0m [[32m[1minfo     [0m] [1mfetch                         [0m [36mstatus[0m=[35m200[0m [36murl[0m=[35m'https://news.google.com/rss/search?q=CVNA+site:benzinga.com&hl=en-US&gl=US&ceid=US:en'[0m
[2m2026-04-05T08:25:52.459352Z[0m [[32m[1minfo     [0m] [1mparsed                        [0m [36mchannel[0m=[35mgoogle_benzinga[0m [36mraw[0m=[35m100[0m
[2m2026-04-05T08:25:52.459521Z[0m [[32m[1minfo     [0m] [1mcrawling                      [0m [36mchannel[0m=[35m'Google News (all)'[0m [36mtag[0m=[35mgoogle_broad[0m
[2m2026-04-05T08:25:54.982341Z[0m [[32m[1minfo     [0m] [1mfetch                         [0m [36mstatus[0m=[35m200[0m [36murl[0m=[35m'https://news.google.com/rss/search?q=CVNA+stock+news&hl=en-US&gl=US&ceid=US:en'[0m
[2m2026-04-05T08:25:55.118162Z[0m [[32m[1minfo     [0m] [1mparsed                        [0m [36mchannel[0m=[35mgoogle_broad[0m [36mraw[0m=[35m100[0m
[2m2026-04-05T08:25:57.551534Z[0m [[32m[1minfo     [0m] [1mfetch                         [0m [36mstatus[0m=[35m200[0m [36murl[0m=[35m'https://news.google.com/rss/search?q=CVNA+earnings+analysis&hl=en-US&gl=US&ceid=US:en'[0m
[2m2026-04-05T08:25:57.595714Z[0m [[32m[1minfo     [0m] [1mparsed                        [0m [36mchannel[0m=[35mgoogle_broad[0m [36mraw[0m=[35m49[0m
[2m2026-04-05T08:25:57.598640Z[0m [[32m[1minfo     [0m] [1mquality_filter                [0m [36minput[0m=[35m349[0m [36mpassed[0m=[35m12[0m
[2m2026-04-05T08:25:57.600103Z[0m [[32m[1minfo     [0m] [1mdedup                         [0m [36mafter[0m=[35m10[0m [36mbefore[0m=[35m12[0m
[2m2026-04-05T08:25:57.600378Z[0m [[32m[1minfo     [0m] [1mfulltext_selection            [0m [36mcandidates[0m=[35m3[0m [36mfiltered[0m=[35m10[0m [36mmode[0m=[35mhigh-value[0m [36mticker[0m=[35mCVNA[0m
[2m2026-04-05T08:26:00.229381Z[0m [[32m[1minfo     [0m] [1mfetch                         [0m [36mstatus[0m=[35m200[0m [36murl[0m=[35mhttps://www.msn.com/en-us/money/topstocks/why-is-carvana-cvna-down-11-6-since-last-earning[0m
[2m2026-04-05T08:26:00.414836Z[0m [[32m[1minfo     [0m] [1mfetch                         [0m [36mstatus[0m=[35m200[0m [36murl[0m=[35mhttps://www.stocktitan.net/sec-filings/CVNA/form-4-carvana-co-insider-trading-activity-e46[0m
[2m2026-04-05T08:26:01.217051Z[0m [[32m[1minfo     [0m] [1mfetch                         [0m [36mstatus[0m=[35m200[0m [36murl[0m=[35mhttps://intellectia.ai/en/stock/CVNA/news[0m
[2m2026-04-05T08:26:01.869844Z[0m [[32m[1minfo     [0m] [1mcrawling                      [0m [36mchannel[0m=[35mGoogle->Benzinga[0m [36mtag[0m=[35mgoogle_benzinga[0m
[2m2026-04-05T08:26:04.557829Z[0m [[32m[1minfo     [0m] [1mfetch                         [0m [36mstatus[0m=[35m200[0m [36murl[0m=[35m'https://news.google.com/rss/search?q=MET+site:benzinga.com&hl=en-US&gl=US&ceid=US:en'[0m
[2m2026-04-05T08:26:04.713454Z[0m [[32m[1minfo     [0m] [1mparsed                        [0m [36mchannel[0m=[35mgoogle_benzinga[0m [36mraw[0m=[35m100[0m
[2m2026-04-05T08:26:06.719699Z[0m [[32m[1minfo     [0m] [1mfetch                         [0m [36mstatus[0m=[35m200[0m [36murl[0m=[35m'https://news.google.com/rss/search?q=MET+site:benzinga.com&hl=en-US&gl=US&ceid=US:en'[0m
[2m2026-04-05T08:26:06.781148Z[0m [[32m[1minfo     [0m] [1mparsed                        [0m [36mchannel[0m=[35mgoogle_benzinga[0m [36mraw[0m=[35m100[0m
[2m2026-04-05T08:26:06.781337Z[0m [[32m[1minfo     [0m] [1mcrawling                      [0m [36mchannel[0m=[35m'Google News (all)'[0m [36mtag[0m=[35mgoogle_broad[0m
[2m2026-04-05T08:26:09.259902Z[0m [[32m[1minfo     [0m] [1mfetch                         [0m [36mstatus[0m=[35m200[0m [36murl[0m=[35m'https://news.google.com/rss/search?q=MET+stock+news&hl=en-US&gl=US&ceid=US:en'[0m
[2m2026-04-05T08:26:09.384784Z[0m [[32m[1minfo     [0m] [1mparsed                        [0m [36mchannel[0m=[35mgoogle_broad[0m [36mraw[0m=[35m80[0m
[2m2026-04-05T08:26:11.885404Z[0m [[32m[1minfo     [0m] [1mfetch                         [0m [36mstatus[0m=[35m200[0m [36murl[0m=[35m'https://news.google.com/rss/search?q=MET+earnings+analysis&hl=en-US&gl=US&ceid=US:en'[0m
[2m2026-04-05T08:26:12.000243Z[0m [[32m[1minfo     [0m] [1mparsed                        [0m [36mchannel[0m=[35mgoogle_broad[0m [36mraw[0m=[35m65[0m
[2m2026-04-05T08:26:12.003197Z[0m [[32m[1minfo     [0m] [1mquality_filter                [0m [36minput[0m=[35m345[0m [36mpassed[0m=[35m12[0m
[2m2026-04-05T08:26:12.004949Z[0m [[32m[1minfo     [0m] [1mdedup                         [0m [36mafter[0m=[35m11[0m [36mbefore[0m=[35m12[0m
[2m2026-04-05T08:26:12.005292Z[0m [[32m[1minfo     [0m] [1mfulltext_selection            [0m [36mcandidates[0m=[35m1[0m [36mfiltered[0m=[35m11[0m [36mmode[0m=[35mhigh-value[0m [36mticker[0m=[35mMET[0m
[2m2026-04-05T08:26:15.230257Z[0m [[32m[1minfo     [0m] [1mfetch                         [0m [36mstatus[0m=[35m200[0m [36murl[0m=[35mhttps://intellectia.ai/en/stock/MET/earnings[0m
[2m2026-04-05T08:26:15.840319Z[0m [[32m[1minfo     [0m] [1mcrawling                      [0m [36mchannel[0m=[35mGoogle->Benzinga[0m [36mtag[0m=[35mgoogle_benzinga[0m
[2m2026-04-05T08:26:18.345980Z[0m [[32m[1minfo     [0m] [1mfetch                         [0m [36mstatus[0m=[35m200[0m [36murl[0m=[35m'https://news.google.com/rss/search?q=YUM+site:benzinga.com&hl=en-US&gl=US&ceid=US:en'[0m
[2m2026-04-05T08:26:18.418510Z[0m [[32m[1minfo     [0m] [1mparsed                        [0m [36mchannel[0m=[35mgoogle_benzinga[0m [36mraw[0m=[35m73[0m
[2m2026-04-05T08:26:20.424134Z[0m [[32m[1minfo     [0m] [1mfetch                         [0m [36mstatus[0m=[35m200[0m [36murl[0m=[35m'https://news.google.com/rss/search?q=YUM+site:benzinga.com&hl=en-US&gl=US&ceid=US:en'[0m
[2m2026-04-05T08:26:20.468914Z[0m [[32m[1minfo     [0m] [1mparsed                        [0m [36mchannel[0m=[35mgoogle_benzinga[0m [36mraw[0m=[35m73[0m
[2m2026-04-05T08:26:20.469078Z[0m [[32m[1minfo     [0m] [1mcrawling                      [0m [36mchannel[0m=[35m'Google News (all)'[0m [36mtag[0m=[35mgoogle_broad[0m
[2m2026-04-05T08:26:23.133035Z[0m [[32m[1minfo     [0m] [1mfetch                         [0m [36mstatus[0m=[35m200[0m [36murl[0m=[35m'https://news.google.com/rss/search?q=YUM+stock+news&hl=en-US&gl=US&ceid=US:en'[0m
[2m2026-04-05T08:26:23.283991Z[0m [[32m[1minfo     [0m] [1mparsed                        [0m [36mchannel[0m=[35mgoogle_broad[0m [36mraw[0m=[35m100[0m
[2m2026-04-05T08:26:25.727833Z[0m [[32m[1minfo     [0m] [1mfetch                         [0m [36mstatus[0m=[35m200[0m [36murl[0m=[35m'https://news.google.com/rss/search?q=YUM+earnings+analysis&hl=en-US&gl=US&ceid=US:en'[0m
[2m2026-04-05T08:26:25.774818Z[0m [[32m[1minfo     [0m] [1mparsed                        [0m [36mchannel[0m=[35mgoogle_broad[0m [36mraw[0m=[35m55[0m
[2m2026-04-05T08:26:25.776418Z[0m [[32m[1minfo     [0m] [1mquality_filter                [0m [36minput[0m=[35m301[0m [36mpassed[0m=[35m2[0m
[2m2026-04-05T08:26:25.776922Z[0m [[32m[1minfo     [0m] [1mdedup                         [0m [36mafter[0m=[35m2[0m [36mbefore[0m=[35m2[0m
[2m2026-04-05T08:26:25.777060Z[0m [[32m[1minfo     [0m] [1mfulltext_selection            [0m [36mcandidates[0m=[35m0[0m [36mfiltered[0m=[35m2[0m [36mmode[0m=[35mhigh-value[0m [36mticker[0m=[35mYUM[0m
[2m2026-04-05T08:26:25.777820Z[0m [[32m[1minfo     [0m] [1mcrawling                      [0m [36mchannel[0m=[35mGoogle->Benzinga[0m [36mtag[0m=[35mgoogle_benzinga[0m
[2m2026-04-05T08:26:28.211294Z[0m [[32m[1minfo     [0m] [1mfetch                         [0m [36mstatus[0m=[35m200[0m [36murl[0m=[35m'https://news.google.com/rss/search?q=DHI+site:benzinga.com&hl=en-US&gl=US&ceid=US:en'[0m
[2m2026-04-05T08:26:28.245919Z[0m [[32m[1minfo     [0m] [1mparsed                        [0m [36mchannel[0m=[35mgoogle_benzinga[0m [36mraw[0m=[35m45[0m
[2m2026-04-05T08:26:30.252193Z[0m [[32m[1minfo     [0m] [1mfetch                         [0m [36mstatus[0m=[35m200[0m [36murl[0m=[35m'https://news.google.com/rss/search?q=DHI+site:benzinga.com&hl=en-US&gl=US&ceid=US:en'[0m
[2m2026-04-05T08:26:30.283484Z[0m [[32m[1minfo     [0m] [1mparsed                        [0m [36mchannel[0m=[35mgoogle_benzinga[0m [36mraw[0m=[35m45[0m
[2m2026-04-05T08:26:30.283643Z[0m [[32m[1minfo     [0m] [1mcrawling                      [0m [36mchannel[0m=[35m'Google News (all)'[0m [36mtag[0m=[35mgoogle_broad[0m
[2m2026-04-05T08:26:32.757601Z[0m [[32m[1minfo     [0m] [1mfetch                         [0m [36mstatus[0m=[35m200[0m [36murl[0m=[35m'https://news.google.com/rss/search?q=DHI+stock+news&hl=en-US&gl=US&ceid=US:en'[0m
[2m2026-04-05T08:26:32.890770Z[0m [[32m[1minfo     [0m] [1mparsed                        [0m [36mchannel[0m=[35mgoogle_broad[0m [36mraw[0m=[35m92[0m
[2m2026-04-05T08:26:35.307291Z[0m [[32m[1minfo     [0m] [1mfetch                         [0m [36mstatus[0m=[35m200[0m [36murl[0m=[35m'https://news.google.com/rss/search?q=DHI+earnings+analysis&hl=en-US&gl=US&ceid=US:en'[0m
[2m2026-04-05T08:26:35.341140Z[0m [[32m[1minfo     [0m] [1mparsed                        [0m [36mchannel[0m=[35mgoogle_broad[0m [36mraw[0m=[35m42[0m
[2m2026-04-05T08:26:35.342339Z[0m [[32m[1minfo     [0m] [1mquality_filter                [0m [36minput[0m=[35m224[0m [36mpassed[0m=[35m1[0m
[2m2026-04-05T08:26:35.342658Z[0m [[32m[1minfo     [0m] [1mdedup                         [0m [36mafter[0m=[35m1[0m [36mbefore[0m=[35m1[0m
[2m2026-04-05T08:26:35.342772Z[0m [[32m[1minfo     [0m] [1mfulltext_selection            [0m [36mcandidates[0m=[35m0[0m [36mfiltered[0m=[35m1[0m [36mmode[0m=[35mhigh-value[0m [36mticker[0m=[35mDHI[0m
[2m2026-04-05T08:26:35.343567Z[0m [[32m[1minfo     [0m] [1mcrawling                      [0m [36mchannel[0m=[35mGoogle->Benzinga[0m [36mtag[0m=[35mgoogle_benzinga[0m
[2m2026-04-05T08:26:37.886614Z[0m [[32m[1minfo     [0m] [1mfetch                         [0m [36mstatus[0m=[35m200[0m [36murl[0m=[35m'https://news.google.com/rss/search?q=FITB+site:benzinga.com&hl=en-US&gl=US&ceid=US:en'[0m
[2m2026-04-05T08:26:37.899484Z[0m [[32m[1minfo     [0m] [1mparsed                        [0m [36mchannel[0m=[35mgoogle_benzinga[0m [36mraw[0m=[35m18[0m
[2m2026-04-05T08:26:39.905396Z[0m [[32m[1minfo     [0m] [1mfetch                         [0m [36mstatus[0m=[35m200[0m [36murl[0m=[35m'https://news.google.com/rss/search?q=FITB+site:benzinga.com&hl=en-US&gl=US&ceid=US:en'[0m
[2m2026-04-05T08:26:39.918262Z[0m [[32m[1minfo     [0m] [1mparsed                        [0m [36mchannel[0m=[35mgoogle_benzinga[0m [36mraw[0m=[35m18[0m
[2m2026-04-05T08:26:39.918425Z[0m [[32m[1minfo     [0m] [1mcrawling                      [0m [36mchannel[0m=[35m'Google News (all)'[0m [36mtag[0m=[35mgoogle_broad[0m
[2m2026-04-05T08:26:42.434463Z[0m [[32m[1minfo     [0m] [1mfetch                         [0m [36mstatus[0m=[35m200[0m [36murl[0m=[35m'https://news.google.com/rss/search?q=FITB+stock+news&hl=en-US&gl=US&ceid=US:en'[0m
[2m2026-04-05T08:26:42.567711Z[0m [[32m[1minfo     [0m] [1mparsed                        [0m [36mchannel[0m=[35mgoogle_broad[0m [36mraw[0m=[35m100[0m
[2m2026-04-05T08:26:45.036946Z[0m [[32m[1minfo     [0m] [1mfetch                         [0m [36mstatus[0m=[35m200[0m [36murl[0m=[35m'https://news.google.com/rss/search?q=FITB+earnings+analysis&hl=en-US&gl=US&ceid=US:en'[0m
[2m2026-04-05T08:26:45.095007Z[0m [[32m[1minfo     [0m] [1mparsed                        [0m [36mchannel[0m=[35mgoogle_broad[0m [36mraw[0m=[35m56[0m
[2m2026-04-05T08:26:45.096864Z[0m [[32m[1minfo     [0m] [1mquality_filter                [0m [36minput[0m=[35m192[0m [36mpassed[0m=[35m2[0m
[2m2026-04-05T08:26:45.097267Z[0m [[32m[1minfo     [0m] [1mdedup                         [0m [36mafter[0m=[35m1[0m [36mbefore[0m=[35m2[0m
[2m2026-04-05T08:26:45.097374Z[0m [[32m[1minfo     [0m] [1mfulltext_selection            [0m [36mcandidates[0m=[35m1[0m [36mfiltered[0m=[35m1[0m [36mmode[0m=[35mhigh-value[0m [36mticker[0m=[35mFITB[0m
[2m2026-04-05T08:26:48.254311Z[0m [[31m[1merror    [0m] [1mfetch_error                   [0m [36merror[0m=[35m'400, message=\'Got more than 8190 bytes when reading: b"connect-src \\\'self\\\' wss:'[0m [36murl[0m=[35mhttps://finance.yahoo.com/markets/stocks/articles/regional-banks-stock[0m
[2m2026-04-05T08:26:48.457652Z[0m [[32m[1minfo     [0m] [1mcrawling                      [0m [36mchannel[0m=[35mGoogle->Benzinga[0m [36mtag[0m=[35mgoogle_benzinga[0m
[2m2026-04-05T08:26:50.918014Z[0m [[32m[1minfo     [0m] [1mfetch                         [0m [36mstatus[0m=[35m200[0m [36murl[0m=[35m'https://news.google.com/rss/search?q=SYY+site:benzinga.com&hl=en-US&gl=US&ceid=US:en'[0m
[2m2026-04-05T08:26:50.936050Z[0m [[32m[1minfo     [0m] [1mparsed                        [0m [36mchannel[0m=[35mgoogle_benzinga[0m [36mraw[0m=[35m28[0m
[2m2026-04-05T08:26:52.941484Z[0m [[32m[1minfo     [0m] [1mfetch                         [0m [36mstatus[0m=[35m200[0m [36murl[0m=[35m'https://news.google.com/rss/search?q=SYY+site:benzinga.com&hl=en-US&gl=US&ceid=US:en'[0m
[2m2026-04-05T08:26:52.960194Z[0m [[32m[1minfo     [0m] [1mparsed                        [0m [36mchannel[0m=[35mgoogle_benzinga[0m [36mraw[0m=[35m28[0m
[2m2026-04-05T08:26:52.960370Z[0m [[32m[1minfo     [0m] [1mcrawling                      [0m [36mchannel[0m=[35m'Google News (all)'[0m [36mtag[0m=[35mgoogle_broad[0m
[2m2026-04-05T08:26:55.514335Z[0m [[32m[1minfo     [0m] [1mfetch                         [0m [36mstatus[0m=[35m200[0m [36murl[0m=[35m'https://news.google.com/rss/search?q=SYY+stock+news&hl=en-US&gl=US&ceid=US:en'[0m
[2m2026-04-05T08:26:55.659468Z[0m [[32m[1minfo     [0m] [1mparsed                        [0m [36mchannel[0m=[35mgoogle_broad[0m [36mraw[0m=[35m100[0m
[2m2026-04-05T08:26:58.100875Z[0m [[32m[1minfo     [0m] [1mfetch                         [0m [36mstatus[0m=[35m200[0m [36murl[0m=[35m'https://news.google.com/rss/search?q=SYY+earnings+analysis&hl=en-US&gl=US&ceid=US:en'[0m
[2m2026-04-05T08:26:58.153471Z[0m [[32m[1minfo     [0m] [1mparsed                        [0m [36mchannel[0m=[35mgoogle_broad[0m [36mraw[0m=[35m54[0m
[2m2026-04-05T08:26:58.154502Z[0m [[32m[1minfo     [0m] [1mquality_filter                [0m [36minput[0m=[35m210[0m [36mpassed[0m=[35m0[0m
[2m2026-04-05T08:26:58.154647Z[0m [[32m[1minfo     [0m] [1mdedup                         [0m [36mafter[0m=[35m0[0m [36mbefore[0m=[35m0[0m
[2m2026-04-05T08:26:58.154766Z[0m [[32m[1minfo     [0m] [1mfulltext_selection            [0m [36mcandidates[0m=[35m0[0m [36mfiltered[0m=[35m0[0m [36mmode[0m=[35mhigh-value[0m [36mticker[0m=[35mSYY[0m
[2m2026-04-05T08:26:58.155507Z[0m [[32m[1minfo     [0m] [1mcrawling                      [0m [36mchannel[0m=[35mGoogle->Benzinga[0m [36mtag[0m=[35mgoogle_benzinga[0m
[2m2026-04-05T08:27:00.622579Z[0m [[32m[1minfo     [0m] [1mfetch                         [0m [36mstatus[0m=[35m200[0m [36murl[0m=[35m'https://news.google.com/rss/search?q=CBRE+site:benzinga.com&hl=en-US&gl=US&ceid=US:en'[0m
[2m2026-04-05T08:27:00.664999Z[0m [[32m[1minfo     [0m] [1mparsed                        [0m [36mchannel[0m=[35mgoogle_benzinga[0m [36mraw[0m=[35m47[0m
[2m2026-04-05T08:27:02.670813Z[0m [[32m[1minfo     [0m] [1mfetch                         [0m [36mstatus[0m=[35m200[0m [36murl[0m=[35m'https://news.google.com/rss/search?q=CBRE+site:benzinga.com&hl=en-US&gl=US&ceid=US:en'[0m
[2m2026-04-05T08:27:02.727850Z[0m [[32m[1minfo     [0m] [1mparsed                        [0m [36mchannel[0m=[35mgoogle_benzinga[0m [36mraw[0m=[35m47[0m
[2m2026-04-05T08:27:02.728021Z[0m [[32m[1minfo     [0m] [1mcrawling                      [0m [36mchannel[0m=[35m'Google News (all)'[0m [36mtag[0m=[35mgoogle_broad[0m
[2m2026-04-05T08:27:05.323718Z[0m [[32m[1minfo     [0m] [1mfetch                         [0m [36mstatus[0m=[35m200[0m [36murl[0m=[35m'https://news.google.com/rss/search?q=CBRE+stock+news&hl=en-US&gl=US&ceid=US:en'[0m
[2m2026-04-05T08:27:05.470221Z[0m [[32m[1minfo     [0m] [1mparsed                        [0m [36mchannel[0m=[35mgoogle_broad[0m [36mraw[0m=[35m97[0m
[2m2026-04-05T08:27:07.901532Z[0m [[32m[1minfo     [0m] [1mfetch                         [0m [36mstatus[0m=[35m200[0m [36murl[0m=[35m'https://news.google.com/rss/search?q=CBRE+earnings+analysis&hl=en-US&gl=US&ceid=US:en'[0m
[2m2026-04-05T08:27:07.933391Z[0m [[32m[1minfo     [0m] [1mparsed                        [0m [36mchannel[0m=[35mgoogle_broad[0m [36mraw[0m=[35m43[0m
[2m2026-04-05T08:27:07.934601Z[0m [[32m[1minfo     [0m] [1mquality_filter                [0m [36minput[0m=[35m234[0m [36mpassed[0m=[35m1[0m
[2m2026-04-05T08:27:07.934933Z[0m [[32m[1minfo     [0m] [1mdedup                         [0m [36mafter[0m=[35m1[0m [36mbefore[0m=[35m1[0m
[2m2026-04-05T08:27:07.935027Z[0m [[32m[1minfo     [0m] [1mfulltext_selection            [0m [36mcandidates[0m=[35m1[0m [36mfiltered[0m=[35m1[0m [36mmode[0m=[35mhigh-value[0m [36mticker[0m=[35mCBRE[0m
[2m2026-04-05T08:27:11.038986Z[0m [[32m[1minfo     [0m] [1mfetch                         [0m [36mstatus[0m=[35m200[0m [36murl[0m=[35mhttps://www.ad-hoc-news.de/boerse/ueberblick/cbre-group-inc-stock-q1-beat-and-fy-guidance-[0m
[2m2026-04-05T08:27:11.242870Z[0m [[32m[1minfo     [0m] [1mcrawling                      [0m [36mchannel[0m=[35mGoogle->Benzinga[0m [36mtag[0m=[35mgoogle_benzinga[0m
[2m2026-04-05T08:27:13.643957Z[0m [[32m[1minfo     [0m] [1mfetch                         [0m [36mstatus[0m=[35m200[0m [36murl[0m=[35m'https://news.google.com/rss/search?q=AIG+site:benzinga.com&hl=en-US&gl=US&ceid=US:en'[0m
[2m2026-04-05T08:27:13.667610Z[0m [[32m[1minfo     [0m] [1mparsed                        [0m [36mchannel[0m=[35mgoogle_benzinga[0m [36mraw[0m=[35m36[0m
[2m2026-04-05T08:27:15.673455Z[0m [[32m[1minfo     [0m] [1mfetch                         [0m [36mstatus[0m=[35m200[0m [36murl[0m=[35m'https://news.google.com/rss/search?q=AIG+site:benzinga.com&hl=en-US&gl=US&ceid=US:en'[0m
[2m2026-04-05T08:27:15.700836Z[0m [[32m[1minfo     [0m] [1mparsed                        [0m [36mchannel[0m=[35mgoogle_benzinga[0m [36mraw[0m=[35m36[0m
[2m2026-04-05T08:27:15.701001Z[0m [[32m[1minfo     [0m] [1mcrawling                      [0m [36mchannel[0m=[35m'Google News (all)'[0m [36mtag[0m=[35mgoogle_broad[0m
[2m2026-04-05T08:27:18.435387Z[0m [[32m[1minfo     [0m] [1mfetch                         [0m [36mstatus[0m=[35m200[0m [36murl[0m=[35m'https://news.google.com/rss/search?q=AIG+stock+news&hl=en-US&gl=US&ceid=US:en'[0m
[2m2026-04-05T08:27:18.508553Z[0m [[32m[1minfo     [0m] [1mparsed                        [0m [36mchannel[0m=[35mgoogle_broad[0m [36mraw[0m=[35m100[0m
[2m2026-04-05T08:27:21.000389Z[0m [[32m[1minfo     [0m] [1mfetch                         [0m [36mstatus[0m=[35m200[0m [36murl[0m=[35m'https://news.google.com/rss/search?q=AIG+earnings+analysis&hl=en-US&gl=US&ceid=US:en'[0m
[2m2026-04-05T08:27:21.053468Z[0m [[32m[1minfo     [0m] [1mparsed                        [0m [36mchannel[0m=[35mgoogle_broad[0m [36mraw[0m=[35m56[0m
[2m2026-04-05T08:27:21.055129Z[0m [[32m[1minfo     [0m] [1mquality_filter                [0m [36minput[0m=[35m228[0m [36mpassed[0m=[35m4[0m
[2m2026-04-05T08:27:21.055782Z[0m [[32m[1minfo     [0m] [1mdedup                         [0m [36mafter[0m=[35m4[0m [36mbefore[0m=[35m4[0m
[2m2026-04-05T08:27:21.055954Z[0m [[32m[1minfo     [0m] [1mfulltext_selection            [0m [36mcandidates[0m=[35m0[0m [36mfiltered[0m=[35m4[0m [36mmode[0m=[35mhigh-value[0m [36mticker[0m=[35mAIG[0m
[2m2026-04-05T08:27:21.056763Z[0m [[32m[1minfo     [0m] [1mcrawling                      [0m [36mchannel[0m=[35mGoogle->Benzinga[0m [36mtag[0m=[35mgoogle_benzinga[0m
[2m2026-04-05T08:27:23.571507Z[0m [[32m[1minfo     [0m] [1mfetch                         [0m [36mstatus[0m=[35m200[0m [36murl[0m=[35m'https://news.google.com/rss/search?q=KR+site:benzinga.com&hl=en-US&gl=US&ceid=US:en'[0m
[2m2026-04-05T08:27:23.692659Z[0m [[32m[1minfo     [0m] [1mparsed                        [0m [36mchannel[0m=[35mgoogle_benzinga[0m [36mraw[0m=[35m77[0m
[2m2026-04-05T08:27:25.698833Z[0m [[32m[1minfo     [0m] [1mfetch                         [0m [36mstatus[0m=[35m200[0m [36murl[0m=[35m'https://news.google.com/rss/search?q=KR+site:benzinga.com&hl=en-US&gl=US&ceid=US:en'[0m
[2m2026-04-05T08:27:25.746079Z[0m [[32m[1minfo     [0m] [1mparsed                        [0m [36mchannel[0m=[35mgoogle_benzinga[0m [36mraw[0m=[35m77[0m
[2m2026-04-05T08:27:25.746270Z[0m [[32m[1minfo     [0m] [1mcrawling                      [0m [36mchannel[0m=[35m'Google News (all)'[0m [36mtag[0m=[35mgoogle_broad[0m
[2m2026-04-05T08:27:28.258883Z[0m [[32m[1minfo     [0m] [1mfetch                         [0m [36mstatus[0m=[35m200[0m [36murl[0m=[35m'https://news.google.com/rss/search?q=KR+stock+news&hl=en-US&gl=US&ceid=US:en'[0m
[2m2026-04-05T08:27:28.403045Z[0m [[32m[1minfo     [0m] [1mparsed                        [0m [36mchannel[0m=[35mgoogle_broad[0m [36mraw[0m=[35m100[0m
[2m2026-04-05T08:27:30.899144Z[0m [[32m[1minfo     [0m] [1mfetch                         [0m [36mstatus[0m=[35m200[0m [36murl[0m=[35m'https://news.google.com/rss/search?q=KR+earnings+analysis&hl=en-US&gl=US&ceid=US:en'[0m
[2m2026-04-05T08:27:31.011698Z[0m [[32m[1minfo     [0m] [1mparsed                        [0m [36mchannel[0m=[35mgoogle_broad[0m [36mraw[0m=[35m64[0m
[2m2026-04-05T08:27:31.013603Z[0m [[32m[1minfo     [0m] [1mquality_filter                [0m [36minput[0m=[35m318[0m [36mpassed[0m=[35m1[0m
[2m2026-04-05T08:27:31.013867Z[0m [[32m[1minfo     [0m] [1mdedup                         [0m [36mafter[0m=[35m1[0m [36mbefore[0m=[35m1[0m
[2m2026-04-05T08:27:31.013971Z[0m [[32m[1minfo     [0m] [1mfulltext_selection            [0m [36mcandidates[0m=[35m0[0m [36mfiltered[0m=[35m1[0m [36mmode[0m=[35mhigh-value[0m [36mticker[0m=[35mKR[0m
[2m2026-04-05T08:27:31.014743Z[0m [[32m[1minfo     [0m] [1mcrawling                      [0m [36mchannel[0m=[35mGoogle->Benzinga[0m [36mtag[0m=[35mgoogle_benzinga[0m
[2m2026-04-05T08:27:33.546401Z[0m [[32m[1minfo     [0m] [1mfetch                         [0m [36mstatus[0m=[35m200[0m [36murl[0m=[35m'https://news.google.com/rss/search?q=AMP+site:benzinga.com&hl=en-US&gl=US&ceid=US:en'[0m
[2m2026-04-05T08:27:33.680157Z[0m [[32m[1minfo     [0m] [1mparsed                        [0m [36mchannel[0m=[35mgoogle_benzinga[0m [36mraw[0m=[35m100[0m
[2m2026-04-05T08:27:35.685752Z[0m [[32m[1minfo     [0m] [1mfetch                         [0m [36mstatus[0m=[35m200[0m [36murl[0m=[35m'https://news.google.com/rss/search?q=AMP+site:benzinga.com&hl=en-US&gl=US&ceid=US:en'[0m
[2m2026-04-05T08:27:35.747253Z[0m [[32m[1minfo     [0m] [1mparsed                        [0m [36mchannel[0m=[35mgoogle_benzinga[0m [36mraw[0m=[35m100[0m
[2m2026-04-05T08:27:35.747424Z[0m [[32m[1minfo     [0m] [1mcrawling                      [0m [36mchannel[0m=[35m'Google News (all)'[0m [36mtag[0m=[35mgoogle_broad[0m
[2m2026-04-05T08:27:38.282649Z[0m [[32m[1minfo     [0m] [1mfetch                         [0m [36mstatus[0m=[35m200[0m [36murl[0m=[35m'https://news.google.com/rss/search?q=AMP+stock+news&hl=en-US&gl=US&ceid=US:en'[0m
[2m2026-04-05T08:27:38.370837Z[0m [[32m[1minfo     [0m] [1mparsed                        [0m [36mchannel[0m=[35mgoogle_broad[0m [36mraw[0m=[35m88[0m
[2m2026-04-05T08:27:40.865310Z[0m [[32m[1minfo     [0m] [1mfetch                         [0m [36mstatus[0m=[35m200[0m [36murl[0m=[35m'https://news.google.com/rss/search?q=AMP+earnings+analysis&hl=en-US&gl=US&ceid=US:en'[0m
[2m2026-04-05T08:27:40.946397Z[0m [[32m[1minfo     [0m] [1mparsed                        [0m [36mchannel[0m=[35mgoogle_broad[0m [36mraw[0m=[35m75[0m
[2m2026-04-05T08:27:40.947927Z[0m [[32m[1minfo     [0m] [1mquality_filter                [0m [36minput[0m=[35m363[0m [36mpassed[0m=[35m2[0m
[2m2026-04-05T08:27:40.948331Z[0m [[32m[1minfo     [0m] [1mdedup                         [0m [36mafter[0m=[35m1[0m [36mbefore[0m=[35m2[0m
[2m2026-04-05T08:27:40.948480Z[0m [[32m[1minfo     [0m] [1mfulltext_selection            [0m [36mcandidates[0m=[35m1[0m [36mfiltered[0m=[35m1[0m [36mmode[0m=[35mhigh-value[0m [36mticker[0m=[35mAMP[0m
[2m2026-04-05T08:27:43.877387Z[0m [[32m[1minfo     [0m] [1mfetch                         [0m [36mstatus[0m=[35m200[0m [36murl[0m=[35mhttps://intellectia.ai/en/stock/AMP/news[0m
[2m2026-04-05T08:27:44.488897Z[0m [[32m[1minfo     [0m] [1mcrawling                      [0m [36mchannel[0m=[35mGoogle->Benzinga[0m [36mtag[0m=[35mgoogle_benzinga[0m
[2m2026-04-05T08:27:47.063923Z[0m [[32m[1minfo     [0m] [1mfetch                         [0m [36mstatus[0m=[35m200[0m [36murl[0m=[35m'https://news.google.com/rss/search?q=DAL+site:benzinga.com&hl=en-US&gl=US&ceid=US:en'[0m
[2m2026-04-05T08:27:47.214681Z[0m [[32m[1minfo     [0m] [1mparsed                        [0m [36mchannel[0m=[35mgoogle_benzinga[0m [36mraw[0m=[35m100[0m
[2m2026-04-05T08:27:49.219389Z[0m [[32m[1minfo     [0m] [1mfetch                         [0m [36mstatus[0m=[35m200[0m [36murl[0m=[35m'https://news.google.com/rss/search?q=DAL+site:benzinga.com&hl=en-US&gl=US&ceid=US:en'[0m
[2m2026-04-05T08:27:49.279893Z[0m [[32m[1minfo     [0m] [1mparsed                        [0m [36mchannel[0m=[35mgoogle_benzinga[0m [36mraw[0m=[35m100[0m
[2m2026-04-05T08:27:49.280061Z[0m [[32m[1minfo     [0m] [1mcrawling                      [0m [36mchannel[0m=[35m'Google News (all)'[0m [36mtag[0m=[35mgoogle_broad[0m
[2m2026-04-05T08:27:51.890690Z[0m [[32m[1minfo     [0m] [1mfetch                         [0m [36mstatus[0m=[35m200[0m [36murl[0m=[35m'https://news.google.com/rss/search?q=DAL+stock+news&hl=en-US&gl=US&ceid=US:en'[0m
[2m2026-04-05T08:27:52.039350Z[0m [[32m[1minfo     [0m] [1mparsed                        [0m [36mchannel[0m=[35mgoogle_broad[0m [36mraw[0m=[35m100[0m
[2m2026-04-05T08:27:54.557355Z[0m [[32m[1minfo     [0m] [1mfetch                         [0m [36mstatus[0m=[35m200[0m [36murl[0m=[35m'https://news.google.com/rss/search?q=DAL+earnings+analysis&hl=en-US&gl=US&ceid=US:en'[0m
[2m2026-04-05T08:27:54.612874Z[0m [[32m[1minfo     [0m] [1mparsed                        [0m [36mchannel[0m=[35mgoogle_broad[0m [36mraw[0m=[35m58[0m
[2m2026-04-05T08:27:54.614651Z[0m [[32m[1minfo     [0m] [1mquality_filter                [0m [36minput[0m=[35m358[0m [36mpassed[0m=[35m4[0m
[2m2026-04-05T08:27:54.615279Z[0m [[32m[1minfo     [0m] [1mdedup                         [0m [36mafter[0m=[35m4[0m [36mbefore[0m=[35m4[0m
[2m2026-04-05T08:27:54.615436Z[0m [[32m[1minfo     [0m] [1mfulltext_selection            [0m [36mcandidates[0m=[35m1[0m [36mfiltered[0m=[35m4[0m [36mmode[0m=[35mhigh-value[0m [36mticker[0m=[35mDAL[0m
[2m2026-04-05T08:27:57.358068Z[0m [[32m[1minfo     [0m] [1mfetch                         [0m [36mstatus[0m=[35m200[0m [36murl[0m=[35mhttps://www.stocktitan.net/sec-filings/DAL/form-4-delta-air-lines-inc-insider-trading-acti[0m
[2m2026-04-05T08:27:57.573101Z[0m [[32m[1minfo     [0m] [1mcrawling                      [0m [36mchannel[0m=[35mGoogle->Benzinga[0m [36mtag[0m=[35mgoogle_benzinga[0m
[2m2026-04-05T08:28:00.031614Z[0m [[32m[1minfo     [0m] [1mfetch                         [0m [36mstatus[0m=[35m200[0m [36murl[0m=[35m'https://news.google.com/rss/search?q=KDP+site:benzinga.com&hl=en-US&gl=US&ceid=US:en'[0m
[2m2026-04-05T08:28:00.100914Z[0m [[32m[1minfo     [0m] [1mparsed                        [0m [36mchannel[0m=[35mgoogle_benzinga[0m [36mraw[0m=[35m23[0m
[2m2026-04-05T08:28:02.107491Z[0m [[32m[1minfo     [0m] [1mfetch                         [0m [36mstatus[0m=[35m200[0m [36murl[0m=[35m'https://news.google.com/rss/search?q=KDP+site:benzinga.com&hl=en-US&gl=US&ceid=US:en'[0m
[2m2026-04-05T08:28:02.299486Z[0m [[32m[1minfo     [0m] [1mparsed                        [0m [36mchannel[0m=[35mgoogle_benzinga[0m [36mraw[0m=[35m23[0m
[2m2026-04-05T08:28:02.299654Z[0m [[32m[1minfo     [0m] [1mcrawling                      [0m [36mchannel[0m=[35m'Google News (all)'[0m [36mtag[0m=[35mgoogle_broad[0m
[2m2026-04-05T08:28:04.809083Z[0m [[32m[1minfo     [0m] [1mfetch                         [0m [36mstatus[0m=[35m200[0m [36murl[0m=[35m'https://news.google.com/rss/search?q=KDP+stock+news&hl=en-US&gl=US&ceid=US:en'[0m
[2m2026-04-05T08:28:04.912456Z[0m [[32m[1minfo     [0m] [1mparsed                        [0m [36mchannel[0m=[35mgoogle_broad[0m [36mraw[0m=[35m100[0m
[2m2026-04-05T08:28:07.395663Z[0m [[32m[1minfo     [0m] [1mfetch                         [0m [36mstatus[0m=[35m200[0m [36murl[0m=[35m'https://news.google.com/rss/search?q=KDP+earnings+analysis&hl=en-US&gl=US&ceid=US:en'[0m
[2m2026-04-05T08:28:07.433382Z[0m [[32m[1minfo     [0m] [1mparsed                        [0m [36mchannel[0m=[35mgoogle_broad[0m [36mraw[0m=[35m47[0m
[2m2026-04-05T08:28:07.435088Z[0m [[32m[1minfo     [0m] [1mquality_filter                [0m [36minput[0m=[35m193[0m [36mpassed[0m=[35m5[0m
[2m2026-04-05T08:28:07.435693Z[0m [[32m[1minfo     [0m] [1mdedup                         [0m [36mafter[0m=[35m4[0m [36mbefore[0m=[35m5[0m
[2m2026-04-05T08:28:07.435822Z[0m [[32m[1minfo     [0m] [1mfulltext_selection            [0m [36mcandidates[0m=[35m2[0m [36mfiltered[0m=[35m4[0m [36mmode[0m=[35mhigh-value[0m [36mticker[0m=[35mKDP[0m
[2m2026-04-05T08:28:09.371448Z[0m [[32m[1minfo     [0m] [1mfetch                         [0m [36mstatus[0m=[35m200[0m [36murl[0m=[35mhttps://www.msn.com/en-us/money/topstocks/keurig-dr-pepper-kdp-down-125-since-last-earning[0m
[2m2026-04-05T08:28:10.454730Z[0m [[32m[1minfo     [0m] [1mfetch                         [0m [36mstatus[0m=[35m200[0m [36murl[0m=[35mhttps://intellectia.ai/en/stock/KDP/news[0m
[2m2026-04-05T08:28:11.070422Z[0m [[32m[1minfo     [0m] [1mcrawling                      [0m [36mchannel[0m=[35mGoogle->Benzinga[0m [36mtag[0m=[35mgoogle_benzinga[0m
[2m2026-04-05T08:28:13.443135Z[0m [[32m[1minfo     [0m] [1mfetch                         [0m [36mstatus[0m=[35m200[0m [36murl[0m=[35m'https://news.google.com/rss/search?q=VTR+site:benzinga.com&hl=en-US&gl=US&ceid=US:en'[0m
[2m2026-04-05T08:28:13.451391Z[0m [[32m[1minfo     [0m] [1mparsed                        [0m [36mchannel[0m=[35mgoogle_benzinga[0m [36mraw[0m=[35m11[0m
[2m2026-04-05T08:28:15.459942Z[0m [[32m[1minfo     [0m] [1mfetch                         [0m [36mstatus[0m=[35m200[0m [36murl[0m=[35m'https://news.google.com/rss/search?q=VTR+site:benzinga.com&hl=en-US&gl=US&ceid=US:en'[0m
[2m2026-04-05T08:28:15.468518Z[0m [[32m[1minfo     [0m] [1mparsed                        [0m [36mchannel[0m=[35mgoogle_benzinga[0m [36mraw[0m=[35m11[0m
[2m2026-04-05T08:28:15.468697Z[0m [[32m[1minfo     [0m] [1mcrawling                      [0m [36mchannel[0m=[35m'Google News (all)'[0m [36mtag[0m=[35mgoogle_broad[0m
[2m2026-04-05T08:28:17.926792Z[0m [[32m[1minfo     [0m] [1mfetch                         [0m [36mstatus[0m=[35m200[0m [36murl[0m=[35m'https://news.google.com/rss/search?q=VTR+stock+news&hl=en-US&gl=US&ceid=US:en'[0m
[2m2026-04-05T08:28:17.949525Z[0m [[32m[1minfo     [0m] [1mparsed                        [0m [36mchannel[0m=[35mgoogle_broad[0m [36mraw[0m=[35m35[0m
[2m2026-04-05T08:28:20.363455Z[0m [[32m[1minfo     [0m] [1mfetch                         [0m [36mstatus[0m=[35m200[0m [36murl[0m=[35m'https://news.google.com/rss/search?q=VTR+earnings+analysis&hl=en-US&gl=US&ceid=US:en'[0m
[2m2026-04-05T08:28:20.387003Z[0m [[32m[1minfo     [0m] [1mparsed                        [0m [36mchannel[0m=[35mgoogle_broad[0m [36mraw[0m=[35m36[0m
[2m2026-04-05T08:28:20.388505Z[0m [[32m[1minfo     [0m] [1mquality_filter                [0m [36minput[0m=[35m93[0m [36mpassed[0m=[35m4[0m
[2m2026-04-05T08:28:20.389108Z[0m [[32m[1minfo     [0m] [1mdedup                         [0m [36mafter[0m=[35m4[0m [36mbefore[0m=[35m4[0m
[2m2026-04-05T08:28:20.389273Z[0m [[32m[1minfo     [0m] [1mfulltext_selection            [0m [36mcandidates[0m=[35m0[0m [36mfiltered[0m=[35m4[0m [36mmode[0m=[35mhigh-value[0m [36mticker[0m=[35mVTR[0m
[2m2026-04-05T08:28:20.389976Z[0m [[32m[1minfo     [0m] [1mcrawling                      [0m [36mchannel[0m=[35mGoogle->Benzinga[0m [36mtag[0m=[35mgoogle_benzinga[0m
[2m2026-04-05T08:28:22.978744Z[0m [[32m[1minfo     [0m] [1mfetch                         [0m [36mstatus[0m=[35m200[0m [36murl[0m=[35m'https://news.google.com/rss/search?q=EBAY+site:benzinga.com&hl=en-US&gl=US&ceid=US:en'[0m
[2m2026-04-05T08:28:23.112128Z[0m [[32m[1minfo     [0m] [1mparsed                        [0m [36mchannel[0m=[35mgoogle_benzinga[0m [36mraw[0m=[35m100[0m
[2m2026-04-05T08:28:25.117744Z[0m [[32m[1minfo     [0m] [1mfetch                         [0m [36mstatus[0m=[35m200[0m [36murl[0m=[35m'https://news.google.com/rss/search?q=EBAY+site:benzinga.com&hl=en-US&gl=US&ceid=US:en'[0m
[2m2026-04-05T08:28:25.178414Z[0m [[32m[1minfo     [0m] [1mparsed                        [0m [36mchannel[0m=[35mgoogle_benzinga[0m [36mraw[0m=[35m100[0m
[2m2026-04-05T08:28:25.178576Z[0m [[32m[1minfo     [0m] [1mcrawling                      [0m [36mchannel[0m=[35m'Google News (all)'[0m [36mtag[0m=[35mgoogle_broad[0m
[2m2026-04-05T08:28:27.684714Z[0m [[32m[1minfo     [0m] [1mfetch                         [0m [36mstatus[0m=[35m200[0m [36murl[0m=[35m'https://news.google.com/rss/search?q=EBAY+stock+news&hl=en-US&gl=US&ceid=US:en'[0m
[2m2026-04-05T08:28:27.828750Z[0m [[32m[1minfo     [0m] [1mparsed                        [0m [36mchannel[0m=[35mgoogle_broad[0m [36mraw[0m=[35m100[0m
[2m2026-04-05T08:28:30.372438Z[0m [[32m[1minfo     [0m] [1mfetch                         [0m [36mstatus[0m=[35m200[0m [36murl[0m=[35m'https://news.google.com/rss/search?q=EBAY+earnings+analysis&hl=en-US&gl=US&ceid=US:en'[0m
[2m2026-04-05T08:28:30.432339Z[0m [[32m[1minfo     [0m] [1mparsed                        [0m [36mchannel[0m=[35mgoogle_broad[0m [36mraw[0m=[35m66[0m
[2m2026-04-05T08:28:30.434734Z[0m [[32m[1minfo     [0m] [1mquality_filter                [0m [36minput[0m=[35m366[0m [36mpassed[0m=[35m9[0m
[2m2026-04-05T08:28:30.436011Z[0m [[32m[1minfo     [0m] [1mdedup                         [0m [36mafter[0m=[35m9[0m [36mbefore[0m=[35m9[0m
[2m2026-04-05T08:28:30.436232Z[0m [[32m[1minfo     [0m] [1mfulltext_selection            [0m [36mcandidates[0m=[35m5[0m [36mfiltered[0m=[35m9[0m [36mmode[0m=[35mhigh-value[0m [36mticker[0m=[35mEBAY[0m
[2m2026-04-05T08:28:32.559437Z[0m [[32m[1minfo     [0m] [1mfetch                         [0m [36mstatus[0m=[35m200[0m [36murl[0m=[35mhttps://www.stocktitan.net/sec-filings/EBAY/form-4-ebay-inc-insider-trading-activity-1cd5e[0m
[2m2026-04-05T08:28:32.697936Z[0m [[32m[1minfo     [0m] [1mfetch                         [0m [36mstatus[0m=[35m200[0m [36murl[0m=[35mhttps://www.marketbeat.com/instant-alerts/filing-aberdeen-group-plc-trims-stock-position-i[0m
[2m2026-04-05T08:28:32.919621Z[0m [[32m[1minfo     [0m] [1mfetch                         [0m [36mstatus[0m=[35m429[0m [36murl[0m=[35mhttps://www.stocktitan.net/sec-filings/EBAY/form-4-ebay-inc-insider-trading-activity-54a35[0m
[2m2026-04-05T08:28:32.970486Z[0m [[32m[1minfo     [0m] [1mfetch                         [0m [36mstatus[0m=[35m429[0m [36murl[0m=[35mhttps://www.stocktitan.net/sec-filings/EBAY/form-4-ebay-inc-insider-trading-activity-2cdeb[0m
[2m2026-04-05T08:28:33.036122Z[0m [[32m[1minfo     [0m] [1mfetch                         [0m [36mstatus[0m=[35m200[0m [36murl[0m=[35mhttps://www.stocktitan.net/sec-filings/EBAY/form-4-ebay-inc-insider-trading-activity-c3146[0m
[2m2026-04-05T08:28:33.264823Z[0m [[32m[1minfo     [0m] [1mcrawling                      [0m [36mchannel[0m=[35mGoogle->Benzinga[0m [36mtag[0m=[35mgoogle_benzinga[0m
[2m2026-04-05T08:28:35.638755Z[0m [[32m[1minfo     [0m] [1mfetch                         [0m [36mstatus[0m=[35m200[0m [36murl[0m=[35m'https://news.google.com/rss/search?q=ED+consolidated+edison+site:benzinga.com&hl=en-US&gl='[0m
[2m2026-04-05T08:28:35.648647Z[0m [[32m[1minfo     [0m] [1mparsed                        [0m [36mchannel[0m=[35mgoogle_benzinga[0m [36mraw[0m=[35m7[0m
[2m2026-04-05T08:28:37.935858Z[0m [[32m[1minfo     [0m] [1mfetch                         [0m [36mstatus[0m=[35m200[0m [36murl[0m=[35m'https://news.google.com/rss/search?q=consolidated+edison+site:benzinga.com&hl=en-US&gl=US&'[0m
[2m2026-04-05T08:28:37.950070Z[0m [[32m[1minfo     [0m] [1mparsed                        [0m [36mchannel[0m=[35mgoogle_benzinga[0m [36mraw[0m=[35m21[0m
[2m2026-04-05T08:28:37.950250Z[0m [[32m[1minfo     [0m] [1mcrawling                      [0m [36mchannel[0m=[35m'Google News (all)'[0m [36mtag[0m=[35mgoogle_broad[0m
[2m2026-04-05T08:28:40.478318Z[0m [[32m[1minfo     [0m] [1mfetch                         [0m [36mstatus[0m=[35m200[0m [36murl[0m=[35m'https://news.google.com/rss/search?q=ED+consolidated+edison+stock+news&hl=en-US&gl=US&ceid'[0m
[2m2026-04-05T08:28:40.630890Z[0m [[32m[1minfo     [0m] [1mparsed                        [0m [36mchannel[0m=[35mgoogle_broad[0m [36mraw[0m=[35m100[0m
[2m2026-04-05T08:28:43.041738Z[0m [[32m[1minfo     [0m] [1mfetch                         [0m [36mstatus[0m=[35m200[0m [36murl[0m=[35m'https://news.google.com/rss/search?q=ED+consolidated+edison+earnings+analysis&hl=en-US&gl='[0m
[2m2026-04-05T08:28:43.075575Z[0m [[32m[1minfo     [0m] [1mparsed                        [0m [36mchannel[0m=[35mgoogle_broad[0m [36mraw[0m=[35m39[0m
[2m2026-04-05T08:28:43.077568Z[0m [[32m[1minfo     [0m] [1mquality_filter                [0m [36minput[0m=[35m167[0m [36mpassed[0m=[35m1[0m
[2m2026-04-05T08:28:43.077858Z[0m [[32m[1minfo     [0m] [1mdedup                         [0m [36mafter[0m=[35m1[0m [36mbefore[0m=[35m1[0m
[2m2026-04-05T08:28:43.077974Z[0m [[32m[1minfo     [0m] [1mfulltext_selection            [0m [36mcandidates[0m=[35m1[0m [36mfiltered[0m=[35m1[0m [36mmode[0m=[35mhigh-value[0m [36mticker[0m=[35mED[0m
[2m2026-04-05T08:28:45.118744Z[0m [[32m[1minfo     [0m] [1mfetch                         [0m [36mstatus[0m=[35m200[0m [36murl[0m=[35mhttps://www.marketbeat.com/instant-alerts/consolidated-edison-inc-nyseed-receives-consensu[0m
[2m2026-04-05T08:28:45.377716Z[0m [[32m[1minfo     [0m] [1mcrawling                      [0m [36mchannel[0m=[35mGoogle->Benzinga[0m [36mtag[0m=[35mgoogle_benzinga[0m
[2m2026-04-05T08:28:47.848177Z[0m [[32m[1minfo     [0m] [1mfetch                         [0m [36mstatus[0m=[35m200[0m [36murl[0m=[35m'https://news.google.com/rss/search?q=EL+estee+lauder+site:benzinga.com&hl=en-US&gl=US&ceid'[0m
[2m2026-04-05T08:28:47.895147Z[0m [[32m[1minfo     [0m] [1mparsed                        [0m [36mchannel[0m=[35mgoogle_benzinga[0m [36mraw[0m=[35m53[0m
[2m2026-04-05T08:28:50.298068Z[0m [[32m[1minfo     [0m] [1mfetch                         [0m [36mstatus[0m=[35m200[0m [36murl[0m=[35m'https://news.google.com/rss/search?q=estee+lauder+site:benzinga.com&hl=en-US&gl=US&ceid=US'[0m
[2m2026-04-05T08:28:50.431595Z[0m [[32m[1minfo     [0m] [1mparsed                        [0m [36mchannel[0m=[35mgoogle_benzinga[0m [36mraw[0m=[35m83[0m
[2m2026-04-05T08:28:50.431764Z[0m [[32m[1minfo     [0m] [1mcrawling                      [0m [36mchannel[0m=[35m'Google News (all)'[0m [36mtag[0m=[35mgoogle_broad[0m
[2m2026-04-05T08:28:53.029601Z[0m [[32m[1minfo     [0m] [1mfetch                         [0m [36mstatus[0m=[35m200[0m [36murl[0m=[35m'https://news.google.com/rss/search?q=EL+estee+lauder+stock+news&hl=en-US&gl=US&ceid=US:en'[0m
[2m2026-04-05T08:28:53.176527Z[0m [[32m[1minfo     [0m] [1mparsed                        [0m [36mchannel[0m=[35mgoogle_broad[0m [36mraw[0m=[35m100[0m
[2m2026-04-05T08:28:55.635009Z[0m [[32m[1minfo     [0m] [1mfetch                         [0m [36mstatus[0m=[35m200[0m [36murl[0m=[35m'https://news.google.com/rss/search?q=EL+estee+lauder+earnings+analysis&hl=en-US&gl=US&ceid'[0m
[2m2026-04-05T08:28:55.694626Z[0m [[32m[1minfo     [0m] [1mparsed                        [0m [36mchannel[0m=[35mgoogle_broad[0m [36mraw[0m=[35m57[0m
[2m2026-04-05T08:28:55.696709Z[0m [[32m[1minfo     [0m] [1mquality_filter                [0m [36minput[0m=[35m293[0m [36mpassed[0m=[35m1[0m
[2m2026-04-05T08:28:55.697005Z[0m [[32m[1minfo     [0m] [1mdedup                         [0m [36mafter[0m=[35m1[0m [36mbefore[0m=[35m1[0m
[2m2026-04-05T08:28:55.697101Z[0m [[32m[1minfo     [0m] [1mfulltext_selection            [0m [36mcandidates[0m=[35m1[0m [36mfiltered[0m=[35m1[0m [36mmode[0m=[35mhigh-value[0m [36mticker[0m=[35mEL[0m
[2m2026-04-05T08:28:57.750415Z[0m [[32m[1minfo     [0m] [1mfetch                         [0m [36mstatus[0m=[35m200[0m [36murl[0m=[35mhttps://www.marketbeat.com/instant-alerts/estee-lauder-companies-nyseel-rating-lowered-to-[0m
[2m2026-04-05T08:28:58.091956Z[0m [[32m[1minfo     [0m] [1mcrawling                      [0m [36mchannel[0m=[35mGoogle->Benzinga[0m [36mtag[0m=[35mgoogle_benzinga[0m
[2m2026-04-05T08:29:00.506943Z[0m [[32m[1minfo     [0m] [1mfetch                         [0m [36mstatus[0m=[35m200[0m [36murl[0m=[35m'https://news.google.com/rss/search?q=TTWO+site:benzinga.com&hl=en-US&gl=US&ceid=US:en'[0m
[2m2026-04-05T08:29:00.527014Z[0m [[32m[1minfo     [0m] [1mparsed                        [0m [36mchannel[0m=[35mgoogle_benzinga[0m [36mraw[0m=[35m30[0m
[2m2026-04-05T08:29:02.533201Z[0m [[32m[1minfo     [0m] [1mfetch                         [0m [36mstatus[0m=[35m200[0m [36murl[0m=[35m'https://news.google.com/rss/search?q=TTWO+site:benzinga.com&hl=en-US&gl=US&ceid=US:en'[0m
[2m2026-04-05T08:29:02.556311Z[0m [[32m[1minfo     [0m] [1mparsed                        [0m [36mchannel[0m=[35mgoogle_benzinga[0m [36mraw[0m=[35m30[0m
[2m2026-04-05T08:29:02.556474Z[0m [[32m[1minfo     [0m] [1mcrawling                      [0m [36mchannel[0m=[35m'Google News (all)'[0m [36mtag[0m=[35mgoogle_broad[0m
[2m2026-04-05T08:29:05.051706Z[0m [[32m[1minfo     [0m] [1mfetch                         [0m [36mstatus[0m=[35m200[0m [36murl[0m=[35m'https://news.google.com/rss/search?q=TTWO+stock+news&hl=en-US&gl=US&ceid=US:en'[0m
[2m2026-04-05T08:29:05.187538Z[0m [[32m[1minfo     [0m] [1mparsed                        [0m [36mchannel[0m=[35mgoogle_broad[0m [36mraw[0m=[35m100[0m
[2m2026-04-05T08:29:07.704883Z[0m [[32m[1minfo     [0m] [1mfetch                         [0m [36mstatus[0m=[35m200[0m [36murl[0m=[35m'https://news.google.com/rss/search?q=TTWO+earnings+analysis&hl=en-US&gl=US&ceid=US:en'[0m
[2m2026-04-05T08:29:07.843687Z[0m [[32m[1minfo     [0m] [1mparsed                        [0m [36mchannel[0m=[35mgoogle_broad[0m [36mraw[0m=[35m92[0m
[2m2026-04-05T08:29:07.845465Z[0m [[32m[1minfo     [0m] [1mquality_filter                [0m [36minput[0m=[35m252[0m [36mpassed[0m=[35m4[0m
[2m2026-04-05T08:29:07.846020Z[0m [[32m[1minfo     [0m] [1mdedup                         [0m [36mafter[0m=[35m2[0m [36mbefore[0m=[35m4[0m
[2m2026-04-05T08:29:07.846137Z[0m [[32m[1minfo     [0m] [1mfulltext_selection            [0m [36mcandidates[0m=[35m1[0m [36mfiltered[0m=[35m2[0m [36mmode[0m=[35mhigh-value[0m [36mticker[0m=[35mTTWO[0m
[2m2026-04-05T08:29:10.632263Z[0m [[32m[1minfo     [0m] [1mfetch                         [0m [36mstatus[0m=[35m200[0m [36murl[0m=[35mhttps://intellectia.ai/en/stock/TTWO/earnings[0m
[2m2026-04-05T08:29:11.241938Z[0m [[32m[1minfo     [0m] [1mcrawling                      [0m [36mchannel[0m=[35mGoogle->Benzinga[0m [36mtag[0m=[35mgoogle_benzinga[0m
[2m2026-04-05T08:29:13.747721Z[0m [[32m[1minfo     [0m] [1mfetch                         [0m [36mstatus[0m=[35m200[0m [36murl[0m=[35m'https://news.google.com/rss/search?q=CCI+site:benzinga.com&hl=en-US&gl=US&ceid=US:en'[0m
[2m2026-04-05T08:29:13.806826Z[0m [[32m[1minfo     [0m] [1mparsed                        [0m [36mchannel[0m=[35mgoogle_benzinga[0m [36mraw[0m=[35m63[0m
[2m2026-04-05T08:29:15.812827Z[0m [[32m[1minfo     [0m] [1mfetch                         [0m [36mstatus[0m=[35m200[0m [36murl[0m=[35m'https://news.google.com/rss/search?q=CCI+site:benzinga.com&hl=en-US&gl=US&ceid=US:en'[0m
[2m2026-04-05T08:29:15.850748Z[0m [[32m[1minfo     [0m] [1mparsed                        [0m [36mchannel[0m=[35mgoogle_benzinga[0m [36mraw[0m=[35m63[0m
[2m2026-04-05T08:29:15.850913Z[0m [[32m[1minfo     [0m] [1mcrawling                      [0m [36mchannel[0m=[35m'Google News (all)'[0m [36mtag[0m=[35mgoogle_broad[0m
[2m2026-04-05T08:29:18.450146Z[0m [[32m[1minfo     [0m] [1mfetch                         [0m [36mstatus[0m=[35m200[0m [36murl[0m=[35m'https://news.google.com/rss/search?q=CCI+stock+news&hl=en-US&gl=US&ceid=US:en'[0m
[2m2026-04-05T08:29:18.602565Z[0m [[32m[1minfo     [0m] [1mparsed                        [0m [36mchannel[0m=[35mgoogle_broad[0m [36mraw[0m=[35m100[0m
[2m2026-04-05T08:29:21.108915Z[0m [[32m[1minfo     [0m] [1mfetch                         [0m [36mstatus[0m=[35m200[0m [36murl[0m=[35m'https://news.google.com/rss/search?q=CCI+earnings+analysis&hl=en-US&gl=US&ceid=US:en'[0m
[2m2026-04-05T08:29:21.166373Z[0m [[32m[1minfo     [0m] [1mparsed                        [0m [36mchannel[0m=[35mgoogle_broad[0m [36mraw[0m=[35m61[0m
[2m2026-04-05T08:29:21.167838Z[0m [[32m[1minfo     [0m] [1mquality_filter                [0m [36minput[0m=[35m287[0m [36mpassed[0m=[35m2[0m
[2m2026-04-05T08:29:21.168195Z[0m [[32m[1minfo     [0m] [1mdedup                         [0m [36mafter[0m=[35m2[0m [36mbefore[0m=[35m2[0m
[2m2026-04-05T08:29:21.168352Z[0m [[32m[1minfo     [0m] [1mfulltext_selection            [0m [36mcandidates[0m=[35m0[0m [36mfiltered[0m=[35m2[0m [36mmode[0m=[35mhigh-value[0m [36mticker[0m=[35mCCI[0m
[2m2026-04-05T08:29:21.169110Z[0m [[32m[1minfo     [0m] [1mcrawling                      [0m [36mchannel[0m=[35mGoogle->Benzinga[0m [36mtag[0m=[35mgoogle_benzinga[0m
[2m2026-04-05T08:29:23.627720Z[0m [[32m[1minfo     [0m] [1mfetch                         [0m [36mstatus[0m=[35m200[0m [36murl[0m=[35m'https://news.google.com/rss/search?q=HIG+site:benzinga.com&hl=en-US&gl=US&ceid=US:en'[0m
[2m2026-04-05T08:29:23.645105Z[0m [[32m[1minfo     [0m] [1mparsed                        [0m [36mchannel[0m=[35mgoogle_benzinga[0m [36mraw[0m=[35m27[0m
[2m2026-04-05T08:29:25.650511Z[0m [[32m[1minfo     [0m] [1mfetch                         [0m [36mstatus[0m=[35m200[0m [36murl[0m=[35m'https://news.google.com/rss/search?q=HIG+site:benzinga.com&hl=en-US&gl=US&ceid=US:en'[0m
[2m2026-04-05T08:29:25.668029Z[0m [[32m[1minfo     [0m] [1mparsed                        [0m [36mchannel[0m=[35mgoogle_benzinga[0m [36mraw[0m=[35m27[0m
[2m2026-04-05T08:29:25.668190Z[0m [[32m[1minfo     [0m] [1mcrawling                      [0m [36mchannel[0m=[35m'Google News (all)'[0m [36mtag[0m=[35mgoogle_broad[0m
[2m2026-04-05T08:29:28.129387Z[0m [[32m[1minfo     [0m] [1mfetch                         [0m [36mstatus[0m=[35m200[0m [36murl[0m=[35m'https://news.google.com/rss/search?q=HIG+stock+news&hl=en-US&gl=US&ceid=US:en'[0m
[2m2026-04-05T08:29:28.248006Z[0m [[32m[1minfo     [0m] [1mparsed                        [0m [36mchannel[0m=[35mgoogle_broad[0m [36mraw[0m=[35m74[0m
[2m2026-04-05T08:29:30.782097Z[0m [[32m[1minfo     [0m] [1mfetch                         [0m [36mstatus[0m=[35m200[0m [36murl[0m=[35m'https://news.google.com/rss/search?q=HIG+earnings+analysis&hl=en-US&gl=US&ceid=US:en'[0m
[2m2026-04-05T08:29:30.895141Z[0m [[32m[1minfo     [0m] [1mparsed                        [0m [36mchannel[0m=[35mgoogle_broad[0m [36mraw[0m=[35m65[0m
[2m2026-04-05T08:29:30.896351Z[0m [[32m[1minfo     [0m] [1mquality_filter                [0m [36minput[0m=[35m193[0m [36mpassed[0m=[35m1[0m
[2m2026-04-05T08:29:30.896670Z[0m [[32m[1minfo     [0m] [1mdedup                         [0m [36mafter[0m=[35m1[0m [36mbefore[0m=[35m1[0m
[2m2026-04-05T08:29:30.896800Z[0m [[32m[1minfo     [0m] [1mfulltext_selection            [0m [36mcandidates[0m=[35m1[0m [36mfiltered[0m=[35m1[0m [36mmode[0m=[35mhigh-value[0m [36mticker[0m=[35mHIG[0m
[2m2026-04-05T08:29:33.625846Z[0m [[32m[1minfo     [0m] [1mfetch                         [0m [36mstatus[0m=[35m200[0m [36murl[0m=[35mhttps://intellectia.ai/en/stock/HIG/earnings[0m
[2m2026-04-05T08:29:34.235030Z[0m [[32m[1minfo     [0m] [1mcrawling                      [0m [36mchannel[0m=[35mGoogle->Benzinga[0m [36mtag[0m=[35mgoogle_benzinga[0m
[2m2026-04-05T08:29:36.673929Z[0m [[32m[1minfo     [0m] [1mfetch                         [0m [36mstatus[0m=[35m200[0m [36murl[0m=[35m'https://news.google.com/rss/search?q=GEHC+site:benzinga.com&hl=en-US&gl=US&ceid=US:en'[0m
[2m2026-04-05T08:29:36.692715Z[0m [[32m[1minfo     [0m] [1mparsed                        [0m [36mchannel[0m=[35mgoogle_benzinga[0m [36mraw[0m=[35m27[0m
[2m2026-04-05T08:29:38.698303Z[0m [[32m[1minfo     [0m] [1mfetch                         [0m [36mstatus[0m=[35m200[0m [36murl[0m=[35m'https://news.google.com/rss/search?q=GEHC+site:benzinga.com&hl=en-US&gl=US&ceid=US:en'[0m
[2m2026-04-05T08:29:38.715923Z[0m [[32m[1minfo     [0m] [1mparsed                        [0m [36mchannel[0m=[35mgoogle_benzinga[0m [36mraw[0m=[35m27[0m
[2m2026-04-05T08:29:38.716083Z[0m [[32m[1minfo     [0m] [1mcrawling                      [0m [36mchannel[0m=[35m'Google News (all)'[0m [36mtag[0m=[35mgoogle_broad[0m
[2m2026-04-05T08:29:41.494052Z[0m [[32m[1minfo     [0m] [1mfetch                         [0m [36mstatus[0m=[35m200[0m [36murl[0m=[35m'https://news.google.com/rss/search?q=GEHC+stock+news&hl=en-US&gl=US&ceid=US:en'[0m
[2m2026-04-05T08:29:41.645941Z[0m [[32m[1minfo     [0m] [1mparsed                        [0m [36mchannel[0m=[35mgoogle_broad[0m [36mraw[0m=[35m100[0m
[2m2026-04-05T08:29:44.085120Z[0m [[32m[1minfo     [0m] [1mfetch                         [0m [36mstatus[0m=[35m200[0m [36murl[0m=[35m'https://news.google.com/rss/search?q=GEHC+earnings+analysis&hl=en-US&gl=US&ceid=US:en'[0m
[2m2026-04-05T08:29:44.131670Z[0m [[32m[1minfo     [0m] [1mparsed                        [0m [36mchannel[0m=[35mgoogle_broad[0m [36mraw[0m=[35m51[0m
[2m2026-04-05T08:29:44.133003Z[0m [[32m[1minfo     [0m] [1mquality_filter                [0m [36minput[0m=[35m205[0m [36mpassed[0m=[35m1[0m
[2m2026-04-05T08:29:44.133337Z[0m [[32m[1minfo     [0m] [1mdedup                         [0m [36mafter[0m=[35m1[0m [36mbefore[0m=[35m1[0m
[2m2026-04-05T08:29:44.133460Z[0m [[32m[1minfo     [0m] [1mfulltext_selection            [0m [36mcandidates[0m=[35m1[0m [36mfiltered[0m=[35m1[0m [36mmode[0m=[35mhigh-value[0m [36mticker[0m=[35mGEHC[0m
[2m2026-04-05T08:29:46.175733Z[0m [[32m[1minfo     [0m] [1mfetch                         [0m [36mstatus[0m=[35m200[0m [36murl[0m=[35mhttps://www.marketbeat.com/instant-alerts/filing-perpetual-ltd-buys-shares-of-459112-ge-he[0m
[2m2026-04-05T08:29:46.520347Z[0m [[32m[1minfo     [0m] [1mcrawling                      [0m [36mchannel[0m=[35mGoogle->Benzinga[0m [36mtag[0m=[35mgoogle_benzinga[0m
[2m2026-04-05T08:29:48.970373Z[0m [[32m[1minfo     [0m] [1mfetch                         [0m [36mstatus[0m=[35m200[0m [36murl[0m=[35m'https://news.google.com/rss/search?q=LVS+site:benzinga.com&hl=en-US&gl=US&ceid=US:en'[0m
[2m2026-04-05T08:29:49.024164Z[0m [[32m[1minfo     [0m] [1mparsed                        [0m [36mchannel[0m=[35mgoogle_benzinga[0m [36mraw[0m=[35m56[0m
[2m2026-04-05T08:29:51.029625Z[0m [[32m[1minfo     [0m] [1mfetch                         [0m [36mstatus[0m=[35m200[0m [36murl[0m=[35m'https://news.google.com/rss/search?q=LVS+site:benzinga.com&hl=en-US&gl=US&ceid=US:en'[0m
[2m2026-04-05T08:29:51.063810Z[0m [[32m[1minfo     [0m] [1mparsed                        [0m [36mchannel[0m=[35mgoogle_benzinga[0m [36mraw[0m=[35m56[0m
[2m2026-04-05T08:29:51.063973Z[0m [[32m[1minfo     [0m] [1mcrawling                      [0m [36mchannel[0m=[35m'Google News (all)'[0m [36mtag[0m=[35mgoogle_broad[0m
[2m2026-04-05T08:29:53.569694Z[0m [[32m[1minfo     [0m] [1mfetch                         [0m [36mstatus[0m=[35m200[0m [36murl[0m=[35m'https://news.google.com/rss/search?q=LVS+stock+news&hl=en-US&gl=US&ceid=US:en'[0m
[2m2026-04-05T08:29:53.715106Z[0m [[32m[1minfo     [0m] [1mparsed                        [0m [36mchannel[0m=[35mgoogle_broad[0m [36mraw[0m=[35m100[0m
[2m2026-04-05T08:29:56.179312Z[0m [[32m[1minfo     [0m] [1mfetch                         [0m [36mstatus[0m=[35m200[0m [36murl[0m=[35m'https://news.google.com/rss/search?q=LVS+earnings+analysis&hl=en-US&gl=US&ceid=US:en'[0m
[2m2026-04-05T08:29:56.221720Z[0m [[32m[1minfo     [0m] [1mparsed                        [0m [36mchannel[0m=[35mgoogle_broad[0m [36mraw[0m=[35m46[0m
[2m2026-04-05T08:29:56.223290Z[0m [[32m[1minfo     [0m] [1mquality_filter                [0m [36minput[0m=[35m258[0m [36mpassed[0m=[35m3[0m
[2m2026-04-05T08:29:56.223822Z[0m [[32m[1minfo     [0m] [1mdedup                         [0m [36mafter[0m=[35m3[0m [36mbefore[0m=[35m3[0m
[2m2026-04-05T08:29:56.223954Z[0m [[32m[1minfo     [0m] [1mfulltext_selection            [0m [36mcandidates[0m=[35m1[0m [36mfiltered[0m=[35m3[0m [36mmode[0m=[35mhigh-value[0m [36mticker[0m=[35mLVS[0m
[2m2026-04-05T08:30:00.023084Z[0m [[31m[1merror    [0m] [1mfetch_error                   [0m [36merror[0m=[35m'400, message=\'Got more than 8190 bytes when reading: b"connect-src \\\'self\\\' wss:'[0m [36murl[0m=[35mhttps://finance.yahoo.com/markets/stocks/articles/las-vegas-sands-lvs-[0m
[2m2026-04-05T08:30:00.229088Z[0m [[32m[1minfo     [0m] [1mcrawling                      [0m [36mchannel[0m=[35mGoogle->Benzinga[0m [36mtag[0m=[35mgoogle_benzinga[0m
[2m2026-04-05T08:30:02.722797Z[0m [[32m[1minfo     [0m] [1mfetch                         [0m [36mstatus[0m=[35m200[0m [36murl[0m=[35m'https://news.google.com/rss/search?q=LYV+site:benzinga.com&hl=en-US&gl=US&ceid=US:en'[0m
[2m2026-04-05T08:30:03.020175Z[0m [[32m[1minfo     [0m] [1mparsed                        [0m [36mchannel[0m=[35mgoogle_benzinga[0m [36mraw[0m=[35m43[0m
[2m2026-04-05T08:30:05.028654Z[0m [[32m[1minfo     [0m] [1mfetch                         [0m [36mstatus[0m=[35m200[0m [36murl[0m=[35m'https://news.google.com/rss/search?q=LYV+site:benzinga.com&hl=en-US&gl=US&ceid=US:en'[0m
[2m2026-04-05T08:30:05.085905Z[0m [[32m[1minfo     [0m] [1mparsed                        [0m [36mchannel[0m=[35mgoogle_benzinga[0m [36mraw[0m=[35m43[0m
[2m2026-04-05T08:30:05.086087Z[0m [[32m[1minfo     [0m] [1mcrawling                      [0m [36mchannel[0m=[35m'Google News (all)'[0m [36mtag[0m=[35mgoogle_broad[0m
[2m2026-04-05T08:30:07.497724Z[0m [[32m[1minfo     [0m] [1mfetch                         [0m [36mstatus[0m=[35m200[0m [36murl[0m=[35m'https://news.google.com/rss/search?q=LYV+stock+news&hl=en-US&gl=US&ceid=US:en'[0m
[2m2026-04-05T08:30:07.537668Z[0m [[32m[1minfo     [0m] [1mparsed                        [0m [36mchannel[0m=[35mgoogle_broad[0m [36mraw[0m=[35m61[0m
[2m2026-04-05T08:30:10.050393Z[0m [[32m[1minfo     [0m] [1mfetch                         [0m [36mstatus[0m=[35m200[0m [36murl[0m=[35m'https://news.google.com/rss/search?q=LYV+earnings+analysis&hl=en-US&gl=US&ceid=US:en'[0m
[2m2026-04-05T08:30:10.093738Z[0m [[32m[1minfo     [0m] [1mparsed                        [0m [36mchannel[0m=[35mgoogle_broad[0m [36mraw[0m=[35m47[0m
[2m2026-04-05T08:30:10.095009Z[0m [[32m[1minfo     [0m] [1mquality_filter                [0m [36minput[0m=[35m194[0m [36mpassed[0m=[35m1[0m
[2m2026-04-05T08:30:10.095305Z[0m [[32m[1minfo     [0m] [1mdedup                         [0m [36mafter[0m=[35m1[0m [36mbefore[0m=[35m1[0m
[2m2026-04-05T08:30:10.095421Z[0m [[32m[1minfo     [0m] [1mfulltext_selection            [0m [36mcandidates[0m=[35m0[0m [36mfiltered[0m=[35m1[0m [36mmode[0m=[35mhigh-value[0m [36mticker[0m=[35mLYV[0m
[2m2026-04-05T08:30:10.096140Z[0m [[32m[1minfo     [0m] [1mcrawling                      [0m [36mchannel[0m=[35mGoogle->Benzinga[0m [36mtag[0m=[35mgoogle_benzinga[0m
[2m2026-04-05T08:30:12.501627Z[0m [[32m[1minfo     [0m] [1mfetch                         [0m [36mstatus[0m=[35m200[0m [36murl[0m=[35m'https://news.google.com/rss/search?q=RMD+site:benzinga.com&hl=en-US&gl=US&ceid=US:en'[0m
[2m2026-04-05T08:30:12.517665Z[0m [[32m[1minfo     [0m] [1mparsed                        [0m [36mchannel[0m=[35mgoogle_benzinga[0m [36mraw[0m=[35m25[0m
[2m2026-04-05T08:30:14.525181Z[0m [[32m[1minfo     [0m] [1mfetch                         [0m [36mstatus[0m=[35m200[0m [36murl[0m=[35m'https://news.google.com/rss/search?q=RMD+site:benzinga.com&hl=en-US&gl=US&ceid=US:en'[0m
[2m2026-04-05T08:30:14.541509Z[0m [[32m[1minfo     [0m] [1mparsed                        [0m [36mchannel[0m=[35mgoogle_benzinga[0m [36mraw[0m=[35m25[0m
[2m2026-04-05T08:30:14.541672Z[0m [[32m[1minfo     [0m] [1mcrawling                      [0m [36mchannel[0m=[35m'Google News (all)'[0m [36mtag[0m=[35mgoogle_broad[0m
[2m2026-04-05T08:30:17.115272Z[0m [[32m[1minfo     [0m] [1mfetch                         [0m [36mstatus[0m=[35m200[0m [36murl[0m=[35m'https://news.google.com/rss/search?q=RMD+stock+news&hl=en-US&gl=US&ceid=US:en'[0m
[2m2026-04-05T08:30:17.179496Z[0m [[32m[1minfo     [0m] [1mparsed                        [0m [36mchannel[0m=[35mgoogle_broad[0m [36mraw[0m=[35m69[0m
[2m2026-04-05T08:30:19.645581Z[0m [[32m[1minfo     [0m] [1mfetch                         [0m [36mstatus[0m=[35m200[0m [36murl[0m=[35m'https://news.google.com/rss/search?q=RMD+earnings+analysis&hl=en-US&gl=US&ceid=US:en'[0m
[2m2026-04-05T08:30:19.675540Z[0m [[32m[1minfo     [0m] [1mparsed                        [0m [36mchannel[0m=[35mgoogle_broad[0m [36mraw[0m=[35m36[0m
[2m2026-04-05T08:30:19.677054Z[0m [[32m[1minfo     [0m] [1mquality_filter                [0m [36minput[0m=[35m155[0m [36mpassed[0m=[35m2[0m
[2m2026-04-05T08:30:19.677436Z[0m [[32m[1minfo     [0m] [1mdedup                         [0m [36mafter[0m=[35m2[0m [36mbefore[0m=[35m2[0m
[2m2026-04-05T08:30:19.677556Z[0m [[32m[1minfo     [0m] [1mfulltext_selection            [0m [36mcandidates[0m=[35m2[0m [36mfiltered[0m=[35m2[0m [36mmode[0m=[35mhigh-value[0m [36mticker[0m=[35mRMD[0m
[2m2026-04-05T08:30:22.389155Z[0m [[32m[1minfo     [0m] [1mfetch                         [0m [36mstatus[0m=[35m200[0m [36murl[0m=[35mhttps://www.stocktitan.net/sec-filings/RMD/form-4-resmed-inc-insider-trading-activity-1428[0m
[2m2026-04-05T08:30:22.603356Z[0m [[32m[1minfo     [0m] [1mfetch                         [0m [36mstatus[0m=[35m200[0m [36murl[0m=[35mhttps://intellectia.ai/en/stock/RMD/earnings[0m
[2m2026-04-05T08:30:23.211892Z[0m [[32m[1minfo     [0m] [1mcrawling                      [0m [36mchannel[0m=[35mGoogle->Benzinga[0m [36mtag[0m=[35mgoogle_benzinga[0m
[2m2026-04-05T08:30:25.626507Z[0m [[32m[1minfo     [0m] [1mfetch                         [0m [36mstatus[0m=[35m200[0m [36murl[0m=[35m'https://news.google.com/rss/search?q=ROP+site:benzinga.com&hl=en-US&gl=US&ceid=US:en'[0m
[2m2026-04-05T08:30:25.641652Z[0m [[32m[1minfo     [0m] [1mparsed                        [0m [36mchannel[0m=[35mgoogle_benzinga[0m [36mraw[0m=[35m12[0m
[2m2026-04-05T08:30:27.647128Z[0m [[32m[1minfo     [0m] [1mfetch                         [0m [36mstatus[0m=[35m200[0m [36murl[0m=[35m'https://news.google.com/rss/search?q=ROP+site:benzinga.com&hl=en-US&gl=US&ceid=US:en'[0m
[2m2026-04-05T08:30:27.657039Z[0m [[32m[1minfo     [0m] [1mparsed                        [0m [36mchannel[0m=[35mgoogle_benzinga[0m [36mraw[0m=[35m12[0m
[2m2026-04-05T08:30:27.657202Z[0m [[32m[1minfo     [0m] [1mcrawling                      [0m [36mchannel[0m=[35m'Google News (all)'[0m [36mtag[0m=[35mgoogle_broad[0m
[2m2026-04-05T08:30:30.378842Z[0m [[32m[1minfo     [0m] [1mfetch                         [0m [36mstatus[0m=[35m200[0m [36murl[0m=[35m'https://news.google.com/rss/search?q=ROP+stock+news&hl=en-US&gl=US&ceid=US:en'[0m
[2m2026-04-05T08:30:30.508363Z[0m [[32m[1minfo     [0m] [1mparsed                        [0m [36mchannel[0m=[35mgoogle_broad[0m [36mraw[0m=[35m85[0m
[2m2026-04-05T08:30:33.048051Z[0m [[32m[1minfo     [0m] [1mfetch                         [0m [36mstatus[0m=[35m200[0m [36murl[0m=[35m'https://news.google.com/rss/search?q=ROP+earnings+analysis&hl=en-US&gl=US&ceid=US:en'[0m
[2m2026-04-05T08:30:33.167895Z[0m [[32m[1minfo     [0m] [1mparsed                        [0m [36mchannel[0m=[35mgoogle_broad[0m [36mraw[0m=[35m71[0m
[2m2026-04-05T08:30:33.168975Z[0m [[32m[1minfo     [0m] [1mquality_filter                [0m [36minput[0m=[35m180[0m [36mpassed[0m=[35m1[0m
[2m2026-04-05T08:30:33.169199Z[0m [[32m[1minfo     [0m] [1mdedup                         [0m [36mafter[0m=[35m1[0m [36mbefore[0m=[35m1[0m
[2m2026-04-05T08:30:33.169388Z[0m [[32m[1minfo     [0m] [1mfulltext_selection            [0m [36mcandidates[0m=[35m1[0m [36mfiltered[0m=[35m1[0m [36mmode[0m=[35mhigh-value[0m [36mticker[0m=[35mROP[0m
[2m2026-04-05T08:30:35.872185Z[0m [[32m[1minfo     [0m] [1mfetch                         [0m [36mstatus[0m=[35m200[0m [36murl[0m=[35mhttps://intellectia.ai/en/stock/ROP/earnings[0m
[2m2026-04-05T08:30:36.479943Z[0m [[32m[1minfo     [0m] [1mcrawling                      [0m [36mchannel[0m=[35mGoogle->Benzinga[0m [36mtag[0m=[35mgoogle_benzinga[0m
[2m2026-04-05T08:30:38.875715Z[0m [[32m[1minfo     [0m] [1mfetch                         [0m [36mstatus[0m=[35m200[0m [36murl[0m=[35m'https://news.google.com/rss/search?q=KMB+site:benzinga.com&hl=en-US&gl=US&ceid=US:en'[0m
[2m2026-04-05T08:30:38.895353Z[0m [[32m[1minfo     [0m] [1mparsed                        [0m [36mchannel[0m=[35mgoogle_benzinga[0m [36mraw[0m=[35m22[0m
[2m2026-04-05T08:30:40.906532Z[0m [[32m[1minfo     [0m] [1mfetch                         [0m [36mstatus[0m=[35m200[0m [36murl[0m=[35m'https://news.google.com/rss/search?q=KMB+site:benzinga.com&hl=en-US&gl=US&ceid=US:en'[0m
[2m2026-04-05T08:30:40.921204Z[0m [[32m[1minfo     [0m] [1mparsed                        [0m [36mchannel[0m=[35mgoogle_benzinga[0m [36mraw[0m=[35m22[0m
[2m2026-04-05T08:30:40.921383Z[0m [[32m[1minfo     [0m] [1mcrawling                      [0m [36mchannel[0m=[35m'Google News (all)'[0m [36mtag[0m=[35mgoogle_broad[0m
[2m2026-04-05T08:30:43.679971Z[0m [[32m[1minfo     [0m] [1mfetch                         [0m [36mstatus[0m=[35m200[0m [36murl[0m=[35m'https://news.google.com/rss/search?q=KMB+stock+news&hl=en-US&gl=US&ceid=US:en'[0m
[2m2026-04-05T08:30:43.822609Z[0m [[32m[1minfo     [0m] [1mparsed                        [0m [36mchannel[0m=[35mgoogle_broad[0m [36mraw[0m=[35m100[0m
[2m2026-04-05T08:30:46.267174Z[0m [[32m[1minfo     [0m] [1mfetch                         [0m [36mstatus[0m=[35m200[0m [36murl[0m=[35m'https://news.google.com/rss/search?q=KMB+earnings+analysis&hl=en-US&gl=US&ceid=US:en'[0m
[2m2026-04-05T08:30:46.308918Z[0m [[32m[1minfo     [0m] [1mparsed                        [0m [36mchannel[0m=[35mgoogle_broad[0m [36mraw[0m=[35m44[0m
[2m2026-04-05T08:30:46.310020Z[0m [[32m[1minfo     [0m] [1mquality_filter                [0m [36minput[0m=[35m188[0m [36mpassed[0m=[35m1[0m
[2m2026-04-05T08:30:46.310376Z[0m [[32m[1minfo     [0m] [1mdedup                         [0m [36mafter[0m=[35m1[0m [36mbefore[0m=[35m1[0m
[2m2026-04-05T08:30:46.310518Z[0m [[32m[1minfo     [0m] [1mfulltext_selection            [0m [36mcandidates[0m=[35m0[0m [36mfiltered[0m=[35m1[0m [36mmode[0m=[35mhigh-value[0m [36mticker[0m=[35mKMB[0m
[2m2026-04-05T08:30:46.311254Z[0m [[32m[1minfo     [0m] [1mcrawling                      [0m [36mchannel[0m=[35mGoogle->Benzinga[0m [36mtag[0m=[35mgoogle_benzinga[0m
[2m2026-04-05T08:30:48.705623Z[0m [[32m[1minfo     [0m] [1mfetch                         [0m [36mstatus[0m=[35m200[0m [36murl[0m=[35m'https://news.google.com/rss/search?q=CPRT+site:benzinga.com&hl=en-US&gl=US&ceid=US:en'[0m
[2m2026-04-05T08:30:48.716915Z[0m [[32m[1minfo     [0m] [1mparsed                        [0m [36mchannel[0m=[35mgoogle_benzinga[0m [36mraw[0m=[35m16[0m
[2m2026-04-05T08:30:50.722471Z[0m [[32m[1minfo     [0m] [1mfetch                         [0m [36mstatus[0m=[35m200[0m [36murl[0m=[35m'https://news.google.com/rss/search?q=CPRT+site:benzinga.com&hl=en-US&gl=US&ceid=US:en'[0m
[2m2026-04-05T08:30:50.733784Z[0m [[32m[1minfo     [0m] [1mparsed                        [0m [36mchannel[0m=[35mgoogle_benzinga[0m [36mraw[0m=[35m16[0m
[2m2026-04-05T08:30:50.733943Z[0m [[32m[1minfo     [0m] [1mcrawling                      [0m [36mchannel[0m=[35m'Google News (all)'[0m [36mtag[0m=[35mgoogle_broad[0m
[2m2026-04-05T08:30:53.199448Z[0m [[32m[1minfo     [0m] [1mfetch                         [0m [36mstatus[0m=[35m200[0m [36murl[0m=[35m'https://news.google.com/rss/search?q=CPRT+stock+news&hl=en-US&gl=US&ceid=US:en'[0m
[2m2026-04-05T08:30:53.343932Z[0m [[32m[1minfo     [0m] [1mparsed                        [0m [36mchannel[0m=[35mgoogle_broad[0m [36mraw[0m=[35m100[0m
[2m2026-04-05T08:30:55.727079Z[0m [[32m[1minfo     [0m] [1mfetch                         [0m [36mstatus[0m=[35m200[0m [36murl[0m=[35m'https://news.google.com/rss/search?q=CPRT+earnings+analysis&hl=en-US&gl=US&ceid=US:en'[0m
[2m2026-04-05T08:30:55.759999Z[0m [[32m[1minfo     [0m] [1mparsed                        [0m [36mchannel[0m=[35mgoogle_broad[0m [36mraw[0m=[35m40[0m
[2m2026-04-05T08:30:55.760764Z[0m [[32m[1minfo     [0m] [1mquality_filter                [0m [36minput[0m=[35m172[0m [36mpassed[0m=[35m0[0m
[2m2026-04-05T08:30:55.760890Z[0m [[32m[1minfo     [0m] [1mdedup                         [0m [36mafter[0m=[35m0[0m [36mbefore[0m=[35m0[0m
[2m2026-04-05T08:30:55.760962Z[0m [[32m[1minfo     [0m] [1mfulltext_selection            [0m [36mcandidates[0m=[35m0[0m [36mfiltered[0m=[35m0[0m [36mmode[0m=[35mhigh-value[0m [36mticker[0m=[35mCPRT[0m
[2m2026-04-05T08:30:55.761797Z[0m [[32m[1minfo     [0m] [1mcrawling                      [0m [36mchannel[0m=[35mGoogle->Benzinga[0m [36mtag[0m=[35mgoogle_benzinga[0m
[2m2026-04-05T08:30:58.176415Z[0m [[32m[1minfo     [0m] [1mfetch                         [0m [36mstatus[0m=[35m200[0m [36murl[0m=[35m'https://news.google.com/rss/search?q=IR+ingersoll+rand+site:benzinga.com&hl=en-US&gl=US&ce'[0m
[2m2026-04-05T08:30:58.186368Z[0m [[32m[1minfo     [0m] [1mparsed                        [0m [36mchannel[0m=[35mgoogle_benzinga[0m [36mraw[0m=[35m7[0m
[2m2026-04-05T08:31:00.489709Z[0m [[32m[1minfo     [0m] [1mfetch                         [0m [36mstatus[0m=[35m200[0m [36murl[0m=[35m'https://news.google.com/rss/search?q=ingersoll+rand+site:benzinga.com&hl=en-US&gl=US&ceid='[0m
[2m2026-04-05T08:31:00.506681Z[0m [[32m[1minfo     [0m] [1mparsed                        [0m [36mchannel[0m=[35mgoogle_benzinga[0m [36mraw[0m=[35m21[0m
[2m2026-04-05T08:31:00.506842Z[0m [[32m[1minfo     [0m] [1mcrawling                      [0m [36mchannel[0m=[35m'Google News (all)'[0m [36mtag[0m=[35mgoogle_broad[0m
[2m2026-04-05T08:31:03.098823Z[0m [[32m[1minfo     [0m] [1mfetch                         [0m [36mstatus[0m=[35m200[0m [36murl[0m=[35m'https://news.google.com/rss/search?q=IR+ingersoll+rand+stock+news&hl=en-US&gl=US&ceid=US:e'[0m
[2m2026-04-05T08:31:03.236740Z[0m [[32m[1minfo     [0m] [1mparsed                        [0m [36mchannel[0m=[35mgoogle_broad[0m [36mraw[0m=[35m88[0m
[2m2026-04-05T08:31:05.629003Z[0m [[32m[1minfo     [0m] [1mfetch                         [0m [36mstatus[0m=[35m200[0m [36murl[0m=[35m'https://news.google.com/rss/search?q=IR+ingersoll+rand+earnings+analysis&hl=en-US&gl=US&ce'[0m
[2m2026-04-05T08:31:05.659430Z[0m [[32m[1minfo     [0m] [1mparsed                        [0m [36mchannel[0m=[35mgoogle_broad[0m [36mraw[0m=[35m38[0m
[2m2026-04-05T08:31:05.661337Z[0m [[32m[1minfo     [0m] [1mquality_filter                [0m [36minput[0m=[35m154[0m [36mpassed[0m=[35m2[0m
[2m2026-04-05T08:31:05.661768Z[0m [[32m[1minfo     [0m] [1mdedup                         [0m [36mafter[0m=[35m1[0m [36mbefore[0m=[35m2[0m
[2m2026-04-05T08:31:05.661859Z[0m [[32m[1minfo     [0m] [1mfulltext_selection            [0m [36mcandidates[0m=[35m1[0m [36mfiltered[0m=[35m1[0m [36mmode[0m=[35mhigh-value[0m [36mticker[0m=[35mIR[0m
[2m2026-04-05T08:31:08.957936Z[0m [[31m[1merror    [0m] [1mfetch_error                   [0m [36merror[0m=[35m'400, message=\'Got more than 8190 bytes when reading: b"connect-src \\\'self\\\' wss:'[0m [36murl[0m=[35mhttps://finance.yahoo.com/markets/stocks/articles/q4-earnings-highs-lo[0m
[2m2026-04-05T08:31:09.161290Z[0m [[32m[1minfo     [0m] [1mcrawling                      [0m [36mchannel[0m=[35mGoogle->Benzinga[0m [36mtag[0m=[35mgoogle_benzinga[0m
[2m2026-04-05T08:31:11.553085Z[0m [[32m[1minfo     [0m] [1mfetch                         [0m [36mstatus[0m=[35m200[0m [36murl[0m=[35m'https://news.google.com/rss/search?q=KVUE+site:benzinga.com&hl=en-US&gl=US&ceid=US:en'[0m
[2m2026-04-05T08:31:11.569972Z[0m [[32m[1minfo     [0m] [1mparsed                        [0m [36mchannel[0m=[35mgoogle_benzinga[0m [36mraw[0m=[35m25[0m
[2m2026-04-05T08:31:13.575348Z[0m [[32m[1minfo     [0m] [1mfetch                         [0m [36mstatus[0m=[35m200[0m [36murl[0m=[35m'https://news.google.com/rss/search?q=KVUE+site:benzinga.com&hl=en-US&gl=US&ceid=US:en'[0m
[2m2026-04-05T08:31:13.591905Z[0m [[32m[1minfo     [0m] [1mparsed                        [0m [36mchannel[0m=[35mgoogle_benzinga[0m [36mraw[0m=[35m25[0m
[2m2026-04-05T08:31:13.592059Z[0m [[32m[1minfo     [0m] [1mcrawling                      [0m [36mchannel[0m=[35m'Google News (all)'[0m [36mtag[0m=[35mgoogle_broad[0m
[2m2026-04-05T08:31:16.155966Z[0m [[32m[1minfo     [0m] [1mfetch                         [0m [36mstatus[0m=[35m200[0m [36murl[0m=[35m'https://news.google.com/rss/search?q=KVUE+stock+news&hl=en-US&gl=US&ceid=US:en'[0m
[2m2026-04-05T08:31:16.300088Z[0m [[32m[1minfo     [0m] [1mparsed                        [0m [36mchannel[0m=[35mgoogle_broad[0m [36mraw[0m=[35m100[0m
[2m2026-04-05T08:31:18.750200Z[0m [[32m[1minfo     [0m] [1mfetch                         [0m [36mstatus[0m=[35m200[0m [36murl[0m=[35m'https://news.google.com/rss/search?q=KVUE+earnings+analysis&hl=en-US&gl=US&ceid=US:en'[0m
[2m2026-04-05T08:31:18.795735Z[0m [[32m[1minfo     [0m] [1mparsed                        [0m [36mchannel[0m=[35mgoogle_broad[0m [36mraw[0m=[35m51[0m
[2m2026-04-05T08:31:18.797103Z[0m [[32m[1minfo     [0m] [1mquality_filter                [0m [36minput[0m=[35m201[0m [36mpassed[0m=[35m2[0m
[2m2026-04-05T08:31:18.797434Z[0m [[32m[1minfo     [0m] [1mdedup                         [0m [36mafter[0m=[35m1[0m [36mbefore[0m=[35m2[0m
[2m2026-04-05T08:31:18.797538Z[0m [[32m[1minfo     [0m] [1mfulltext_selection            [0m [36mcandidates[0m=[35m0[0m [36mfiltered[0m=[35m1[0m [36mmode[0m=[35mhigh-value[0m [36mticker[0m=[35mKVUE[0m
[2m2026-04-05T08:31:18.798262Z[0m [[32m[1minfo     [0m] [1mcrawling                      [0m [36mchannel[0m=[35mGoogle->Benzinga[0m [36mtag[0m=[35mgoogle_benzinga[0m
[2m2026-04-05T08:31:21.458629Z[0m [[32m[1minfo     [0m] [1mfetch                         [0m [36mstatus[0m=[35m200[0m [36murl[0m=[35m'https://news.google.com/rss/search?q=TPL+site:benzinga.com&hl=en-US&gl=US&ceid=US:en'[0m
[2m2026-04-05T08:31:21.484250Z[0m [[32m[1minfo     [0m] [1mparsed                        [0m [36mchannel[0m=[35mgoogle_benzinga[0m [36mraw[0m=[35m31[0m
[2m2026-04-05T08:31:23.489765Z[0m [[32m[1minfo     [0m] [1mfetch                         [0m [36mstatus[0m=[35m200[0m [36murl[0m=[35m'https://news.google.com/rss/search?q=TPL+site:benzinga.com&hl=en-US&gl=US&ceid=US:en'[0m
[2m2026-04-05T08:31:23.509572Z[0m [[32m[1minfo     [0m] [1mparsed                        [0m [36mchannel[0m=[35mgoogle_benzinga[0m [36mraw[0m=[35m31[0m
[2m2026-04-05T08:31:23.509734Z[0m [[32m[1minfo     [0m] [1mcrawling                      [0m [36mchannel[0m=[35m'Google News (all)'[0m [36mtag[0m=[35mgoogle_broad[0m
[2m2026-04-05T08:31:26.054010Z[0m [[32m[1minfo     [0m] [1mfetch                         [0m [36mstatus[0m=[35m200[0m [36murl[0m=[35m'https://news.google.com/rss/search?q=TPL+stock+news&hl=en-US&gl=US&ceid=US:en'[0m
[2m2026-04-05T08:31:26.183094Z[0m [[32m[1minfo     [0m] [1mparsed                        [0m [36mchannel[0m=[35mgoogle_broad[0m [36mraw[0m=[35m89[0m
[2m2026-04-05T08:31:28.583977Z[0m [[32m[1minfo     [0m] [1mfetch                         [0m [36mstatus[0m=[35m200[0m [36murl[0m=[35m'https://news.google.com/rss/search?q=TPL+earnings+analysis&hl=en-US&gl=US&ceid=US:en'[0m
[2m2026-04-05T08:31:28.626321Z[0m [[32m[1minfo     [0m] [1mparsed                        [0m [36mchannel[0m=[35mgoogle_broad[0m [36mraw[0m=[35m47[0m
[2m2026-04-05T08:31:28.627476Z[0m [[32m[1minfo     [0m] [1mquality_filter                [0m [36minput[0m=[35m198[0m [36mpassed[0m=[35m1[0m
[2m2026-04-05T08:31:28.627790Z[0m [[32m[1minfo     [0m] [1mdedup                         [0m [36mafter[0m=[35m1[0m [36mbefore[0m=[35m1[0m
[2m2026-04-05T08:31:28.627910Z[0m [[32m[1minfo     [0m] [1mfulltext_selection            [0m [36mcandidates[0m=[35m0[0m [36mfiltered[0m=[35m1[0m [36mmode[0m=[35mhigh-value[0m [36mticker[0m=[35mTPL[0m
[2m2026-04-05T08:31:28.628672Z[0m [[32m[1minfo     [0m] [1mcrawling                      [0m [36mchannel[0m=[35mGoogle->Benzinga[0m [36mtag[0m=[35mgoogle_benzinga[0m
[2m2026-04-05T08:31:31.039126Z[0m [[32m[1minfo     [0m] [1mfetch                         [0m [36mstatus[0m=[35m200[0m [36murl[0m=[35m'https://news.google.com/rss/search?q=OTIS+site:benzinga.com&hl=en-US&gl=US&ceid=US:en'[0m
[2m2026-04-05T08:31:31.057472Z[0m [[32m[1minfo     [0m] [1mparsed                        [0m [36mchannel[0m=[35mgoogle_benzinga[0m [36mraw[0m=[35m23[0m
[2m2026-04-05T08:31:33.062579Z[0m [[32m[1minfo     [0m] [1mfetch                         [0m [36mstatus[0m=[35m200[0m [36murl[0m=[35m'https://news.google.com/rss/search?q=OTIS+site:benzinga.com&hl=en-US&gl=US&ceid=US:en'[0m
[2m2026-04-05T08:31:33.078130Z[0m [[32m[1minfo     [0m] [1mparsed                        [0m [36mchannel[0m=[35mgoogle_benzinga[0m [36mraw[0m=[35m23[0m
[2m2026-04-05T08:31:33.078302Z[0m [[32m[1minfo     [0m] [1mcrawling                      [0m [36mchannel[0m=[35m'Google News (all)'[0m [36mtag[0m=[35mgoogle_broad[0m
[2m2026-04-05T08:31:35.657522Z[0m [[32m[1minfo     [0m] [1mfetch                         [0m [36mstatus[0m=[35m200[0m [36murl[0m=[35m'https://news.google.com/rss/search?q=OTIS+stock+news&hl=en-US&gl=US&ceid=US:en'[0m
[2m2026-04-05T08:31:35.778892Z[0m [[32m[1minfo     [0m] [1mparsed                        [0m [36mchannel[0m=[35mgoogle_broad[0m [36mraw[0m=[35m79[0m
[2m2026-04-05T08:31:38.243489Z[0m [[32m[1minfo     [0m] [1mfetch                         [0m [36mstatus[0m=[35m200[0m [36murl[0m=[35m'https://news.google.com/rss/search?q=OTIS+earnings+analysis&hl=en-US&gl=US&ceid=US:en'[0m
[2m2026-04-05T08:31:38.274956Z[0m [[32m[1minfo     [0m] [1mparsed                        [0m [36mchannel[0m=[35mgoogle_broad[0m [36mraw[0m=[35m40[0m
[2m2026-04-05T08:31:38.276191Z[0m [[32m[1minfo     [0m] [1mquality_filter                [0m [36minput[0m=[35m165[0m [36mpassed[0m=[35m2[0m
[2m2026-04-05T08:31:38.276638Z[0m [[32m[1minfo     [0m] [1mdedup                         [0m [36mafter[0m=[35m2[0m [36mbefore[0m=[35m2[0m
[2m2026-04-05T08:31:38.276754Z[0m [[32m[1minfo     [0m] [1mfulltext_selection            [0m [36mcandidates[0m=[35m1[0m [36mfiltered[0m=[35m2[0m [36mmode[0m=[35mhigh-value[0m [36mticker[0m=[35mOTIS[0m
[2m2026-04-05T08:31:41.277872Z[0m [[31m[1merror    [0m] [1mfetch_error                   [0m [36merror[0m=[35m'400, message=\'Got more than 8190 bytes when reading: b"connect-src \\\'self\\\' wss:'[0m [36murl[0m=[35mhttps://finance.yahoo.com/markets/stocks/articles/time-reconsider-otis[0m
[2m2026-04-05T08:31:41.480076Z[0m [[32m[1minfo     [0m] [1mcrawling                      [0m [36mchannel[0m=[35mGoogle->Benzinga[0m [36mtag[0m=[35mgoogle_benzinga[0m
[2m2026-04-05T08:31:43.885888Z[0m [[32m[1minfo     [0m] [1mfetch                         [0m [36mstatus[0m=[35m200[0m [36murl[0m=[35m'https://news.google.com/rss/search?q=ACGL+site:benzinga.com&hl=en-US&gl=US&ceid=US:en'[0m
[2m2026-04-05T08:31:43.896384Z[0m [[32m[1minfo     [0m] [1mparsed                        [0m [36mchannel[0m=[35mgoogle_benzinga[0m [36mraw[0m=[35m8[0m
[2m2026-04-05T08:31:45.901548Z[0m [[32m[1minfo     [0m] [1mfetch                         [0m [36mstatus[0m=[35m200[0m [36murl[0m=[35m'https://news.google.com/rss/search?q=ACGL+site:benzinga.com&hl=en-US&gl=US&ceid=US:en'[0m
[2m2026-04-05T08:31:45.908203Z[0m [[32m[1minfo     [0m] [1mparsed                        [0m [36mchannel[0m=[35mgoogle_benzinga[0m [36mraw[0m=[35m8[0m
[2m2026-04-05T08:31:45.908376Z[0m [[32m[1minfo     [0m] [1mcrawling                      [0m [36mchannel[0m=[35m'Google News (all)'[0m [36mtag[0m=[35mgoogle_broad[0m
[2m2026-04-05T08:31:48.403063Z[0m [[32m[1minfo     [0m] [1mfetch                         [0m [36mstatus[0m=[35m200[0m [36murl[0m=[35m'https://news.google.com/rss/search?q=ACGL+stock+news&hl=en-US&gl=US&ceid=US:en'[0m
[2m2026-04-05T08:31:48.449063Z[0m [[32m[1minfo     [0m] [1mparsed                        [0m [36mchannel[0m=[35mgoogle_broad[0m [36mraw[0m=[35m51[0m
[2m2026-04-05T08:31:50.865754Z[0m [[32m[1minfo     [0m] [1mfetch                         [0m [36mstatus[0m=[35m200[0m [36murl[0m=[35m'https://news.google.com/rss/search?q=ACGL+earnings+analysis&hl=en-US&gl=US&ceid=US:en'[0m
[2m2026-04-05T08:31:50.898085Z[0m [[32m[1minfo     [0m] [1mparsed                        [0m [36mchannel[0m=[35mgoogle_broad[0m [36mraw[0m=[35m40[0m
[2m2026-04-05T08:31:50.898741Z[0m [[32m[1minfo     [0m] [1mquality_filter                [0m [36minput[0m=[35m107[0m [36mpassed[0m=[35m0[0m
[2m2026-04-05T08:31:50.898852Z[0m [[32m[1minfo     [0m] [1mdedup                         [0m [36mafter[0m=[35m0[0m [36mbefore[0m=[35m0[0m
[2m2026-04-05T08:31:50.898923Z[0m [[32m[1minfo     [0m] [1mfulltext_selection            [0m [36mcandidates[0m=[35m0[0m [36mfiltered[0m=[35m0[0m [36mmode[0m=[35mhigh-value[0m [36mticker[0m=[35mACGL[0m
[2m2026-04-05T08:31:50.899726Z[0m [[32m[1minfo     [0m] [1mcrawling                      [0m [36mchannel[0m=[35mGoogle->Benzinga[0m [36mtag[0m=[35mgoogle_benzinga[0m
[2m2026-04-05T08:31:53.276789Z[0m [[32m[1minfo     [0m] [1mfetch                         [0m [36mstatus[0m=[35m200[0m [36murl[0m=[35m'https://news.google.com/rss/search?q=STT+site:benzinga.com&hl=en-US&gl=US&ceid=US:en'[0m
[2m2026-04-05T08:31:53.288433Z[0m [[32m[1minfo     [0m] [1mparsed                        [0m [36mchannel[0m=[35mgoogle_benzinga[0m [36mraw[0m=[35m17[0m
[2m2026-04-05T08:31:55.293824Z[0m [[32m[1minfo     [0m] [1mfetch                         [0m [36mstatus[0m=[35m200[0m [36murl[0m=[35m'https://news.google.com/rss/search?q=STT+site:benzinga.com&hl=en-US&gl=US&ceid=US:en'[0m
[2m2026-04-05T08:31:55.306552Z[0m [[32m[1minfo     [0m] [1mparsed                        [0m [36mchannel[0m=[35mgoogle_benzinga[0m [36mraw[0m=[35m17[0m
[2m2026-04-05T08:31:55.306710Z[0m [[32m[1minfo     [0m] [1mcrawling                      [0m [36mchannel[0m=[35m'Google News (all)'[0m [36mtag[0m=[35mgoogle_broad[0m
[2m2026-04-05T08:31:57.867799Z[0m [[32m[1minfo     [0m] [1mfetch                         [0m [36mstatus[0m=[35m200[0m [36murl[0m=[35m'https://news.google.com/rss/search?q=STT+stock+news&hl=en-US&gl=US&ceid=US:en'[0m
[2m2026-04-05T08:31:58.021901Z[0m [[32m[1minfo     [0m] [1mparsed                        [0m [36mchannel[0m=[35mgoogle_broad[0m [36mraw[0m=[35m100[0m
[2m2026-04-05T08:32:00.475639Z[0m [[32m[1minfo     [0m] [1mfetch                         [0m [36mstatus[0m=[35m200[0m [36murl[0m=[35m'https://news.google.com/rss/search?q=STT+earnings+analysis&hl=en-US&gl=US&ceid=US:en'[0m
[2m2026-04-05T08:32:00.530593Z[0m [[32m[1minfo     [0m] [1mparsed                        [0m [36mchannel[0m=[35mgoogle_broad[0m [36mraw[0m=[35m57[0m
[2m2026-04-05T08:32:00.531665Z[0m [[32m[1minfo     [0m] [1mquality_filter                [0m [36minput[0m=[35m191[0m [36mpassed[0m=[35m0[0m
[2m2026-04-05T08:32:00.531797Z[0m [[32m[1minfo     [0m] [1mdedup                         [0m [36mafter[0m=[35m0[0m [36mbefore[0m=[35m0[0m
[2m2026-04-05T08:32:00.531873Z[0m [[32m[1minfo     [0m] [1mfulltext_selection            [0m [36mcandidates[0m=[35m0[0m [36mfiltered[0m=[35m0[0m [36mmode[0m=[35mhigh-value[0m [36mticker[0m=[35mSTT[0m
[2m2026-04-05T08:32:00.532674Z[0m [[32m[1minfo     [0m] [1mcrawling                      [0m [36mchannel[0m=[35mGoogle->Benzinga[0m [36mtag[0m=[35mgoogle_benzinga[0m
[2m2026-04-05T08:32:02.993061Z[0m [[32m[1minfo     [0m] [1mfetch                         [0m [36mstatus[0m=[35m200[0m [36murl[0m=[35m'https://news.google.com/rss/search?q=WDAY+site:benzinga.com&hl=en-US&gl=US&ceid=US:en'[0m
[2m2026-04-05T08:32:03.039775Z[0m [[32m[1minfo     [0m] [1mparsed                        [0m [36mchannel[0m=[35mgoogle_benzinga[0m [36mraw[0m=[35m44[0m
[2m2026-04-05T08:32:05.046513Z[0m [[32m[1minfo     [0m] [1mfetch                         [0m [36mstatus[0m=[35m200[0m [36murl[0m=[35m'https://news.google.com/rss/search?q=WDAY+site:benzinga.com&hl=en-US&gl=US&ceid=US:en'[0m
[2m2026-04-05T08:32:05.077191Z[0m [[32m[1minfo     [0m] [1mparsed                        [0m [36mchannel[0m=[35mgoogle_benzinga[0m [36mraw[0m=[35m44[0m
[2m2026-04-05T08:32:05.077371Z[0m [[32m[1minfo     [0m] [1mcrawling                      [0m [36mchannel[0m=[35m'Google News (all)'[0m [36mtag[0m=[35mgoogle_broad[0m
[2m2026-04-05T08:32:07.625127Z[0m [[32m[1minfo     [0m] [1mfetch                         [0m [36mstatus[0m=[35m200[0m [36murl[0m=[35m'https://news.google.com/rss/search?q=WDAY+stock+news&hl=en-US&gl=US&ceid=US:en'[0m
[2m2026-04-05T08:32:07.771852Z[0m [[32m[1minfo     [0m] [1mparsed                        [0m [36mchannel[0m=[35mgoogle_broad[0m [36mraw[0m=[35m100[0m
[2m2026-04-05T08:32:10.275128Z[0m [[32m[1minfo     [0m] [1mfetch                         [0m [36mstatus[0m=[35m200[0m [36murl[0m=[35m'https://news.google.com/rss/search?q=WDAY+earnings+analysis&hl=en-US&gl=US&ceid=US:en'[0m
[2m2026-04-05T08:32:10.387177Z[0m [[32m[1minfo     [0m] [1mparsed                        [0m [36mchannel[0m=[35mgoogle_broad[0m [36mraw[0m=[35m64[0m
[2m2026-04-05T08:32:10.388567Z[0m [[32m[1minfo     [0m] [1mquality_filter                [0m [36minput[0m=[35m252[0m [36mpassed[0m=[35m1[0m
[2m2026-04-05T08:32:10.388847Z[0m [[32m[1minfo     [0m] [1mdedup                         [0m [36mafter[0m=[35m1[0m [36mbefore[0m=[35m1[0m
[2m2026-04-05T08:32:10.388949Z[0m [[32m[1minfo     [0m] [1mfulltext_selection            [0m [36mcandidates[0m=[35m0[0m [36mfiltered[0m=[35m1[0m [36mmode[0m=[35mhigh-value[0m [36mticker[0m=[35mWDAY[0m
[2m2026-04-05T08:32:10.389718Z[0m [[32m[1minfo     [0m] [1mcrawling                      [0m [36mchannel[0m=[35mGoogle->Benzinga[0m [36mtag[0m=[35mgoogle_benzinga[0m
[2m2026-04-05T08:32:12.866504Z[0m [[32m[1minfo     [0m] [1mfetch                         [0m [36mstatus[0m=[35m200[0m [36murl[0m=[35m'https://news.google.com/rss/search?q=DG+dollar+general+site:benzinga.com&hl=en-US&gl=US&ce'[0m
[2m2026-04-05T08:32:12.910407Z[0m [[32m[1minfo     [0m] [1mparsed                        [0m [36mchannel[0m=[35mgoogle_benzinga[0m [36mraw[0m=[35m49[0m
[2m2026-04-05T08:32:15.550528Z[0m [[32m[1minfo     [0m] [1mfetch                         [0m [36mstatus[0m=[35m200[0m [36murl[0m=[35m'https://news.google.com/rss/search?q=dollar+general+site:benzinga.com&hl=en-US&gl=US&ceid='[0m
[2m2026-04-05T08:32:15.690627Z[0m [[32m[1minfo     [0m] [1mparsed                        [0m [36mchannel[0m=[35mgoogle_benzinga[0m [36mraw[0m=[35m100[0m
[2m2026-04-05T08:32:15.690798Z[0m [[32m[1minfo     [0m] [1mcrawling                      [0m [36mchannel[0m=[35m'Google News (all)'[0m [36mtag[0m=[35mgoogle_broad[0m
[2m2026-04-05T08:32:18.236113Z[0m [[32m[1minfo     [0m] [1mfetch                         [0m [36mstatus[0m=[35m200[0m [36murl[0m=[35m'https://news.google.com/rss/search?q=DG+dollar+general+stock+news&hl=en-US&gl=US&ceid=US:e'[0m
[2m2026-04-05T08:32:18.379945Z[0m [[32m[1minfo     [0m] [1mparsed                        [0m [36mchannel[0m=[35mgoogle_broad[0m [36mraw[0m=[35m100[0m
[2m2026-04-05T08:32:20.955029Z[0m [[32m[1minfo     [0m] [1mfetch                         [0m [36mstatus[0m=[35m200[0m [36murl[0m=[35m'https://news.google.com/rss/search?q=DG+dollar+general+earnings+analysis&hl=en-US&gl=US&ce'[0m
[2m2026-04-05T08:32:21.108182Z[0m [[32m[1minfo     [0m] [1mparsed                        [0m [36mchannel[0m=[35mgoogle_broad[0m [36mraw[0m=[35m100[0m
[2m2026-04-05T08:32:21.110244Z[0m [[32m[1minfo     [0m] [1mquality_filter                [0m [36minput[0m=[35m349[0m [36mpassed[0m=[35m2[0m
[2m2026-04-05T08:32:21.110579Z[0m [[32m[1minfo     [0m] [1mdedup                         [0m [36mafter[0m=[35m2[0m [36mbefore[0m=[35m2[0m
[2m2026-04-05T08:32:21.110681Z[0m [[32m[1minfo     [0m] [1mfulltext_selection            [0m [36mcandidates[0m=[35m2[0m [36mfiltered[0m=[35m2[0m [36mmode[0m=[35mhigh-value[0m [36mticker[0m=[35mDG[0m
[2m2026-04-05T08:32:24.293070Z[0m [[32m[1minfo     [0m] [1mfetch                         [0m [36mstatus[0m=[35m200[0m [36murl[0m=[35mhttps://nationaltoday.com/us/tn/nashville/news/2026/04/04/wall-street-zen-downgrades-dolla[0m
[2m2026-04-05T08:32:25.092342Z[0m [[32m[1minfo     [0m] [1mfetch                         [0m [36mstatus[0m=[35m200[0m [36murl[0m=[35mhttps://www.theglobeandmail.com/investing/markets/stocks/DG/pressreleases/1131497/rbc-capi[0m
[2m2026-04-05T08:32:25.553870Z[0m [[32m[1minfo     [0m] [1mcrawling                      [0m [36mchannel[0m=[35mGoogle->Benzinga[0m [36mtag[0m=[35mgoogle_benzinga[0m
[2m2026-04-05T08:32:28.150838Z[0m [[32m[1minfo     [0m] [1mfetch                         [0m [36mstatus[0m=[35m200[0m [36murl[0m=[35m'https://news.google.com/rss/search?q=UAL+site:benzinga.com&hl=en-US&gl=US&ceid=US:en'[0m
[2m2026-04-05T08:32:28.237447Z[0m [[32m[1minfo     [0m] [1mparsed                        [0m [36mchannel[0m=[35mgoogle_benzinga[0m [36mraw[0m=[35m100[0m
[2m2026-04-05T08:32:30.244280Z[0m [[32m[1minfo     [0m] [1mfetch                         [0m [36mstatus[0m=[35m200[0m [36murl[0m=[35m'https://news.google.com/rss/search?q=UAL+site:benzinga.com&hl=en-US&gl=US&ceid=US:en'[0m
[2m2026-04-05T08:32:30.303411Z[0m [[32m[1minfo     [0m] [1mparsed                        [0m [36mchannel[0m=[35mgoogle_benzinga[0m [36mraw[0m=[35m100[0m
[2m2026-04-05T08:32:30.303579Z[0m [[32m[1minfo     [0m] [1mcrawling                      [0m [36mchannel[0m=[35m'Google News (all)'[0m [36mtag[0m=[35mgoogle_broad[0m
[2m2026-04-05T08:32:32.859029Z[0m [[32m[1minfo     [0m] [1mfetch                         [0m [36mstatus[0m=[35m200[0m [36murl[0m=[35m'https://news.google.com/rss/search?q=UAL+stock+news&hl=en-US&gl=US&ceid=US:en'[0m
[2m2026-04-05T08:32:32.988783Z[0m [[32m[1minfo     [0m] [1mparsed                        [0m [36mchannel[0m=[35mgoogle_broad[0m [36mraw[0m=[35m100[0m
[2m2026-04-05T08:32:35.473815Z[0m [[32m[1minfo     [0m] [1mfetch                         [0m [36mstatus[0m=[35m200[0m [36murl[0m=[35m'https://news.google.com/rss/search?q=UAL+earnings+analysis&hl=en-US&gl=US&ceid=US:en'[0m
[2m2026-04-05T08:32:35.543614Z[0m [[32m[1minfo     [0m] [1mparsed                        [0m [36mchannel[0m=[35mgoogle_broad[0m [36mraw[0m=[35m72[0m
[2m2026-04-05T08:32:35.544819Z[0m [[32m[1minfo     [0m] [1mquality_filter                [0m [36minput[0m=[35m372[0m [36mpassed[0m=[35m0[0m
[2m2026-04-05T08:32:35.545021Z[0m [[32m[1minfo     [0m] [1mdedup                         [0m [36mafter[0m=[35m0[0m [36mbefore[0m=[35m0[0m
[2m2026-04-05T08:32:35.545110Z[0m [[32m[1minfo     [0m] [1mfulltext_selection            [0m [36mcandidates[0m=[35m0[0m [36mfiltered[0m=[35m0[0m [36mmode[0m=[35mhigh-value[0m [36mticker[0m=[35mUAL[0m
[2m2026-04-05T08:32:35.545842Z[0m [[32m[1minfo     [0m] [1mcrawling                      [0m [36mchannel[0m=[35mGoogle->Benzinga[0m [36mtag[0m=[35mgoogle_benzinga[0m
[2m2026-04-05T08:32:37.967802Z[0m [[32m[1minfo     [0m] [1mfetch                         [0m [36mstatus[0m=[35m200[0m [36murl[0m=[35m'https://news.google.com/rss/search?q=PRU+site:benzinga.com&hl=en-US&gl=US&ceid=US:en'[0m
[2m2026-04-05T08:32:37.982669Z[0m [[32m[1minfo     [0m] [1mparsed                        [0m [36mchannel[0m=[35mgoogle_benzinga[0m [36mraw[0m=[35m19[0m
[2m2026-04-05T08:32:39.987834Z[0m [[32m[1minfo     [0m] [1mfetch                         [0m [36mstatus[0m=[35m200[0m [36murl[0m=[35m'https://news.google.com/rss/search?q=PRU+site:benzinga.com&hl=en-US&gl=US&ceid=US:en'[0m
[2m2026-04-05T08:32:40.000984Z[0m [[32m[1minfo     [0m] [1mparsed                        [0m [36mchannel[0m=[35mgoogle_benzinga[0m [36mraw[0m=[35m19[0m
[2m2026-04-05T08:32:40.001141Z[0m [[32m[1minfo     [0m] [1mcrawling                      [0m [36mchannel[0m=[35m'Google News (all)'[0m [36mtag[0m=[35mgoogle_broad[0m
[2m2026-04-05T08:32:42.629197Z[0m [[32m[1minfo     [0m] [1mfetch                         [0m [36mstatus[0m=[35m200[0m [36murl[0m=[35m'https://news.google.com/rss/search?q=PRU+stock+news&hl=en-US&gl=US&ceid=US:en'[0m
[2m2026-04-05T08:32:42.772278Z[0m [[32m[1minfo     [0m] [1mparsed                        [0m [36mchannel[0m=[35mgoogle_broad[0m [36mraw[0m=[35m100[0m
[2m2026-04-05T08:32:45.326623Z[0m [[32m[1minfo     [0m] [1mfetch                         [0m [36mstatus[0m=[35m200[0m [36murl[0m=[35m'https://news.google.com/rss/search?q=PRU+earnings+analysis&hl=en-US&gl=US&ceid=US:en'[0m
[2m2026-04-05T08:32:45.439485Z[0m [[32m[1minfo     [0m] [1mparsed                        [0m [36mchannel[0m=[35mgoogle_broad[0m [36mraw[0m=[35m65[0m
[2m2026-04-05T08:32:45.440693Z[0m [[32m[1minfo     [0m] [1mquality_filter                [0m [36minput[0m=[35m203[0m [36mpassed[0m=[35m1[0m
[2m2026-04-05T08:32:45.440991Z[0m [[32m[1minfo     [0m] [1mdedup                         [0m [36mafter[0m=[35m1[0m [36mbefore[0m=[35m1[0m
[2m2026-04-05T08:32:45.441093Z[0m [[32m[1minfo     [0m] [1mfulltext_selection            [0m [36mcandidates[0m=[35m1[0m [36mfiltered[0m=[35m1[0m [36mmode[0m=[35mhigh-value[0m [36mticker[0m=[35mPRU[0m
[2m2026-04-05T08:32:48.250438Z[0m [[32m[1minfo     [0m] [1mfetch                         [0m [36mstatus[0m=[35m200[0m [36murl[0m=[35mhttps://intellectia.ai/en/stock/PRU/earnings[0m
[2m2026-04-05T08:32:48.857273Z[0m [[32m[1minfo     [0m] [1mcrawling                      [0m [36mchannel[0m=[35mGoogle->Benzinga[0m [36mtag[0m=[35mgoogle_benzinga[0m
[2m2026-04-05T08:32:51.267853Z[0m [[32m[1minfo     [0m] [1mfetch                         [0m [36mstatus[0m=[35m200[0m [36murl[0m=[35m'https://news.google.com/rss/search?q=HBAN+site:benzinga.com&hl=en-US&gl=US&ceid=US:en'[0m
[2m2026-04-05T08:32:51.280641Z[0m [[32m[1minfo     [0m] [1mparsed                        [0m [36mchannel[0m=[35mgoogle_benzinga[0m [36mraw[0m=[35m16[0m
[2m2026-04-05T08:32:53.285866Z[0m [[32m[1minfo     [0m] [1mfetch                         [0m [36mstatus[0m=[35m200[0m [36murl[0m=[35m'https://news.google.com/rss/search?q=HBAN+site:benzinga.com&hl=en-US&gl=US&ceid=US:en'[0m
[2m2026-04-05T08:32:53.297349Z[0m [[32m[1minfo     [0m] [1mparsed                        [0m [36mchannel[0m=[35mgoogle_benzinga[0m [36mraw[0m=[35m16[0m
[2m2026-04-05T08:32:53.297512Z[0m [[32m[1minfo     [0m] [1mcrawling                      [0m [36mchannel[0m=[35m'Google News (all)'[0m [36mtag[0m=[35mgoogle_broad[0m
[2m2026-04-05T08:32:55.860030Z[0m [[32m[1minfo     [0m] [1mfetch                         [0m [36mstatus[0m=[35m200[0m [36murl[0m=[35m'https://news.google.com/rss/search?q=HBAN+stock+news&hl=en-US&gl=US&ceid=US:en'[0m
[2m2026-04-05T08:32:56.011381Z[0m [[32m[1minfo     [0m] [1mparsed                        [0m [36mchannel[0m=[35mgoogle_broad[0m [36mraw[0m=[35m100[0m
[2m2026-04-05T08:32:58.481559Z[0m [[32m[1minfo     [0m] [1mfetch                         [0m [36mstatus[0m=[35m200[0m [36murl[0m=[35m'https://news.google.com/rss/search?q=HBAN+earnings+analysis&hl=en-US&gl=US&ceid=US:en'[0m
[2m2026-04-05T08:32:58.523651Z[0m [[32m[1minfo     [0m] [1mparsed                        [0m [36mchannel[0m=[35mgoogle_broad[0m [36mraw[0m=[35m45[0m
[2m2026-04-05T08:32:58.527908Z[0m [[32m[1minfo     [0m] [1mquality_filter                [0m [36minput[0m=[35m177[0m [36mpassed[0m=[35m24[0m
[2m2026-04-05T08:32:58.531751Z[0m [[32m[1minfo     [0m] [1mdedup                         [0m [36mafter[0m=[35m23[0m [36mbefore[0m=[35m24[0m
[2m2026-04-05T08:32:58.532310Z[0m [[32m[1minfo     [0m] [1mfulltext_selection            [0m [36mcandidates[0m=[35m1[0m [36mfiltered[0m=[35m23[0m [36mmode[0m=[35mhigh-value[0m [36mticker[0m=[35mHBAN[0m
[2m2026-04-05T08:33:01.155713Z[0m [[32m[1minfo     [0m] [1mfetch                         [0m [36mstatus[0m=[35m200[0m [36murl[0m=[35mhttps://www.stocktitan.net/sec-filings/HBAN/form-4-huntington-bancshares-inc-md-insider-tr[0m
[2m2026-04-05T08:33:01.383912Z[0m [[32m[1minfo     [0m] [1mcrawling                      [0m [36mchannel[0m=[35mGoogle->Benzinga[0m [36mtag[0m=[35mgoogle_benzinga[0m
[2m2026-04-05T08:33:03.838038Z[0m [[32m[1minfo     [0m] [1mfetch                         [0m [36mstatus[0m=[35m200[0m [36murl[0m=[35m'https://news.google.com/rss/search?q=PAYX+site:benzinga.com&hl=en-US&gl=US&ceid=US:en'[0m
[2m2026-04-05T08:33:03.858875Z[0m [[32m[1minfo     [0m] [1mparsed                        [0m [36mchannel[0m=[35mgoogle_benzinga[0m [36mraw[0m=[35m32[0m
[2m2026-04-05T08:33:05.864463Z[0m [[32m[1minfo     [0m] [1mfetch                         [0m [36mstatus[0m=[35m200[0m [36murl[0m=[35m'https://news.google.com/rss/search?q=PAYX+site:benzinga.com&hl=en-US&gl=US&ceid=US:en'[0m
[2m2026-04-05T08:33:05.885085Z[0m [[32m[1minfo     [0m] [1mparsed                        [0m [36mchannel[0m=[35mgoogle_benzinga[0m [36mraw[0m=[35m32[0m
[2m2026-04-05T08:33:05.885264Z[0m [[32m[1minfo     [0m] [1mcrawling                      [0m [36mchannel[0m=[35m'Google News (all)'[0m [36mtag[0m=[35mgoogle_broad[0m
[2m2026-04-05T08:33:08.434063Z[0m [[32m[1minfo     [0m] [1mfetch                         [0m [36mstatus[0m=[35m200[0m [36murl[0m=[35m'https://news.google.com/rss/search?q=PAYX+stock+news&hl=en-US&gl=US&ceid=US:en'[0m
[2m2026-04-05T08:33:08.565170Z[0m [[32m[1minfo     [0m] [1mparsed                        [0m [36mchannel[0m=[35mgoogle_broad[0m [36mraw[0m=[35m100[0m
[2m2026-04-05T08:33:11.000470Z[0m [[32m[1minfo     [0m] [1mfetch                         [0m [36mstatus[0m=[35m200[0m [36murl[0m=[35m'https://news.google.com/rss/search?q=PAYX+earnings+analysis&hl=en-US&gl=US&ceid=US:en'[0m
[2m2026-04-05T08:33:11.034223Z[0m [[32m[1minfo     [0m] [1mparsed                        [0m [36mchannel[0m=[35mgoogle_broad[0m [36mraw[0m=[35m43[0m
[2m2026-04-05T08:33:11.035741Z[0m [[32m[1minfo     [0m] [1mquality_filter                [0m [36minput[0m=[35m207[0m [36mpassed[0m=[35m3[0m
[2m2026-04-05T08:33:11.036178Z[0m [[32m[1minfo     [0m] [1mdedup                         [0m [36mafter[0m=[35m3[0m [36mbefore[0m=[35m3[0m
[2m2026-04-05T08:33:11.036325Z[0m [[32m[1minfo     [0m] [1mfulltext_selection            [0m [36mcandidates[0m=[35m1[0m [36mfiltered[0m=[35m3[0m [36mmode[0m=[35mhigh-value[0m [36mticker[0m=[35mPAYX[0m
[2m2026-04-05T08:33:13.881894Z[0m [[32m[1minfo     [0m] [1mfetch                         [0m [36mstatus[0m=[35m200[0m [36murl[0m=[35mhttps://intellectia.ai/en/stock/PAYX/news[0m
[2m2026-04-05T08:33:14.493509Z[0m [[32m[1minfo     [0m] [1mcrawling                      [0m [36mchannel[0m=[35mGoogle->Benzinga[0m [36mtag[0m=[35mgoogle_benzinga[0m
[2m2026-04-05T08:33:17.130805Z[0m [[32m[1minfo     [0m] [1mfetch                         [0m [36mstatus[0m=[35m200[0m [36murl[0m=[35m'https://news.google.com/rss/search?q=FICO+site:benzinga.com&hl=en-US&gl=US&ceid=US:en'[0m
[2m2026-04-05T08:33:17.268530Z[0m [[32m[1minfo     [0m] [1mparsed                        [0m [36mchannel[0m=[35mgoogle_benzinga[0m [36mraw[0m=[35m100[0m
[2m2026-04-05T08:33:19.275132Z[0m [[32m[1minfo     [0m] [1mfetch                         [0m [36mstatus[0m=[35m200[0m [36murl[0m=[35m'https://news.google.com/rss/search?q=FICO+site:benzinga.com&hl=en-US&gl=US&ceid=US:en'[0m
[2m2026-04-05T08:33:19.335267Z[0m [[32m[1minfo     [0m] [1mparsed                        [0m [36mchannel[0m=[35mgoogle_benzinga[0m [36mraw[0m=[35m100[0m
[2m2026-04-05T08:33:19.335439Z[0m [[32m[1minfo     [0m] [1mcrawling                      [0m [36mchannel[0m=[35m'Google News (all)'[0m [36mtag[0m=[35mgoogle_broad[0m
[2m2026-04-05T08:33:21.860058Z[0m [[32m[1minfo     [0m] [1mfetch                         [0m [36mstatus[0m=[35m200[0m [36murl[0m=[35m'https://news.google.com/rss/search?q=FICO+stock+news&hl=en-US&gl=US&ceid=US:en'[0m
[2m2026-04-05T08:33:22.003226Z[0m [[32m[1minfo     [0m] [1mparsed                        [0m [36mchannel[0m=[35mgoogle_broad[0m [36mraw[0m=[35m100[0m
[2m2026-04-05T08:33:24.427298Z[0m [[32m[1minfo     [0m] [1mfetch                         [0m [36mstatus[0m=[35m200[0m [36murl[0m=[35m'https://news.google.com/rss/search?q=FICO+earnings+analysis&hl=en-US&gl=US&ceid=US:en'[0m
[2m2026-04-05T08:33:24.472552Z[0m [[32m[1minfo     [0m] [1mparsed                        [0m [36mchannel[0m=[35mgoogle_broad[0m [36mraw[0m=[35m51[0m
[2m2026-04-05T08:33:24.474361Z[0m [[32m[1minfo     [0m] [1mquality_filter                [0m [36minput[0m=[35m351[0m [36mpassed[0m=[35m3[0m
[2m2026-04-05T08:33:24.474869Z[0m [[32m[1minfo     [0m] [1mdedup                         [0m [36mafter[0m=[35m3[0m [36mbefore[0m=[35m3[0m
[2m2026-04-05T08:33:24.475005Z[0m [[32m[1minfo     [0m] [1mfulltext_selection            [0m [36mcandidates[0m=[35m1[0m [36mfiltered[0m=[35m3[0m [36mmode[0m=[35mhigh-value[0m [36mticker[0m=[35mFICO[0m
[2m2026-04-05T08:33:27.248380Z[0m [[32m[1minfo     [0m] [1mfetch                         [0m [36mstatus[0m=[35m200[0m [36murl[0m=[35mhttps://stockstory.org/us/stocks/nyse/fico/news/earnings/q4-rundown-fair-isaac-corporation[0m
[2m2026-04-05T08:33:27.453326Z[0m [[32m[1minfo     [0m] [1mcrawling                      [0m [36mchannel[0m=[35mGoogle->Benzinga[0m [36mtag[0m=[35mgoogle_benzinga[0m
[2m2026-04-05T08:33:29.913515Z[0m [[32m[1minfo     [0m] [1mfetch                         [0m [36mstatus[0m=[35m200[0m [36murl[0m=[35m'https://news.google.com/rss/search?q=ADM+site:benzinga.com&hl=en-US&gl=US&ceid=US:en'[0m
[2m2026-04-05T08:33:29.967521Z[0m [[32m[1minfo     [0m] [1mparsed                        [0m [36mchannel[0m=[35mgoogle_benzinga[0m [36mraw[0m=[35m55[0m
[2m2026-04-05T08:33:31.972994Z[0m [[32m[1minfo     [0m] [1mfetch                         [0m [36mstatus[0m=[35m200[0m [36murl[0m=[35m'https://news.google.com/rss/search?q=ADM+site:benzinga.com&hl=en-US&gl=US&ceid=US:en'[0m
[2m2026-04-05T08:33:32.007150Z[0m [[32m[1minfo     [0m] [1mparsed                        [0m [36mchannel[0m=[35mgoogle_benzinga[0m [36mraw[0m=[35m55[0m
[2m2026-04-05T08:33:32.007336Z[0m [[32m[1minfo     [0m] [1mcrawling                      [0m [36mchannel[0m=[35m'Google News (all)'[0m [36mtag[0m=[35mgoogle_broad[0m
[2m2026-04-05T08:33:34.524881Z[0m [[32m[1minfo     [0m] [1mfetch                         [0m [36mstatus[0m=[35m200[0m [36murl[0m=[35m'https://news.google.com/rss/search?q=ADM+stock+news&hl=en-US&gl=US&ceid=US:en'[0m
[2m2026-04-05T08:33:34.660434Z[0m [[32m[1minfo     [0m] [1mparsed                        [0m [36mchannel[0m=[35mgoogle_broad[0m [36mraw[0m=[35m100[0m
[2m2026-04-05T08:33:37.146275Z[0m [[32m[1minfo     [0m] [1mfetch                         [0m [36mstatus[0m=[35m200[0m [36murl[0m=[35m'https://news.google.com/rss/search?q=ADM+earnings+analysis&hl=en-US&gl=US&ceid=US:en'[0m
[2m2026-04-05T08:33:37.214586Z[0m [[32m[1minfo     [0m] [1mparsed                        [0m [36mchannel[0m=[35mgoogle_broad[0m [36mraw[0m=[35m68[0m
[2m2026-04-05T08:33:37.216034Z[0m [[32m[1minfo     [0m] [1mquality_filter                [0m [36minput[0m=[35m278[0m [36mpassed[0m=[35m2[0m
[2m2026-04-05T08:33:37.216431Z[0m [[32m[1minfo     [0m] [1mdedup                         [0m [36mafter[0m=[35m1[0m [36mbefore[0m=[35m2[0m
[2m2026-04-05T08:33:37.216577Z[0m [[32m[1minfo     [0m] [1mfulltext_selection            [0m [36mcandidates[0m=[35m0[0m [36mfiltered[0m=[35m1[0m [36mmode[0m=[35mhigh-value[0m [36mticker[0m=[35mADM[0m
[2m2026-04-05T08:33:37.217328Z[0m [[32m[1minfo     [0m] [1mcrawling                      [0m [36mchannel[0m=[35mGoogle->Benzinga[0m [36mtag[0m=[35mgoogle_benzinga[0m
[2m2026-04-05T08:33:39.655757Z[0m [[32m[1minfo     [0m] [1mfetch                         [0m [36mstatus[0m=[35m200[0m [36murl[0m=[35m'https://news.google.com/rss/search?q=MTB+site:benzinga.com&hl=en-US&gl=US&ceid=US:en'[0m
[2m2026-04-05T08:33:39.673035Z[0m [[32m[1minfo     [0m] [1mparsed                        [0m [36mchannel[0m=[35mgoogle_benzinga[0m [36mraw[0m=[35m20[0m
[2m2026-04-05T08:33:41.677853Z[0m [[32m[1minfo     [0m] [1mfetch                         [0m [36mstatus[0m=[35m200[0m [36murl[0m=[35m'https://news.google.com/rss/search?q=MTB+site:benzinga.com&hl=en-US&gl=US&ceid=US:en'[0m
[2m2026-04-05T08:33:41.693536Z[0m [[32m[1minfo     [0m] [1mparsed                        [0m [36mchannel[0m=[35mgoogle_benzinga[0m [36mraw[0m=[35m20[0m
[2m2026-04-05T08:33:41.693697Z[0m [[32m[1minfo     [0m] [1mcrawling                      [0m [36mchannel[0m=[35m'Google News (all)'[0m [36mtag[0m=[35mgoogle_broad[0m
[2m2026-04-05T08:33:44.161607Z[0m [[32m[1minfo     [0m] [1mfetch                         [0m [36mstatus[0m=[35m200[0m [36murl[0m=[35m'https://news.google.com/rss/search?q=MTB+stock+news&hl=en-US&gl=US&ceid=US:en'[0m
[2m2026-04-05T08:33:44.282565Z[0m [[32m[1minfo     [0m] [1mparsed                        [0m [36mchannel[0m=[35mgoogle_broad[0m [36mraw[0m=[35m76[0m
[2m2026-04-05T08:33:46.728465Z[0m [[32m[1minfo     [0m] [1mfetch                         [0m [36mstatus[0m=[35m200[0m [36murl[0m=[35m'https://news.google.com/rss/search?q=MTB+earnings+analysis&hl=en-US&gl=US&ceid=US:en'[0m
[2m2026-04-05T08:33:46.787727Z[0m [[32m[1minfo     [0m] [1mparsed                        [0m [36mchannel[0m=[35mgoogle_broad[0m [36mraw[0m=[35m63[0m
[2m2026-04-05T08:33:46.788929Z[0m [[32m[1minfo     [0m] [1mquality_filter                [0m [36minput[0m=[35m179[0m [36mpassed[0m=[35m2[0m
[2m2026-04-05T08:33:46.789285Z[0m [[32m[1minfo     [0m] [1mdedup                         [0m [36mafter[0m=[35m2[0m [36mbefore[0m=[35m2[0m
[2m2026-04-05T08:33:46.789413Z[0m [[32m[1minfo     [0m] [1mfulltext_selection            [0m [36mcandidates[0m=[35m2[0m [36mfiltered[0m=[35m2[0m [36mmode[0m=[35mhigh-value[0m [36mticker[0m=[35mMTB[0m
[2m2026-04-05T08:33:49.301979Z[0m [[32m[1minfo     [0m] [1mfetch                         [0m [36mstatus[0m=[35m200[0m [36murl[0m=[35mhttps://intellectia.ai/en/stock/MTB/technical[0m
[2m2026-04-05T08:33:49.762980Z[0m [[32m[1minfo     [0m] [1mfetch                         [0m [36mstatus[0m=[35m200[0m [36murl[0m=[35mhttps://intellectia.ai/en/stock/MTB/earnings[0m
[2m2026-04-05T08:33:50.374241Z[0m [[32m[1minfo     [0m] [1mcrawling                      [0m [36mchannel[0m=[35mGoogle->Benzinga[0m [36mtag[0m=[35mgoogle_benzinga[0m
[2m2026-04-05T08:33:53.278646Z[0m [[32m[1minfo     [0m] [1mfetch                         [0m [36mstatus[0m=[35m200[0m [36murl[0m=[35m'https://news.google.com/rss/search?q=VICI+site:benzinga.com&hl=en-US&gl=US&ceid=US:en'[0m
[2m2026-04-05T08:33:53.298010Z[0m [[32m[1minfo     [0m] [1mparsed                        [0m [36mchannel[0m=[35mgoogle_benzinga[0m [36mraw[0m=[35m29[0m
[2m2026-04-05T08:33:55.303417Z[0m [[32m[1minfo     [0m] [1mfetch                         [0m [36mstatus[0m=[35m200[0m [36murl[0m=[35m'https://news.google.com/rss/search?q=VICI+site:benzinga.com&hl=en-US&gl=US&ceid=US:en'[0m
[2m2026-04-05T08:33:55.322192Z[0m [[32m[1minfo     [0m] [1mparsed                        [0m [36mchannel[0m=[35mgoogle_benzinga[0m [36mraw[0m=[35m29[0m
[2m2026-04-05T08:33:55.322369Z[0m [[32m[1minfo     [0m] [1mcrawling                      [0m [36mchannel[0m=[35m'Google News (all)'[0m [36mtag[0m=[35mgoogle_broad[0m
[2m2026-04-05T08:33:57.849824Z[0m [[32m[1minfo     [0m] [1mfetch                         [0m [36mstatus[0m=[35m200[0m [36murl[0m=[35m'https://news.google.com/rss/search?q=VICI+stock+news&hl=en-US&gl=US&ceid=US:en'[0m
[2m2026-04-05T08:33:57.996684Z[0m [[32m[1minfo     [0m] [1mparsed                        [0m [36mchannel[0m=[35mgoogle_broad[0m [36mraw[0m=[35m100[0m
[2m2026-04-05T08:34:00.423705Z[0m [[32m[1minfo     [0m] [1mfetch                         [0m [36mstatus[0m=[35m200[0m [36murl[0m=[35m'https://news.google.com/rss/search?q=VICI+earnings+analysis&hl=en-US&gl=US&ceid=US:en'[0m
[2m2026-04-05T08:34:00.471558Z[0m [[32m[1minfo     [0m] [1mparsed                        [0m [36mchannel[0m=[35mgoogle_broad[0m [36mraw[0m=[35m56[0m
[2m2026-04-05T08:34:00.473584Z[0m [[32m[1minfo     [0m] [1mquality_filter                [0m [36minput[0m=[35m214[0m [36mpassed[0m=[35m6[0m
[2m2026-04-05T08:34:00.474446Z[0m [[32m[1minfo     [0m] [1mdedup                         [0m [36mafter[0m=[35m5[0m [36mbefore[0m=[35m6[0m
[2m2026-04-05T08:34:00.474607Z[0m [[32m[1minfo     [0m] [1mfulltext_selection            [0m [36mcandidates[0m=[35m3[0m [36mfiltered[0m=[35m5[0m [36mmode[0m=[35mhigh-value[0m [36mticker[0m=[35mVICI[0m
[2m2026-04-05T08:34:02.249564Z[0m [[32m[1minfo     [0m] [1mfetch                         [0m [36mstatus[0m=[35m200[0m [36murl[0m=[35mhttps://www.marketbeat.com/instant-alerts/filing-vici-properties-inc-vici-shares-purchased[0m
[2m2026-04-05T08:34:02.485650Z[0m [[32m[1minfo     [0m] [1mfetch                         [0m [36mstatus[0m=[35m403[0m [36murl[0m=[35mhttps://www.bitget.com/amp/news/detail/12560605337468[0m
[2m2026-04-05T08:34:02.578009Z[0m [[32m[1minfo     [0m] [1mfetch                         [0m [36mstatus[0m=[35m200[0m [36murl[0m=[35mhttps://www.msn.com/en-us/money/topstocks/is-vici-properties-vici-one-of-the-most-underval[0m
[2m2026-04-05T08:34:02.820123Z[0m [[32m[1minfo     [0m] [1mcrawling                      [0m [36mchannel[0m=[35mGoogle->Benzinga[0m [36mtag[0m=[35mgoogle_benzinga[0m
[2m2026-04-05T08:34:05.258805Z[0m [[32m[1minfo     [0m] [1mfetch                         [0m [36mstatus[0m=[35m200[0m [36murl[0m=[35m'https://news.google.com/rss/search?q=IRM+site:benzinga.com&hl=en-US&gl=US&ceid=US:en'[0m
[2m2026-04-05T08:34:05.271963Z[0m [[32m[1minfo     [0m] [1mparsed                        [0m [36mchannel[0m=[35mgoogle_benzinga[0m [36mraw[0m=[35m17[0m
[2m2026-04-05T08:34:07.277742Z[0m [[32m[1minfo     [0m] [1mfetch                         [0m [36mstatus[0m=[35m200[0m [36murl[0m=[35m'https://news.google.com/rss/search?q=IRM+site:benzinga.com&hl=en-US&gl=US&ceid=US:en'[0m
[2m2026-04-05T08:34:07.289990Z[0m [[32m[1minfo     [0m] [1mparsed                        [0m [36mchannel[0m=[35mgoogle_benzinga[0m [36mraw[0m=[35m17[0m
[2m2026-04-05T08:34:07.290150Z[0m [[32m[1minfo     [0m] [1mcrawling                      [0m [36mchannel[0m=[35m'Google News (all)'[0m [36mtag[0m=[35mgoogle_broad[0m
[2m2026-04-05T08:34:09.748412Z[0m [[32m[1minfo     [0m] [1mfetch                         [0m [36mstatus[0m=[35m200[0m [36murl[0m=[35m'https://news.google.com/rss/search?q=IRM+stock+news&hl=en-US&gl=US&ceid=US:en'[0m
[2m2026-04-05T08:34:09.900185Z[0m [[32m[1minfo     [0m] [1mparsed                        [0m [36mchannel[0m=[35mgoogle_broad[0m [36mraw[0m=[35m100[0m
[2m2026-04-05T08:34:12.293729Z[0m [[32m[1minfo     [0m] [1mfetch                         [0m [36mstatus[0m=[35m200[0m [36murl[0m=[35m'https://news.google.com/rss/search?q=IRM+earnings+analysis&hl=en-US&gl=US&ceid=US:en'[0m
[2m2026-04-05T08:34:12.337993Z[0m [[32m[1minfo     [0m] [1mparsed                        [0m [36mchannel[0m=[35mgoogle_broad[0m [36mraw[0m=[35m49[0m
[2m2026-04-05T08:34:12.339710Z[0m [[32m[1minfo     [0m] [1mquality_filter                [0m [36minput[0m=[35m183[0m [36mpassed[0m=[35m5[0m
[2m2026-04-05T08:34:12.340440Z[0m [[32m[1minfo     [0m] [1mdedup                         [0m [36mafter[0m=[35m5[0m [36mbefore[0m=[35m5[0m
[2m2026-04-05T08:34:12.340633Z[0m [[32m[1minfo     [0m] [1mfulltext_selection            [0m [36mcandidates[0m=[35m1[0m [36mfiltered[0m=[35m5[0m [36mmode[0m=[35mhigh-value[0m [36mticker[0m=[35mIRM[0m
[2m2026-04-05T08:34:14.927863Z[0m [[32m[1minfo     [0m] [1mfetch                         [0m [36mstatus[0m=[35m200[0m [36murl[0m=[35mhttps://intellectia.ai/en/stock/IRM/financials[0m
[2m2026-04-05T08:34:15.534793Z[0m [[32m[1minfo     [0m] [1mcrawling                      [0m [36mchannel[0m=[35mGoogle->Benzinga[0m [36mtag[0m=[35mgoogle_benzinga[0m
[2m2026-04-05T08:34:17.909636Z[0m [[32m[1minfo     [0m] [1mfetch                         [0m [36mstatus[0m=[35m200[0m [36murl[0m=[35m'https://news.google.com/rss/search?q=EXR+site:benzinga.com&hl=en-US&gl=US&ceid=US:en'[0m
[2m2026-04-05T08:34:17.917360Z[0m [[32m[1minfo     [0m] [1mparsed                        [0m [36mchannel[0m=[35mgoogle_benzinga[0m [36mraw[0m=[35m10[0m
[2m2026-04-05T08:34:19.922512Z[0m [[32m[1minfo     [0m] [1mfetch                         [0m [36mstatus[0m=[35m200[0m [36murl[0m=[35m'https://news.google.com/rss/search?q=EXR+site:benzinga.com&hl=en-US&gl=US&ceid=US:en'[0m
[2m2026-04-05T08:34:19.930325Z[0m [[32m[1minfo     [0m] [1mparsed                        [0m [36mchannel[0m=[35mgoogle_benzinga[0m [36mraw[0m=[35m10[0m
[2m2026-04-05T08:34:19.930478Z[0m [[32m[1minfo     [0m] [1mcrawling                      [0m [36mchannel[0m=[35m'Google News (all)'[0m [36mtag[0m=[35mgoogle_broad[0m
[2m2026-04-05T08:34:22.365089Z[0m [[32m[1minfo     [0m] [1mfetch                         [0m [36mstatus[0m=[35m200[0m [36murl[0m=[35m'https://news.google.com/rss/search?q=EXR+stock+news&hl=en-US&gl=US&ceid=US:en'[0m
[2m2026-04-05T08:34:22.410060Z[0m [[32m[1minfo     [0m] [1mparsed                        [0m [36mchannel[0m=[35mgoogle_broad[0m [36mraw[0m=[35m52[0m
[2m2026-04-05T08:34:24.850140Z[0m [[32m[1minfo     [0m] [1mfetch                         [0m [36mstatus[0m=[35m200[0m [36murl[0m=[35m'https://news.google.com/rss/search?q=EXR+earnings+analysis&hl=en-US&gl=US&ceid=US:en'[0m
[2m2026-04-05T08:34:24.897438Z[0m [[32m[1minfo     [0m] [1mparsed                        [0m [36mchannel[0m=[35mgoogle_broad[0m [36mraw[0m=[35m55[0m
[2m2026-04-05T08:34:24.898756Z[0m [[32m[1minfo     [0m] [1mquality_filter                [0m [36minput[0m=[35m127[0m [36mpassed[0m=[35m3[0m
[2m2026-04-05T08:34:24.899263Z[0m [[32m[1minfo     [0m] [1mdedup                         [0m [36mafter[0m=[35m3[0m [36mbefore[0m=[35m3[0m
[2m2026-04-05T08:34:24.899401Z[0m [[32m[1minfo     [0m] [1mfulltext_selection            [0m [36mcandidates[0m=[35m2[0m [36mfiltered[0m=[35m3[0m [36mmode[0m=[35mhigh-value[0m [36mticker[0m=[35mEXR[0m
[2m2026-04-05T08:34:27.110898Z[0m [[32m[1minfo     [0m] [1mfetch                         [0m [36mstatus[0m=[35m200[0m [36murl[0m=[35mhttps://www.stocktitan.net/sec-filings/EXR/form-4-extra-space-storage-inc-insider-trading-[0m
[2m2026-04-05T08:34:27.901258Z[0m [[32m[1minfo     [0m] [1mfetch                         [0m [36mstatus[0m=[35m200[0m [36murl[0m=[35mhttps://intellectia.ai/en/stock/EXR/technical[0m
[2m2026-04-05T08:34:28.507965Z[0m [[32m[1minfo     [0m] [1mcrawling                      [0m [36mchannel[0m=[35mGoogle->Benzinga[0m [36mtag[0m=[35mgoogle_benzinga[0m
[2m2026-04-05T08:34:30.898528Z[0m [[32m[1minfo     [0m] [1mfetch                         [0m [36mstatus[0m=[35m200[0m [36murl[0m=[35m'https://news.google.com/rss/search?q=XYL+site:benzinga.com&hl=en-US&gl=US&ceid=US:en'[0m
[2m2026-04-05T08:34:30.909427Z[0m [[32m[1minfo     [0m] [1mparsed                        [0m [36mchannel[0m=[35mgoogle_benzinga[0m [36mraw[0m=[35m10[0m
[2m2026-04-05T08:34:32.914076Z[0m [[32m[1minfo     [0m] [1mfetch                         [0m [36mstatus[0m=[35m200[0m [36murl[0m=[35m'https://news.google.com/rss/search?q=XYL+site:benzinga.com&hl=en-US&gl=US&ceid=US:en'[0m
[2m2026-04-05T08:34:32.921729Z[0m [[32m[1minfo     [0m] [1mparsed                        [0m [36mchannel[0m=[35mgoogle_benzinga[0m [36mraw[0m=[35m10[0m
[2m2026-04-05T08:34:32.921885Z[0m [[32m[1minfo     [0m] [1mcrawling                      [0m [36mchannel[0m=[35m'Google News (all)'[0m [36mtag[0m=[35mgoogle_broad[0m
[2m2026-04-05T08:34:35.472961Z[0m [[32m[1minfo     [0m] [1mfetch                         [0m [36mstatus[0m=[35m200[0m [36murl[0m=[35m'https://news.google.com/rss/search?q=XYL+stock+news&hl=en-US&gl=US&ceid=US:en'[0m
[2m2026-04-05T08:34:35.616693Z[0m [[32m[1minfo     [0m] [1mparsed                        [0m [36mchannel[0m=[35mgoogle_broad[0m [36mraw[0m=[35m100[0m
[2m2026-04-05T08:34:37.996891Z[0m [[32m[1minfo     [0m] [1mfetch                         [0m [36mstatus[0m=[35m200[0m [36murl[0m=[35m'https://news.google.com/rss/search?q=XYL+earnings+analysis&hl=en-US&gl=US&ceid=US:en'[0m
[2m2026-04-05T08:34:38.019566Z[0m [[32m[1minfo     [0m] [1mparsed                        [0m [36mchannel[0m=[35mgoogle_broad[0m [36mraw[0m=[35m34[0m
[2m2026-04-05T08:34:38.020913Z[0m [[32m[1minfo     [0m] [1mquality_filter                [0m [36minput[0m=[35m154[0m [36mpassed[0m=[35m1[0m
[2m2026-04-05T08:34:38.021198Z[0m [[32m[1minfo     [0m] [1mdedup                         [0m [36mafter[0m=[35m1[0m [36mbefore[0m=[35m1[0m
[2m2026-04-05T08:34:38.021329Z[0m [[32m[1minfo     [0m] [1mfulltext_selection            [0m [36mcandidates[0m=[35m0[0m [36mfiltered[0m=[35m1[0m [36mmode[0m=[35mhigh-value[0m [36mticker[0m=[35mXYL[0m
[2m2026-04-05T08:34:38.022062Z[0m [[32m[1minfo     [0m] [1mcrawling                      [0m [36mchannel[0m=[35mGoogle->Benzinga[0m [36mtag[0m=[35mgoogle_benzinga[0m
[2m2026-04-05T08:34:40.422761Z[0m [[32m[1minfo     [0m] [1mfetch                         [0m [36mstatus[0m=[35m200[0m [36murl[0m=[35m'https://news.google.com/rss/search?q=TDY+site:benzinga.com&hl=en-US&gl=US&ceid=US:en'[0m
[2m2026-04-05T08:34:40.431781Z[0m [[32m[1minfo     [0m] [1mparsed                        [0m [36mchannel[0m=[35mgoogle_benzinga[0m [36mraw[0m=[35m12[0m
[2m2026-04-05T08:34:42.437049Z[0m [[32m[1minfo     [0m] [1mfetch                         [0m [36mstatus[0m=[35m200[0m [36murl[0m=[35m'https://news.google.com/rss/search?q=TDY+site:benzinga.com&hl=en-US&gl=US&ceid=US:en'[0m
[2m2026-04-05T08:34:42.445972Z[0m [[32m[1minfo     [0m] [1mparsed                        [0m [36mchannel[0m=[35mgoogle_benzinga[0m [36mraw[0m=[35m12[0m
[2m2026-04-05T08:34:42.446127Z[0m [[32m[1minfo     [0m] [1mcrawling                      [0m [36mchannel[0m=[35m'Google News (all)'[0m [36mtag[0m=[35mgoogle_broad[0m
[2m2026-04-05T08:34:44.877367Z[0m [[32m[1minfo     [0m] [1mfetch                         [0m [36mstatus[0m=[35m200[0m [36murl[0m=[35m'https://news.google.com/rss/search?q=TDY+stock+news&hl=en-US&gl=US&ceid=US:en'[0m
[2m2026-04-05T08:34:44.937877Z[0m [[32m[1minfo     [0m] [1mparsed                        [0m [36mchannel[0m=[35mgoogle_broad[0m [36mraw[0m=[35m66[0m
[2m2026-04-05T08:34:47.478885Z[0m [[32m[1minfo     [0m] [1mfetch                         [0m [36mstatus[0m=[35m200[0m [36murl[0m=[35m'https://news.google.com/rss/search?q=TDY+earnings+analysis&hl=en-US&gl=US&ceid=US:en'[0m
[2m2026-04-05T08:34:47.599026Z[0m [[32m[1minfo     [0m] [1mparsed                        [0m [36mchannel[0m=[35mgoogle_broad[0m [36mraw[0m=[35m79[0m
[2m2026-04-05T08:34:47.600156Z[0m [[32m[1minfo     [0m] [1mquality_filter                [0m [36minput[0m=[35m169[0m [36mpassed[0m=[35m1[0m
[2m2026-04-05T08:34:47.600559Z[0m [[32m[1minfo     [0m] [1mdedup                         [0m [36mafter[0m=[35m1[0m [36mbefore[0m=[35m1[0m
[2m2026-04-05T08:34:47.600698Z[0m [[32m[1minfo     [0m] [1mfulltext_selection            [0m [36mcandidates[0m=[35m1[0m [36mfiltered[0m=[35m1[0m [36mmode[0m=[35mhigh-value[0m [36mticker[0m=[35mTDY[0m
[2m2026-04-05T08:34:50.398852Z[0m [[32m[1minfo     [0m] [1mfetch                         [0m [36mstatus[0m=[35m200[0m [36murl[0m=[35mhttps://intellectia.ai/en/stock/TDY/earnings[0m
[2m2026-04-05T08:34:51.005994Z[0m [[32m[1minfo     [0m] [1mcrawling                      [0m [36mchannel[0m=[35mGoogle->Benzinga[0m [36mtag[0m=[35mgoogle_benzinga[0m
[2m2026-04-05T08:34:53.413001Z[0m [[32m[1minfo     [0m] [1mfetch                         [0m [36mstatus[0m=[35m200[0m [36murl[0m=[35m'https://news.google.com/rss/search?q=TPR+site:benzinga.com&hl=en-US&gl=US&ceid=US:en'[0m
[2m2026-04-05T08:34:53.425963Z[0m [[32m[1minfo     [0m] [1mparsed                        [0m [36mchannel[0m=[35mgoogle_benzinga[0m [36mraw[0m=[35m19[0m
[2m2026-04-05T08:34:55.431580Z[0m [[32m[1minfo     [0m] [1mfetch                         [0m [36mstatus[0m=[35m200[0m [36murl[0m=[35m'https://news.google.com/rss/search?q=TPR+site:benzinga.com&hl=en-US&gl=US&ceid=US:en'[0m
[2m2026-04-05T08:34:55.444755Z[0m [[32m[1minfo     [0m] [1mparsed                        [0m [36mchannel[0m=[35mgoogle_benzinga[0m [36mraw[0m=[35m19[0m
[2m2026-04-05T08:34:55.444913Z[0m [[32m[1minfo     [0m] [1mcrawling                      [0m [36mchannel[0m=[35m'Google News (all)'[0m [36mtag[0m=[35mgoogle_broad[0m
[2m2026-04-05T08:34:57.921066Z[0m [[32m[1minfo     [0m] [1mfetch                         [0m [36mstatus[0m=[35m200[0m [36murl[0m=[35m'https://news.google.com/rss/search?q=TPR+stock+news&hl=en-US&gl=US&ceid=US:en'[0m
[2m2026-04-05T08:34:57.971436Z[0m [[32m[1minfo     [0m] [1mparsed                        [0m [36mchannel[0m=[35mgoogle_broad[0m [36mraw[0m=[35m62[0m
[2m2026-04-05T08:35:00.423118Z[0m [[32m[1minfo     [0m] [1mfetch                         [0m [36mstatus[0m=[35m200[0m [36murl[0m=[35m'https://news.google.com/rss/search?q=TPR+earnings+analysis&hl=en-US&gl=US&ceid=US:en'[0m
[2m2026-04-05T08:35:00.465250Z[0m [[32m[1minfo     [0m] [1mparsed                        [0m [36mchannel[0m=[35mgoogle_broad[0m [36mraw[0m=[35m46[0m
[2m2026-04-05T08:35:00.465976Z[0m [[32m[1minfo     [0m] [1mquality_filter                [0m [36minput[0m=[35m146[0m [36mpassed[0m=[35m0[0m
[2m2026-04-05T08:35:00.466109Z[0m [[32m[1minfo     [0m] [1mdedup                         [0m [36mafter[0m=[35m0[0m [36mbefore[0m=[35m0[0m
[2m2026-04-05T08:35:00.466183Z[0m [[32m[1minfo     [0m] [1mfulltext_selection            [0m [36mcandidates[0m=[35m0[0m [36mfiltered[0m=[35m0[0m [36mmode[0m=[35mhigh-value[0m [36mticker[0m=[35mTPR[0m
[2m2026-04-05T08:35:00.467062Z[0m [[32m[1minfo     [0m] [1mcrawling                      [0m [36mchannel[0m=[35mGoogle->Benzinga[0m [36mtag[0m=[35mgoogle_benzinga[0m
[2m2026-04-05T08:35:02.941620Z[0m [[32m[1minfo     [0m] [1mfetch                         [0m [36mstatus[0m=[35m200[0m [36murl[0m=[35m'https://news.google.com/rss/search?q=WAT+site:benzinga.com&hl=en-US&gl=US&ceid=US:en'[0m
[2m2026-04-05T08:35:02.979578Z[0m [[32m[1minfo     [0m] [1mparsed                        [0m [36mchannel[0m=[35mgoogle_benzinga[0m [36mraw[0m=[35m50[0m
[2m2026-04-05T08:35:04.985183Z[0m [[32m[1minfo     [0m] [1mfetch                         [0m [36mstatus[0m=[35m200[0m [36murl[0m=[35m'https://news.google.com/rss/search?q=WAT+site:benzinga.com&hl=en-US&gl=US&ceid=US:en'[0m
[2m2026-04-05T08:35:05.018695Z[0m [[32m[1minfo     [0m] [1mparsed                        [0m [36mchannel[0m=[35mgoogle_benzinga[0m [36mraw[0m=[35m50[0m
[2m2026-04-05T08:35:05.018862Z[0m [[32m[1minfo     [0m] [1mcrawling                      [0m [36mchannel[0m=[35m'Google News (all)'[0m [36mtag[0m=[35mgoogle_broad[0m
[2m2026-04-05T08:35:07.691497Z[0m [[32m[1minfo     [0m] [1mfetch                         [0m [36mstatus[0m=[35m200[0m [36murl[0m=[35m'https://news.google.com/rss/search?q=WAT+stock+news&hl=en-US&gl=US&ceid=US:en'[0m
[2m2026-04-05T08:35:07.748258Z[0m [[32m[1minfo     [0m] [1mparsed                        [0m [36mchannel[0m=[35mgoogle_broad[0m [36mraw[0m=[35m60[0m
[2m2026-04-05T08:35:10.224654Z[0m [[32m[1minfo     [0m] [1mfetch                         [0m [36mstatus[0m=[35m200[0m [36murl[0m=[35m'https://news.google.com/rss/search?q=WAT+earnings+analysis&hl=en-US&gl=US&ceid=US:en'[0m
[2m2026-04-05T08:35:10.260612Z[0m [[32m[1minfo     [0m] [1mparsed                        [0m [36mchannel[0m=[35mgoogle_broad[0m [36mraw[0m=[35m47[0m
[2m2026-04-05T08:35:10.261477Z[0m [[32m[1minfo     [0m] [1mquality_filter                [0m [36minput[0m=[35m207[0m [36mpassed[0m=[35m0[0m
[2m2026-04-05T08:35:10.261610Z[0m [[32m[1minfo     [0m] [1mdedup                         [0m [36mafter[0m=[35m0[0m [36mbefore[0m=[35m0[0m
[2m2026-04-05T08:35:10.261683Z[0m [[32m[1minfo     [0m] [1mfulltext_selection            [0m [36mcandidates[0m=[35m0[0m [36mfiltered[0m=[35m0[0m [36mmode[0m=[35mhigh-value[0m [36mticker[0m=[35mWAT[0m
[2m2026-04-05T08:35:10.262505Z[0m [[32m[1minfo     [0m] [1mcrawling                      [0m [36mchannel[0m=[35mGoogle->Benzinga[0m [36mtag[0m=[35mgoogle_benzinga[0m
[2m2026-04-05T08:35:12.752072Z[0m [[32m[1minfo     [0m] [1mfetch                         [0m [36mstatus[0m=[35m200[0m [36murl[0m=[35m'https://news.google.com/rss/search?q=CTSH+site:benzinga.com&hl=en-US&gl=US&ceid=US:en'[0m
[2m2026-04-05T08:35:12.771997Z[0m [[32m[1minfo     [0m] [1mparsed                        [0m [36mchannel[0m=[35mgoogle_benzinga[0m [36mraw[0m=[35m31[0m
[2m2026-04-05T08:35:14.777260Z[0m [[32m[1minfo     [0m] [1mfetch                         [0m [36mstatus[0m=[35m200[0m [36murl[0m=[35m'https://news.google.com/rss/search?q=CTSH+site:benzinga.com&hl=en-US&gl=US&ceid=US:en'[0m
[2m2026-04-05T08:35:14.796863Z[0m [[32m[1minfo     [0m] [1mparsed                        [0m [36mchannel[0m=[35mgoogle_benzinga[0m [36mraw[0m=[35m31[0m
[2m2026-04-05T08:35:14.797020Z[0m [[32m[1minfo     [0m] [1mcrawling                      [0m [36mchannel[0m=[35m'Google News (all)'[0m [36mtag[0m=[35mgoogle_broad[0m
[2m2026-04-05T08:35:17.329277Z[0m [[32m[1minfo     [0m] [1mfetch                         [0m [36mstatus[0m=[35m200[0m [36murl[0m=[35m'https://news.google.com/rss/search?q=CTSH+stock+news&hl=en-US&gl=US&ceid=US:en'[0m
[2m2026-04-05T08:35:17.473261Z[0m [[32m[1minfo     [0m] [1mparsed                        [0m [36mchannel[0m=[35mgoogle_broad[0m [36mraw[0m=[35m100[0m
[2m2026-04-05T08:35:19.933766Z[0m [[32m[1minfo     [0m] [1mfetch                         [0m [36mstatus[0m=[35m200[0m [36murl[0m=[35m'https://news.google.com/rss/search?q=CTSH+earnings+analysis&hl=en-US&gl=US&ceid=US:en'[0m
[2m2026-04-05T08:35:19.977355Z[0m [[32m[1minfo     [0m] [1mparsed                        [0m [36mchannel[0m=[35mgoogle_broad[0m [36mraw[0m=[35m49[0m
[2m2026-04-05T08:35:19.978587Z[0m [[32m[1minfo     [0m] [1mquality_filter                [0m [36minput[0m=[35m211[0m [36mpassed[0m=[35m1[0m
[2m2026-04-05T08:35:19.978859Z[0m [[32m[1minfo     [0m] [1mdedup                         [0m [36mafter[0m=[35m1[0m [36mbefore[0m=[35m1[0m
[2m2026-04-05T08:35:19.978962Z[0m [[32m[1minfo     [0m] [1mfulltext_selection            [0m [36mcandidates[0m=[35m0[0m [36mfiltered[0m=[35m1[0m [36mmode[0m=[35mhigh-value[0m [36mticker[0m=[35mCTSH[0m
[2m2026-04-05T08:35:19.979708Z[0m [[32m[1minfo     [0m] [1mcrawling                      [0m [36mchannel[0m=[35mGoogle->Benzinga[0m [36mtag[0m=[35mgoogle_benzinga[0m
[2m2026-04-05T08:35:22.400333Z[0m [[32m[1minfo     [0m] [1mfetch                         [0m [36mstatus[0m=[35m200[0m [36murl[0m=[35m'https://news.google.com/rss/search?q=DTE+site:benzinga.com&hl=en-US&gl=US&ceid=US:en'[0m
[2m2026-04-05T08:35:22.428040Z[0m [[32m[1minfo     [0m] [1mparsed                        [0m [36mchannel[0m=[35mgoogle_benzinga[0m [36mraw[0m=[35m35[0m
[2m2026-04-05T08:35:24.433305Z[0m [[32m[1minfo     [0m] [1mfetch                         [0m [36mstatus[0m=[35m200[0m [36murl[0m=[35m'https://news.google.com/rss/search?q=DTE+site:benzinga.com&hl=en-US&gl=US&ceid=US:en'[0m
[2m2026-04-05T08:35:24.455260Z[0m [[32m[1minfo     [0m] [1mparsed                        [0m [36mchannel[0m=[35mgoogle_benzinga[0m [36mraw[0m=[35m35[0m
[2m2026-04-05T08:35:24.455417Z[0m [[32m[1minfo     [0m] [1mcrawling                      [0m [36mchannel[0m=[35m'Google News (all)'[0m [36mtag[0m=[35mgoogle_broad[0m
[2m2026-04-05T08:35:27.034033Z[0m [[32m[1minfo     [0m] [1mfetch                         [0m [36mstatus[0m=[35m200[0m [36murl[0m=[35m'https://news.google.com/rss/search?q=DTE+stock+news&hl=en-US&gl=US&ceid=US:en'[0m
[2m2026-04-05T08:35:27.155310Z[0m [[32m[1minfo     [0m] [1mparsed                        [0m [36mchannel[0m=[35mgoogle_broad[0m [36mraw[0m=[35m79[0m
[2m2026-04-05T08:35:29.595722Z[0m [[32m[1minfo     [0m] [1mfetch                         [0m [36mstatus[0m=[35m200[0m [36murl[0m=[35m'https://news.google.com/rss/search?q=DTE+earnings+analysis&hl=en-US&gl=US&ceid=US:en'[0m
[2m2026-04-05T08:35:29.640128Z[0m [[32m[1minfo     [0m] [1mparsed                        [0m [36mchannel[0m=[35mgoogle_broad[0m [36mraw[0m=[35m49[0m
[2m2026-04-05T08:35:29.641433Z[0m [[32m[1minfo     [0m] [1mquality_filter                [0m [36minput[0m=[35m198[0m [36mpassed[0m=[35m2[0m
[2m2026-04-05T08:35:29.641850Z[0m [[32m[1minfo     [0m] [1mdedup                         [0m [36mafter[0m=[35m2[0m [36mbefore[0m=[35m2[0m
[2m2026-04-05T08:35:29.641969Z[0m [[32m[1minfo     [0m] [1mfulltext_selection            [0m [36mcandidates[0m=[35m1[0m [36mfiltered[0m=[35m2[0m [36mmode[0m=[35mhigh-value[0m [36mticker[0m=[35mDTE[0m
[2m2026-04-05T08:35:32.478573Z[0m [[32m[1minfo     [0m] [1mfetch                         [0m [36mstatus[0m=[35m200[0m [36murl[0m=[35mhttps://intellectia.ai/en/stock/DTE/earnings[0m
[2m2026-04-05T08:35:33.090499Z[0m [[32m[1minfo     [0m] [1mcrawling                      [0m [36mchannel[0m=[35mGoogle->Benzinga[0m [36mtag[0m=[35mgoogle_benzinga[0m
[2m2026-04-05T08:35:35.473515Z[0m [[32m[1minfo     [0m] [1mfetch                         [0m [36mstatus[0m=[35m200[0m [36murl[0m=[35m'https://news.google.com/rss/search?q=DOV+site:benzinga.com&hl=en-US&gl=US&ceid=US:en'[0m
[2m2026-04-05T08:35:35.483610Z[0m [[32m[1minfo     [0m] [1mparsed                        [0m [36mchannel[0m=[35mgoogle_benzinga[0m [36mraw[0m=[35m14[0m
[2m2026-04-05T08:35:37.489023Z[0m [[32m[1minfo     [0m] [1mfetch                         [0m [36mstatus[0m=[35m200[0m [36murl[0m=[35m'https://news.google.com/rss/search?q=DOV+site:benzinga.com&hl=en-US&gl=US&ceid=US:en'[0m
[2m2026-04-05T08:35:37.499150Z[0m [[32m[1minfo     [0m] [1mparsed                        [0m [36mchannel[0m=[35mgoogle_benzinga[0m [36mraw[0m=[35m14[0m
[2m2026-04-05T08:35:37.499324Z[0m [[32m[1minfo     [0m] [1mcrawling                      [0m [36mchannel[0m=[35m'Google News (all)'[0m [36mtag[0m=[35mgoogle_broad[0m
[2m2026-04-05T08:35:39.917077Z[0m [[32m[1minfo     [0m] [1mfetch                         [0m [36mstatus[0m=[35m200[0m [36murl[0m=[35m'https://news.google.com/rss/search?q=DOV+stock+news&hl=en-US&gl=US&ceid=US:en'[0m
[2m2026-04-05T08:35:39.968021Z[0m [[32m[1minfo     [0m] [1mparsed                        [0m [36mchannel[0m=[35mgoogle_broad[0m [36mraw[0m=[35m58[0m
[2m2026-04-05T08:35:42.373113Z[0m [[32m[1minfo     [0m] [1mfetch                         [0m [36mstatus[0m=[35m200[0m [36murl[0m=[35m'https://news.google.com/rss/search?q=DOV+earnings+analysis&hl=en-US&gl=US&ceid=US:en'[0m
[2m2026-04-05T08:35:42.415237Z[0m [[32m[1minfo     [0m] [1mparsed                        [0m [36mchannel[0m=[35mgoogle_broad[0m [36mraw[0m=[35m46[0m
[2m2026-04-05T08:35:42.415931Z[0m [[32m[1minfo     [0m] [1mquality_filter                [0m [36minput[0m=[35m132[0m [36mpassed[0m=[35m0[0m
[2m2026-04-05T08:35:42.416049Z[0m [[32m[1minfo     [0m] [1mdedup                         [0m [36mafter[0m=[35m0[0m [36mbefore[0m=[35m0[0m
[2m2026-04-05T08:35:42.416122Z[0m [[32m[1minfo     [0m] [1mfulltext_selection            [0m [36mcandidates[0m=[35m0[0m [36mfiltered[0m=[35m0[0m [36mmode[0m=[35mhigh-value[0m [36mticker[0m=[35mDOV[0m
[2m2026-04-05T08:35:42.417004Z[0m [[32m[1minfo     [0m] [1mcrawling                      [0m [36mchannel[0m=[35mGoogle->Benzinga[0m [36mtag[0m=[35mgoogle_benzinga[0m
[2m2026-04-05T08:35:44.890276Z[0m [[32m[1minfo     [0m] [1mfetch                         [0m [36mstatus[0m=[35m200[0m [36murl[0m=[35m'https://news.google.com/rss/search?q=ULTA+site:benzinga.com&hl=en-US&gl=US&ceid=US:en'[0m
[2m2026-04-05T08:35:45.020306Z[0m [[32m[1minfo     [0m] [1mparsed                        [0m [36mchannel[0m=[35mgoogle_benzinga[0m [36mraw[0m=[35m78[0m
[2m2026-04-05T08:35:47.025718Z[0m [[32m[1minfo     [0m] [1mfetch                         [0m [36mstatus[0m=[35m200[0m [36murl[0m=[35m'https://news.google.com/rss/search?q=ULTA+site:benzinga.com&hl=en-US&gl=US&ceid=US:en'[0m
[2m2026-04-05T08:35:47.072638Z[0m [[32m[1minfo     [0m] [1mparsed                        [0m [36mchannel[0m=[35mgoogle_benzinga[0m [36mraw[0m=[35m78[0m
[2m2026-04-05T08:35:47.072808Z[0m [[32m[1minfo     [0m] [1mcrawling                      [0m [36mchannel[0m=[35m'Google News (all)'[0m [36mtag[0m=[35mgoogle_broad[0m
[2m2026-04-05T08:35:49.713475Z[0m [[32m[1minfo     [0m] [1mfetch                         [0m [36mstatus[0m=[35m200[0m [36murl[0m=[35m'https://news.google.com/rss/search?q=ULTA+stock+news&hl=en-US&gl=US&ceid=US:en'[0m
[2m2026-04-05T08:35:49.857110Z[0m [[32m[1minfo     [0m] [1mparsed                        [0m [36mchannel[0m=[35mgoogle_broad[0m [36mraw[0m=[35m100[0m
[2m2026-04-05T08:35:52.340958Z[0m [[32m[1minfo     [0m] [1mfetch                         [0m [36mstatus[0m=[35m200[0m [36murl[0m=[35m'https://news.google.com/rss/search?q=ULTA+earnings+analysis&hl=en-US&gl=US&ceid=US:en'[0m
[2m2026-04-05T08:35:52.463139Z[0m [[32m[1minfo     [0m] [1mparsed                        [0m [36mchannel[0m=[35mgoogle_broad[0m [36mraw[0m=[35m75[0m
[2m2026-04-05T08:35:52.465440Z[0m [[32m[1minfo     [0m] [1mquality_filter                [0m [36minput[0m=[35m331[0m [36mpassed[0m=[35m7[0m
[2m2026-04-05T08:35:52.466347Z[0m [[32m[1minfo     [0m] [1mdedup                         [0m [36mafter[0m=[35m5[0m [36mbefore[0m=[35m7[0m
[2m2026-04-05T08:35:52.466505Z[0m [[32m[1minfo     [0m] [1mfulltext_selection            [0m [36mcandidates[0m=[35m2[0m [36mfiltered[0m=[35m5[0m [36mmode[0m=[35mhigh-value[0m [36mticker[0m=[35mULTA[0m
[2m2026-04-05T08:35:54.911674Z[0m [[32m[1minfo     [0m] [1mfetch                         [0m [36mstatus[0m=[35m200[0m [36murl[0m=[35mhttps://intellectia.ai/en/stock/ULTA/earnings[0m
[2m2026-04-05T08:35:55.937664Z[0m [[31m[1merror    [0m] [1mfetch_error                   [0m [36merror[0m=[35m'400, message=\'Got more than 8190 bytes when reading: b"connect-src \\\'self\\\' wss:'[0m [36murl[0m=[35mhttps://finance.yahoo.com/markets/stocks/articles/ulta-beauty-ulta-val[0m
[2m2026-04-05T08:35:56.140919Z[0m [[32m[1minfo     [0m] [1mcrawling                      [0m [36mchannel[0m=[35mGoogle->Benzinga[0m [36mtag[0m=[35mgoogle_benzinga[0m
[2m2026-04-05T08:35:58.541330Z[0m [[32m[1minfo     [0m] [1mfetch                         [0m [36mstatus[0m=[35m200[0m [36murl[0m=[35m'https://news.google.com/rss/search?q=IQV+site:benzinga.com&hl=en-US&gl=US&ceid=US:en'[0m
[2m2026-04-05T08:35:58.554994Z[0m [[32m[1minfo     [0m] [1mparsed                        [0m [36mchannel[0m=[35mgoogle_benzinga[0m [36mraw[0m=[35m10[0m
[2m2026-04-05T08:36:00.559981Z[0m [[32m[1minfo     [0m] [1mfetch                         [0m [36mstatus[0m=[35m200[0m [36murl[0m=[35m'https://news.google.com/rss/search?q=IQV+site:benzinga.com&hl=en-US&gl=US&ceid=US:en'[0m
[2m2026-04-05T08:36:00.567907Z[0m [[32m[1minfo     [0m] [1mparsed                        [0m [36mchannel[0m=[35mgoogle_benzinga[0m [36mraw[0m=[35m10[0m
[2m2026-04-05T08:36:00.568064Z[0m [[32m[1minfo     [0m] [1mcrawling                      [0m [36mchannel[0m=[35m'Google News (all)'[0m [36mtag[0m=[35mgoogle_broad[0m
[2m2026-04-05T08:36:03.019314Z[0m [[32m[1minfo     [0m] [1mfetch                         [0m [36mstatus[0m=[35m200[0m [36murl[0m=[35m'https://news.google.com/rss/search?q=IQV+stock+news&hl=en-US&gl=US&ceid=US:en'[0m
[2m2026-04-05T08:36:03.184621Z[0m [[32m[1minfo     [0m] [1mparsed                        [0m [36mchannel[0m=[35mgoogle_broad[0m [36mraw[0m=[35m92[0m
[2m2026-04-05T08:36:05.695954Z[0m [[32m[1minfo     [0m] [1mfetch                         [0m [36mstatus[0m=[35m200[0m [36murl[0m=[35m'https://news.google.com/rss/search?q=IQV+earnings+analysis&hl=en-US&gl=US&ceid=US:en'[0m
[2m2026-04-05T08:36:05.729839Z[0m [[32m[1minfo     [0m] [1mparsed                        [0m [36mchannel[0m=[35mgoogle_broad[0m [36mraw[0m=[35m44[0m
[2m2026-04-05T08:36:05.730614Z[0m [[32m[1minfo     [0m] [1mquality_filter                [0m [36minput[0m=[35m156[0m [36mpassed[0m=[35m0[0m
[2m2026-04-05T08:36:05.730742Z[0m [[32m[1minfo     [0m] [1mdedup                         [0m [36mafter[0m=[35m0[0m [36mbefore[0m=[35m0[0m
[2m2026-04-05T08:36:05.730813Z[0m [[32m[1minfo     [0m] [1mfulltext_selection            [0m [36mcandidates[0m=[35m0[0m [36mfiltered[0m=[35m0[0m [36mmode[0m=[35mhigh-value[0m [36mticker[0m=[35mIQV[0m
[2m2026-04-05T08:36:05.731625Z[0m [[32m[1minfo     [0m] [1mcrawling                      [0m [36mchannel[0m=[35mGoogle->Benzinga[0m [36mtag[0m=[35mgoogle_benzinga[0m
[2m2026-04-05T08:36:08.137674Z[0m [[32m[1minfo     [0m] [1mfetch                         [0m [36mstatus[0m=[35m200[0m [36murl[0m=[35m'https://news.google.com/rss/search?q=RJF+site:benzinga.com&hl=en-US&gl=US&ceid=US:en'[0m
[2m2026-04-05T08:36:08.151797Z[0m [[32m[1minfo     [0m] [1mparsed                        [0m [36mchannel[0m=[35mgoogle_benzinga[0m [36mraw[0m=[35m21[0m
[2m2026-04-05T08:36:10.156816Z[0m [[32m[1minfo     [0m] [1mfetch                         [0m [36mstatus[0m=[35m200[0m [36murl[0m=[35m'https://news.google.com/rss/search?q=RJF+site:benzinga.com&hl=en-US&gl=US&ceid=US:en'[0m
[2m2026-04-05T08:36:10.171582Z[0m [[32m[1minfo     [0m] [1mparsed                        [0m [36mchannel[0m=[35mgoogle_benzinga[0m [36mraw[0m=[35m21[0m
[2m2026-04-05T08:36:10.171738Z[0m [[32m[1minfo     [0m] [1mcrawling                      [0m [36mchannel[0m=[35m'Google News (all)'[0m [36mtag[0m=[35mgoogle_broad[0m
[2m2026-04-05T08:36:12.639491Z[0m [[32m[1minfo     [0m] [1mfetch                         [0m [36mstatus[0m=[35m200[0m [36murl[0m=[35m'https://news.google.com/rss/search?q=RJF+stock+news&hl=en-US&gl=US&ceid=US:en'[0m
[2m2026-04-05T08:36:12.702449Z[0m [[32m[1minfo     [0m] [1mparsed                        [0m [36mchannel[0m=[35mgoogle_broad[0m [36mraw[0m=[35m66[0m
[2m2026-04-05T08:36:15.116256Z[0m [[32m[1minfo     [0m] [1mfetch                         [0m [36mstatus[0m=[35m200[0m [36murl[0m=[35m'https://news.google.com/rss/search?q=RJF+earnings+analysis&hl=en-US&gl=US&ceid=US:en'[0m
[2m2026-04-05T08:36:15.147865Z[0m [[32m[1minfo     [0m] [1mparsed                        [0m [36mchannel[0m=[35mgoogle_broad[0m [36mraw[0m=[35m40[0m
[2m2026-04-05T08:36:15.148931Z[0m [[32m[1minfo     [0m] [1mquality_filter                [0m [36minput[0m=[35m148[0m [36mpassed[0m=[35m1[0m
[2m2026-04-05T08:36:15.149264Z[0m [[32m[1minfo     [0m] [1mdedup                         [0m [36mafter[0m=[35m1[0m [36mbefore[0m=[35m1[0m
[2m2026-04-05T08:36:15.149378Z[0m [[32m[1minfo     [0m] [1mfulltext_selection            [0m [36mcandidates[0m=[35m1[0m [36mfiltered[0m=[35m1[0m [36mmode[0m=[35mhigh-value[0m [36mticker[0m=[35mRJF[0m
[2m2026-04-05T08:36:18.141995Z[0m [[32m[1minfo     [0m] [1mfetch                         [0m [36mstatus[0m=[35m200[0m [36murl[0m=[35mhttps://intellectia.ai/en/stock/RJF/technical[0m
[2m2026-04-05T08:36:18.750794Z[0m [[32m[1minfo     [0m] [1mcrawling                      [0m [36mchannel[0m=[35mGoogle->Benzinga[0m [36mtag[0m=[35mgoogle_benzinga[0m
[2m2026-04-05T08:36:21.213367Z[0m [[32m[1minfo     [0m] [1mfetch                         [0m [36mstatus[0m=[35m200[0m [36murl[0m=[35m'https://news.google.com/rss/search?q=HAL+site:benzinga.com&hl=en-US&gl=US&ceid=US:en'[0m
[2m2026-04-05T08:36:21.326352Z[0m [[32m[1minfo     [0m] [1mparsed                        [0m [36mchannel[0m=[35mgoogle_benzinga[0m [36mraw[0m=[35m67[0m
[2m2026-04-05T08:36:23.331857Z[0m [[32m[1minfo     [0m] [1mfetch                         [0m [36mstatus[0m=[35m200[0m [36murl[0m=[35m'https://news.google.com/rss/search?q=HAL+site:benzinga.com&hl=en-US&gl=US&ceid=US:en'[0m
[2m2026-04-05T08:36:23.372878Z[0m [[32m[1minfo     [0m] [1mparsed                        [0m [36mchannel[0m=[35mgoogle_benzinga[0m [36mraw[0m=[35m67[0m
[2m2026-04-05T08:36:23.373041Z[0m [[32m[1minfo     [0m] [1mcrawling                      [0m [36mchannel[0m=[35m'Google News (all)'[0m [36mtag[0m=[35mgoogle_broad[0m
[2m2026-04-05T08:36:26.000660Z[0m [[32m[1minfo     [0m] [1mfetch                         [0m [36mstatus[0m=[35m200[0m [36murl[0m=[35m'https://news.google.com/rss/search?q=HAL+stock+news&hl=en-US&gl=US&ceid=US:en'[0m
[2m2026-04-05T08:36:26.173722Z[0m [[32m[1minfo     [0m] [1mparsed                        [0m [36mchannel[0m=[35mgoogle_broad[0m [36mraw[0m=[35m100[0m
[2m2026-04-05T08:36:28.666398Z[0m [[32m[1minfo     [0m] [1mfetch                         [0m [36mstatus[0m=[35m200[0m [36murl[0m=[35m'https://news.google.com/rss/search?q=HAL+earnings+analysis&hl=en-US&gl=US&ceid=US:en'[0m
[2m2026-04-05T08:36:28.779025Z[0m [[32m[1minfo     [0m] [1mparsed                        [0m [36mchannel[0m=[35mgoogle_broad[0m [36mraw[0m=[35m59[0m
[2m2026-04-05T08:36:28.780575Z[0m [[32m[1minfo     [0m] [1mquality_filter                [0m [36minput[0m=[35m293[0m [36mpassed[0m=[35m3[0m
[2m2026-04-05T08:36:28.781071Z[0m [[32m[1minfo     [0m] [1mdedup                         [0m [36mafter[0m=[35m3[0m [36mbefore[0m=[35m3[0m
[2m2026-04-05T08:36:28.781204Z[0m [[32m[1minfo     [0m] [1mfulltext_selection            [0m [36mcandidates[0m=[35m1[0m [36mfiltered[0m=[35m3[0m [36mmode[0m=[35mhigh-value[0m [36mticker[0m=[35mHAL[0m
[2m2026-04-05T08:36:31.698983Z[0m [[32m[1minfo     [0m] [1mfetch                         [0m [36mstatus[0m=[35m200[0m [36murl[0m=[35mhttps://intellectia.ai/en/stock/HAL/earnings[0m
[2m2026-04-05T08:36:32.304982Z[0m [[32m[1minfo     [0m] [1mcrawling                      [0m [36mchannel[0m=[35mGoogle->Benzinga[0m [36mtag[0m=[35mgoogle_benzinga[0m
[2m2026-04-05T08:36:34.741790Z[0m [[32m[1minfo     [0m] [1mfetch                         [0m [36mstatus[0m=[35m200[0m [36murl[0m=[35m'https://news.google.com/rss/search?q=CHTR+site:benzinga.com&hl=en-US&gl=US&ceid=US:en'[0m
[2m2026-04-05T08:36:34.773594Z[0m [[32m[1minfo     [0m] [1mparsed                        [0m [36mchannel[0m=[35mgoogle_benzinga[0m [36mraw[0m=[35m41[0m
[2m2026-04-05T08:36:36.783439Z[0m [[32m[1minfo     [0m] [1mfetch                         [0m [36mstatus[0m=[35m200[0m [36murl[0m=[35m'https://news.google.com/rss/search?q=CHTR+site:benzinga.com&hl=en-US&gl=US&ceid=US:en'[0m
[2m2026-04-05T08:36:36.810462Z[0m [[32m[1minfo     [0m] [1mparsed                        [0m [36mchannel[0m=[35mgoogle_benzinga[0m [36mraw[0m=[35m41[0m
[2m2026-04-05T08:36:36.810621Z[0m [[32m[1minfo     [0m] [1mcrawling                      [0m [36mchannel[0m=[35m'Google News (all)'[0m [36mtag[0m=[35mgoogle_broad[0m
[2m2026-04-05T08:36:39.297110Z[0m [[32m[1minfo     [0m] [1mfetch                         [0m [36mstatus[0m=[35m200[0m [36murl[0m=[35m'https://news.google.com/rss/search?q=CHTR+stock+news&hl=en-US&gl=US&ceid=US:en'[0m
[2m2026-04-05T08:36:39.441166Z[0m [[32m[1minfo     [0m] [1mparsed                        [0m [36mchannel[0m=[35mgoogle_broad[0m [36mraw[0m=[35m100[0m
[2m2026-04-05T08:36:41.869658Z[0m [[32m[1minfo     [0m] [1mfetch                         [0m [36mstatus[0m=[35m200[0m [36murl[0m=[35m'https://news.google.com/rss/search?q=CHTR+earnings+analysis&hl=en-US&gl=US&ceid=US:en'[0m
[2m2026-04-05T08:36:41.902564Z[0m [[32m[1minfo     [0m] [1mparsed                        [0m [36mchannel[0m=[35mgoogle_broad[0m [36mraw[0m=[35m42[0m
[2m2026-04-05T08:36:41.903796Z[0m [[32m[1minfo     [0m] [1mquality_filter                [0m [36minput[0m=[35m224[0m [36mpassed[0m=[35m1[0m
[2m2026-04-05T08:36:41.904134Z[0m [[32m[1minfo     [0m] [1mdedup                         [0m [36mafter[0m=[35m1[0m [36mbefore[0m=[35m1[0m
[2m2026-04-05T08:36:41.904293Z[0m [[32m[1minfo     [0m] [1mfulltext_selection            [0m [36mcandidates[0m=[35m0[0m [36mfiltered[0m=[35m1[0m [36mmode[0m=[35mhigh-value[0m [36mticker[0m=[35mCHTR[0m
[2m2026-04-05T08:36:41.905082Z[0m [[32m[1minfo     [0m] [1mcrawling                      [0m [36mchannel[0m=[35mGoogle->Benzinga[0m [36mtag[0m=[35mgoogle_benzinga[0m
[2m2026-04-05T08:36:44.283574Z[0m [[32m[1minfo     [0m] [1mfetch                         [0m [36mstatus[0m=[35m200[0m [36murl[0m=[35m'https://news.google.com/rss/search?q=FE+first+energy+site:benzinga.com&hl=en-US&gl=US&ceid'[0m
[2m2026-04-05T08:36:44.289894Z[0m [[32m[1minfo     [0m] [1mparsed                        [0m [36mchannel[0m=[35mgoogle_benzinga[0m [36mraw[0m=[35m7[0m
[2m2026-04-05T08:36:46.933658Z[0m [[32m[1minfo     [0m] [1mfetch                         [0m [36mstatus[0m=[35m200[0m [36murl[0m=[35m'https://news.google.com/rss/search?q=first+energy+site:benzinga.com&hl=en-US&gl=US&ceid=US'[0m
[2m2026-04-05T08:36:47.065931Z[0m [[32m[1minfo     [0m] [1mparsed                        [0m [36mchannel[0m=[35mgoogle_benzinga[0m [36mraw[0m=[35m100[0m
[2m2026-04-05T08:36:47.066099Z[0m [[32m[1minfo     [0m] [1mcrawling                      [0m [36mchannel[0m=[35m'Google News (all)'[0m [36mtag[0m=[35mgoogle_broad[0m
[2m2026-04-05T08:36:49.662613Z[0m [[32m[1minfo     [0m] [1mfetch                         [0m [36mstatus[0m=[35m200[0m [36murl[0m=[35m'https://news.google.com/rss/search?q=FE+first+energy+stock+news&hl=en-US&gl=US&ceid=US:en'[0m
[2m2026-04-05T08:36:49.806063Z[0m [[32m[1minfo     [0m] [1mparsed                        [0m [36mchannel[0m=[35mgoogle_broad[0m [36mraw[0m=[35m100[0m
[2m2026-04-05T08:36:52.314915Z[0m [[32m[1minfo     [0m] [1mfetch                         [0m [36mstatus[0m=[35m200[0m [36murl[0m=[35m'https://news.google.com/rss/search?q=FE+first+energy+earnings+analysis&hl=en-US&gl=US&ceid'[0m
[2m2026-04-05T08:36:52.375554Z[0m [[32m[1minfo     [0m] [1mparsed                        [0m [36mchannel[0m=[35mgoogle_broad[0m [36mraw[0m=[35m67[0m
[2m2026-04-05T08:36:52.379500Z[0m [[32m[1minfo     [0m] [1mquality_filter                [0m [36minput[0m=[35m274[0m [36mpassed[0m=[35m13[0m
[2m2026-04-05T08:36:52.381398Z[0m [[32m[1minfo     [0m] [1mdedup                         [0m [36mafter[0m=[35m11[0m [36mbefore[0m=[35m13[0m
[2m2026-04-05T08:36:52.381689Z[0m [[32m[1minfo     [0m] [1mfulltext_selection            [0m [36mcandidates[0m=[35m4[0m [36mfiltered[0m=[35m11[0m [36mmode[0m=[35mhigh-value[0m [36mticker[0m=[35mFE[0m
[2m2026-04-05T08:36:54.074427Z[0m [[32m[1minfo     [0m] [1mfetch                         [0m [36mstatus[0m=[35m200[0m [36murl[0m=[35mhttps://www.marketbeat.com/instant-alerts/firstenergy-corporation-nysefe-given-consensus-r[0m
[2m2026-04-05T08:36:54.539774Z[0m [[32m[1minfo     [0m] [1mfetch                         [0m [36mstatus[0m=[35m200[0m [36murl[0m=[35mhttps://www.marketbeat.com/instant-alerts/filing-firstenergy-corporation-fe-position-boost[0m
[2m2026-04-05T08:36:55.093670Z[0m [[32m[1minfo     [0m] [1mfetch                         [0m [36mstatus[0m=[35m200[0m [36murl[0m=[35mhttps://www.stocktitan.net/sec-filings/FE/form-4-firstenergy-corp-insider-trading-activity[0m
[2m2026-04-05T08:36:55.418309Z[0m [[32m[1minfo     [0m] [1mfetch                         [0m [36mstatus[0m=[35m200[0m [36murl[0m=[35mhttps://www.stocktitan.net/sec-filings/FE/form-4-firstenergy-corp-insider-trading-activity[0m
[2m2026-04-05T08:36:55.646732Z[0m [[32m[1minfo     [0m] [1mcrawling                      [0m [36mchannel[0m=[35mGoogle->Benzinga[0m [36mtag[0m=[35mgoogle_benzinga[0m
[2m2026-04-05T08:36:58.032682Z[0m [[32m[1minfo     [0m] [1mfetch                         [0m [36mstatus[0m=[35m200[0m [36murl[0m=[35m'https://news.google.com/rss/search?q=ROL+site:benzinga.com&hl=en-US&gl=US&ceid=US:en'[0m
[2m2026-04-05T08:36:58.046807Z[0m [[32m[1minfo     [0m] [1mparsed                        [0m [36mchannel[0m=[35mgoogle_benzinga[0m [36mraw[0m=[35m11[0m
[2m2026-04-05T08:37:00.053494Z[0m [[32m[1minfo     [0m] [1mfetch                         [0m [36mstatus[0m=[35m200[0m [36murl[0m=[35m'https://news.google.com/rss/search?q=ROL+site:benzinga.com&hl=en-US&gl=US&ceid=US:en'[0m
[2m2026-04-05T08:37:00.085957Z[0m [[32m[1minfo     [0m] [1mparsed                        [0m [36mchannel[0m=[35mgoogle_benzinga[0m [36mraw[0m=[35m11[0m
[2m2026-04-05T08:37:00.086139Z[0m [[32m[1minfo     [0m] [1mcrawling                      [0m [36mchannel[0m=[35m'Google News (all)'[0m [36mtag[0m=[35mgoogle_broad[0m
[2m2026-04-05T08:37:02.505840Z[0m [[32m[1minfo     [0m] [1mfetch                         [0m [36mstatus[0m=[35m200[0m [36murl[0m=[35m'https://news.google.com/rss/search?q=ROL+stock+news&hl=en-US&gl=US&ceid=US:en'[0m
[2m2026-04-05T08:37:02.565685Z[0m [[32m[1minfo     [0m] [1mparsed                        [0m [36mchannel[0m=[35mgoogle_broad[0m [36mraw[0m=[35m52[0m
[2m2026-04-05T08:37:05.004976Z[0m [[32m[1minfo     [0m] [1mfetch                         [0m [36mstatus[0m=[35m200[0m [36murl[0m=[35m'https://news.google.com/rss/search?q=ROL+earnings+analysis&hl=en-US&gl=US&ceid=US:en'[0m
[2m2026-04-05T08:37:05.048463Z[0m [[32m[1minfo     [0m] [1mparsed                        [0m [36mchannel[0m=[35mgoogle_broad[0m [36mraw[0m=[35m45[0m
[2m2026-04-05T08:37:05.049435Z[0m [[32m[1minfo     [0m] [1mquality_filter                [0m [36minput[0m=[35m119[0m [36mpassed[0m=[35m0[0m
[2m2026-04-05T08:37:05.049572Z[0m [[32m[1minfo     [0m] [1mdedup                         [0m [36mafter[0m=[35m0[0m [36mbefore[0m=[35m0[0m
[2m2026-04-05T08:37:05.049645Z[0m [[32m[1minfo     [0m] [1mfulltext_selection            [0m [36mcandidates[0m=[35m0[0m [36mfiltered[0m=[35m0[0m [36mmode[0m=[35mhigh-value[0m [36mticker[0m=[35mROL[0m
[2m2026-04-05T08:37:05.050467Z[0m [[32m[1minfo     [0m] [1mcrawling                      [0m [36mchannel[0m=[35mGoogle->Benzinga[0m [36mtag[0m=[35mgoogle_benzinga[0m
[2m2026-04-05T08:37:07.927137Z[0m [[32m[1minfo     [0m] [1mfetch                         [0m [36mstatus[0m=[35m200[0m [36murl[0m=[35m'https://news.google.com/rss/search?q=PPL+site:benzinga.com&hl=en-US&gl=US&ceid=US:en'[0m
[2m2026-04-05T08:37:07.955056Z[0m [[32m[1minfo     [0m] [1mparsed                        [0m [36mchannel[0m=[35mgoogle_benzinga[0m [36mraw[0m=[35m35[0m
[2m2026-04-05T08:37:09.960398Z[0m [[32m[1minfo     [0m] [1mfetch                         [0m [36mstatus[0m=[35m200[0m [36murl[0m=[35m'https://news.google.com/rss/search?q=PPL+site:benzinga.com&hl=en-US&gl=US&ceid=US:en'[0m
[2m2026-04-05T08:37:09.982446Z[0m [[32m[1minfo     [0m] [1mparsed                        [0m [36mchannel[0m=[35mgoogle_benzinga[0m [36mraw[0m=[35m35[0m
[2m2026-04-05T08:37:09.982607Z[0m [[32m[1minfo     [0m] [1mcrawling                      [0m [36mchannel[0m=[35m'Google News (all)'[0m [36mtag[0m=[35mgoogle_broad[0m
[2m2026-04-05T08:37:12.593797Z[0m [[32m[1minfo     [0m] [1mfetch                         [0m [36mstatus[0m=[35m200[0m [36murl[0m=[35m'https://news.google.com/rss/search?q=PPL+stock+news&hl=en-US&gl=US&ceid=US:en'[0m
[2m2026-04-05T08:37:12.737614Z[0m [[32m[1minfo     [0m] [1mparsed                        [0m [36mchannel[0m=[35mgoogle_broad[0m [36mraw[0m=[35m100[0m
[2m2026-04-05T08:37:15.262410Z[0m [[32m[1minfo     [0m] [1mfetch                         [0m [36mstatus[0m=[35m200[0m [36murl[0m=[35m'https://news.google.com/rss/search?q=PPL+earnings+analysis&hl=en-US&gl=US&ceid=US:en'[0m
[2m2026-04-05T08:37:15.300124Z[0m [[32m[1minfo     [0m] [1mparsed                        [0m [36mchannel[0m=[35mgoogle_broad[0m [36mraw[0m=[35m40[0m
[2m2026-04-05T08:37:15.301574Z[0m [[32m[1minfo     [0m] [1mquality_filter                [0m [36minput[0m=[35m210[0m [36mpassed[0m=[35m3[0m
[2m2026-04-05T08:37:15.301981Z[0m [[32m[1minfo     [0m] [1mdedup                         [0m [36mafter[0m=[35m3[0m [36mbefore[0m=[35m3[0m
[2m2026-04-05T08:37:15.302109Z[0m [[32m[1minfo     [0m] [1mfulltext_selection            [0m [36mcandidates[0m=[35m0[0m [36mfiltered[0m=[35m3[0m [36mmode[0m=[35mhigh-value[0m [36mticker[0m=[35mPPL[0m
[2m2026-04-05T08:37:15.302847Z[0m [[32m[1minfo     [0m] [1mcrawling                      [0m [36mchannel[0m=[35mGoogle->Benzinga[0m [36mtag[0m=[35mgoogle_benzinga[0m
[2m2026-04-05T08:37:17.812744Z[0m [[32m[1minfo     [0m] [1mfetch                         [0m [36mstatus[0m=[35m200[0m [36murl[0m=[35m'https://news.google.com/rss/search?q=KHC+site:benzinga.com&hl=en-US&gl=US&ceid=US:en'[0m
[2m2026-04-05T08:37:17.874481Z[0m [[32m[1minfo     [0m] [1mparsed                        [0m [36mchannel[0m=[35mgoogle_benzinga[0m [36mraw[0m=[35m68[0m
[2m2026-04-05T08:37:19.879791Z[0m [[32m[1minfo     [0m] [1mfetch                         [0m [36mstatus[0m=[35m200[0m [36murl[0m=[35m'https://news.google.com/rss/search?q=KHC+site:benzinga.com&hl=en-US&gl=US&ceid=US:en'[0m
[2m2026-04-05T08:37:19.921263Z[0m [[32m[1minfo     [0m] [1mparsed                        [0m [36mchannel[0m=[35mgoogle_benzinga[0m [36mraw[0m=[35m68[0m
[2m2026-04-05T08:37:19.921424Z[0m [[32m[1minfo     [0m] [1mcrawling                      [0m [36mchannel[0m=[35m'Google News (all)'[0m [36mtag[0m=[35mgoogle_broad[0m
[2m2026-04-05T08:37:22.510898Z[0m [[32m[1minfo     [0m] [1mfetch                         [0m [36mstatus[0m=[35m200[0m [36murl[0m=[35m'https://news.google.com/rss/search?q=KHC+stock+news&hl=en-US&gl=US&ceid=US:en'[0m
[2m2026-04-05T08:37:22.640884Z[0m [[32m[1minfo     [0m] [1mparsed                        [0m [36mchannel[0m=[35mgoogle_broad[0m [36mraw[0m=[35m100[0m
[2m2026-04-05T08:37:25.100200Z[0m [[32m[1minfo     [0m] [1mfetch                         [0m [36mstatus[0m=[35m200[0m [36murl[0m=[35m'https://news.google.com/rss/search?q=KHC+earnings+analysis&hl=en-US&gl=US&ceid=US:en'[0m
[2m2026-04-05T08:37:25.147823Z[0m [[32m[1minfo     [0m] [1mparsed                        [0m [36mchannel[0m=[35mgoogle_broad[0m [36mraw[0m=[35m66[0m
[2m2026-04-05T08:37:25.149245Z[0m [[32m[1minfo     [0m] [1mquality_filter                [0m [36minput[0m=[35m302[0m [36mpassed[0m=[35m1[0m
[2m2026-04-05T08:37:25.149507Z[0m [[32m[1minfo     [0m] [1mdedup                         [0m [36mafter[0m=[35m1[0m [36mbefore[0m=[35m1[0m
[2m2026-04-05T08:37:25.149610Z[0m [[32m[1minfo     [0m] [1mfulltext_selection            [0m [36mcandidates[0m=[35m0[0m [36mfiltered[0m=[35m1[0m [36mmode[0m=[35mhigh-value[0m [36mticker[0m=[35mKHC[0m
[2m2026-04-05T08:37:25.150373Z[0m [[32m[1minfo     [0m] [1mcrawling                      [0m [36mchannel[0m=[35mGoogle->Benzinga[0m [36mtag[0m=[35mgoogle_benzinga[0m
[2m2026-04-05T08:37:27.537638Z[0m [[32m[1minfo     [0m] [1mfetch                         [0m [36mstatus[0m=[35m200[0m [36murl[0m=[35m'https://news.google.com/rss/search?q=WTW+site:benzinga.com&hl=en-US&gl=US&ceid=US:en'[0m
[2m2026-04-05T08:37:27.547087Z[0m [[32m[1minfo     [0m] [1mparsed                        [0m [36mchannel[0m=[35mgoogle_benzinga[0m [36mraw[0m=[35m13[0m
[2m2026-04-05T08:37:29.553066Z[0m [[32m[1minfo     [0m] [1mfetch                         [0m [36mstatus[0m=[35m200[0m [36murl[0m=[35m'https://news.google.com/rss/search?q=WTW+site:benzinga.com&hl=en-US&gl=US&ceid=US:en'[0m
[2m2026-04-05T08:37:29.562566Z[0m [[32m[1minfo     [0m] [1mparsed                        [0m [36mchannel[0m=[35mgoogle_benzinga[0m [36mraw[0m=[35m13[0m
[2m2026-04-05T08:37:29.562722Z[0m [[32m[1minfo     [0m] [1mcrawling                      [0m [36mchannel[0m=[35m'Google News (all)'[0m [36mtag[0m=[35mgoogle_broad[0m
[2m2026-04-05T08:37:32.111724Z[0m [[32m[1minfo     [0m] [1mfetch                         [0m [36mstatus[0m=[35m200[0m [36murl[0m=[35m'https://news.google.com/rss/search?q=WTW+stock+news&hl=en-US&gl=US&ceid=US:en'[0m
[2m2026-04-05T08:37:32.244136Z[0m [[32m[1minfo     [0m] [1mparsed                        [0m [36mchannel[0m=[35mgoogle_broad[0m [36mraw[0m=[35m92[0m
[2m2026-04-05T08:37:34.655421Z[0m [[32m[1minfo     [0m] [1mfetch                         [0m [36mstatus[0m=[35m200[0m [36murl[0m=[35m'https://news.google.com/rss/search?q=WTW+earnings+analysis&hl=en-US&gl=US&ceid=US:en'[0m
[2m2026-04-05T08:37:34.688727Z[0m [[32m[1minfo     [0m] [1mparsed                        [0m [36mchannel[0m=[35mgoogle_broad[0m [36mraw[0m=[35m40[0m
[2m2026-04-05T08:37:34.691001Z[0m [[32m[1minfo     [0m] [1mquality_filter                [0m [36minput[0m=[35m158[0m [36mpassed[0m=[35m9[0m
[2m2026-04-05T08:37:34.692332Z[0m [[32m[1minfo     [0m] [1mdedup                         [0m [36mafter[0m=[35m9[0m [36mbefore[0m=[35m9[0m
[2m2026-04-05T08:37:34.692586Z[0m [[32m[1minfo     [0m] [1mfulltext_selection            [0m [36mcandidates[0m=[35m2[0m [36mfiltered[0m=[35m9[0m [36mmode[0m=[35mhigh-value[0m [36mticker[0m=[35mWTW[0m
[2m2026-04-05T08:37:37.164037Z[0m [[32m[1minfo     [0m] [1mfetch                         [0m [36mstatus[0m=[35m200[0m [36murl[0m=[35mhttps://www.stocktitan.net/sec-filings/WTW/form-4-willis-towers-watson-plc-insider-trading[0m
[2m2026-04-05T08:37:37.275266Z[0m [[32m[1minfo     [0m] [1mfetch                         [0m [36mstatus[0m=[35m200[0m [36murl[0m=[35mhttps://www.stocktitan.net/sec-filings/WTW/form-4-willis-towers-watson-plc-insider-trading[0m
[2m2026-04-05T08:37:37.495927Z[0m [[32m[1minfo     [0m] [1mcrawling                      [0m [36mchannel[0m=[35mGoogle->Benzinga[0m [36mtag[0m=[35mgoogle_benzinga[0m
[2m2026-04-05T08:37:40.031034Z[0m [[32m[1minfo     [0m] [1mfetch                         [0m [36mstatus[0m=[35m200[0m [36murl[0m=[35m'https://news.google.com/rss/search?q=HPE+site:benzinga.com&hl=en-US&gl=US&ceid=US:en'[0m
[2m2026-04-05T08:37:40.180403Z[0m [[32m[1minfo     [0m] [1mparsed                        [0m [36mchannel[0m=[35mgoogle_benzinga[0m [36mraw[0m=[35m100[0m
[2m2026-04-05T08:37:42.185870Z[0m [[32m[1minfo     [0m] [1mfetch                         [0m [36mstatus[0m=[35m200[0m [36murl[0m=[35m'https://news.google.com/rss/search?q=HPE+site:benzinga.com&hl=en-US&gl=US&ceid=US:en'[0m
[2m2026-04-05T08:37:42.246307Z[0m [[32m[1minfo     [0m] [1mparsed                        [0m [36mchannel[0m=[35mgoogle_benzinga[0m [36mraw[0m=[35m100[0m
[2m2026-04-05T08:37:42.246477Z[0m [[32m[1minfo     [0m] [1mcrawling                      [0m [36mchannel[0m=[35m'Google News (all)'[0m [36mtag[0m=[35mgoogle_broad[0m
[2m2026-04-05T08:37:44.946779Z[0m [[32m[1minfo     [0m] [1mfetch                         [0m [36mstatus[0m=[35m200[0m [36murl[0m=[35m'https://news.google.com/rss/search?q=HPE+stock+news&hl=en-US&gl=US&ceid=US:en'[0m
[2m2026-04-05T08:37:45.102794Z[0m [[32m[1minfo     [0m] [1mparsed                        [0m [36mchannel[0m=[35mgoogle_broad[0m [36mraw[0m=[35m100[0m
[2m2026-04-05T08:37:47.723362Z[0m [[32m[1minfo     [0m] [1mfetch                         [0m [36mstatus[0m=[35m200[0m [36murl[0m=[35m'https://news.google.com/rss/search?q=HPE+earnings+analysis&hl=en-US&gl=US&ceid=US:en'[0m
[2m2026-04-05T08:37:47.945508Z[0m [[32m[1minfo     [0m] [1mparsed                        [0m [36mchannel[0m=[35mgoogle_broad[0m [36mraw[0m=[35m89[0m
[2m2026-04-05T08:37:47.948815Z[0m [[32m[1minfo     [0m] [1mquality_filter                [0m [36minput[0m=[35m389[0m [36mpassed[0m=[35m14[0m
[2m2026-04-05T08:37:47.950842Z[0m [[32m[1minfo     [0m] [1mdedup                         [0m [36mafter[0m=[35m10[0m [36mbefore[0m=[35m14[0m
[2m2026-04-05T08:37:47.951131Z[0m [[32m[1minfo     [0m] [1mfulltext_selection            [0m [36mcandidates[0m=[35m0[0m [36mfiltered[0m=[35m10[0m [36mmode[0m=[35mhigh-value[0m [36mticker[0m=[35mHPE[0m
[2m2026-04-05T08:37:47.951895Z[0m [[32m[1minfo     [0m] [1mcrawling                      [0m [36mchannel[0m=[35mGoogle->Benzinga[0m [36mtag[0m=[35mgoogle_benzinga[0m
[2m2026-04-05T08:37:50.478551Z[0m [[32m[1minfo     [0m] [1mfetch                         [0m [36mstatus[0m=[35m200[0m [36murl[0m=[35m'https://news.google.com/rss/search?q=LEN+site:benzinga.com&hl=en-US&gl=US&ceid=US:en'[0m
[2m2026-04-05T08:37:50.550392Z[0m [[32m[1minfo     [0m] [1mparsed                        [0m [36mchannel[0m=[35mgoogle_benzinga[0m [36mraw[0m=[35m70[0m
[2m2026-04-05T08:37:52.555692Z[0m [[32m[1minfo     [0m] [1mfetch                         [0m [36mstatus[0m=[35m200[0m [36murl[0m=[35m'https://news.google.com/rss/search?q=LEN+site:benzinga.com&hl=en-US&gl=US&ceid=US:en'[0m
[2m2026-04-05T08:37:52.598766Z[0m [[32m[1minfo     [0m] [1mparsed                        [0m [36mchannel[0m=[35mgoogle_benzinga[0m [36mraw[0m=[35m70[0m
[2m2026-04-05T08:37:52.598928Z[0m [[32m[1minfo     [0m] [1mcrawling                      [0m [36mchannel[0m=[35m'Google News (all)'[0m [36mtag[0m=[35mgoogle_broad[0m
[2m2026-04-05T08:37:55.185854Z[0m [[32m[1minfo     [0m] [1mfetch                         [0m [36mstatus[0m=[35m200[0m [36murl[0m=[35m'https://news.google.com/rss/search?q=LEN+stock+news&hl=en-US&gl=US&ceid=US:en'[0m
[2m2026-04-05T08:37:55.313913Z[0m [[32m[1minfo     [0m] [1mparsed                        [0m [36mchannel[0m=[35mgoogle_broad[0m [36mraw[0m=[35m85[0m
[2m2026-04-05T08:37:57.788752Z[0m [[32m[1minfo     [0m] [1mfetch                         [0m [36mstatus[0m=[35m200[0m [36murl[0m=[35m'https://news.google.com/rss/search?q=LEN+earnings+analysis&hl=en-US&gl=US&ceid=US:en'[0m
[2m2026-04-05T08:37:57.848984Z[0m [[32m[1minfo     [0m] [1mparsed                        [0m [36mchannel[0m=[35mgoogle_broad[0m [36mraw[0m=[35m65[0m
[2m2026-04-05T08:37:57.850649Z[0m [[32m[1minfo     [0m] [1mquality_filter                [0m [36minput[0m=[35m290[0m [36mpassed[0m=[35m4[0m
[2m2026-04-05T08:37:57.851284Z[0m [[32m[1minfo     [0m] [1mdedup                         [0m [36mafter[0m=[35m4[0m [36mbefore[0m=[35m4[0m
[2m2026-04-05T08:37:57.851421Z[0m [[32m[1minfo     [0m] [1mfulltext_selection            [0m [36mcandidates[0m=[35m3[0m [36mfiltered[0m=[35m4[0m [36mmode[0m=[35mhigh-value[0m [36mticker[0m=[35mLEN[0m
[2m2026-04-05T08:38:00.602734Z[0m [[32m[1minfo     [0m] [1mfetch                         [0m [36mstatus[0m=[35m200[0m [36murl[0m=[35mhttps://parameter.io/lennar-len-stock-plummets-25-amid-earnings-shortfall-and-widespread-a[0m
[2m2026-04-05T08:38:00.715908Z[0m [[32m[1minfo     [0m] [1mfetch                         [0m [36mstatus[0m=[35m200[0m [36murl[0m=[35mhttps://moneycheck.com/lennar-len-stock-plunges-25-amid-earnings-shortfall-and-downgrades/[0m
[2m2026-04-05T08:38:01.191782Z[0m [[32m[1minfo     [0m] [1mfetch                         [0m [36mstatus[0m=[35m200[0m [36murl[0m=[35mhttps://coincentral.com/lennar-len-stock-down-25-as-earnings-miss-and-analyst-downgrades-m[0m
[2m2026-04-05T08:38:01.470429Z[0m [[32m[1minfo     [0m] [1mcrawling                      [0m [36mchannel[0m=[35mGoogle->Benzinga[0m [36mtag[0m=[35mgoogle_benzinga[0m
[2m2026-04-05T08:38:03.943151Z[0m [[32m[1minfo     [0m] [1mfetch                         [0m [36mstatus[0m=[35m200[0m [36murl[0m=[35m'https://news.google.com/rss/search?q=BIIB+site:benzinga.com&hl=en-US&gl=US&ceid=US:en'[0m
[2m2026-04-05T08:38:03.988718Z[0m [[32m[1minfo     [0m] [1mparsed                        [0m [36mchannel[0m=[35mgoogle_benzinga[0m [36mraw[0m=[35m51[0m
[2m2026-04-05T08:38:05.994473Z[0m [[32m[1minfo     [0m] [1mfetch                         [0m [36mstatus[0m=[35m200[0m [36murl[0m=[35m'https://news.google.com/rss/search?q=BIIB+site:benzinga.com&hl=en-US&gl=US&ceid=US:en'[0m
[2m2026-04-05T08:38:06.025812Z[0m [[32m[1minfo     [0m] [1mparsed                        [0m [36mchannel[0m=[35mgoogle_benzinga[0m [36mraw[0m=[35m51[0m
[2m2026-04-05T08:38:06.025982Z[0m [[32m[1minfo     [0m] [1mcrawling                      [0m [36mchannel[0m=[35m'Google News (all)'[0m [36mtag[0m=[35mgoogle_broad[0m
[2m2026-04-05T08:38:08.648784Z[0m [[32m[1minfo     [0m] [1mfetch                         [0m [36mstatus[0m=[35m200[0m [36murl[0m=[35m'https://news.google.com/rss/search?q=BIIB+stock+news&hl=en-US&gl=US&ceid=US:en'[0m
[2m2026-04-05T08:38:08.792770Z[0m [[32m[1minfo     [0m] [1mparsed                        [0m [36mchannel[0m=[35mgoogle_broad[0m [36mraw[0m=[35m100[0m
[2m2026-04-05T08:38:11.228783Z[0m [[32m[1minfo     [0m] [1mfetch                         [0m [36mstatus[0m=[35m200[0m [36murl[0m=[35m'https://news.google.com/rss/search?q=BIIB+earnings+analysis&hl=en-US&gl=US&ceid=US:en'[0m
[2m2026-04-05T08:38:11.286824Z[0m [[32m[1minfo     [0m] [1mparsed                        [0m [36mchannel[0m=[35mgoogle_broad[0m [36mraw[0m=[35m62[0m
[2m2026-04-05T08:38:11.288099Z[0m [[32m[1minfo     [0m] [1mquality_filter                [0m [36minput[0m=[35m264[0m [36mpassed[0m=[35m1[0m
[2m2026-04-05T08:38:11.288455Z[0m [[32m[1minfo     [0m] [1mdedup                         [0m [36mafter[0m=[35m1[0m [36mbefore[0m=[35m1[0m
[2m2026-04-05T08:38:11.288587Z[0m [[32m[1minfo     [0m] [1mfulltext_selection            [0m [36mcandidates[0m=[35m0[0m [36mfiltered[0m=[35m1[0m [36mmode[0m=[35mhigh-value[0m [36mticker[0m=[35mBIIB[0m
[2m2026-04-05T08:38:11.289343Z[0m [[32m[1minfo     [0m] [1mcrawling                      [0m [36mchannel[0m=[35mGoogle->Benzinga[0m [36mtag[0m=[35mgoogle_benzinga[0m
[2m2026-04-05T08:38:13.738688Z[0m [[32m[1minfo     [0m] [1mfetch                         [0m [36mstatus[0m=[35m200[0m [36murl[0m=[35m'https://news.google.com/rss/search?q=JBL+site:benzinga.com&hl=en-US&gl=US&ceid=US:en'[0m
[2m2026-04-05T08:38:13.780939Z[0m [[32m[1minfo     [0m] [1mparsed                        [0m [36mchannel[0m=[35mgoogle_benzinga[0m [36mraw[0m=[35m46[0m
[2m2026-04-05T08:38:15.786778Z[0m [[32m[1minfo     [0m] [1mfetch                         [0m [36mstatus[0m=[35m200[0m [36murl[0m=[35m'https://news.google.com/rss/search?q=JBL+site:benzinga.com&hl=en-US&gl=US&ceid=US:en'[0m
[2m2026-04-05T08:38:15.815742Z[0m [[32m[1minfo     [0m] [1mparsed                        [0m [36mchannel[0m=[35mgoogle_benzinga[0m [36mraw[0m=[35m46[0m
[2m2026-04-05T08:38:15.815903Z[0m [[32m[1minfo     [0m] [1mcrawling                      [0m [36mchannel[0m=[35m'Google News (all)'[0m [36mtag[0m=[35mgoogle_broad[0m
[2m2026-04-05T08:38:18.508305Z[0m [[32m[1minfo     [0m] [1mfetch                         [0m [36mstatus[0m=[35m200[0m [36murl[0m=[35m'https://news.google.com/rss/search?q=JBL+stock+news&hl=en-US&gl=US&ceid=US:en'[0m
[2m2026-04-05T08:38:18.658328Z[0m [[32m[1minfo     [0m] [1mparsed                        [0m [36mchannel[0m=[35mgoogle_broad[0m [36mraw[0m=[35m100[0m
[2m2026-04-05T08:38:21.103535Z[0m [[32m[1minfo     [0m] [1mfetch                         [0m [36mstatus[0m=[35m200[0m [36murl[0m=[35m'https://news.google.com/rss/search?q=JBL+earnings+analysis&hl=en-US&gl=US&ceid=US:en'[0m
[2m2026-04-05T08:38:21.135118Z[0m [[32m[1minfo     [0m] [1mparsed                        [0m [36mchannel[0m=[35mgoogle_broad[0m [36mraw[0m=[35m40[0m
[2m2026-04-05T08:38:21.136621Z[0m [[32m[1minfo     [0m] [1mquality_filter                [0m [36minput[0m=[35m232[0m [36mpassed[0m=[35m3[0m
[2m2026-04-05T08:38:21.137067Z[0m [[32m[1minfo     [0m] [1mdedup                         [0m [36mafter[0m=[35m3[0m [36mbefore[0m=[35m3[0m
[2m2026-04-05T08:38:21.137193Z[0m [[32m[1minfo     [0m] [1mfulltext_selection            [0m [36mcandidates[0m=[35m1[0m [36mfiltered[0m=[35m3[0m [36mmode[0m=[35mhigh-value[0m [36mticker[0m=[35mJBL[0m
[2m2026-04-05T08:38:24.022570Z[0m [[32m[1minfo     [0m] [1mfetch                         [0m [36mstatus[0m=[35m200[0m [36murl[0m=[35mhttps://intellectia.ai/en/stock/JBL/technical[0m
[2m2026-04-05T08:38:24.627745Z[0m [[32m[1minfo     [0m] [1mcrawling                      [0m [36mchannel[0m=[35mGoogle->Benzinga[0m [36mtag[0m=[35mgoogle_benzinga[0m
[2m2026-04-05T08:38:27.069926Z[0m [[32m[1minfo     [0m] [1mfetch                         [0m [36mstatus[0m=[35m200[0m [36murl[0m=[35m'https://news.google.com/rss/search?q=MTD+site:benzinga.com&hl=en-US&gl=US&ceid=US:en'[0m
[2m2026-04-05T08:38:27.091656Z[0m [[32m[1minfo     [0m] [1mparsed                        [0m [36mchannel[0m=[35mgoogle_benzinga[0m [36mraw[0m=[35m23[0m
[2m2026-04-05T08:38:29.097744Z[0m [[32m[1minfo     [0m] [1mfetch                         [0m [36mstatus[0m=[35m200[0m [36murl[0m=[35m'https://news.google.com/rss/search?q=MTD+site:benzinga.com&hl=en-US&gl=US&ceid=US:en'[0m
[2m2026-04-05T08:38:29.113454Z[0m [[32m[1minfo     [0m] [1mparsed                        [0m [36mchannel[0m=[35mgoogle_benzinga[0m [36mraw[0m=[35m23[0m
[2m2026-04-05T08:38:29.113611Z[0m [[32m[1minfo     [0m] [1mcrawling                      [0m [36mchannel[0m=[35m'Google News (all)'[0m [36mtag[0m=[35mgoogle_broad[0m
[2m2026-04-05T08:38:31.529331Z[0m [[32m[1minfo     [0m] [1mfetch                         [0m [36mstatus[0m=[35m200[0m [36murl[0m=[35m'https://news.google.com/rss/search?q=MTD+stock+news&hl=en-US&gl=US&ceid=US:en'[0m
[2m2026-04-05T08:38:31.584035Z[0m [[32m[1minfo     [0m] [1mparsed                        [0m [36mchannel[0m=[35mgoogle_broad[0m [36mraw[0m=[35m53[0m
[2m2026-04-05T08:38:34.063511Z[0m [[32m[1minfo     [0m] [1mfetch                         [0m [36mstatus[0m=[35m200[0m [36murl[0m=[35m'https://news.google.com/rss/search?q=MTD+earnings+analysis&hl=en-US&gl=US&ceid=US:en'[0m
[2m2026-04-05T08:38:34.106785Z[0m [[32m[1minfo     [0m] [1mparsed                        [0m [36mchannel[0m=[35mgoogle_broad[0m [36mraw[0m=[35m48[0m
[2m2026-04-05T08:38:34.108102Z[0m [[32m[1minfo     [0m] [1mquality_filter                [0m [36minput[0m=[35m147[0m [36mpassed[0m=[35m2[0m
[2m2026-04-05T08:38:34.108488Z[0m [[32m[1minfo     [0m] [1mdedup                         [0m [36mafter[0m=[35m2[0m [36mbefore[0m=[35m2[0m
[2m2026-04-05T08:38:34.108649Z[0m [[32m[1minfo     [0m] [1mfulltext_selection            [0m [36mcandidates[0m=[35m0[0m [36mfiltered[0m=[35m2[0m [36mmode[0m=[35mhigh-value[0m [36mticker[0m=[35mMTD[0m
[2m2026-04-05T08:38:34.109414Z[0m [[32m[1minfo     [0m] [1mcrawling                      [0m [36mchannel[0m=[35mGoogle->Benzinga[0m [36mtag[0m=[35mgoogle_benzinga[0m
[2m2026-04-05T08:38:36.567054Z[0m [[32m[1minfo     [0m] [1mfetch                         [0m [36mstatus[0m=[35m200[0m [36murl[0m=[35m'https://news.google.com/rss/search?q=PPG+site:benzinga.com&hl=en-US&gl=US&ceid=US:en'[0m
[2m2026-04-05T08:38:36.611090Z[0m [[32m[1minfo     [0m] [1mparsed                        [0m [36mchannel[0m=[35mgoogle_benzinga[0m [36mraw[0m=[35m50[0m
[2m2026-04-05T08:38:38.617279Z[0m [[32m[1minfo     [0m] [1mfetch                         [0m [36mstatus[0m=[35m200[0m [36murl[0m=[35m'https://news.google.com/rss/search?q=PPG+site:benzinga.com&hl=en-US&gl=US&ceid=US:en'[0m
[2m2026-04-05T08:38:38.647760Z[0m [[32m[1minfo     [0m] [1mparsed                        [0m [36mchannel[0m=[35mgoogle_benzinga[0m [36mraw[0m=[35m50[0m
[2m2026-04-05T08:38:38.647920Z[0m [[32m[1minfo     [0m] [1mcrawling                      [0m [36mchannel[0m=[35m'Google News (all)'[0m [36mtag[0m=[35mgoogle_broad[0m
[2m2026-04-05T08:38:41.225315Z[0m [[32m[1minfo     [0m] [1mfetch                         [0m [36mstatus[0m=[35m200[0m [36murl[0m=[35m'https://news.google.com/rss/search?q=PPG+stock+news&hl=en-US&gl=US&ceid=US:en'[0m
[2m2026-04-05T08:38:41.376451Z[0m [[32m[1minfo     [0m] [1mparsed                        [0m [36mchannel[0m=[35mgoogle_broad[0m [36mraw[0m=[35m100[0m
[2m2026-04-05T08:38:43.868870Z[0m [[32m[1minfo     [0m] [1mfetch                         [0m [36mstatus[0m=[35m200[0m [36murl[0m=[35m'https://news.google.com/rss/search?q=PPG+earnings+analysis&hl=en-US&gl=US&ceid=US:en'[0m
[2m2026-04-05T08:38:43.983828Z[0m [[32m[1minfo     [0m] [1mparsed                        [0m [36mchannel[0m=[35mgoogle_broad[0m [36mraw[0m=[35m68[0m
[2m2026-04-05T08:38:43.985551Z[0m [[32m[1minfo     [0m] [1mquality_filter                [0m [36minput[0m=[35m268[0m [36mpassed[0m=[35m4[0m
[2m2026-04-05T08:38:43.986139Z[0m [[32m[1minfo     [0m] [1mdedup                         [0m [36mafter[0m=[35m4[0m [36mbefore[0m=[35m4[0m
[2m2026-04-05T08:38:43.986304Z[0m [[32m[1minfo     [0m] [1mfulltext_selection            [0m [36mcandidates[0m=[35m1[0m [36mfiltered[0m=[35m4[0m [36mmode[0m=[35mhigh-value[0m [36mticker[0m=[35mPPG[0m
[2m2026-04-05T08:38:46.729698Z[0m [[32m[1minfo     [0m] [1mfetch                         [0m [36mstatus[0m=[35m200[0m [36murl[0m=[35mhttps://intellectia.ai/en/stock/PPG/technical[0m
[2m2026-04-05T08:38:47.334252Z[0m [[32m[1minfo     [0m] [1mcrawling                      [0m [36mchannel[0m=[35mGoogle->Benzinga[0m [36mtag[0m=[35mgoogle_benzinga[0m
[2m2026-04-05T08:38:49.729669Z[0m [[32m[1minfo     [0m] [1mfetch                         [0m [36mstatus[0m=[35m200[0m [36murl[0m=[35m'https://news.google.com/rss/search?q=TSCO+site:benzinga.com&hl=en-US&gl=US&ceid=US:en'[0m
[2m2026-04-05T08:38:49.740254Z[0m [[32m[1minfo     [0m] [1mparsed                        [0m [36mchannel[0m=[35mgoogle_benzinga[0m [36mraw[0m=[35m15[0m
[2m2026-04-05T08:38:51.745535Z[0m [[32m[1minfo     [0m] [1mfetch                         [0m [36mstatus[0m=[35m200[0m [36murl[0m=[35m'https://news.google.com/rss/search?q=TSCO+site:benzinga.com&hl=en-US&gl=US&ceid=US:en'[0m
[2m2026-04-05T08:38:51.756080Z[0m [[32m[1minfo     [0m] [1mparsed                        [0m [36mchannel[0m=[35mgoogle_benzinga[0m [36mraw[0m=[35m15[0m
[2m2026-04-05T08:38:51.756253Z[0m [[32m[1minfo     [0m] [1mcrawling                      [0m [36mchannel[0m=[35m'Google News (all)'[0m [36mtag[0m=[35mgoogle_broad[0m
[2m2026-04-05T08:38:54.315619Z[0m [[32m[1minfo     [0m] [1mfetch                         [0m [36mstatus[0m=[35m200[0m [36murl[0m=[35m'https://news.google.com/rss/search?q=TSCO+stock+news&hl=en-US&gl=US&ceid=US:en'[0m
[2m2026-04-05T08:38:54.459891Z[0m [[32m[1minfo     [0m] [1mparsed                        [0m [36mchannel[0m=[35mgoogle_broad[0m [36mraw[0m=[35m100[0m
[2m2026-04-05T08:38:56.840443Z[0m [[32m[1minfo     [0m] [1mfetch                         [0m [36mstatus[0m=[35m200[0m [36murl[0m=[35m'https://news.google.com/rss/search?q=TSCO+earnings+analysis&hl=en-US&gl=US&ceid=US:en'[0m
[2m2026-04-05T08:38:56.873186Z[0m [[32m[1minfo     [0m] [1mparsed                        [0m [36mchannel[0m=[35mgoogle_broad[0m [36mraw[0m=[35m41[0m
[2m2026-04-05T08:38:56.874335Z[0m [[32m[1minfo     [0m] [1mquality_filter                [0m [36minput[0m=[35m171[0m [36mpassed[0m=[35m1[0m
[2m2026-04-05T08:38:56.874612Z[0m [[32m[1minfo     [0m] [1mdedup                         [0m [36mafter[0m=[35m1[0m [36mbefore[0m=[35m1[0m
[2m2026-04-05T08:38:56.874728Z[0m [[32m[1minfo     [0m] [1mfulltext_selection            [0m [36mcandidates[0m=[35m0[0m [36mfiltered[0m=[35m1[0m [36mmode[0m=[35mhigh-value[0m [36mticker[0m=[35mTSCO[0m
[2m2026-04-05T08:38:56.875448Z[0m [[32m[1minfo     [0m] [1mcrawling                      [0m [36mchannel[0m=[35mGoogle->Benzinga[0m [36mtag[0m=[35mgoogle_benzinga[0m
[2m2026-04-05T08:38:59.335342Z[0m [[32m[1minfo     [0m] [1mfetch                         [0m [36mstatus[0m=[35m200[0m [36murl[0m=[35m'https://news.google.com/rss/search?q=STZ+site:benzinga.com&hl=en-US&gl=US&ceid=US:en'[0m
[2m2026-04-05T08:38:59.378990Z[0m [[32m[1minfo     [0m] [1mparsed                        [0m [36mchannel[0m=[35mgoogle_benzinga[0m [36mraw[0m=[35m48[0m
[2m2026-04-05T08:39:01.385159Z[0m [[32m[1minfo     [0m] [1mfetch                         [0m [36mstatus[0m=[35m200[0m [36murl[0m=[35m'https://news.google.com/rss/search?q=STZ+site:benzinga.com&hl=en-US&gl=US&ceid=US:en'[0m
[2m2026-04-05T08:39:01.430965Z[0m [[32m[1minfo     [0m] [1mparsed                        [0m [36mchannel[0m=[35mgoogle_benzinga[0m [36mraw[0m=[35m48[0m
[2m2026-04-05T08:39:01.431154Z[0m [[32m[1minfo     [0m] [1mcrawling                      [0m [36mchannel[0m=[35m'Google News (all)'[0m [36mtag[0m=[35mgoogle_broad[0m
[2m2026-04-05T08:39:03.988034Z[0m [[32m[1minfo     [0m] [1mfetch                         [0m [36mstatus[0m=[35m200[0m [36murl[0m=[35m'https://news.google.com/rss/search?q=STZ+stock+news&hl=en-US&gl=US&ceid=US:en'[0m
[2m2026-04-05T08:39:04.134057Z[0m [[32m[1minfo     [0m] [1mparsed                        [0m [36mchannel[0m=[35mgoogle_broad[0m [36mraw[0m=[35m100[0m
[2m2026-04-05T08:39:06.529785Z[0m [[32m[1minfo     [0m] [1mfetch                         [0m [36mstatus[0m=[35m200[0m [36murl[0m=[35m'https://news.google.com/rss/search?q=STZ+earnings+analysis&hl=en-US&gl=US&ceid=US:en'[0m
[2m2026-04-05T08:39:06.564763Z[0m [[32m[1minfo     [0m] [1mparsed                        [0m [36mchannel[0m=[35mgoogle_broad[0m [36mraw[0m=[35m45[0m
[2m2026-04-05T08:39:06.566173Z[0m [[32m[1minfo     [0m] [1mquality_filter                [0m [36minput[0m=[35m241[0m [36mpassed[0m=[35m2[0m
[2m2026-04-05T08:39:06.566548Z[0m [[32m[1minfo     [0m] [1mdedup                         [0m [36mafter[0m=[35m2[0m [36mbefore[0m=[35m2[0m
[2m2026-04-05T08:39:06.566652Z[0m [[32m[1minfo     [0m] [1mfulltext_selection            [0m [36mcandidates[0m=[35m2[0m [36mfiltered[0m=[35m2[0m [36mmode[0m=[35mhigh-value[0m [36mticker[0m=[35mSTZ[0m
[2m2026-04-05T08:39:08.925485Z[0m [[32m[1minfo     [0m] [1mfetch                         [0m [36mstatus[0m=[35m200[0m [36murl[0m=[35mhttps://intellectia.ai/en/stock/STZ/earnings[0m
[2m2026-04-05T08:39:09.309082Z[0m [[31m[1merror    [0m] [1mfetch_error                   [0m [36merror[0m=[35m'400, message=\'Got more than 8190 bytes when reading: b"connect-src \\\'self\\\' wss:'[0m [36murl[0m=[35mhttps://finance.yahoo.com/markets/stocks/articles/constellation-brands[0m
[2m2026-04-05T08:39:13.707852Z[0m [[32m[1minfo     [0m] [1mrun_complete                  [0m [36mfiltered[0m=[35m471[0m [36mlog_path[0m=[35m/home/ubuntu/NewsCrawler/data/runs/20260405T080002Z_nvda_avgo_mu_200/run.log[0m [36mnews_items[0m=[35m471[0m [36mraw[0m=[35m53901[0m [36mrun_dir[0m=[35m/home/ubuntu/NewsCrawler/data/runs/20260405T080002Z_nvda_avgo_mu_200[0m
