[2m2026-04-02T09:46:38.630833Z[0m [[32m[1minfo     [0m] [1mrun_start                     [0m [36mhours[0m=[35m48[0m [36mrun_dir[0m=[35mdata\runs\20260402T094638Z_nvda_avgo_mu_200[0m [36mtickers[0m=[35m['NVDA', 'AVGO', 'MU', 'AMD', 'AMAT', 'LRCX', 'KLAC', 'TXN', 'ADI', 'ANET', 'QCOM', 'WDC', 'SNDK', 'STX', 'CDNS', 'SNPS', 'NXPI', 'MPWR', 'TER', 'MCHP', 'ON', 'AAPL', 'BRK.B', 'WMT', 'JPM', 'JNJ', 'COST', 'ABBV', 'NFLX', 'PG', 'HD', 'BAC', 'KO', 'CSCO', 'MRK', 'PM', 'UNH', 'MS', 'GS', 'WFC', 'MCD', 'TMUS', 'LIN', 'PEP', 'INTC', 'VZ', 'AMGN', 'ABT', 'DIS', 'GILD', 'APH', 'TJX', 'SCHW', 'PFE', 'HON', 'LOW', 'WELL', 'NEM', 'CB', 'PLD', 'GLW', 'ACN', 'BMY', 'MDT', 'PGR', 'COF', 'MCK', 'HCA', 'MO', 'SBUX', 'CMCSA', 'CVS', 'UPS', 'EQIX', 'NKE', 'WMB', 'FDX', 'MRSH', 'SHW', 'AMT', 'BX', 'JCI', 'MMM', 'ECL', 'ADP', 'PNC', 'USB', 'EMR', 'ITW', 'MNST', 'CRH', 'CL', 'ORLY', 'MDLZ', 'CI', 'TDG', 'COR', 'AON', 'GM', 'ELV', 'WBD', 'TEL', 'TRV', 'ROST', 'SPG', 'SRE', 'TFC', 'AZO', 'O', 'APD', 'DLR', 'AJG', 'AFL', 'F', 'ALL', 'ZTS', 'AME', 'GWW', 'CAH', 'PSA', 'CTVA', 'CARR', 'KEYS', 'ADSK', 'TGT', 'BDX', 'EA', 'EW', 'CIEN', 'GRMN', 'HSY', 'CVNA', 'MET', 'YUM', 'DHI', 'FITB', 'SYY', 'CBRE', 'AIG', 'KR', 'AMP', 'DAL', 'KDP', 'VTR', 'EBAY', 'ED', 'EL', 'TTWO', 'CCI', 'HIG', 'GEHC', 'LVS', 'LYV', 'RMD', 'ROP', 'KMB', 'CPRT', 'IR', 'KVUE', 'TPL', 'OTIS', 'ACGL', 'STT', 'WDAY', 'DG', 'UAL', 'PRU', 'HBAN', 'PAYX', 'FICO', 'ADM', 'MTB', 'VICI', 'IRM', 'EXR', 'XYL', 'TDY', 'TPR', 'WAT', 'CTSH', 'DTE', 'DOV', 'ULTA', 'IQV', 'RJF', 'HAL', 'CHTR', 'FE', 'ROL', 'PPL', 'KHC', 'WTW', 'HPE', 'LEN', 'BIIB', 'JBL', 'MTD', 'PPG', 'TSCO', 'STZ'][0m
[2m2026-04-02T09:46:38.631992Z[0m [[32m[1minfo     [0m] [1mcrawling                      [0m [36mchannel[0m=[35mGoogle->Benzinga[0m [36mtag[0m=[35mgoogle_benzinga[0m
[2m2026-04-02T09:46:41.327597Z[0m [[32m[1minfo     [0m] [1mfetch                         [0m [36mstatus[0m=[35m200[0m [36murl[0m=[35m'https://news.google.com/rss/search?q=NVDA+nvidia+site:benzinga.com&hl=en-US&gl=US&ceid=US:'[0m
[2m2026-04-02T09:46:41.393164Z[0m [[32m[1minfo     [0m] [1mparsed                        [0m [36mchannel[0m=[35mgoogle_benzinga[0m [36mraw[0m=[35m100[0m
[2m2026-04-02T09:46:44.029153Z[0m [[32m[1minfo     [0m] [1mfetch                         [0m [36mstatus[0m=[35m200[0m [36murl[0m=[35m'https://news.google.com/rss/search?q=nvidia+site:benzinga.com&hl=en-US&gl=US&ceid=US:en'[0m
[2m2026-04-02T09:46:44.055204Z[0m [[32m[1minfo     [0m] [1mparsed                        [0m [36mchannel[0m=[35mgoogle_benzinga[0m [36mraw[0m=[35m100[0m
[2m2026-04-02T09:46:44.055315Z[0m [[32m[1minfo     [0m] [1mcrawling                      [0m [36mchannel[0m=[35m'Google News (all)'[0m [36mtag[0m=[35mgoogle_broad[0m
[2m2026-04-02T09:46:46.729488Z[0m [[32m[1minfo     [0m] [1mfetch                         [0m [36mstatus[0m=[35m200[0m [36murl[0m=[35m'https://news.google.com/rss/search?q=NVDA+nvidia+stock+news&hl=en-US&gl=US&ceid=US:en'[0m
[2m2026-04-02T09:46:46.785860Z[0m [[32m[1minfo     [0m] [1mparsed                        [0m [36mchannel[0m=[35mgoogle_broad[0m [36mraw[0m=[35m100[0m
[2m2026-04-02T09:46:49.513213Z[0m [[32m[1minfo     [0m] [1mfetch                         [0m [36mstatus[0m=[35m200[0m [36murl[0m=[35m'https://news.google.com/rss/search?q=NVDA+nvidia+earnings+analysis&hl=en-US&gl=US&ceid=US:'[0m
[2m2026-04-02T09:46:49.602569Z[0m [[32m[1minfo     [0m] [1mparsed                        [0m [36mchannel[0m=[35mgoogle_broad[0m [36mraw[0m=[35m100[0m
[2m2026-04-02T09:46:49.605879Z[0m [[32m[1minfo     [0m] [1mquality_filter                [0m [36minput[0m=[35m400[0m [36mpassed[0m=[35m18[0m
[2m2026-04-02T09:46:49.607093Z[0m [[32m[1minfo     [0m] [1mdedup                         [0m [36mafter[0m=[35m18[0m [36mbefore[0m=[35m18[0m
[2m2026-04-02T09:46:49.607270Z[0m [[32m[1minfo     [0m] [1mfulltext_selection            [0m [36mcandidates[0m=[35m8[0m [36mfiltered[0m=[35m18[0m [36mmode[0m=[35mhigh-value[0m [36mticker[0m=[35mNVDA[0m
[2m2026-04-02T09:46:50.890694Z[0m [[32m[1minfo     [0m] [1mfetch                         [0m [36mstatus[0m=[35m200[0m [36murl[0m=[35mhttps://seekingalpha.com/article/4887630-nvidia-stock-prediction-the-path-to-a-20-trillion[0m
[2m2026-04-02T09:46:50.922284Z[0m [[32m[1minfo     [0m] [1mfetch                         [0m [36mstatus[0m=[35m200[0m [36murl[0m=[35mhttps://www.marketbeat.com/instant-alerts/filing-genwealth-group-inc-takes-624000-position[0m
[2m2026-04-02T09:46:50.985234Z[0m [[32m[1minfo     [0m] [1mfetch                         [0m [36mstatus[0m=[35m403[0m [36murl[0m=[35mhttps://www.tipranks.com/news/nvda-stock-forecast-why-nvidia-is-building-stakes-in-chip-ma[0m
[2m2026-04-02T09:46:51.064322Z[0m [[32m[1minfo     [0m] [1mfetch                         [0m [36mstatus[0m=[35m200[0m [36murl[0m=[35mhttps://www.marketbeat.com/instant-alerts/filing-nvidia-corporation-nvda-stock-position-lo[0m
[2m2026-04-02T09:46:51.069740Z[0m [[32m[1minfo     [0m] [1mfetch                         [0m [36mstatus[0m=[35m200[0m [36murl[0m=[35mhttps://www.marketbeat.com/instant-alerts/filing-willner-heller-llc-increases-stock-positi[0m
[2m2026-04-02T09:46:51.093235Z[0m [[32m[1minfo     [0m] [1mfetch                         [0m [36mstatus[0m=[35m403[0m [36murl[0m=[35mhttps://www.tipranks.com/news/nvidia-stock-braces-for-a-quick-snapback-after-a-rare-two-qu[0m
[2m2026-04-02T09:46:52.218199Z[0m [[32m[1minfo     [0m] [1mfetch                         [0m [36mstatus[0m=[35m200[0m [36murl[0m=[35mhttps://www.marketbeat.com/instant-alerts/filing-nvidia-corporation-nvda-is-czech-national[0m
[2m2026-04-02T09:46:52.647428Z[0m [[32m[1minfo     [0m] [1mfetch                         [0m [36mstatus[0m=[35m200[0m [36murl[0m=[35mhttps://www.marketbeat.com/instant-alerts/filing-defender-capital-llc-invests-103-million-[0m
[2m2026-04-02T09:46:53.015279Z[0m [[32m[1minfo     [0m] [1mcrawling                      [0m [36mchannel[0m=[35mGoogle->Benzinga[0m [36mtag[0m=[35mgoogle_benzinga[0m
[2m2026-04-02T09:46:55.752463Z[0m [[32m[1minfo     [0m] [1mfetch                         [0m [36mstatus[0m=[35m200[0m [36murl[0m=[35m'https://news.google.com/rss/search?q=AVGO+broadcom+site:benzinga.com&hl=en-US&gl=US&ceid=U'[0m
[2m2026-04-02T09:46:55.858708Z[0m [[32m[1minfo     [0m] [1mparsed                        [0m [36mchannel[0m=[35mgoogle_benzinga[0m [36mraw[0m=[35m100[0m
[2m2026-04-02T09:46:58.484491Z[0m [[32m[1minfo     [0m] [1mfetch                         [0m [36mstatus[0m=[35m200[0m [36murl[0m=[35m'https://news.google.com/rss/search?q=broadcom+site:benzinga.com&hl=en-US&gl=US&ceid=US:en'[0m
[2m2026-04-02T09:46:58.596922Z[0m [[32m[1minfo     [0m] [1mparsed                        [0m [36mchannel[0m=[35mgoogle_benzinga[0m [36mraw[0m=[35m100[0m
[2m2026-04-02T09:46:58.597027Z[0m [[32m[1minfo     [0m] [1mcrawling                      [0m [36mchannel[0m=[35m'Google News (all)'[0m [36mtag[0m=[35mgoogle_broad[0m
[2m2026-04-02T09:47:01.317481Z[0m [[32m[1minfo     [0m] [1mfetch                         [0m [36mstatus[0m=[35m200[0m [36murl[0m=[35m'https://news.google.com/rss/search?q=AVGO+broadcom+stock+news&hl=en-US&gl=US&ceid=US:en'[0m
[2m2026-04-02T09:47:01.416061Z[0m [[32m[1minfo     [0m] [1mparsed                        [0m [36mchannel[0m=[35mgoogle_broad[0m [36mraw[0m=[35m100[0m
[2m2026-04-02T09:47:04.004710Z[0m [[32m[1minfo     [0m] [1mfetch                         [0m [36mstatus[0m=[35m200[0m [36murl[0m=[35m'https://news.google.com/rss/search?q=AVGO+broadcom+earnings+analysis&hl=en-US&gl=US&ceid=U'[0m
[2m2026-04-02T09:47:04.115004Z[0m [[32m[1minfo     [0m] [1mparsed                        [0m [36mchannel[0m=[35mgoogle_broad[0m [36mraw[0m=[35m100[0m
[2m2026-04-02T09:47:04.116266Z[0m [[32m[1minfo     [0m] [1mquality_filter                [0m [36minput[0m=[35m400[0m [36mpassed[0m=[35m6[0m
[2m2026-04-02T09:47:04.116632Z[0m [[32m[1minfo     [0m] [1mdedup                         [0m [36mafter[0m=[35m6[0m [36mbefore[0m=[35m6[0m
[2m2026-04-02T09:47:04.116698Z[0m [[32m[1minfo     [0m] [1mfulltext_selection            [0m [36mcandidates[0m=[35m6[0m [36mfiltered[0m=[35m6[0m [36mmode[0m=[35mhigh-value[0m [36mticker[0m=[35mAVGO[0m
[2m2026-04-02T09:47:05.391247Z[0m [[32m[1minfo     [0m] [1mfetch                         [0m [36mstatus[0m=[35m200[0m [36murl[0m=[35mhttps://www.insidermonkey.com/blog/analysts-see-61-upside-to-broadcom-inc-avgo-1729455/[0m
[2m2026-04-02T09:47:05.405404Z[0m [[32m[1minfo     [0m] [1mfetch                         [0m [36mstatus[0m=[35m403[0m [36murl[0m=[35mhttps://qz.com/is-broadcom-inc-avgo-a-buy-as-wall-street-analysts-look-optimistic[0m
[2m2026-04-02T09:47:05.688692Z[0m [[32m[1minfo     [0m] [1mfetch                         [0m [36mstatus[0m=[35m200[0m [36murl[0m=[35mhttps://247wallst.com/investing/2026/04/01/marvell-vs-broadcom-one-custom-chip-stock-wins-[0m
[2m2026-04-02T09:47:05.702616Z[0m [[32m[1minfo     [0m] [1mfetch                         [0m [36mstatus[0m=[35m200[0m [36murl[0m=[35mhttps://247wallst.com/investing/2026/04/01/nvidia-vs-broadcom-which-ai-stock-will-make-you[0m
[2m2026-04-02T09:47:06.069250Z[0m [[31m[1merror    [0m] [1mfetch_error                   [0m [36merror[0m=[35m"400, message='Got more than 8190 bytes (8800) when reading Header value is too l"[0m [36murl[0m=[35mhttps://finance.yahoo.com/markets/stocks/articles/anlaysts-bullish-bro[0m
[2m2026-04-02T09:47:06.392775Z[0m [[32m[1minfo     [0m] [1mfetch                         [0m [36mstatus[0m=[35m200[0m [36murl[0m=[35mhttps://www.fool.com/investing/2026/04/01/nvidia-vs-broadcom-the-smarter-ai-stock-to-buy-i[0m
[2m2026-04-02T09:47:06.614468Z[0m [[32m[1minfo     [0m] [1mcrawling                      [0m [36mchannel[0m=[35mGoogle->Benzinga[0m [36mtag[0m=[35mgoogle_benzinga[0m
[2m2026-04-02T09:47:09.825740Z[0m [[32m[1minfo     [0m] [1mfetch                         [0m [36mstatus[0m=[35m200[0m [36murl[0m=[35m'https://news.google.com/rss/search?q=MU+micron+site:benzinga.com&hl=en-US&gl=US&ceid=US:en'[0m
[2m2026-04-02T09:47:09.936327Z[0m [[32m[1minfo     [0m] [1mparsed                        [0m [36mchannel[0m=[35mgoogle_benzinga[0m [36mraw[0m=[35m100[0m
[2m2026-04-02T09:47:12.533212Z[0m [[32m[1minfo     [0m] [1mfetch                         [0m [36mstatus[0m=[35m200[0m [36murl[0m=[35m'https://news.google.com/rss/search?q=micron+site:benzinga.com&hl=en-US&gl=US&ceid=US:en'[0m
[2m2026-04-02T09:47:12.634901Z[0m [[32m[1minfo     [0m] [1mparsed                        [0m [36mchannel[0m=[35mgoogle_benzinga[0m [36mraw[0m=[35m100[0m
[2m2026-04-02T09:47:12.635004Z[0m [[32m[1minfo     [0m] [1mcrawling                      [0m [36mchannel[0m=[35m'Google News (all)'[0m [36mtag[0m=[35mgoogle_broad[0m
[2m2026-04-02T09:47:15.258957Z[0m [[32m[1minfo     [0m] [1mfetch                         [0m [36mstatus[0m=[35m200[0m [36murl[0m=[35m'https://news.google.com/rss/search?q=MU+micron+stock+news&hl=en-US&gl=US&ceid=US:en'[0m
[2m2026-04-02T09:47:15.364890Z[0m [[32m[1minfo     [0m] [1mparsed                        [0m [36mchannel[0m=[35mgoogle_broad[0m [36mraw[0m=[35m92[0m
[2m2026-04-02T09:47:17.963058Z[0m [[32m[1minfo     [0m] [1mfetch                         [0m [36mstatus[0m=[35m200[0m [36murl[0m=[35m'https://news.google.com/rss/search?q=MU+micron+earnings+analysis&hl=en-US&gl=US&ceid=US:en'[0m
[2m2026-04-02T09:47:18.051622Z[0m [[32m[1minfo     [0m] [1mparsed                        [0m [36mchannel[0m=[35mgoogle_broad[0m [36mraw[0m=[35m100[0m
[2m2026-04-02T09:47:18.055079Z[0m [[32m[1minfo     [0m] [1mquality_filter                [0m [36minput[0m=[35m392[0m [36mpassed[0m=[35m27[0m
[2m2026-04-02T09:47:18.056923Z[0m [[32m[1minfo     [0m] [1mdedup                         [0m [36mafter[0m=[35m24[0m [36mbefore[0m=[35m27[0m
[2m2026-04-02T09:47:18.057069Z[0m [[32m[1minfo     [0m] [1mfulltext_selection            [0m [36mcandidates[0m=[35m8[0m [36mfiltered[0m=[35m24[0m [36mmode[0m=[35mhigh-value[0m [36mticker[0m=[35mMU[0m
[2m2026-04-02T09:47:19.286041Z[0m [[32m[1minfo     [0m] [1mfetch                         [0m [36mstatus[0m=[35m403[0m [36murl[0m=[35mhttps://www.tipranks.com/news/micron-stock-mu-defies-the-recent-dip-as-analysts-double-dow[0m
[2m2026-04-02T09:47:19.310731Z[0m [[32m[1minfo     [0m] [1mfetch                         [0m [36mstatus[0m=[35m403[0m [36murl[0m=[35mhttps://www.tipranks.com/news/top-analyst-calls-micron-stock-mu-a-top-pick-sees-multi-year[0m
[2m2026-04-02T09:47:19.700120Z[0m [[32m[1minfo     [0m] [1mfetch                         [0m [36mstatus[0m=[35m200[0m [36murl[0m=[35mhttps://seekingalpha.com/article/4887876-micron-great-businesses-can-be-bad-trades-rating-[0m
[2m2026-04-02T09:47:19.938314Z[0m [[31m[1merror    [0m] [1mfetch_error                   [0m [36merror[0m=[35m"400, message='Got more than 8190 bytes (8800) when reading Header value is too l"[0m [36murl[0m=[35mhttps://finance.yahoo.com/markets/stocks/articles/strong-analyst-senti[0m
[2m2026-04-02T09:47:19.978183Z[0m [[31m[1merror    [0m] [1mfetch_error                   [0m [36merror[0m=[35m"400, message='Got more than 8190 bytes (8800) when reading Header value is too l"[0m [36murl[0m=[35mhttps://finance.yahoo.com/markets/stocks/articles/micron-technology-mu[0m
[2m2026-04-02T09:47:20.325454Z[0m [[32m[1minfo     [0m] [1mfetch                         [0m [36mstatus[0m=[35m403[0m [36murl[0m=[35mhttps://www.tipranks.com/news/micron-mu-vs-sandisk-sndk-which-ai-stock-has-more-upside-rig[0m
[2m2026-04-02T09:47:20.724177Z[0m [[32m[1minfo     [0m] [1mfetch                         [0m [36mstatus[0m=[35m200[0m [36murl[0m=[35mhttps://seekingalpha.com/article/4887936-micron-stock-why-im-doubling-down[0m
[2m2026-04-02T09:47:20.937246Z[0m [[32m[1minfo     [0m] [1mcrawling                      [0m [36mchannel[0m=[35m'AMD IR'[0m [36mtag[0m=[35mamd_ir[0m
[2m2026-04-02T09:47:23.115245Z[0m [[32m[1minfo     [0m] [1mfetch                         [0m [36mstatus[0m=[35m200[0m [36murl[0m=[35mhttps://ir.amd.com/news-events/press-releases/rss[0m
[2m2026-04-02T09:47:23.117869Z[0m [[32m[1minfo     [0m] [1mparsed                        [0m [36mchannel[0m=[35mamd_ir[0m [36mraw[0m=[35m10[0m
[2m2026-04-02T09:47:23.117949Z[0m [[32m[1minfo     [0m] [1mcrawling                      [0m [36mchannel[0m=[35mGoogle->Benzinga[0m [36mtag[0m=[35mgoogle_benzinga[0m
[2m2026-04-02T09:47:25.902850Z[0m [[32m[1minfo     [0m] [1mfetch                         [0m [36mstatus[0m=[35m200[0m [36murl[0m=[35m'https://news.google.com/rss/search?q=AMD+advanced+micro+devices+site:benzinga.com&hl=en-US'[0m
[2m2026-04-02T09:47:26.013905Z[0m [[32m[1minfo     [0m] [1mparsed                        [0m [36mchannel[0m=[35mgoogle_benzinga[0m [36mraw[0m=[35m100[0m
[2m2026-04-02T09:47:28.787858Z[0m [[32m[1minfo     [0m] [1mfetch                         [0m [36mstatus[0m=[35m200[0m [36murl[0m=[35m'https://news.google.com/rss/search?q=advanced+micro+devices+site:benzinga.com&hl=en-US&gl='[0m
[2m2026-04-02T09:47:28.898978Z[0m [[32m[1minfo     [0m] [1mparsed                        [0m [36mchannel[0m=[35mgoogle_benzinga[0m [36mraw[0m=[35m100[0m
[2m2026-04-02T09:47:28.899086Z[0m [[32m[1minfo     [0m] [1mcrawling                      [0m [36mchannel[0m=[35m'Google News (all)'[0m [36mtag[0m=[35mgoogle_broad[0m
[2m2026-04-02T09:47:31.537604Z[0m [[32m[1minfo     [0m] [1mfetch                         [0m [36mstatus[0m=[35m200[0m [36murl[0m=[35m'https://news.google.com/rss/search?q=AMD+advanced+micro+devices+stock+news&hl=en-US&gl=US&'[0m
[2m2026-04-02T09:47:31.635394Z[0m [[32m[1minfo     [0m] [1mparsed                        [0m [36mchannel[0m=[35mgoogle_broad[0m [36mraw[0m=[35m100[0m
[2m2026-04-02T09:47:34.280306Z[0m [[32m[1minfo     [0m] [1mfetch                         [0m [36mstatus[0m=[35m200[0m [36murl[0m=[35m'https://news.google.com/rss/search?q=AMD+advanced+micro+devices+earnings+analysis&hl=en-US'[0m
[2m2026-04-02T09:47:34.384512Z[0m [[32m[1minfo     [0m] [1mparsed                        [0m [36mchannel[0m=[35mgoogle_broad[0m [36mraw[0m=[35m100[0m
[2m2026-04-02T09:47:34.387224Z[0m [[32m[1minfo     [0m] [1mquality_filter                [0m [36minput[0m=[35m410[0m [36mpassed[0m=[35m22[0m
[2m2026-04-02T09:47:34.388653Z[0m [[32m[1minfo     [0m] [1mdedup                         [0m [36mafter[0m=[35m20[0m [36mbefore[0m=[35m22[0m
[2m2026-04-02T09:47:34.388822Z[0m [[32m[1minfo     [0m] [1mfulltext_selection            [0m [36mcandidates[0m=[35m8[0m [36mfiltered[0m=[35m20[0m [36mmode[0m=[35mhigh-value[0m [36mticker[0m=[35mAMD[0m
[2m2026-04-02T09:47:35.773763Z[0m [[32m[1minfo     [0m] [1mfetch                         [0m [36mstatus[0m=[35m200[0m [36murl[0m=[35mhttps://www.insidermonkey.com/blog/broader-bullish-analyst-sentiment-on-advanced-micro-dev[0m
[2m2026-04-02T09:47:35.974172Z[0m [[32m[1minfo     [0m] [1mfetch                         [0m [36mstatus[0m=[35m200[0m [36murl[0m=[35mhttps://247wallst.com/investing/2026/04/01/wall-street-flags-advanced-micro-devices-as-a-b[0m
[2m2026-04-02T09:47:36.017563Z[0m [[32m[1minfo     [0m] [1mfetch                         [0m [36mstatus[0m=[35m200[0m [36murl[0m=[35mhttps://247wallst.com/investing/2026/04/01/intel-jumps-8-amd-rises-3-a-14-2-billion-fab-de[0m
[2m2026-04-02T09:47:36.384007Z[0m [[31m[1merror    [0m] [1mfetch_error                   [0m [36merror[0m=[35m"400, message='Got more than 8190 bytes (8800) when reading Header value is too l"[0m [36murl[0m=[35mhttps://finance.yahoo.com/markets/stocks/articles/advanced-micro-devic[0m
[2m2026-04-02T09:47:36.437349Z[0m [[31m[1merror    [0m] [1mfetch_error                   [0m [36merror[0m=[35m"400, message='Got more than 8190 bytes (8800) when reading Header value is too l"[0m [36murl[0m=[35mhttps://finance.yahoo.com/sectors/technology/articles/advanced-micro-d[0m
[2m2026-04-02T09:47:37.060129Z[0m [[32m[1minfo     [0m] [1mfetch                         [0m [36mstatus[0m=[35m200[0m [36murl[0m=[35mhttps://www.marketbeat.com/instant-alerts/filing-advanced-micro-devices-inc-amd-is-ellswor[0m
[2m2026-04-02T09:47:37.073728Z[0m [[32m[1minfo     [0m] [1mfetch                         [0m [36mstatus[0m=[35m200[0m [36murl[0m=[35mhttps://www.marketbeat.com/instant-alerts/advanced-micro-devices-nasdaqamd-stock-price-up-[0m
[2m2026-04-02T09:47:37.429238Z[0m [[32m[1minfo     [0m] [1mcrawling                      [0m [36mchannel[0m=[35mGoogle->Benzinga[0m [36mtag[0m=[35mgoogle_benzinga[0m
[2m2026-04-02T09:47:40.038244Z[0m [[32m[1minfo     [0m] [1mfetch                         [0m [36mstatus[0m=[35m200[0m [36murl[0m=[35m'https://news.google.com/rss/search?q=AMAT+applied+materials+site:benzinga.com&hl=en-US&gl='[0m
[2m2026-04-02T09:47:40.156003Z[0m [[32m[1minfo     [0m] [1mparsed                        [0m [36mchannel[0m=[35mgoogle_benzinga[0m [36mraw[0m=[35m100[0m
[2m2026-04-02T09:47:42.675385Z[0m [[32m[1minfo     [0m] [1mfetch                         [0m [36mstatus[0m=[35m200[0m [36murl[0m=[35m'https://news.google.com/rss/search?q=applied+materials+site:benzinga.com&hl=en-US&gl=US&ce'[0m
[2m2026-04-02T09:47:42.772089Z[0m [[32m[1minfo     [0m] [1mparsed                        [0m [36mchannel[0m=[35mgoogle_benzinga[0m [36mraw[0m=[35m100[0m
[2m2026-04-02T09:47:42.772220Z[0m [[32m[1minfo     [0m] [1mcrawling                      [0m [36mchannel[0m=[35m'Google News (all)'[0m [36mtag[0m=[35mgoogle_broad[0m
[2m2026-04-02T09:47:45.347811Z[0m [[32m[1minfo     [0m] [1mfetch                         [0m [36mstatus[0m=[35m200[0m [36murl[0m=[35m'https://news.google.com/rss/search?q=AMAT+applied+materials+stock+news&hl=en-US&gl=US&ceid'[0m
[2m2026-04-02T09:47:45.453022Z[0m [[32m[1minfo     [0m] [1mparsed                        [0m [36mchannel[0m=[35mgoogle_broad[0m [36mraw[0m=[35m100[0m
[2m2026-04-02T09:47:47.991188Z[0m [[32m[1minfo     [0m] [1mfetch                         [0m [36mstatus[0m=[35m200[0m [36murl[0m=[35m'https://news.google.com/rss/search?q=AMAT+applied+materials+earnings+analysis&hl=en-US&gl='[0m
[2m2026-04-02T09:47:48.094169Z[0m [[32m[1minfo     [0m] [1mparsed                        [0m [36mchannel[0m=[35mgoogle_broad[0m [36mraw[0m=[35m92[0m
[2m2026-04-02T09:47:48.095398Z[0m [[32m[1minfo     [0m] [1mquality_filter                [0m [36minput[0m=[35m392[0m [36mpassed[0m=[35m2[0m
[2m2026-04-02T09:47:48.095558Z[0m [[32m[1minfo     [0m] [1mdedup                         [0m [36mafter[0m=[35m2[0m [36mbefore[0m=[35m2[0m
[2m2026-04-02T09:47:48.095612Z[0m [[32m[1minfo     [0m] [1mfulltext_selection            [0m [36mcandidates[0m=[35m1[0m [36mfiltered[0m=[35m2[0m [36mmode[0m=[35mhigh-value[0m [36mticker[0m=[35mAMAT[0m
[2m2026-04-02T09:47:49.645936Z[0m [[32m[1minfo     [0m] [1mfetch                         [0m [36mstatus[0m=[35m200[0m [36murl[0m=[35mhttps://www.marketbeat.com/instant-alerts/applied-materials-nasdaqamat-trading-58-higher-h[0m
[2m2026-04-02T09:47:49.986746Z[0m [[32m[1minfo     [0m] [1mcrawling                      [0m [36mchannel[0m=[35mGoogle->Benzinga[0m [36mtag[0m=[35mgoogle_benzinga[0m
[2m2026-04-02T09:47:52.489154Z[0m [[32m[1minfo     [0m] [1mfetch                         [0m [36mstatus[0m=[35m200[0m [36murl[0m=[35m'https://news.google.com/rss/search?q=LRCX+lam+research+site:benzinga.com&hl=en-US&gl=US&ce'[0m
[2m2026-04-02T09:47:52.528730Z[0m [[32m[1minfo     [0m] [1mparsed                        [0m [36mchannel[0m=[35mgoogle_benzinga[0m [36mraw[0m=[35m57[0m
[2m2026-04-02T09:47:54.988543Z[0m [[32m[1minfo     [0m] [1mfetch                         [0m [36mstatus[0m=[35m200[0m [36murl[0m=[35m'https://news.google.com/rss/search?q=lam+research+site:benzinga.com&hl=en-US&gl=US&ceid=US'[0m
[2m2026-04-02T09:47:55.094483Z[0m [[32m[1minfo     [0m] [1mparsed                        [0m [36mchannel[0m=[35mgoogle_benzinga[0m [36mraw[0m=[35m98[0m
[2m2026-04-02T09:47:55.094588Z[0m [[32m[1minfo     [0m] [1mcrawling                      [0m [36mchannel[0m=[35m'Google News (all)'[0m [36mtag[0m=[35mgoogle_broad[0m
[2m2026-04-02T09:47:57.668333Z[0m [[32m[1minfo     [0m] [1mfetch                         [0m [36mstatus[0m=[35m200[0m [36murl[0m=[35m'https://news.google.com/rss/search?q=LRCX+lam+research+stock+news&hl=en-US&gl=US&ceid=US:e'[0m
[2m2026-04-02T09:47:57.772681Z[0m [[32m[1minfo     [0m] [1mparsed                        [0m [36mchannel[0m=[35mgoogle_broad[0m [36mraw[0m=[35m100[0m
[2m2026-04-02T09:48:00.306361Z[0m [[32m[1minfo     [0m] [1mfetch                         [0m [36mstatus[0m=[35m200[0m [36murl[0m=[35m'https://news.google.com/rss/search?q=LRCX+lam+research+earnings+analysis&hl=en-US&gl=US&ce'[0m
[2m2026-04-02T09:48:00.396319Z[0m [[32m[1minfo     [0m] [1mparsed                        [0m [36mchannel[0m=[35mgoogle_broad[0m [36mraw[0m=[35m69[0m
[2m2026-04-02T09:48:00.398000Z[0m [[32m[1minfo     [0m] [1mquality_filter                [0m [36minput[0m=[35m324[0m [36mpassed[0m=[35m10[0m
[2m2026-04-02T09:48:00.398637Z[0m [[32m[1minfo     [0m] [1mdedup                         [0m [36mafter[0m=[35m10[0m [36mbefore[0m=[35m10[0m
[2m2026-04-02T09:48:00.398734Z[0m [[32m[1minfo     [0m] [1mfulltext_selection            [0m [36mcandidates[0m=[35m8[0m [36mfiltered[0m=[35m10[0m [36mmode[0m=[35mhigh-value[0m [36mticker[0m=[35mLRCX[0m
[2m2026-04-02T09:48:01.582545Z[0m [[32m[1minfo     [0m] [1mfetch                         [0m [36mstatus[0m=[35m200[0m [36murl[0m=[35mhttps://www.marketbeat.com/instant-alerts/filing-gunderson-capital-management-inc-takes-39[0m
[2m2026-04-02T09:48:01.834848Z[0m [[32m[1minfo     [0m] [1mfetch                         [0m [36mstatus[0m=[35m200[0m [36murl[0m=[35mhttps://www.marketbeat.com/instant-alerts/lam-research-nasdaqlrcx-trading-39-higher-after-[0m
[2m2026-04-02T09:48:01.888233Z[0m [[32m[1minfo     [0m] [1mfetch                         [0m [36mstatus[0m=[35m200[0m [36murl[0m=[35mhttps://www.marketbeat.com/instant-alerts/new-street-research-raises-lam-research-nasdaqlr[0m
[2m2026-04-02T09:48:01.888490Z[0m [[32m[1minfo     [0m] [1mfetch                         [0m [36mstatus[0m=[35m200[0m [36murl[0m=[35mhttps://www.marketbeat.com/instant-alerts/filing-lam-research-corporation-lrcx-shares-purc[0m
[2m2026-04-02T09:48:02.198069Z[0m [[32m[1minfo     [0m] [1mfetch                         [0m [36mstatus[0m=[35m200[0m [36murl[0m=[35mhttps://seekingalpha.com/article/4887667-lam-research-poised-for-growth-looking-past-short[0m
[2m2026-04-02T09:48:02.939823Z[0m [[32m[1minfo     [0m] [1mfetch                         [0m [36mstatus[0m=[35m200[0m [36murl[0m=[35mhttps://www.marketbeat.com/instant-alerts/filing-nikulski-financial-inc-has-716-million-po[0m
[2m2026-04-02T09:48:02.975665Z[0m [[31m[1merror    [0m] [1mfetch_error                   [0m [36merror[0m=[35m"400, message='Got more than 8190 bytes (8704) when reading Header value is too l"[0m [36murl[0m=[35mhttps://uk.finance.yahoo.com/news/lam-research-corporation-lrcx-billio[0m
[2m2026-04-02T09:48:02.992342Z[0m [[32m[1minfo     [0m] [1mfetch                         [0m [36mstatus[0m=[35m200[0m [36murl[0m=[35mhttps://www.marketbeat.com/instant-alerts/lam-research-nasdaqlrcx-shares-up-69-heres-what-[0m
[2m2026-04-02T09:48:03.340928Z[0m [[32m[1minfo     [0m] [1mcrawling                      [0m [36mchannel[0m=[35mGoogle->Benzinga[0m [36mtag[0m=[35mgoogle_benzinga[0m
[2m2026-04-02T09:48:06.203664Z[0m [[32m[1minfo     [0m] [1mfetch                         [0m [36mstatus[0m=[35m200[0m [36murl[0m=[35m'https://news.google.com/rss/search?q=KLAC+site:benzinga.com&hl=en-US&gl=US&ceid=US:en'[0m
[2m2026-04-02T09:48:06.236153Z[0m [[32m[1minfo     [0m] [1mparsed                        [0m [36mchannel[0m=[35mgoogle_benzinga[0m [36mraw[0m=[35m56[0m
[2m2026-04-02T09:48:08.251541Z[0m [[32m[1minfo     [0m] [1mfetch                         [0m [36mstatus[0m=[35m200[0m [36murl[0m=[35m'https://news.google.com/rss/search?q=KLAC+site:benzinga.com&hl=en-US&gl=US&ceid=US:en'[0m
[2m2026-04-02T09:48:08.265480Z[0m [[32m[1minfo     [0m] [1mparsed                        [0m [36mchannel[0m=[35mgoogle_benzinga[0m [36mraw[0m=[35m56[0m
[2m2026-04-02T09:48:08.265584Z[0m [[32m[1minfo     [0m] [1mcrawling                      [0m [36mchannel[0m=[35m'Google News (all)'[0m [36mtag[0m=[35mgoogle_broad[0m
[2m2026-04-02T09:48:10.736625Z[0m [[32m[1minfo     [0m] [1mfetch                         [0m [36mstatus[0m=[35m200[0m [36murl[0m=[35m'https://news.google.com/rss/search?q=KLAC+stock+news&hl=en-US&gl=US&ceid=US:en'[0m
[2m2026-04-02T09:48:10.842664Z[0m [[32m[1minfo     [0m] [1mparsed                        [0m [36mchannel[0m=[35mgoogle_broad[0m [36mraw[0m=[35m100[0m
[2m2026-04-02T09:48:13.302101Z[0m [[32m[1minfo     [0m] [1mfetch                         [0m [36mstatus[0m=[35m200[0m [36murl[0m=[35m'https://news.google.com/rss/search?q=KLAC+earnings+analysis&hl=en-US&gl=US&ceid=US:en'[0m
[2m2026-04-02T09:48:13.333546Z[0m [[32m[1minfo     [0m] [1mparsed                        [0m [36mchannel[0m=[35mgoogle_broad[0m [36mraw[0m=[35m57[0m
[2m2026-04-02T09:48:13.334312Z[0m [[32m[1minfo     [0m] [1mquality_filter                [0m [36minput[0m=[35m269[0m [36mpassed[0m=[35m2[0m
[2m2026-04-02T09:48:13.334461Z[0m [[32m[1minfo     [0m] [1mdedup                         [0m [36mafter[0m=[35m2[0m [36mbefore[0m=[35m2[0m
[2m2026-04-02T09:48:13.334518Z[0m [[32m[1minfo     [0m] [1mfulltext_selection            [0m [36mcandidates[0m=[35m1[0m [36mfiltered[0m=[35m2[0m [36mmode[0m=[35mhigh-value[0m [36mticker[0m=[35mKLAC[0m
[2m2026-04-02T09:48:15.177305Z[0m [[32m[1minfo     [0m] [1mfetch                         [0m [36mstatus[0m=[35m200[0m [36murl[0m=[35mhttps://www.marketbeat.com/instant-alerts/cantor-fitzgerald-forecasts-strong-price-appreci[0m
[2m2026-04-02T09:48:15.445485Z[0m [[32m[1minfo     [0m] [1mcrawling                      [0m [36mchannel[0m=[35mGoogle->Benzinga[0m [36mtag[0m=[35mgoogle_benzinga[0m
[2m2026-04-02T09:48:18.463025Z[0m [[32m[1minfo     [0m] [1mfetch                         [0m [36mstatus[0m=[35m200[0m [36murl[0m=[35m'https://news.google.com/rss/search?q=TXN+texas+instruments+site:benzinga.com&hl=en-US&gl=U'[0m
[2m2026-04-02T09:48:18.560127Z[0m [[32m[1minfo     [0m] [1mparsed                        [0m [36mchannel[0m=[35mgoogle_benzinga[0m [36mraw[0m=[35m100[0m
[2m2026-04-02T09:48:21.073359Z[0m [[32m[1minfo     [0m] [1mfetch                         [0m [36mstatus[0m=[35m200[0m [36murl[0m=[35m'https://news.google.com/rss/search?q=texas+instruments+site:benzinga.com&hl=en-US&gl=US&ce'[0m
[2m2026-04-02T09:48:21.176771Z[0m [[32m[1minfo     [0m] [1mparsed                        [0m [36mchannel[0m=[35mgoogle_benzinga[0m [36mraw[0m=[35m100[0m
[2m2026-04-02T09:48:21.176877Z[0m [[32m[1minfo     [0m] [1mcrawling                      [0m [36mchannel[0m=[35m'Google News (all)'[0m [36mtag[0m=[35mgoogle_broad[0m
[2m2026-04-02T09:48:23.759698Z[0m [[32m[1minfo     [0m] [1mfetch                         [0m [36mstatus[0m=[35m200[0m [36murl[0m=[35m'https://news.google.com/rss/search?q=TXN+texas+instruments+stock+news&hl=en-US&gl=US&ceid='[0m
[2m2026-04-02T09:48:23.864010Z[0m [[32m[1minfo     [0m] [1mparsed                        [0m [36mchannel[0m=[35mgoogle_broad[0m [36mraw[0m=[35m100[0m
[2m2026-04-02T09:48:26.446116Z[0m [[32m[1minfo     [0m] [1mfetch                         [0m [36mstatus[0m=[35m200[0m [36murl[0m=[35m'https://news.google.com/rss/search?q=TXN+texas+instruments+earnings+analysis&hl=en-US&gl=U'[0m
[2m2026-04-02T09:48:26.556733Z[0m [[32m[1minfo     [0m] [1mparsed                        [0m [36mchannel[0m=[35mgoogle_broad[0m [36mraw[0m=[35m100[0m
[2m2026-04-02T09:48:26.558395Z[0m [[32m[1minfo     [0m] [1mquality_filter                [0m [36minput[0m=[35m400[0m [36mpassed[0m=[35m7[0m
[2m2026-04-02T09:48:26.558785Z[0m [[32m[1minfo     [0m] [1mdedup                         [0m [36mafter[0m=[35m6[0m [36mbefore[0m=[35m7[0m
[2m2026-04-02T09:48:26.558870Z[0m [[32m[1minfo     [0m] [1mfulltext_selection            [0m [36mcandidates[0m=[35m4[0m [36mfiltered[0m=[35m6[0m [36mmode[0m=[35mhigh-value[0m [36mticker[0m=[35mTXN[0m
[2m2026-04-02T09:48:28.686770Z[0m [[32m[1minfo     [0m] [1mfetch                         [0m [36mstatus[0m=[35m200[0m [36murl[0m=[35mhttps://www.marketbeat.com/instant-alerts/filing-compagnie-lombard-odier-scma-reduces-stoc[0m
[2m2026-04-02T09:48:29.106163Z[0m [[32m[1minfo     [0m] [1mfetch                         [0m [36mstatus[0m=[35m200[0m [36murl[0m=[35mhttps://www.marketbeat.com/instant-alerts/filing-capital-advisors-inc-ok-increases-stake-i[0m
[2m2026-04-02T09:48:29.109359Z[0m [[32m[1minfo     [0m] [1mfetch                         [0m [36mstatus[0m=[35m200[0m [36murl[0m=[35mhttps://www.marketbeat.com/instant-alerts/filing-spire-wealth-management-has-400000-stake-[0m
[2m2026-04-02T09:48:29.422625Z[0m [[31m[1merror    [0m] [1mfetch_error                   [0m [36merror[0m=[35m"400, message='Got more than 8190 bytes (8800) when reading Header value is too l"[0m [36murl[0m=[35mhttps://finance.yahoo.com/markets/stocks/articles/texas-instruments-in[0m
[2m2026-04-02T09:48:29.632928Z[0m [[32m[1minfo     [0m] [1mcrawling                      [0m [36mchannel[0m=[35mGoogle->Benzinga[0m [36mtag[0m=[35mgoogle_benzinga[0m
[2m2026-04-02T09:48:32.294770Z[0m [[32m[1minfo     [0m] [1mfetch                         [0m [36mstatus[0m=[35m200[0m [36murl[0m=[35m'https://news.google.com/rss/search?q=ADI+analog+devices+site:benzinga.com&hl=en-US&gl=US&c'[0m
[2m2026-04-02T09:48:32.399844Z[0m [[32m[1minfo     [0m] [1mparsed                        [0m [36mchannel[0m=[35mgoogle_benzinga[0m [36mraw[0m=[35m100[0m
[2m2026-04-02T09:48:34.964425Z[0m [[32m[1minfo     [0m] [1mfetch                         [0m [36mstatus[0m=[35m200[0m [36murl[0m=[35m'https://news.google.com/rss/search?q=analog+devices+site:benzinga.com&hl=en-US&gl=US&ceid='[0m
[2m2026-04-02T09:48:35.069962Z[0m [[32m[1minfo     [0m] [1mparsed                        [0m [36mchannel[0m=[35mgoogle_benzinga[0m [36mraw[0m=[35m100[0m
[2m2026-04-02T09:48:35.070073Z[0m [[32m[1minfo     [0m] [1mcrawling                      [0m [36mchannel[0m=[35m'Google News (all)'[0m [36mtag[0m=[35mgoogle_broad[0m
[2m2026-04-02T09:48:37.677176Z[0m [[32m[1minfo     [0m] [1mfetch                         [0m [36mstatus[0m=[35m200[0m [36murl[0m=[35m'https://news.google.com/rss/search?q=ADI+analog+devices+stock+news&hl=en-US&gl=US&ceid=US:'[0m
[2m2026-04-02T09:48:37.790137Z[0m [[32m[1minfo     [0m] [1mparsed                        [0m [36mchannel[0m=[35mgoogle_broad[0m [36mraw[0m=[35m100[0m
[2m2026-04-02T09:48:40.363174Z[0m [[32m[1minfo     [0m] [1mfetch                         [0m [36mstatus[0m=[35m200[0m [36murl[0m=[35m'https://news.google.com/rss/search?q=ADI+analog+devices+earnings+analysis&hl=en-US&gl=US&c'[0m
[2m2026-04-02T09:48:40.451935Z[0m [[32m[1minfo     [0m] [1mparsed                        [0m [36mchannel[0m=[35mgoogle_broad[0m [36mraw[0m=[35m72[0m
[2m2026-04-02T09:48:40.453349Z[0m [[32m[1minfo     [0m] [1mquality_filter                [0m [36minput[0m=[35m372[0m [36mpassed[0m=[35m9[0m
[2m2026-04-02T09:48:40.453901Z[0m [[32m[1minfo     [0m] [1mdedup                         [0m [36mafter[0m=[35m9[0m [36mbefore[0m=[35m9[0m
[2m2026-04-02T09:48:40.454010Z[0m [[32m[1minfo     [0m] [1mfulltext_selection            [0m [36mcandidates[0m=[35m4[0m [36mfiltered[0m=[35m9[0m [36mmode[0m=[35mhigh-value[0m [36mticker[0m=[35mADI[0m
[2m2026-04-02T09:48:42.541184Z[0m [[32m[1minfo     [0m] [1mfetch                         [0m [36mstatus[0m=[35m200[0m [36murl[0m=[35mhttps://www.marketbeat.com/instant-alerts/filing-empirical-financial-services-llc-dba-empi[0m
[2m2026-04-02T09:48:42.785247Z[0m [[32m[1minfo     [0m] [1mfetch                         [0m [36mstatus[0m=[35m200[0m [36murl[0m=[35mhttps://www.marketbeat.com/instant-alerts/filing-gunderson-capital-management-inc-acquires[0m
[2m2026-04-02T09:48:42.799153Z[0m [[32m[1minfo     [0m] [1mfetch                         [0m [36mstatus[0m=[35m200[0m [36murl[0m=[35mhttps://www.marketbeat.com/instant-alerts/filing-nisa-investment-advisors-llc-boosts-stock[0m
[2m2026-04-02T09:48:43.953465Z[0m [[32m[1minfo     [0m] [1mfetch                         [0m [36mstatus[0m=[35m200[0m [36murl[0m=[35mhttps://www.stocktitan.net/sec-filings/ADI/form-4-analog-devices-inc-insider-trading-activ[0m
[2m2026-04-02T09:48:44.176073Z[0m [[32m[1minfo     [0m] [1mcrawling                      [0m [36mchannel[0m=[35mGoogle->Benzinga[0m [36mtag[0m=[35mgoogle_benzinga[0m
[2m2026-04-02T09:48:46.687479Z[0m [[32m[1minfo     [0m] [1mfetch                         [0m [36mstatus[0m=[35m200[0m [36murl[0m=[35m'https://news.google.com/rss/search?q=ANET+site:benzinga.com&hl=en-US&gl=US&ceid=US:en'[0m
[2m2026-04-02T09:48:46.730981Z[0m [[32m[1minfo     [0m] [1mparsed                        [0m [36mchannel[0m=[35mgoogle_benzinga[0m [36mraw[0m=[35m62[0m
[2m2026-04-02T09:48:48.748157Z[0m [[32m[1minfo     [0m] [1mfetch                         [0m [36mstatus[0m=[35m200[0m [36murl[0m=[35m'https://news.google.com/rss/search?q=ANET+site:benzinga.com&hl=en-US&gl=US&ceid=US:en'[0m
[2m2026-04-02T09:48:48.762742Z[0m [[32m[1minfo     [0m] [1mparsed                        [0m [36mchannel[0m=[35mgoogle_benzinga[0m [36mraw[0m=[35m62[0m
[2m2026-04-02T09:48:48.762850Z[0m [[32m[1minfo     [0m] [1mcrawling                      [0m [36mchannel[0m=[35m'Google News (all)'[0m [36mtag[0m=[35mgoogle_broad[0m
[2m2026-04-02T09:48:51.453549Z[0m [[32m[1minfo     [0m] [1mfetch                         [0m [36mstatus[0m=[35m200[0m [36murl[0m=[35m'https://news.google.com/rss/search?q=ANET+stock+news&hl=en-US&gl=US&ceid=US:en'[0m
[2m2026-04-02T09:48:51.553368Z[0m [[32m[1minfo     [0m] [1mparsed                        [0m [36mchannel[0m=[35mgoogle_broad[0m [36mraw[0m=[35m100[0m
[2m2026-04-02T09:48:54.040075Z[0m [[32m[1minfo     [0m] [1mfetch                         [0m [36mstatus[0m=[35m200[0m [36murl[0m=[35m'https://news.google.com/rss/search?q=ANET+earnings+analysis&hl=en-US&gl=US&ceid=US:en'[0m
[2m2026-04-02T09:48:54.074586Z[0m [[32m[1minfo     [0m] [1mparsed                        [0m [36mchannel[0m=[35mgoogle_broad[0m [36mraw[0m=[35m67[0m
[2m2026-04-02T09:48:54.075631Z[0m [[32m[1minfo     [0m] [1mquality_filter                [0m [36minput[0m=[35m291[0m [36mpassed[0m=[35m2[0m
[2m2026-04-02T09:48:54.075792Z[0m [[32m[1minfo     [0m] [1mdedup                         [0m [36mafter[0m=[35m2[0m [36mbefore[0m=[35m2[0m
[2m2026-04-02T09:48:54.075849Z[0m [[32m[1minfo     [0m] [1mfulltext_selection            [0m [36mcandidates[0m=[35m1[0m [36mfiltered[0m=[35m2[0m [36mmode[0m=[35mhigh-value[0m [36mticker[0m=[35mANET[0m
[2m2026-04-02T09:48:56.511156Z[0m [[32m[1minfo     [0m] [1mfetch                         [0m [36mstatus[0m=[35m200[0m [36murl[0m=[35mhttps://www.marketbeat.com/instant-alerts/arista-networks-nyseanet-shares-up-58-whats-next[0m
[2m2026-04-02T09:48:56.780757Z[0m [[32m[1minfo     [0m] [1mcrawling                      [0m [36mchannel[0m=[35mGoogle->Benzinga[0m [36mtag[0m=[35mgoogle_benzinga[0m
[2m2026-04-02T09:48:59.360785Z[0m [[32m[1minfo     [0m] [1mfetch                         [0m [36mstatus[0m=[35m200[0m [36murl[0m=[35m'https://news.google.com/rss/search?q=QCOM+qualcomm+site:benzinga.com&hl=en-US&gl=US&ceid=U'[0m
[2m2026-04-02T09:48:59.457815Z[0m [[32m[1minfo     [0m] [1mparsed                        [0m [36mchannel[0m=[35mgoogle_benzinga[0m [36mraw[0m=[35m100[0m
[2m2026-04-02T09:49:02.061864Z[0m [[32m[1minfo     [0m] [1mfetch                         [0m [36mstatus[0m=[35m200[0m [36murl[0m=[35m'https://news.google.com/rss/search?q=qualcomm+site:benzinga.com&hl=en-US&gl=US&ceid=US:en'[0m
[2m2026-04-02T09:49:02.160775Z[0m [[32m[1minfo     [0m] [1mparsed                        [0m [36mchannel[0m=[35mgoogle_benzinga[0m [36mraw[0m=[35m100[0m
[2m2026-04-02T09:49:02.160884Z[0m [[32m[1minfo     [0m] [1mcrawling                      [0m [36mchannel[0m=[35m'Google News (all)'[0m [36mtag[0m=[35mgoogle_broad[0m
[2m2026-04-02T09:49:04.753302Z[0m [[32m[1minfo     [0m] [1mfetch                         [0m [36mstatus[0m=[35m200[0m [36murl[0m=[35m'https://news.google.com/rss/search?q=QCOM+qualcomm+stock+news&hl=en-US&gl=US&ceid=US:en'[0m
[2m2026-04-02T09:49:04.859842Z[0m [[32m[1minfo     [0m] [1mparsed                        [0m [36mchannel[0m=[35mgoogle_broad[0m [36mraw[0m=[35m100[0m
[2m2026-04-02T09:49:07.392312Z[0m [[32m[1minfo     [0m] [1mfetch                         [0m [36mstatus[0m=[35m200[0m [36murl[0m=[35m'https://news.google.com/rss/search?q=QCOM+qualcomm+earnings+analysis&hl=en-US&gl=US&ceid=U'[0m
[2m2026-04-02T09:49:07.481493Z[0m [[32m[1minfo     [0m] [1mparsed                        [0m [36mchannel[0m=[35mgoogle_broad[0m [36mraw[0m=[35m74[0m
[2m2026-04-02T09:49:07.482437Z[0m [[32m[1minfo     [0m] [1mquality_filter                [0m [36minput[0m=[35m374[0m [36mpassed[0m=[35m3[0m
[2m2026-04-02T09:49:07.482647Z[0m [[32m[1minfo     [0m] [1mdedup                         [0m [36mafter[0m=[35m3[0m [36mbefore[0m=[35m3[0m
[2m2026-04-02T09:49:07.482710Z[0m [[32m[1minfo     [0m] [1mfulltext_selection            [0m [36mcandidates[0m=[35m2[0m [36mfiltered[0m=[35m3[0m [36mmode[0m=[35mhigh-value[0m [36mticker[0m=[35mQCOM[0m
[2m2026-04-02T09:49:09.661579Z[0m [[32m[1minfo     [0m] [1mfetch                         [0m [36mstatus[0m=[35m200[0m [36murl[0m=[35mhttps://www.marketbeat.com/instant-alerts/filing-highline-wealth-partners-llc-trims-stake-[0m
[2m2026-04-02T09:49:09.691153Z[0m [[32m[1minfo     [0m] [1mfetch                         [0m [36mstatus[0m=[35m200[0m [36murl[0m=[35mhttps://www.marketbeat.com/instant-alerts/qualcomm-nasdaqqcom-stock-price-down-12-heres-wh[0m
[2m2026-04-02T09:49:09.917068Z[0m [[32m[1minfo     [0m] [1mcrawling                      [0m [36mchannel[0m=[35mGoogle->Benzinga[0m [36mtag[0m=[35mgoogle_benzinga[0m
[2m2026-04-02T09:49:12.541075Z[0m [[32m[1minfo     [0m] [1mfetch                         [0m [36mstatus[0m=[35m200[0m [36murl[0m=[35m'https://news.google.com/rss/search?q=WDC+site:benzinga.com&hl=en-US&gl=US&ceid=US:en'[0m
[2m2026-04-02T09:49:12.643563Z[0m [[32m[1minfo     [0m] [1mparsed                        [0m [36mchannel[0m=[35mgoogle_benzinga[0m [36mraw[0m=[35m100[0m
[2m2026-04-02T09:49:14.663615Z[0m [[32m[1minfo     [0m] [1mfetch                         [0m [36mstatus[0m=[35m200[0m [36murl[0m=[35m'https://news.google.com/rss/search?q=WDC+site:benzinga.com&hl=en-US&gl=US&ceid=US:en'[0m
[2m2026-04-02T09:49:14.685872Z[0m [[32m[1minfo     [0m] [1mparsed                        [0m [36mchannel[0m=[35mgoogle_benzinga[0m [36mraw[0m=[35m100[0m
[2m2026-04-02T09:49:14.685975Z[0m [[32m[1minfo     [0m] [1mcrawling                      [0m [36mchannel[0m=[35m'Google News (all)'[0m [36mtag[0m=[35mgoogle_broad[0m
[2m2026-04-02T09:49:17.235824Z[0m [[32m[1minfo     [0m] [1mfetch                         [0m [36mstatus[0m=[35m200[0m [36murl[0m=[35m'https://news.google.com/rss/search?q=WDC+stock+news&hl=en-US&gl=US&ceid=US:en'[0m
[2m2026-04-02T09:49:17.339715Z[0m [[32m[1minfo     [0m] [1mparsed                        [0m [36mchannel[0m=[35mgoogle_broad[0m [36mraw[0m=[35m100[0m
[2m2026-04-02T09:49:19.858059Z[0m [[32m[1minfo     [0m] [1mfetch                         [0m [36mstatus[0m=[35m200[0m [36murl[0m=[35m'https://news.google.com/rss/search?q=WDC+earnings+analysis&hl=en-US&gl=US&ceid=US:en'[0m
[2m2026-04-02T09:49:19.894124Z[0m [[32m[1minfo     [0m] [1mparsed                        [0m [36mchannel[0m=[35mgoogle_broad[0m [36mraw[0m=[35m60[0m
[2m2026-04-02T09:49:19.895667Z[0m [[32m[1minfo     [0m] [1mquality_filter                [0m [36minput[0m=[35m360[0m [36mpassed[0m=[35m10[0m
[2m2026-04-02T09:49:19.896296Z[0m [[32m[1minfo     [0m] [1mdedup                         [0m [36mafter[0m=[35m10[0m [36mbefore[0m=[35m10[0m
[2m2026-04-02T09:49:19.896401Z[0m [[32m[1minfo     [0m] [1mfulltext_selection            [0m [36mcandidates[0m=[35m8[0m [36mfiltered[0m=[35m10[0m [36mmode[0m=[35mhigh-value[0m [36mticker[0m=[35mWDC[0m
[2m2026-04-02T09:49:21.851271Z[0m [[32m[1minfo     [0m] [1mfetch                         [0m [36mstatus[0m=[35m200[0m [36murl[0m=[35mhttps://www.marketbeat.com/instant-alerts/filing-empirical-financial-services-llc-dba-empi[0m
[2m2026-04-02T09:49:21.927658Z[0m [[32m[1minfo     [0m] [1mfetch                         [0m [36mstatus[0m=[35m403[0m [36murl[0m=[35mhttps://qz.com/wall-street-analysts-think-western-digital-wdc-is-a-good-investment-is-it[0m
[2m2026-04-02T09:49:22.088339Z[0m [[32m[1minfo     [0m] [1mfetch                         [0m [36mstatus[0m=[35m200[0m [36murl[0m=[35mhttps://www.marketbeat.com/instant-alerts/western-digital-nasdaqwdc-stock-price-up-102-aft[0m
[2m2026-04-02T09:49:23.612086Z[0m [[32m[1minfo     [0m] [1mfetch                         [0m [36mstatus[0m=[35m200[0m [36murl[0m=[35mhttps://www.marketbeat.com/instant-alerts/filing-three-seasons-wealth-llc-buys-shares-of-8[0m
[2m2026-04-02T09:49:23.780287Z[0m [[32m[1minfo     [0m] [1mfetch                         [0m [36mstatus[0m=[35m200[0m [36murl[0m=[35mhttps://www.marketbeat.com/instant-alerts/filing-44801-shares-in-western-digital-corporati[0m
[2m2026-04-02T09:49:23.831856Z[0m [[32m[1minfo     [0m] [1mfetch                         [0m [36mstatus[0m=[35m200[0m [36murl[0m=[35mhttps://www.fxleaders.com/news/2026/04/02/western-digital-wdc-stock-surges-10-on-analyst-u[0m
[2m2026-04-02T09:49:23.853512Z[0m [[32m[1minfo     [0m] [1mfetch                         [0m [36mstatus[0m=[35m200[0m [36murl[0m=[35mhttps://coincentral.com/western-digital-wdc-stock-surges-11-after-bernstein-upgrades-to-ou[0m
[2m2026-04-02T09:49:24.227149Z[0m [[32m[1minfo     [0m] [1mfetch                         [0m [36mstatus[0m=[35m200[0m [36murl[0m=[35mhttps://www.moomoo.com/community/feed/micron-sandisk-wdc-surge-10-are-memory-stocks-starti[0m
[2m2026-04-02T09:49:24.940936Z[0m [[32m[1minfo     [0m] [1mcrawling                      [0m [36mchannel[0m=[35mGoogle->Benzinga[0m [36mtag[0m=[35mgoogle_benzinga[0m
[2m2026-04-02T09:49:27.588349Z[0m [[32m[1minfo     [0m] [1mfetch                         [0m [36mstatus[0m=[35m200[0m [36murl[0m=[35m'https://news.google.com/rss/search?q=SNDK+site:benzinga.com&hl=en-US&gl=US&ceid=US:en'[0m
[2m2026-04-02T09:49:27.700101Z[0m [[32m[1minfo     [0m] [1mparsed                        [0m [36mchannel[0m=[35mgoogle_benzinga[0m [36mraw[0m=[35m100[0m
[2m2026-04-02T09:49:29.713527Z[0m [[32m[1minfo     [0m] [1mfetch                         [0m [36mstatus[0m=[35m200[0m [36murl[0m=[35m'https://news.google.com/rss/search?q=SNDK+site:benzinga.com&hl=en-US&gl=US&ceid=US:en'[0m
[2m2026-04-02T09:49:29.736206Z[0m [[32m[1minfo     [0m] [1mparsed                        [0m [36mchannel[0m=[35mgoogle_benzinga[0m [36mraw[0m=[35m100[0m
[2m2026-04-02T09:49:29.736309Z[0m [[32m[1minfo     [0m] [1mcrawling                      [0m [36mchannel[0m=[35m'Google News (all)'[0m [36mtag[0m=[35mgoogle_broad[0m
[2m2026-04-02T09:49:32.334517Z[0m [[32m[1minfo     [0m] [1mfetch                         [0m [36mstatus[0m=[35m200[0m [36murl[0m=[35m'https://news.google.com/rss/search?q=SNDK+stock+news&hl=en-US&gl=US&ceid=US:en'[0m
[2m2026-04-02T09:49:32.439546Z[0m [[32m[1minfo     [0m] [1mparsed                        [0m [36mchannel[0m=[35mgoogle_broad[0m [36mraw[0m=[35m100[0m
[2m2026-04-02T09:49:34.957631Z[0m [[32m[1minfo     [0m] [1mfetch                         [0m [36mstatus[0m=[35m200[0m [36murl[0m=[35m'https://news.google.com/rss/search?q=SNDK+earnings+analysis&hl=en-US&gl=US&ceid=US:en'[0m
[2m2026-04-02T09:49:35.045246Z[0m [[32m[1minfo     [0m] [1mparsed                        [0m [36mchannel[0m=[35mgoogle_broad[0m [36mraw[0m=[35m68[0m
[2m2026-04-02T09:49:35.046474Z[0m [[32m[1minfo     [0m] [1mquality_filter                [0m [36minput[0m=[35m368[0m [36mpassed[0m=[35m6[0m
[2m2026-04-02T09:49:35.046855Z[0m [[32m[1minfo     [0m] [1mdedup                         [0m [36mafter[0m=[35m6[0m [36mbefore[0m=[35m6[0m
[2m2026-04-02T09:49:35.046931Z[0m [[32m[1minfo     [0m] [1mfulltext_selection            [0m [36mcandidates[0m=[35m4[0m [36mfiltered[0m=[35m6[0m [36mmode[0m=[35mhigh-value[0m [36mticker[0m=[35mSNDK[0m
[2m2026-04-02T09:49:36.634118Z[0m [[32m[1minfo     [0m] [1mfetch                         [0m [36mstatus[0m=[35m403[0m [36murl[0m=[35mhttps://www.tipranks.com/news/sandisk-stock-sndk-tops-sp-500-in-q1-2026-is-it-too-late-to-[0m
[2m2026-04-02T09:49:36.833798Z[0m [[32m[1minfo     [0m] [1mfetch                         [0m [36mstatus[0m=[35m403[0m [36murl[0m=[35mhttps://stocktwits.com/news-articles/markets/equity/mrvl-on-sndk-lead-chip-stock-rally-as-[0m
[2m2026-04-02T09:49:37.037039Z[0m [[32m[1minfo     [0m] [1mfetch                         [0m [36mstatus[0m=[35m403[0m [36murl[0m=[35mhttps://www.tipranks.com/news/micron-mu-vs-sandisk-sndk-which-ai-stock-has-more-upside-rig[0m
[2m2026-04-02T09:49:37.269697Z[0m [[32m[1minfo     [0m] [1mfetch                         [0m [36mstatus[0m=[35m200[0m [36murl[0m=[35mhttps://seekingalpha.com/news/4571502-sa-analyst-upgrades-downgrades-qcom-rklb-bj-sndk[0m
[2m2026-04-02T09:49:37.483460Z[0m [[32m[1minfo     [0m] [1mcrawling                      [0m [36mchannel[0m=[35mGoogle->Benzinga[0m [36mtag[0m=[35mgoogle_benzinga[0m
[2m2026-04-02T09:49:40.104364Z[0m [[32m[1minfo     [0m] [1mfetch                         [0m [36mstatus[0m=[35m200[0m [36murl[0m=[35m'https://news.google.com/rss/search?q=STX+site:benzinga.com&hl=en-US&gl=US&ceid=US:en'[0m
[2m2026-04-02T09:49:40.206059Z[0m [[32m[1minfo     [0m] [1mparsed                        [0m [36mchannel[0m=[35mgoogle_benzinga[0m [36mraw[0m=[35m86[0m
[2m2026-04-02T09:49:42.225157Z[0m [[32m[1minfo     [0m] [1mfetch                         [0m [36mstatus[0m=[35m200[0m [36murl[0m=[35m'https://news.google.com/rss/search?q=STX+site:benzinga.com&hl=en-US&gl=US&ceid=US:en'[0m
[2m2026-04-02T09:49:42.245035Z[0m [[32m[1minfo     [0m] [1mparsed                        [0m [36mchannel[0m=[35mgoogle_benzinga[0m [36mraw[0m=[35m86[0m
[2m2026-04-02T09:49:42.245140Z[0m [[32m[1minfo     [0m] [1mcrawling                      [0m [36mchannel[0m=[35m'Google News (all)'[0m [36mtag[0m=[35mgoogle_broad[0m
[2m2026-04-02T09:49:44.853164Z[0m [[32m[1minfo     [0m] [1mfetch                         [0m [36mstatus[0m=[35m200[0m [36murl[0m=[35m'https://news.google.com/rss/search?q=STX+stock+news&hl=en-US&gl=US&ceid=US:en'[0m
[2m2026-04-02T09:49:44.957456Z[0m [[32m[1minfo     [0m] [1mparsed                        [0m [36mchannel[0m=[35mgoogle_broad[0m [36mraw[0m=[35m100[0m
[2m2026-04-02T09:49:47.576061Z[0m [[32m[1minfo     [0m] [1mfetch                         [0m [36mstatus[0m=[35m200[0m [36murl[0m=[35m'https://news.google.com/rss/search?q=STX+earnings+analysis&hl=en-US&gl=US&ceid=US:en'[0m
[2m2026-04-02T09:49:47.611639Z[0m [[32m[1minfo     [0m] [1mparsed                        [0m [36mchannel[0m=[35mgoogle_broad[0m [36mraw[0m=[35m67[0m
[2m2026-04-02T09:49:47.612803Z[0m [[32m[1minfo     [0m] [1mquality_filter                [0m [36minput[0m=[35m339[0m [36mpassed[0m=[35m5[0m
[2m2026-04-02T09:49:47.613102Z[0m [[32m[1minfo     [0m] [1mdedup                         [0m [36mafter[0m=[35m5[0m [36mbefore[0m=[35m5[0m
[2m2026-04-02T09:49:47.613175Z[0m [[32m[1minfo     [0m] [1mfulltext_selection            [0m [36mcandidates[0m=[35m3[0m [36mfiltered[0m=[35m5[0m [36mmode[0m=[35mhigh-value[0m [36mticker[0m=[35mSTX[0m
[2m2026-04-02T09:49:49.879687Z[0m [[32m[1minfo     [0m] [1mfetch                         [0m [36mstatus[0m=[35m200[0m [36murl[0m=[35mhttps://www.marketbeat.com/instant-alerts/seagate-technology-nasdaqstx-lowered-to-hold-rat[0m
[2m2026-04-02T09:49:49.936675Z[0m [[32m[1minfo     [0m] [1mfetch                         [0m [36mstatus[0m=[35m200[0m [36murl[0m=[35mhttps://www.marketbeat.com/instant-alerts/seagate-technology-nasdaqstx-shares-up-91-on-ana[0m
[2m2026-04-02T09:49:49.946231Z[0m [[32m[1minfo     [0m] [1mfetch                         [0m [36mstatus[0m=[35m200[0m [36murl[0m=[35mhttps://www.marketbeat.com/instant-alerts/filing-three-seasons-wealth-llc-increases-stake-[0m
[2m2026-04-02T09:49:50.287533Z[0m [[32m[1minfo     [0m] [1mcrawling                      [0m [36mchannel[0m=[35mGoogle->Benzinga[0m [36mtag[0m=[35mgoogle_benzinga[0m
[2m2026-04-02T09:49:52.966063Z[0m [[32m[1minfo     [0m] [1mfetch                         [0m [36mstatus[0m=[35m200[0m [36murl[0m=[35m'https://news.google.com/rss/search?q=CDNS+site:benzinga.com&hl=en-US&gl=US&ceid=US:en'[0m
[2m2026-04-02T09:49:53.034023Z[0m [[32m[1minfo     [0m] [1mparsed                        [0m [36mchannel[0m=[35mgoogle_benzinga[0m [36mraw[0m=[35m100[0m
[2m2026-04-02T09:49:55.055699Z[0m [[32m[1minfo     [0m] [1mfetch                         [0m [36mstatus[0m=[35m200[0m [36murl[0m=[35m'https://news.google.com/rss/search?q=CDNS+site:benzinga.com&hl=en-US&gl=US&ceid=US:en'[0m
[2m2026-04-02T09:49:55.076139Z[0m [[32m[1minfo     [0m] [1mparsed                        [0m [36mchannel[0m=[35mgoogle_benzinga[0m [36mraw[0m=[35m100[0m
[2m2026-04-02T09:49:55.076245Z[0m [[32m[1minfo     [0m] [1mcrawling                      [0m [36mchannel[0m=[35m'Google News (all)'[0m [36mtag[0m=[35mgoogle_broad[0m
[2m2026-04-02T09:49:57.534414Z[0m [[32m[1minfo     [0m] [1mfetch                         [0m [36mstatus[0m=[35m200[0m [36murl[0m=[35m'https://news.google.com/rss/search?q=CDNS+stock+news&hl=en-US&gl=US&ceid=US:en'[0m
[2m2026-04-02T09:49:57.645821Z[0m [[32m[1minfo     [0m] [1mparsed                        [0m [36mchannel[0m=[35mgoogle_broad[0m [36mraw[0m=[35m100[0m
[2m2026-04-02T09:50:00.057840Z[0m [[32m[1minfo     [0m] [1mfetch                         [0m [36mstatus[0m=[35m200[0m [36murl[0m=[35m'https://news.google.com/rss/search?q=CDNS+earnings+analysis&hl=en-US&gl=US&ceid=US:en'[0m
[2m2026-04-02T09:50:00.081022Z[0m [[32m[1minfo     [0m] [1mparsed                        [0m [36mchannel[0m=[35mgoogle_broad[0m [36mraw[0m=[35m41[0m
[2m2026-04-02T09:50:00.082000Z[0m [[32m[1minfo     [0m] [1mquality_filter                [0m [36minput[0m=[35m341[0m [36mpassed[0m=[35m0[0m
[2m2026-04-02T09:50:00.082064Z[0m [[32m[1minfo     [0m] [1mdedup                         [0m [36mafter[0m=[35m0[0m [36mbefore[0m=[35m0[0m
[2m2026-04-02T09:50:00.082097Z[0m [[32m[1minfo     [0m] [1mfulltext_selection            [0m [36mcandidates[0m=[35m0[0m [36mfiltered[0m=[35m0[0m [36mmode[0m=[35mhigh-value[0m [36mticker[0m=[35mCDNS[0m
[2m2026-04-02T09:50:00.082692Z[0m [[32m[1minfo     [0m] [1mcrawling                      [0m [36mchannel[0m=[35mGoogle->Benzinga[0m [36mtag[0m=[35mgoogle_benzinga[0m
[2m2026-04-02T09:50:03.120142Z[0m [[32m[1minfo     [0m] [1mfetch                         [0m [36mstatus[0m=[35m200[0m [36murl[0m=[35m'https://news.google.com/rss/search?q=SNPS+site:benzinga.com&hl=en-US&gl=US&ceid=US:en'[0m
[2m2026-04-02T09:50:03.221662Z[0m [[32m[1minfo     [0m] [1mparsed                        [0m [36mchannel[0m=[35mgoogle_benzinga[0m [36mraw[0m=[35m100[0m
[2m2026-04-02T09:50:05.239829Z[0m [[32m[1minfo     [0m] [1mfetch                         [0m [36mstatus[0m=[35m200[0m [36murl[0m=[35m'https://news.google.com/rss/search?q=SNPS+site:benzinga.com&hl=en-US&gl=US&ceid=US:en'[0m
[2m2026-04-02T09:50:05.262503Z[0m [[32m[1minfo     [0m] [1mparsed                        [0m [36mchannel[0m=[35mgoogle_benzinga[0m [36mraw[0m=[35m100[0m
[2m2026-04-02T09:50:05.262610Z[0m [[32m[1minfo     [0m] [1mcrawling                      [0m [36mchannel[0m=[35m'Google News (all)'[0m [36mtag[0m=[35mgoogle_broad[0m
[2m2026-04-02T09:50:07.743672Z[0m [[32m[1minfo     [0m] [1mfetch                         [0m [36mstatus[0m=[35m200[0m [36murl[0m=[35m'https://news.google.com/rss/search?q=SNPS+stock+news&hl=en-US&gl=US&ceid=US:en'[0m
[2m2026-04-02T09:50:07.847704Z[0m [[32m[1minfo     [0m] [1mparsed                        [0m [36mchannel[0m=[35mgoogle_broad[0m [36mraw[0m=[35m100[0m
[2m2026-04-02T09:50:10.265516Z[0m [[32m[1minfo     [0m] [1mfetch                         [0m [36mstatus[0m=[35m200[0m [36murl[0m=[35m'https://news.google.com/rss/search?q=SNPS+earnings+analysis&hl=en-US&gl=US&ceid=US:en'[0m
[2m2026-04-02T09:50:10.298974Z[0m [[32m[1minfo     [0m] [1mparsed                        [0m [36mchannel[0m=[35mgoogle_broad[0m [36mraw[0m=[35m61[0m
[2m2026-04-02T09:50:10.299681Z[0m [[32m[1minfo     [0m] [1mquality_filter                [0m [36minput[0m=[35m361[0m [36mpassed[0m=[35m0[0m
[2m2026-04-02T09:50:10.299753Z[0m [[32m[1minfo     [0m] [1mdedup                         [0m [36mafter[0m=[35m0[0m [36mbefore[0m=[35m0[0m
[2m2026-04-02T09:50:10.299785Z[0m [[32m[1minfo     [0m] [1mfulltext_selection            [0m [36mcandidates[0m=[35m0[0m [36mfiltered[0m=[35m0[0m [36mmode[0m=[35mhigh-value[0m [36mticker[0m=[35mSNPS[0m
[2m2026-04-02T09:50:10.300458Z[0m [[32m[1minfo     [0m] [1mcrawling                      [0m [36mchannel[0m=[35mGoogle->Benzinga[0m [36mtag[0m=[35mgoogle_benzinga[0m
[2m2026-04-02T09:50:12.803589Z[0m [[32m[1minfo     [0m] [1mfetch                         [0m [36mstatus[0m=[35m200[0m [36murl[0m=[35m'https://news.google.com/rss/search?q=NXPI+site:benzinga.com&hl=en-US&gl=US&ceid=US:en'[0m
[2m2026-04-02T09:50:12.880750Z[0m [[32m[1minfo     [0m] [1mparsed                        [0m [36mchannel[0m=[35mgoogle_benzinga[0m [36mraw[0m=[35m38[0m
[2m2026-04-02T09:50:14.890662Z[0m [[32m[1minfo     [0m] [1mfetch                         [0m [36mstatus[0m=[35m200[0m [36murl[0m=[35m'https://news.google.com/rss/search?q=NXPI+site:benzinga.com&hl=en-US&gl=US&ceid=US:en'[0m
[2m2026-04-02T09:50:14.899759Z[0m [[32m[1minfo     [0m] [1mparsed                        [0m [36mchannel[0m=[35mgoogle_benzinga[0m [36mraw[0m=[35m38[0m
[2m2026-04-02T09:50:14.899851Z[0m [[32m[1minfo     [0m] [1mcrawling                      [0m [36mchannel[0m=[35m'Google News (all)'[0m [36mtag[0m=[35mgoogle_broad[0m
[2m2026-04-02T09:50:17.538940Z[0m [[32m[1minfo     [0m] [1mfetch                         [0m [36mstatus[0m=[35m200[0m [36murl[0m=[35m'https://news.google.com/rss/search?q=NXPI+stock+news&hl=en-US&gl=US&ceid=US:en'[0m
[2m2026-04-02T09:50:17.650521Z[0m [[32m[1minfo     [0m] [1mparsed                        [0m [36mchannel[0m=[35mgoogle_broad[0m [36mraw[0m=[35m100[0m
[2m2026-04-02T09:50:20.229285Z[0m [[32m[1minfo     [0m] [1mfetch                         [0m [36mstatus[0m=[35m200[0m [36murl[0m=[35m'https://news.google.com/rss/search?q=NXPI+earnings+analysis&hl=en-US&gl=US&ceid=US:en'[0m
[2m2026-04-02T09:50:20.262161Z[0m [[32m[1minfo     [0m] [1mparsed                        [0m [36mchannel[0m=[35mgoogle_broad[0m [36mraw[0m=[35m57[0m
[2m2026-04-02T09:50:20.262856Z[0m [[32m[1minfo     [0m] [1mquality_filter                [0m [36minput[0m=[35m233[0m [36mpassed[0m=[35m1[0m
[2m2026-04-02T09:50:20.262966Z[0m [[32m[1minfo     [0m] [1mdedup                         [0m [36mafter[0m=[35m1[0m [36mbefore[0m=[35m1[0m
[2m2026-04-02T09:50:20.263006Z[0m [[32m[1minfo     [0m] [1mfulltext_selection            [0m [36mcandidates[0m=[35m1[0m [36mfiltered[0m=[35m1[0m [36mmode[0m=[35mhigh-value[0m [36mticker[0m=[35mNXPI[0m
[2m2026-04-02T09:50:23.634576Z[0m [[32m[1minfo     [0m] [1mfetch                         [0m [36mstatus[0m=[35m200[0m [36murl[0m=[35mhttps://intellectia.ai/en/stock/NXPI/news[0m
[2m2026-04-02T09:50:24.257220Z[0m [[32m[1minfo     [0m] [1mcrawling                      [0m [36mchannel[0m=[35mGoogle->Benzinga[0m [36mtag[0m=[35mgoogle_benzinga[0m
[2m2026-04-02T09:50:26.779818Z[0m [[32m[1minfo     [0m] [1mfetch                         [0m [36mstatus[0m=[35m200[0m [36murl[0m=[35m'https://news.google.com/rss/search?q=MPWR+monolithic+power+site:benzinga.com&hl=en-US&gl=U'[0m
[2m2026-04-02T09:50:26.788911Z[0m [[32m[1minfo     [0m] [1mparsed                        [0m [36mchannel[0m=[35mgoogle_benzinga[0m [36mraw[0m=[35m27[0m
[2m2026-04-02T09:50:29.298023Z[0m [[32m[1minfo     [0m] [1mfetch                         [0m [36mstatus[0m=[35m200[0m [36murl[0m=[35m'https://news.google.com/rss/search?q=monolithic+power+site:benzinga.com&hl=en-US&gl=US&cei'[0m
[2m2026-04-02T09:50:29.386002Z[0m [[32m[1minfo     [0m] [1mparsed                        [0m [36mchannel[0m=[35mgoogle_benzinga[0m [36mraw[0m=[35m72[0m
[2m2026-04-02T09:50:29.386134Z[0m [[32m[1minfo     [0m] [1mcrawling                      [0m [36mchannel[0m=[35m'Google News (all)'[0m [36mtag[0m=[35mgoogle_broad[0m
[2m2026-04-02T09:50:31.994270Z[0m [[32m[1minfo     [0m] [1mfetch                         [0m [36mstatus[0m=[35m200[0m [36murl[0m=[35m'https://news.google.com/rss/search?q=MPWR+monolithic+power+stock+news&hl=en-US&gl=US&ceid='[0m
[2m2026-04-02T09:50:32.108182Z[0m [[32m[1minfo     [0m] [1mparsed                        [0m [36mchannel[0m=[35mgoogle_broad[0m [36mraw[0m=[35m100[0m
[2m2026-04-02T09:50:34.972892Z[0m [[32m[1minfo     [0m] [1mfetch                         [0m [36mstatus[0m=[35m200[0m [36murl[0m=[35m'https://news.google.com/rss/search?q=MPWR+monolithic+power+earnings+analysis&hl=en-US&gl=U'[0m
[2m2026-04-02T09:50:35.007734Z[0m [[32m[1minfo     [0m] [1mparsed                        [0m [36mchannel[0m=[35mgoogle_broad[0m [36mraw[0m=[35m53[0m
[2m2026-04-02T09:50:35.009905Z[0m [[32m[1minfo     [0m] [1mquality_filter                [0m [36minput[0m=[35m252[0m [36mpassed[0m=[35m9[0m
[2m2026-04-02T09:50:35.010812Z[0m [[32m[1minfo     [0m] [1mdedup                         [0m [36mafter[0m=[35m7[0m [36mbefore[0m=[35m9[0m
[2m2026-04-02T09:50:35.010947Z[0m [[32m[1minfo     [0m] [1mfulltext_selection            [0m [36mcandidates[0m=[35m1[0m [36mfiltered[0m=[35m7[0m [36mmode[0m=[35mhigh-value[0m [36mticker[0m=[35mMPWR[0m
[2m2026-04-02T09:50:37.037902Z[0m [[32m[1minfo     [0m] [1mfetch                         [0m [36mstatus[0m=[35m403[0m [36murl[0m=[35mhttps://www.bitget.com/amp/news/detail/12560605327111[0m
[2m2026-04-02T09:50:37.244678Z[0m [[32m[1minfo     [0m] [1mcrawling                      [0m [36mchannel[0m=[35mGoogle->Benzinga[0m [36mtag[0m=[35mgoogle_benzinga[0m
[2m2026-04-02T09:50:40.320743Z[0m [[32m[1minfo     [0m] [1mfetch                         [0m [36mstatus[0m=[35m200[0m [36murl[0m=[35m'https://news.google.com/rss/search?q=TER+teradyne+site:benzinga.com&hl=en-US&gl=US&ceid=US'[0m
[2m2026-04-02T09:50:40.435743Z[0m [[32m[1minfo     [0m] [1mparsed                        [0m [36mchannel[0m=[35mgoogle_benzinga[0m [36mraw[0m=[35m100[0m
[2m2026-04-02T09:50:42.941579Z[0m [[32m[1minfo     [0m] [1mfetch                         [0m [36mstatus[0m=[35m200[0m [36murl[0m=[35m'https://news.google.com/rss/search?q=teradyne+site:benzinga.com&hl=en-US&gl=US&ceid=US:en'[0m
[2m2026-04-02T09:50:43.049385Z[0m [[32m[1minfo     [0m] [1mparsed                        [0m [36mchannel[0m=[35mgoogle_benzinga[0m [36mraw[0m=[35m100[0m
[2m2026-04-02T09:50:43.049490Z[0m [[32m[1minfo     [0m] [1mcrawling                      [0m [36mchannel[0m=[35m'Google News (all)'[0m [36mtag[0m=[35mgoogle_broad[0m
[2m2026-04-02T09:50:45.628919Z[0m [[32m[1minfo     [0m] [1mfetch                         [0m [36mstatus[0m=[35m200[0m [36murl[0m=[35m'https://news.google.com/rss/search?q=TER+teradyne+stock+news&hl=en-US&gl=US&ceid=US:en'[0m
[2m2026-04-02T09:50:45.737002Z[0m [[32m[1minfo     [0m] [1mparsed                        [0m [36mchannel[0m=[35mgoogle_broad[0m [36mraw[0m=[35m100[0m
[2m2026-04-02T09:50:48.210264Z[0m [[32m[1minfo     [0m] [1mfetch                         [0m [36mstatus[0m=[35m200[0m [36murl[0m=[35m'https://news.google.com/rss/search?q=TER+teradyne+earnings+analysis&hl=en-US&gl=US&ceid=US'[0m
[2m2026-04-02T09:50:48.238405Z[0m [[32m[1minfo     [0m] [1mparsed                        [0m [36mchannel[0m=[35mgoogle_broad[0m [36mraw[0m=[35m57[0m
[2m2026-04-02T09:50:48.239374Z[0m [[32m[1minfo     [0m] [1mquality_filter                [0m [36minput[0m=[35m357[0m [36mpassed[0m=[35m1[0m
[2m2026-04-02T09:50:48.239493Z[0m [[32m[1minfo     [0m] [1mdedup                         [0m [36mafter[0m=[35m1[0m [36mbefore[0m=[35m1[0m
[2m2026-04-02T09:50:48.239541Z[0m [[32m[1minfo     [0m] [1mfulltext_selection            [0m [36mcandidates[0m=[35m1[0m [36mfiltered[0m=[35m1[0m [36mmode[0m=[35mhigh-value[0m [36mticker[0m=[35mTER[0m
[2m2026-04-02T09:50:50.340890Z[0m [[32m[1minfo     [0m] [1mfetch                         [0m [36mstatus[0m=[35m200[0m [36murl[0m=[35mhttps://www.marketbeat.com/instant-alerts/filing-three-seasons-wealth-llc-purchases-shares[0m
[2m2026-04-02T09:50:50.571828Z[0m [[32m[1minfo     [0m] [1mcrawling                      [0m [36mchannel[0m=[35mGoogle->Benzinga[0m [36mtag[0m=[35mgoogle_benzinga[0m
[2m2026-04-02T09:50:53.061931Z[0m [[32m[1minfo     [0m] [1mfetch                         [0m [36mstatus[0m=[35m200[0m [36murl[0m=[35m'https://news.google.com/rss/search?q=MCHP+microchip+technology+site:benzinga.com&hl=en-US&'[0m
[2m2026-04-02T09:50:53.079761Z[0m [[32m[1minfo     [0m] [1mparsed                        [0m [36mchannel[0m=[35mgoogle_benzinga[0m [36mraw[0m=[35m35[0m
[2m2026-04-02T09:50:55.529805Z[0m [[32m[1minfo     [0m] [1mfetch                         [0m [36mstatus[0m=[35m200[0m [36murl[0m=[35m'https://news.google.com/rss/search?q=microchip+technology+site:benzinga.com&hl=en-US&gl=US'[0m
[2m2026-04-02T09:50:55.639111Z[0m [[32m[1minfo     [0m] [1mparsed                        [0m [36mchannel[0m=[35mgoogle_benzinga[0m [36mraw[0m=[35m89[0m
[2m2026-04-02T09:50:55.639233Z[0m [[32m[1minfo     [0m] [1mcrawling                      [0m [36mchannel[0m=[35m'Google News (all)'[0m [36mtag[0m=[35mgoogle_broad[0m
[2m2026-04-02T09:50:58.184821Z[0m [[32m[1minfo     [0m] [1mfetch                         [0m [36mstatus[0m=[35m200[0m [36murl[0m=[35m'https://news.google.com/rss/search?q=MCHP+microchip+technology+stock+news&hl=en-US&gl=US&c'[0m
[2m2026-04-02T09:50:58.303250Z[0m [[32m[1minfo     [0m] [1mparsed                        [0m [36mchannel[0m=[35mgoogle_broad[0m [36mraw[0m=[35m100[0m
[2m2026-04-02T09:51:00.734758Z[0m [[32m[1minfo     [0m] [1mfetch                         [0m [36mstatus[0m=[35m200[0m [36murl[0m=[35m'https://news.google.com/rss/search?q=MCHP+microchip+technology+earnings+analysis&hl=en-US&'[0m
[2m2026-04-02T09:51:00.769788Z[0m [[32m[1minfo     [0m] [1mparsed                        [0m [36mchannel[0m=[35mgoogle_broad[0m [36mraw[0m=[35m57[0m
[2m2026-04-02T09:51:00.771017Z[0m [[32m[1minfo     [0m] [1mquality_filter                [0m [36minput[0m=[35m281[0m [36mpassed[0m=[35m1[0m
[2m2026-04-02T09:51:00.771183Z[0m [[32m[1minfo     [0m] [1mdedup                         [0m [36mafter[0m=[35m1[0m [36mbefore[0m=[35m1[0m
[2m2026-04-02T09:51:00.771240Z[0m [[32m[1minfo     [0m] [1mfulltext_selection            [0m [36mcandidates[0m=[35m1[0m [36mfiltered[0m=[35m1[0m [36mmode[0m=[35mhigh-value[0m [36mticker[0m=[35mMCHP[0m
[2m2026-04-02T09:51:03.030166Z[0m [[32m[1minfo     [0m] [1mfetch                         [0m [36mstatus[0m=[35m200[0m [36murl[0m=[35mhttps://www.msn.com/en-us/money/technologyinvesting/microchip-technology-mchp-will-address[0m
[2m2026-04-02T09:51:03.341690Z[0m [[32m[1minfo     [0m] [1mcrawling                      [0m [36mchannel[0m=[35mGoogle->Benzinga[0m [36mtag[0m=[35mgoogle_benzinga[0m
[2m2026-04-02T09:51:06.063639Z[0m [[32m[1minfo     [0m] [1mfetch                         [0m [36mstatus[0m=[35m200[0m [36murl[0m=[35m'https://news.google.com/rss/search?q=ON+on+semiconductor+site:benzinga.com&hl=en-US&gl=US&'[0m
[2m2026-04-02T09:51:06.174247Z[0m [[32m[1minfo     [0m] [1mparsed                        [0m [36mchannel[0m=[35mgoogle_benzinga[0m [36mraw[0m=[35m100[0m
[2m2026-04-02T09:51:08.875370Z[0m [[32m[1minfo     [0m] [1mfetch                         [0m [36mstatus[0m=[35m200[0m [36murl[0m=[35m'https://news.google.com/rss/search?q=on+semiconductor+site:benzinga.com&hl=en-US&gl=US&cei'[0m
[2m2026-04-02T09:51:08.990066Z[0m [[32m[1minfo     [0m] [1mparsed                        [0m [36mchannel[0m=[35mgoogle_benzinga[0m [36mraw[0m=[35m100[0m
[2m2026-04-02T09:51:08.990186Z[0m [[32m[1minfo     [0m] [1mcrawling                      [0m [36mchannel[0m=[35m'Google News (all)'[0m [36mtag[0m=[35mgoogle_broad[0m
[2m2026-04-02T09:51:11.563280Z[0m [[32m[1minfo     [0m] [1mfetch                         [0m [36mstatus[0m=[35m200[0m [36murl[0m=[35m'https://news.google.com/rss/search?q=ON+on+semiconductor+stock+news&hl=en-US&gl=US&ceid=US'[0m
[2m2026-04-02T09:51:11.659083Z[0m [[32m[1minfo     [0m] [1mparsed                        [0m [36mchannel[0m=[35mgoogle_broad[0m [36mraw[0m=[35m81[0m
[2m2026-04-02T09:51:14.125941Z[0m [[32m[1minfo     [0m] [1mfetch                         [0m [36mstatus[0m=[35m200[0m [36murl[0m=[35m'https://news.google.com/rss/search?q=ON+on+semiconductor+earnings+analysis&hl=en-US&gl=US&'[0m
[2m2026-04-02T09:51:14.148585Z[0m [[32m[1minfo     [0m] [1mparsed                        [0m [36mchannel[0m=[35mgoogle_broad[0m [36mraw[0m=[35m47[0m
[2m2026-04-02T09:51:14.150198Z[0m [[32m[1minfo     [0m] [1mquality_filter                [0m [36minput[0m=[35m328[0m [36mpassed[0m=[35m2[0m
[2m2026-04-02T09:51:14.150394Z[0m [[32m[1minfo     [0m] [1mdedup                         [0m [36mafter[0m=[35m2[0m [36mbefore[0m=[35m2[0m
[2m2026-04-02T09:51:14.150457Z[0m [[32m[1minfo     [0m] [1mfulltext_selection            [0m [36mcandidates[0m=[35m2[0m [36mfiltered[0m=[35m2[0m [36mmode[0m=[35mhigh-value[0m [36mticker[0m=[35mON[0m
[2m2026-04-02T09:51:16.435269Z[0m [[32m[1minfo     [0m] [1mfetch                         [0m [36mstatus[0m=[35m200[0m [36murl[0m=[35mhttps://www.marketwatch.com/data-news/on-semiconductor-corp-stock-outperforms-competitors-[0m
[2m2026-04-02T09:51:16.886484Z[0m [[32m[1minfo     [0m] [1mfetch                         [0m [36mstatus[0m=[35m200[0m [36murl[0m=[35mhttps://www.marketbeat.com/instant-alerts/filing-fv-capital-management-llc-purchases-share[0m
[2m2026-04-02T09:51:17.242366Z[0m [[32m[1minfo     [0m] [1mcrawling                      [0m [36mchannel[0m=[35mGoogle->Benzinga[0m [36mtag[0m=[35mgoogle_benzinga[0m
[2m2026-04-02T09:51:19.990106Z[0m [[32m[1minfo     [0m] [1mfetch                         [0m [36mstatus[0m=[35m200[0m [36murl[0m=[35m'https://news.google.com/rss/search?q=AAPL+apple+site:benzinga.com&hl=en-US&gl=US&ceid=US:e'[0m
[2m2026-04-02T09:51:20.106458Z[0m [[32m[1minfo     [0m] [1mparsed                        [0m [36mchannel[0m=[35mgoogle_benzinga[0m [36mraw[0m=[35m100[0m
[2m2026-04-02T09:51:22.663259Z[0m [[32m[1minfo     [0m] [1mfetch                         [0m [36mstatus[0m=[35m200[0m [36murl[0m=[35m'https://news.google.com/rss/search?q=apple+site:benzinga.com&hl=en-US&gl=US&ceid=US:en'[0m
[2m2026-04-02T09:51:22.779696Z[0m [[32m[1minfo     [0m] [1mparsed                        [0m [36mchannel[0m=[35mgoogle_benzinga[0m [36mraw[0m=[35m100[0m
[2m2026-04-02T09:51:22.779821Z[0m [[32m[1minfo     [0m] [1mcrawling                      [0m [36mchannel[0m=[35m'Google News (all)'[0m [36mtag[0m=[35mgoogle_broad[0m
[2m2026-04-02T09:51:25.334012Z[0m [[32m[1minfo     [0m] [1mfetch                         [0m [36mstatus[0m=[35m200[0m [36murl[0m=[35m'https://news.google.com/rss/search?q=AAPL+apple+stock+news&hl=en-US&gl=US&ceid=US:en'[0m
[2m2026-04-02T09:51:25.434180Z[0m [[32m[1minfo     [0m] [1mparsed                        [0m [36mchannel[0m=[35mgoogle_broad[0m [36mraw[0m=[35m100[0m
[2m2026-04-02T09:51:28.055914Z[0m [[32m[1minfo     [0m] [1mfetch                         [0m [36mstatus[0m=[35m200[0m [36murl[0m=[35m'https://news.google.com/rss/search?q=AAPL+apple+earnings+analysis&hl=en-US&gl=US&ceid=US:e'[0m
[2m2026-04-02T09:51:28.181337Z[0m [[32m[1minfo     [0m] [1mparsed                        [0m [36mchannel[0m=[35mgoogle_broad[0m [36mraw[0m=[35m100[0m
[2m2026-04-02T09:51:28.183684Z[0m [[32m[1minfo     [0m] [1mquality_filter                [0m [36minput[0m=[35m400[0m [36mpassed[0m=[35m11[0m
[2m2026-04-02T09:51:28.184811Z[0m [[32m[1minfo     [0m] [1mdedup                         [0m [36mafter[0m=[35m8[0m [36mbefore[0m=[35m11[0m
[2m2026-04-02T09:51:28.184950Z[0m [[32m[1minfo     [0m] [1mfulltext_selection            [0m [36mcandidates[0m=[35m4[0m [36mfiltered[0m=[35m8[0m [36mmode[0m=[35mhigh-value[0m [36mticker[0m=[35mAAPL[0m
[2m2026-04-02T09:51:30.631748Z[0m [[32m[1minfo     [0m] [1mfetch                         [0m [36mstatus[0m=[35m200[0m [36murl[0m=[35mhttps://www.marketbeat.com/instant-alerts/filing-pensionfund-sabic-purchases-shares-of-340[0m
[2m2026-04-02T09:51:30.789779Z[0m [[32m[1minfo     [0m] [1mfetch                         [0m [36mstatus[0m=[35m200[0m [36murl[0m=[35mhttps://www.marketbeat.com/instant-alerts/filing-apple-inc-aapl-shares-acquired-by-founder[0m
[2m2026-04-02T09:51:31.062179Z[0m [[32m[1minfo     [0m] [1mfetch                         [0m [36mstatus[0m=[35m200[0m [36murl[0m=[35mhttps://ts2.tech/en/apple-stock-aapl-gets-rare-barclays-sell-as-soft-iphone-demand-ai-doub[0m
[2m2026-04-02T09:51:31.313031Z[0m [[32m[1minfo     [0m] [1mcrawling                      [0m [36mchannel[0m=[35mGoogle->Benzinga[0m [36mtag[0m=[35mgoogle_benzinga[0m
[2m2026-04-02T09:51:33.912608Z[0m [[32m[1minfo     [0m] [1mfetch                         [0m [36mstatus[0m=[35m200[0m [36murl[0m=[35m'https://news.google.com/rss/search?q=BRK.B+site:benzinga.com&hl=en-US&gl=US&ceid=US:en'[0m
[2m2026-04-02T09:51:34.017854Z[0m [[32m[1minfo     [0m] [1mparsed                        [0m [36mchannel[0m=[35mgoogle_benzinga[0m [36mraw[0m=[35m100[0m
[2m2026-04-02T09:51:36.028594Z[0m [[32m[1minfo     [0m] [1mfetch                         [0m [36mstatus[0m=[35m200[0m [36murl[0m=[35m'https://news.google.com/rss/search?q=BRK.B+site:benzinga.com&hl=en-US&gl=US&ceid=US:en'[0m
[2m2026-04-02T09:51:36.055256Z[0m [[32m[1minfo     [0m] [1mparsed                        [0m [36mchannel[0m=[35mgoogle_benzinga[0m [36mraw[0m=[35m100[0m
[2m2026-04-02T09:51:36.055361Z[0m [[32m[1minfo     [0m] [1mcrawling                      [0m [36mchannel[0m=[35m'Google News (all)'[0m [36mtag[0m=[35mgoogle_broad[0m
[2m2026-04-02T09:51:38.621542Z[0m [[32m[1minfo     [0m] [1mfetch                         [0m [36mstatus[0m=[35m200[0m [36murl[0m=[35m'https://news.google.com/rss/search?q=BRK.B+stock+news&hl=en-US&gl=US&ceid=US:en'[0m
[2m2026-04-02T09:51:38.726620Z[0m [[32m[1minfo     [0m] [1mparsed                        [0m [36mchannel[0m=[35mgoogle_broad[0m [36mraw[0m=[35m100[0m
[2m2026-04-02T09:51:41.333744Z[0m [[32m[1minfo     [0m] [1mfetch                         [0m [36mstatus[0m=[35m200[0m [36murl[0m=[35m'https://news.google.com/rss/search?q=BRK.B+earnings+analysis&hl=en-US&gl=US&ceid=US:en'[0m
[2m2026-04-02T09:51:41.453698Z[0m [[32m[1minfo     [0m] [1mparsed                        [0m [36mchannel[0m=[35mgoogle_broad[0m [36mraw[0m=[35m100[0m
[2m2026-04-02T09:51:41.454701Z[0m [[32m[1minfo     [0m] [1mquality_filter                [0m [36minput[0m=[35m400[0m [36mpassed[0m=[35m1[0m
[2m2026-04-02T09:51:41.454853Z[0m [[32m[1minfo     [0m] [1mdedup                         [0m [36mafter[0m=[35m1[0m [36mbefore[0m=[35m1[0m
[2m2026-04-02T09:51:41.454913Z[0m [[32m[1minfo     [0m] [1mfulltext_selection            [0m [36mcandidates[0m=[35m0[0m [36mfiltered[0m=[35m1[0m [36mmode[0m=[35mhigh-value[0m [36mticker[0m=[35mBRK.B[0m
[2m2026-04-02T09:51:41.455936Z[0m [[32m[1minfo     [0m] [1mcrawling                      [0m [36mchannel[0m=[35mGoogle->Benzinga[0m [36mtag[0m=[35mgoogle_benzinga[0m
[2m2026-04-02T09:51:44.088224Z[0m [[32m[1minfo     [0m] [1mfetch                         [0m [36mstatus[0m=[35m200[0m [36murl[0m=[35m'https://news.google.com/rss/search?q=WMT+site:benzinga.com&hl=en-US&gl=US&ceid=US:en'[0m
[2m2026-04-02T09:51:44.203013Z[0m [[32m[1minfo     [0m] [1mparsed                        [0m [36mchannel[0m=[35mgoogle_benzinga[0m [36mraw[0m=[35m100[0m
[2m2026-04-02T09:51:46.225448Z[0m [[32m[1minfo     [0m] [1mfetch                         [0m [36mstatus[0m=[35m200[0m [36murl[0m=[35m'https://news.google.com/rss/search?q=WMT+site:benzinga.com&hl=en-US&gl=US&ceid=US:en'[0m
[2m2026-04-02T09:51:46.255477Z[0m [[32m[1minfo     [0m] [1mparsed                        [0m [36mchannel[0m=[35mgoogle_benzinga[0m [36mraw[0m=[35m100[0m
[2m2026-04-02T09:51:46.255599Z[0m [[32m[1minfo     [0m] [1mcrawling                      [0m [36mchannel[0m=[35m'Google News (all)'[0m [36mtag[0m=[35mgoogle_broad[0m
[2m2026-04-02T09:51:49.028216Z[0m [[32m[1minfo     [0m] [1mfetch                         [0m [36mstatus[0m=[35m200[0m [36murl[0m=[35m'https://news.google.com/rss/search?q=WMT+stock+news&hl=en-US&gl=US&ceid=US:en'[0m
[2m2026-04-02T09:51:49.134772Z[0m [[32m[1minfo     [0m] [1mparsed                        [0m [36mchannel[0m=[35mgoogle_broad[0m [36mraw[0m=[35m100[0m
[2m2026-04-02T09:51:51.688645Z[0m [[32m[1minfo     [0m] [1mfetch                         [0m [36mstatus[0m=[35m200[0m [36murl[0m=[35m'https://news.google.com/rss/search?q=WMT+earnings+analysis&hl=en-US&gl=US&ceid=US:en'[0m
[2m2026-04-02T09:51:51.805656Z[0m [[32m[1minfo     [0m] [1mparsed                        [0m [36mchannel[0m=[35mgoogle_broad[0m [36mraw[0m=[35m100[0m
[2m2026-04-02T09:51:51.807082Z[0m [[32m[1minfo     [0m] [1mquality_filter                [0m [36minput[0m=[35m400[0m [36mpassed[0m=[35m4[0m
[2m2026-04-02T09:51:51.807449Z[0m [[32m[1minfo     [0m] [1mdedup                         [0m [36mafter[0m=[35m4[0m [36mbefore[0m=[35m4[0m
[2m2026-04-02T09:51:51.807549Z[0m [[32m[1minfo     [0m] [1mfulltext_selection            [0m [36mcandidates[0m=[35m1[0m [36mfiltered[0m=[35m4[0m [36mmode[0m=[35mhigh-value[0m [36mticker[0m=[35mWMT[0m
[2m2026-04-02T09:51:54.982714Z[0m [[32m[1minfo     [0m] [1mfetch                         [0m [36mstatus[0m=[35m200[0m [36murl[0m=[35mhttps://www.marketbeat.com/instant-alerts/filing-10889-shares-in-walmart-inc-wmt-acquired-[0m
[2m2026-04-02T09:51:55.221716Z[0m [[32m[1minfo     [0m] [1mcrawling                      [0m [36mchannel[0m=[35mGoogle->Benzinga[0m [36mtag[0m=[35mgoogle_benzinga[0m
[2m2026-04-02T09:51:58.438519Z[0m [[32m[1minfo     [0m] [1mfetch                         [0m [36mstatus[0m=[35m200[0m [36murl[0m=[35m'https://news.google.com/rss/search?q=JPM+site:benzinga.com&hl=en-US&gl=US&ceid=US:en'[0m
[2m2026-04-02T09:51:58.550126Z[0m [[32m[1minfo     [0m] [1mparsed                        [0m [36mchannel[0m=[35mgoogle_benzinga[0m [36mraw[0m=[35m100[0m
[2m2026-04-02T09:52:00.555242Z[0m [[32m[1minfo     [0m] [1mfetch                         [0m [36mstatus[0m=[35m200[0m [36murl[0m=[35m'https://news.google.com/rss/search?q=JPM+site:benzinga.com&hl=en-US&gl=US&ceid=US:en'[0m
[2m2026-04-02T09:52:00.582034Z[0m [[32m[1minfo     [0m] [1mparsed                        [0m [36mchannel[0m=[35mgoogle_benzinga[0m [36mraw[0m=[35m100[0m
[2m2026-04-02T09:52:00.582167Z[0m [[32m[1minfo     [0m] [1mcrawling                      [0m [36mchannel[0m=[35m'Google News (all)'[0m [36mtag[0m=[35mgoogle_broad[0m
[2m2026-04-02T09:52:03.353342Z[0m [[32m[1minfo     [0m] [1mfetch                         [0m [36mstatus[0m=[35m200[0m [36murl[0m=[35m'https://news.google.com/rss/search?q=JPM+stock+news&hl=en-US&gl=US&ceid=US:en'[0m
[2m2026-04-02T09:52:03.459567Z[0m [[32m[1minfo     [0m] [1mparsed                        [0m [36mchannel[0m=[35mgoogle_broad[0m [36mraw[0m=[35m100[0m
[2m2026-04-02T09:52:06.046253Z[0m [[32m[1minfo     [0m] [1mfetch                         [0m [36mstatus[0m=[35m200[0m [36murl[0m=[35m'https://news.google.com/rss/search?q=JPM+earnings+analysis&hl=en-US&gl=US&ceid=US:en'[0m
[2m2026-04-02T09:52:06.162522Z[0m [[32m[1minfo     [0m] [1mparsed                        [0m [36mchannel[0m=[35mgoogle_broad[0m [36mraw[0m=[35m100[0m
[2m2026-04-02T09:52:06.164302Z[0m [[32m[1minfo     [0m] [1mquality_filter                [0m [36minput[0m=[35m400[0m [36mpassed[0m=[35m9[0m
[2m2026-04-02T09:52:06.165079Z[0m [[32m[1minfo     [0m] [1mdedup                         [0m [36mafter[0m=[35m9[0m [36mbefore[0m=[35m9[0m
[2m2026-04-02T09:52:06.165209Z[0m [[32m[1minfo     [0m] [1mfulltext_selection            [0m [36mcandidates[0m=[35m5[0m [36mfiltered[0m=[35m9[0m [36mmode[0m=[35mhigh-value[0m [36mticker[0m=[35mJPM[0m
[2m2026-04-02T09:52:07.905626Z[0m [[32m[1minfo     [0m] [1mfetch                         [0m [36mstatus[0m=[35m200[0m [36murl[0m=[35mhttps://www.marketbeat.com/instant-alerts/hsbc-has-lowered-expectations-for-jpmorgan-chase[0m
[2m2026-04-02T09:52:08.493624Z[0m [[32m[1minfo     [0m] [1mfetch                         [0m [36mstatus[0m=[35m200[0m [36murl[0m=[35mhttps://www.marketbeat.com/instant-alerts/jpmorgan-chase-co-nysejpm-given-buy-rating-at-ba[0m
[2m2026-04-02T09:52:08.535093Z[0m [[31m[1merror    [0m] [1mfetch_error                   [0m [36merror[0m=[35m"400, message='Got more than 8190 bytes (8800) when reading Header value is too l"[0m [36murl[0m=[35mhttps://finance.yahoo.com/markets/stocks/articles/jpmorgan-chase-co-jp[0m
[2m2026-04-02T09:52:08.808439Z[0m [[32m[1minfo     [0m] [1mfetch                         [0m [36mstatus[0m=[35m200[0m [36murl[0m=[35mhttps://www.marketbeat.com/instant-alerts/filing-jpmorgan-chase-co-jpm-shares-bought-by-lv[0m
[2m2026-04-02T09:52:09.402127Z[0m [[32m[1minfo     [0m] [1mfetch                         [0m [36mstatus[0m=[35m200[0m [36murl[0m=[35mhttps://intellectia.ai/en/stock/JPM/earnings[0m
[2m2026-04-02T09:52:10.019924Z[0m [[32m[1minfo     [0m] [1mcrawling                      [0m [36mchannel[0m=[35mGoogle->Benzinga[0m [36mtag[0m=[35mgoogle_benzinga[0m
[2m2026-04-02T09:52:12.642447Z[0m [[32m[1minfo     [0m] [1mfetch                         [0m [36mstatus[0m=[35m200[0m [36murl[0m=[35m'https://news.google.com/rss/search?q=JNJ+site:benzinga.com&hl=en-US&gl=US&ceid=US:en'[0m
[2m2026-04-02T09:52:12.732485Z[0m [[32m[1minfo     [0m] [1mparsed                        [0m [36mchannel[0m=[35mgoogle_benzinga[0m [36mraw[0m=[35m100[0m
[2m2026-04-02T09:52:14.753670Z[0m [[32m[1minfo     [0m] [1mfetch                         [0m [36mstatus[0m=[35m200[0m [36murl[0m=[35m'https://news.google.com/rss/search?q=JNJ+site:benzinga.com&hl=en-US&gl=US&ceid=US:en'[0m
[2m2026-04-02T09:52:14.784399Z[0m [[32m[1minfo     [0m] [1mparsed                        [0m [36mchannel[0m=[35mgoogle_benzinga[0m [36mraw[0m=[35m100[0m
[2m2026-04-02T09:52:14.784532Z[0m [[32m[1minfo     [0m] [1mcrawling                      [0m [36mchannel[0m=[35m'Google News (all)'[0m [36mtag[0m=[35mgoogle_broad[0m
[2m2026-04-02T09:52:17.276666Z[0m [[32m[1minfo     [0m] [1mfetch                         [0m [36mstatus[0m=[35m200[0m [36murl[0m=[35m'https://news.google.com/rss/search?q=JNJ+stock+news&hl=en-US&gl=US&ceid=US:en'[0m
[2m2026-04-02T09:52:17.375195Z[0m [[32m[1minfo     [0m] [1mparsed                        [0m [36mchannel[0m=[35mgoogle_broad[0m [36mraw[0m=[35m100[0m
[2m2026-04-02T09:52:19.869841Z[0m [[32m[1minfo     [0m] [1mfetch                         [0m [36mstatus[0m=[35m200[0m [36murl[0m=[35m'https://news.google.com/rss/search?q=JNJ+earnings+analysis&hl=en-US&gl=US&ceid=US:en'[0m
[2m2026-04-02T09:52:19.970110Z[0m [[32m[1minfo     [0m] [1mparsed                        [0m [36mchannel[0m=[35mgoogle_broad[0m [36mraw[0m=[35m72[0m
[2m2026-04-02T09:52:19.971110Z[0m [[32m[1minfo     [0m] [1mquality_filter                [0m [36minput[0m=[35m372[0m [36mpassed[0m=[35m4[0m
[2m2026-04-02T09:52:19.971381Z[0m [[32m[1minfo     [0m] [1mdedup                         [0m [36mafter[0m=[35m4[0m [36mbefore[0m=[35m4[0m
[2m2026-04-02T09:52:19.971453Z[0m [[32m[1minfo     [0m] [1mfulltext_selection            [0m [36mcandidates[0m=[35m3[0m [36mfiltered[0m=[35m4[0m [36mmode[0m=[35mhigh-value[0m [36mticker[0m=[35mJNJ[0m
[2m2026-04-02T09:52:22.007275Z[0m [[32m[1minfo     [0m] [1mfetch                         [0m [36mstatus[0m=[35m403[0m [36murl[0m=[35mhttps://www.bitget.com/news/detail/12560605327634[0m
[2m2026-04-02T09:52:22.587135Z[0m [[32m[1minfo     [0m] [1mfetch                         [0m [36mstatus[0m=[35m200[0m [36murl[0m=[35mhttps://www.marketbeat.com/instant-alerts/filing-11271-shares-in-johnson-johnson-jnj-bough[0m
[2m2026-04-02T09:52:22.970307Z[0m [[32m[1minfo     [0m] [1mfetch                         [0m [36mstatus[0m=[35m200[0m [36murl[0m=[35mhttps://www.chartmill.com/news/JNJ/Chartmill-44896-Johnson-Johnson-NYSEJNJ-Stands-Out-as-a[0m
[2m2026-04-02T09:52:23.176758Z[0m [[32m[1minfo     [0m] [1mcrawling                      [0m [36mchannel[0m=[35mGoogle->Benzinga[0m [36mtag[0m=[35mgoogle_benzinga[0m
[2m2026-04-02T09:52:25.872565Z[0m [[32m[1minfo     [0m] [1mfetch                         [0m [36mstatus[0m=[35m200[0m [36murl[0m=[35m'https://news.google.com/rss/search?q=COST+site:benzinga.com&hl=en-US&gl=US&ceid=US:en'[0m
[2m2026-04-02T09:52:25.981645Z[0m [[32m[1minfo     [0m] [1mparsed                        [0m [36mchannel[0m=[35mgoogle_benzinga[0m [36mraw[0m=[35m100[0m
[2m2026-04-02T09:52:28.000304Z[0m [[32m[1minfo     [0m] [1mfetch                         [0m [36mstatus[0m=[35m200[0m [36murl[0m=[35m'https://news.google.com/rss/search?q=COST+site:benzinga.com&hl=en-US&gl=US&ceid=US:en'[0m
[2m2026-04-02T09:52:28.029983Z[0m [[32m[1minfo     [0m] [1mparsed                        [0m [36mchannel[0m=[35mgoogle_benzinga[0m [36mraw[0m=[35m100[0m
[2m2026-04-02T09:52:28.030105Z[0m [[32m[1minfo     [0m] [1mcrawling                      [0m [36mchannel[0m=[35m'Google News (all)'[0m [36mtag[0m=[35mgoogle_broad[0m
[2m2026-04-02T09:52:30.581462Z[0m [[32m[1minfo     [0m] [1mfetch                         [0m [36mstatus[0m=[35m200[0m [36murl[0m=[35m'https://news.google.com/rss/search?q=COST+stock+news&hl=en-US&gl=US&ceid=US:en'[0m
[2m2026-04-02T09:52:30.691417Z[0m [[32m[1minfo     [0m] [1mparsed                        [0m [36mchannel[0m=[35mgoogle_broad[0m [36mraw[0m=[35m100[0m
[2m2026-04-02T09:52:33.357712Z[0m [[32m[1minfo     [0m] [1mfetch                         [0m [36mstatus[0m=[35m200[0m [36murl[0m=[35m'https://news.google.com/rss/search?q=COST+earnings+analysis&hl=en-US&gl=US&ceid=US:en'[0m
[2m2026-04-02T09:52:33.475638Z[0m [[32m[1minfo     [0m] [1mparsed                        [0m [36mchannel[0m=[35mgoogle_broad[0m [36mraw[0m=[35m100[0m
[2m2026-04-02T09:52:33.476985Z[0m [[32m[1minfo     [0m] [1mquality_filter                [0m [36minput[0m=[35m400[0m [36mpassed[0m=[35m6[0m
[2m2026-04-02T09:52:33.477364Z[0m [[32m[1minfo     [0m] [1mdedup                         [0m [36mafter[0m=[35m6[0m [36mbefore[0m=[35m6[0m
[2m2026-04-02T09:52:33.477445Z[0m [[32m[1minfo     [0m] [1mfulltext_selection            [0m [36mcandidates[0m=[35m3[0m [36mfiltered[0m=[35m6[0m [36mmode[0m=[35mhigh-value[0m [36mticker[0m=[35mCOST[0m
[2m2026-04-02T09:52:35.059664Z[0m [[32m[1minfo     [0m] [1mfetch                         [0m [36mstatus[0m=[35m403[0m [36murl[0m=[35mhttps://www.investing.com/news/analyst-ratings/jefferies-lowers-cocacola-stock-price-targe[0m
[2m2026-04-02T09:52:35.499016Z[0m [[32m[1minfo     [0m] [1mfetch                         [0m [36mstatus[0m=[35m403[0m [36murl[0m=[35mhttps://in.investing.com/news/analyst-ratings/rothmkm-upgrades-tilray-stock-on-internation[0m
[2m2026-04-02T09:52:36.431430Z[0m [[32m[1minfo     [0m] [1mfetch                         [0m [36mstatus[0m=[35m200[0m [36murl[0m=[35mhttps://www.cnbc.com/2026/04/01/oracle-orcl-stock-layoffs-job-cuts-ai.html[0m
[2m2026-04-02T09:52:37.046674Z[0m [[32m[1minfo     [0m] [1mcrawling                      [0m [36mchannel[0m=[35mGoogle->Benzinga[0m [36mtag[0m=[35mgoogle_benzinga[0m
[2m2026-04-02T09:52:40.078688Z[0m [[32m[1minfo     [0m] [1mfetch                         [0m [36mstatus[0m=[35m200[0m [36murl[0m=[35m'https://news.google.com/rss/search?q=ABBV+site:benzinga.com&hl=en-US&gl=US&ceid=US:en'[0m
[2m2026-04-02T09:52:40.170356Z[0m [[32m[1minfo     [0m] [1mparsed                        [0m [36mchannel[0m=[35mgoogle_benzinga[0m [36mraw[0m=[35m80[0m
[2m2026-04-02T09:52:42.185605Z[0m [[32m[1minfo     [0m] [1mfetch                         [0m [36mstatus[0m=[35m200[0m [36murl[0m=[35m'https://news.google.com/rss/search?q=ABBV+site:benzinga.com&hl=en-US&gl=US&ceid=US:en'[0m
[2m2026-04-02T09:52:42.207157Z[0m [[32m[1minfo     [0m] [1mparsed                        [0m [36mchannel[0m=[35mgoogle_benzinga[0m [36mraw[0m=[35m80[0m
[2m2026-04-02T09:52:42.207267Z[0m [[32m[1minfo     [0m] [1mcrawling                      [0m [36mchannel[0m=[35m'Google News (all)'[0m [36mtag[0m=[35mgoogle_broad[0m
[2m2026-04-02T09:52:45.078545Z[0m [[32m[1minfo     [0m] [1mfetch                         [0m [36mstatus[0m=[35m200[0m [36murl[0m=[35m'https://news.google.com/rss/search?q=ABBV+stock+news&hl=en-US&gl=US&ceid=US:en'[0m
[2m2026-04-02T09:52:45.188370Z[0m [[32m[1minfo     [0m] [1mparsed                        [0m [36mchannel[0m=[35mgoogle_broad[0m [36mraw[0m=[35m100[0m
[2m2026-04-02T09:52:47.652128Z[0m [[32m[1minfo     [0m] [1mfetch                         [0m [36mstatus[0m=[35m200[0m [36murl[0m=[35m'https://news.google.com/rss/search?q=ABBV+earnings+analysis&hl=en-US&gl=US&ceid=US:en'[0m
[2m2026-04-02T09:52:47.685016Z[0m [[32m[1minfo     [0m] [1mparsed                        [0m [36mchannel[0m=[35mgoogle_broad[0m [36mraw[0m=[35m54[0m
[2m2026-04-02T09:52:47.686374Z[0m [[32m[1minfo     [0m] [1mquality_filter                [0m [36minput[0m=[35m314[0m [36mpassed[0m=[35m3[0m
[2m2026-04-02T09:52:47.686707Z[0m [[32m[1minfo     [0m] [1mdedup                         [0m [36mafter[0m=[35m3[0m [36mbefore[0m=[35m3[0m
[2m2026-04-02T09:52:47.686809Z[0m [[32m[1minfo     [0m] [1mfulltext_selection            [0m [36mcandidates[0m=[35m2[0m [36mfiltered[0m=[35m3[0m [36mmode[0m=[35mhigh-value[0m [36mticker[0m=[35mABBV[0m
[2m2026-04-02T09:52:50.183171Z[0m [[32m[1minfo     [0m] [1mfetch                         [0m [36mstatus[0m=[35m200[0m [36murl[0m=[35mhttps://www.marketbeat.com/instant-alerts/filing-banque-pictet-cie-sa-has-8887-million-sto[0m
[2m2026-04-02T09:52:50.281240Z[0m [[32m[1minfo     [0m] [1mfetch                         [0m [36mstatus[0m=[35m200[0m [36murl[0m=[35mhttps://www.marketbeat.com/instant-alerts/filing-abbvie-inc-abbv-stock-holdings-trimmed-by[0m
[2m2026-04-02T09:52:50.546940Z[0m [[32m[1minfo     [0m] [1mcrawling                      [0m [36mchannel[0m=[35mGoogle->Benzinga[0m [36mtag[0m=[35mgoogle_benzinga[0m
[2m2026-04-02T09:52:53.239214Z[0m [[32m[1minfo     [0m] [1mfetch                         [0m [36mstatus[0m=[35m200[0m [36murl[0m=[35m'https://news.google.com/rss/search?q=NFLX+site:benzinga.com&hl=en-US&gl=US&ceid=US:en'[0m
[2m2026-04-02T09:52:53.355957Z[0m [[32m[1minfo     [0m] [1mparsed                        [0m [36mchannel[0m=[35mgoogle_benzinga[0m [36mraw[0m=[35m100[0m
[2m2026-04-02T09:52:55.374056Z[0m [[32m[1minfo     [0m] [1mfetch                         [0m [36mstatus[0m=[35m200[0m [36murl[0m=[35m'https://news.google.com/rss/search?q=NFLX+site:benzinga.com&hl=en-US&gl=US&ceid=US:en'[0m
[2m2026-04-02T09:52:55.401934Z[0m [[32m[1minfo     [0m] [1mparsed                        [0m [36mchannel[0m=[35mgoogle_benzinga[0m [36mraw[0m=[35m100[0m
[2m2026-04-02T09:52:55.402056Z[0m [[32m[1minfo     [0m] [1mcrawling                      [0m [36mchannel[0m=[35m'Google News (all)'[0m [36mtag[0m=[35mgoogle_broad[0m
[2m2026-04-02T09:52:57.983940Z[0m [[32m[1minfo     [0m] [1mfetch                         [0m [36mstatus[0m=[35m200[0m [36murl[0m=[35m'https://news.google.com/rss/search?q=NFLX+stock+news&hl=en-US&gl=US&ceid=US:en'[0m
[2m2026-04-02T09:52:58.084735Z[0m [[32m[1minfo     [0m] [1mparsed                        [0m [36mchannel[0m=[35mgoogle_broad[0m [36mraw[0m=[35m100[0m
[2m2026-04-02T09:53:00.711718Z[0m [[32m[1minfo     [0m] [1mfetch                         [0m [36mstatus[0m=[35m200[0m [36murl[0m=[35m'https://news.google.com/rss/search?q=NFLX+earnings+analysis&hl=en-US&gl=US&ceid=US:en'[0m
[2m2026-04-02T09:53:00.827518Z[0m [[32m[1minfo     [0m] [1mparsed                        [0m [36mchannel[0m=[35mgoogle_broad[0m [36mraw[0m=[35m100[0m
[2m2026-04-02T09:53:00.829553Z[0m [[32m[1minfo     [0m] [1mquality_filter                [0m [36minput[0m=[35m400[0m [36mpassed[0m=[35m10[0m
[2m2026-04-02T09:53:00.830450Z[0m [[32m[1minfo     [0m] [1mdedup                         [0m [36mafter[0m=[35m10[0m [36mbefore[0m=[35m10[0m
[2m2026-04-02T09:53:00.830591Z[0m [[32m[1minfo     [0m] [1mfulltext_selection            [0m [36mcandidates[0m=[35m8[0m [36mfiltered[0m=[35m10[0m [36mmode[0m=[35mhigh-value[0m [36mticker[0m=[35mNFLX[0m
[2m2026-04-02T09:53:02.500772Z[0m [[32m[1minfo     [0m] [1mfetch                         [0m [36mstatus[0m=[35m200[0m [36murl[0m=[35mhttps://www.marketbeat.com/instant-alerts/filing-netflix-inc-nflx-stock-holdings-boosted-b[0m
[2m2026-04-02T09:53:02.932373Z[0m [[32m[1minfo     [0m] [1mfetch                         [0m [36mstatus[0m=[35m200[0m [36murl[0m=[35mhttps://www.marketbeat.com/instant-alerts/filing-gfg-capital-llc-buys-71519-shares-of-netf[0m
[2m2026-04-02T09:53:03.003716Z[0m [[32m[1minfo     [0m] [1mfetch                         [0m [36mstatus[0m=[35m200[0m [36murl[0m=[35mhttps://www.marketbeat.com/instant-alerts/president-capital-forecasts-strong-price-appreci[0m
[2m2026-04-02T09:53:03.394596Z[0m [[32m[1minfo     [0m] [1mfetch                         [0m [36mstatus[0m=[35m200[0m [36murl[0m=[35mhttps://seekingalpha.com/article/4887822-netflix-going-all-in-ahead-of-earnings-rating-upg[0m
[2m2026-04-02T09:53:03.422844Z[0m [[32m[1minfo     [0m] [1mfetch                         [0m [36mstatus[0m=[35m200[0m [36murl[0m=[35mhttps://www.marketbeat.com/instant-alerts/filing-netflix-inc-nflx-shares-bought-by-moody-l[0m
[2m2026-04-02T09:53:03.454583Z[0m [[32m[1minfo     [0m] [1mfetch                         [0m [36mstatus[0m=[35m200[0m [36murl[0m=[35mhttps://www.marketbeat.com/instant-alerts/filing-netflix-inc-nflx-stock-position-raised-by[0m
[2m2026-04-02T09:53:04.852058Z[0m [[31m[1merror    [0m] [1mfetch_error                   [0m [36merror[0m=[35m"400, message='Got more than 8190 bytes (8800) when reading Header value is too l"[0m [36murl[0m=[35mhttps://finance.yahoo.com/markets/stocks/articles/citizens-starts-netf[0m
[2m2026-04-02T09:53:05.176791Z[0m [[32m[1minfo     [0m] [1mfetch                         [0m [36mstatus[0m=[35m200[0m [36murl[0m=[35mhttps://www.marketbeat.com/instant-alerts/filing-hennion-walsh-asset-management-inc-has-28[0m
[2m2026-04-02T09:53:05.441655Z[0m [[32m[1minfo     [0m] [1mcrawling                      [0m [36mchannel[0m=[35mGoogle->Benzinga[0m [36mtag[0m=[35mgoogle_benzinga[0m
[2m2026-04-02T09:53:08.230523Z[0m [[32m[1minfo     [0m] [1mfetch                         [0m [36mstatus[0m=[35m200[0m [36murl[0m=[35m'https://news.google.com/rss/search?q=PG+site:benzinga.com&hl=en-US&gl=US&ceid=US:en'[0m
[2m2026-04-02T09:53:08.340126Z[0m [[32m[1minfo     [0m] [1mparsed                        [0m [36mchannel[0m=[35mgoogle_benzinga[0m [36mraw[0m=[35m94[0m
[2m2026-04-02T09:53:10.359790Z[0m [[32m[1minfo     [0m] [1mfetch                         [0m [36mstatus[0m=[35m200[0m [36murl[0m=[35m'https://news.google.com/rss/search?q=PG+site:benzinga.com&hl=en-US&gl=US&ceid=US:en'[0m
[2m2026-04-02T09:53:10.387399Z[0m [[32m[1minfo     [0m] [1mparsed                        [0m [36mchannel[0m=[35mgoogle_benzinga[0m [36mraw[0m=[35m94[0m
[2m2026-04-02T09:53:10.387528Z[0m [[32m[1minfo     [0m] [1mcrawling                      [0m [36mchannel[0m=[35m'Google News (all)'[0m [36mtag[0m=[35mgoogle_broad[0m
[2m2026-04-02T09:53:12.888284Z[0m [[32m[1minfo     [0m] [1mfetch                         [0m [36mstatus[0m=[35m200[0m [36murl[0m=[35m'https://news.google.com/rss/search?q=PG+stock+news&hl=en-US&gl=US&ceid=US:en'[0m
[2m2026-04-02T09:53:13.000189Z[0m [[32m[1minfo     [0m] [1mparsed                        [0m [36mchannel[0m=[35mgoogle_broad[0m [36mraw[0m=[35m100[0m
[2m2026-04-02T09:53:15.497712Z[0m [[32m[1minfo     [0m] [1mfetch                         [0m [36mstatus[0m=[35m200[0m [36murl[0m=[35m'https://news.google.com/rss/search?q=PG+earnings+analysis&hl=en-US&gl=US&ceid=US:en'[0m
[2m2026-04-02T09:53:15.537357Z[0m [[32m[1minfo     [0m] [1mparsed                        [0m [36mchannel[0m=[35mgoogle_broad[0m [36mraw[0m=[35m63[0m
[2m2026-04-02T09:53:15.538671Z[0m [[32m[1minfo     [0m] [1mquality_filter                [0m [36minput[0m=[35m351[0m [36mpassed[0m=[35m0[0m
[2m2026-04-02T09:53:15.538758Z[0m [[32m[1minfo     [0m] [1mdedup                         [0m [36mafter[0m=[35m0[0m [36mbefore[0m=[35m0[0m
[2m2026-04-02T09:53:15.538811Z[0m [[32m[1minfo     [0m] [1mfulltext_selection            [0m [36mcandidates[0m=[35m0[0m [36mfiltered[0m=[35m0[0m [36mmode[0m=[35mhigh-value[0m [36mticker[0m=[35mPG[0m
[2m2026-04-02T09:53:15.539515Z[0m [[32m[1minfo     [0m] [1mcrawling                      [0m [36mchannel[0m=[35mGoogle->Benzinga[0m [36mtag[0m=[35mgoogle_benzinga[0m
[2m2026-04-02T09:53:18.313469Z[0m [[32m[1minfo     [0m] [1mfetch                         [0m [36mstatus[0m=[35m200[0m [36murl[0m=[35m'https://news.google.com/rss/search?q=HD+site:benzinga.com&hl=en-US&gl=US&ceid=US:en'[0m
[2m2026-04-02T09:53:18.423740Z[0m [[32m[1minfo     [0m] [1mparsed                        [0m [36mchannel[0m=[35mgoogle_benzinga[0m [36mraw[0m=[35m100[0m
[2m2026-04-02T09:53:20.451702Z[0m [[32m[1minfo     [0m] [1mfetch                         [0m [36mstatus[0m=[35m200[0m [36murl[0m=[35m'https://news.google.com/rss/search?q=HD+site:benzinga.com&hl=en-US&gl=US&ceid=US:en'[0m
[2m2026-04-02T09:53:20.482505Z[0m [[32m[1minfo     [0m] [1mparsed                        [0m [36mchannel[0m=[35mgoogle_benzinga[0m [36mraw[0m=[35m100[0m
[2m2026-04-02T09:53:20.482631Z[0m [[32m[1minfo     [0m] [1mcrawling                      [0m [36mchannel[0m=[35m'Google News (all)'[0m [36mtag[0m=[35mgoogle_broad[0m
[2m2026-04-02T09:53:22.930282Z[0m [[32m[1minfo     [0m] [1mfetch                         [0m [36mstatus[0m=[35m200[0m [36murl[0m=[35m'https://news.google.com/rss/search?q=HD+stock+news&hl=en-US&gl=US&ceid=US:en'[0m
[2m2026-04-02T09:53:23.042162Z[0m [[32m[1minfo     [0m] [1mparsed                        [0m [36mchannel[0m=[35mgoogle_broad[0m [36mraw[0m=[35m100[0m
[2m2026-04-02T09:53:25.741587Z[0m [[32m[1minfo     [0m] [1mfetch                         [0m [36mstatus[0m=[35m200[0m [36murl[0m=[35m'https://news.google.com/rss/search?q=HD+earnings+analysis&hl=en-US&gl=US&ceid=US:en'[0m
[2m2026-04-02T09:53:25.857101Z[0m [[32m[1minfo     [0m] [1mparsed                        [0m [36mchannel[0m=[35mgoogle_broad[0m [36mraw[0m=[35m96[0m
[2m2026-04-02T09:53:25.858236Z[0m [[32m[1minfo     [0m] [1mquality_filter                [0m [36minput[0m=[35m396[0m [36mpassed[0m=[35m2[0m
[2m2026-04-02T09:53:25.858544Z[0m [[32m[1minfo     [0m] [1mdedup                         [0m [36mafter[0m=[35m2[0m [36mbefore[0m=[35m2[0m
[2m2026-04-02T09:53:25.858629Z[0m [[32m[1minfo     [0m] [1mfulltext_selection            [0m [36mcandidates[0m=[35m1[0m [36mfiltered[0m=[35m2[0m [36mmode[0m=[35mhigh-value[0m [36mticker[0m=[35mHD[0m
[2m2026-04-02T09:53:28.254747Z[0m [[32m[1minfo     [0m] [1mfetch                         [0m [36mstatus[0m=[35m200[0m [36murl[0m=[35mhttps://www.marketbeat.com/instant-alerts/evercore-issues-pessimistic-forecast-for-home-de[0m
[2m2026-04-02T09:53:28.513157Z[0m [[32m[1minfo     [0m] [1mcrawling                      [0m [36mchannel[0m=[35mGoogle->Benzinga[0m [36mtag[0m=[35mgoogle_benzinga[0m
[2m2026-04-02T09:53:31.216684Z[0m [[32m[1minfo     [0m] [1mfetch                         [0m [36mstatus[0m=[35m200[0m [36murl[0m=[35m'https://news.google.com/rss/search?q=BAC+site:benzinga.com&hl=en-US&gl=US&ceid=US:en'[0m
[2m2026-04-02T09:53:31.327103Z[0m [[32m[1minfo     [0m] [1mparsed                        [0m [36mchannel[0m=[35mgoogle_benzinga[0m [36mraw[0m=[35m100[0m
[2m2026-04-02T09:53:33.336922Z[0m [[32m[1minfo     [0m] [1mfetch                         [0m [36mstatus[0m=[35m200[0m [36murl[0m=[35m'https://news.google.com/rss/search?q=BAC+site:benzinga.com&hl=en-US&gl=US&ceid=US:en'[0m
[2m2026-04-02T09:53:33.367338Z[0m [[32m[1minfo     [0m] [1mparsed                        [0m [36mchannel[0m=[35mgoogle_benzinga[0m [36mraw[0m=[35m100[0m
[2m2026-04-02T09:53:33.367466Z[0m [[32m[1minfo     [0m] [1mcrawling                      [0m [36mchannel[0m=[35m'Google News (all)'[0m [36mtag[0m=[35mgoogle_broad[0m
[2m2026-04-02T09:53:36.111250Z[0m [[32m[1minfo     [0m] [1mfetch                         [0m [36mstatus[0m=[35m200[0m [36murl[0m=[35m'https://news.google.com/rss/search?q=BAC+stock+news&hl=en-US&gl=US&ceid=US:en'[0m
[2m2026-04-02T09:53:36.225234Z[0m [[32m[1minfo     [0m] [1mparsed                        [0m [36mchannel[0m=[35mgoogle_broad[0m [36mraw[0m=[35m100[0m
[2m2026-04-02T09:53:38.688041Z[0m [[32m[1minfo     [0m] [1mfetch                         [0m [36mstatus[0m=[35m200[0m [36murl[0m=[35m'https://news.google.com/rss/search?q=BAC+earnings+analysis&hl=en-US&gl=US&ceid=US:en'[0m
[2m2026-04-02T09:53:38.725763Z[0m [[32m[1minfo     [0m] [1mparsed                        [0m [36mchannel[0m=[35mgoogle_broad[0m [36mraw[0m=[35m64[0m
[2m2026-04-02T09:53:38.727014Z[0m [[32m[1minfo     [0m] [1mquality_filter                [0m [36minput[0m=[35m364[0m [36mpassed[0m=[35m1[0m
[2m2026-04-02T09:53:38.727182Z[0m [[32m[1minfo     [0m] [1mdedup                         [0m [36mafter[0m=[35m1[0m [36mbefore[0m=[35m1[0m
[2m2026-04-02T09:53:38.727250Z[0m [[32m[1minfo     [0m] [1mfulltext_selection            [0m [36mcandidates[0m=[35m1[0m [36mfiltered[0m=[35m1[0m [36mmode[0m=[35mhigh-value[0m [36mticker[0m=[35mBAC[0m
[2m2026-04-02T09:53:40.916323Z[0m [[32m[1minfo     [0m] [1mfetch                         [0m [36mstatus[0m=[35m403[0m [36murl[0m=[35mhttps://www.bitget.com/amp/news/detail/12560605327627[0m
[2m2026-04-02T09:53:41.129939Z[0m [[32m[1minfo     [0m] [1mcrawling                      [0m [36mchannel[0m=[35mGoogle->Benzinga[0m [36mtag[0m=[35mgoogle_benzinga[0m
[2m2026-04-02T09:53:44.175455Z[0m [[32m[1minfo     [0m] [1mfetch                         [0m [36mstatus[0m=[35m200[0m [36murl[0m=[35m'https://news.google.com/rss/search?q=KO+site:benzinga.com&hl=en-US&gl=US&ceid=US:en'[0m
[2m2026-04-02T09:53:44.287831Z[0m [[32m[1minfo     [0m] [1mparsed                        [0m [36mchannel[0m=[35mgoogle_benzinga[0m [36mraw[0m=[35m100[0m
[2m2026-04-02T09:53:46.294504Z[0m [[32m[1minfo     [0m] [1mfetch                         [0m [36mstatus[0m=[35m200[0m [36murl[0m=[35m'https://news.google.com/rss/search?q=KO+site:benzinga.com&hl=en-US&gl=US&ceid=US:en'[0m
[2m2026-04-02T09:53:46.333683Z[0m [[32m[1minfo     [0m] [1mparsed                        [0m [36mchannel[0m=[35mgoogle_benzinga[0m [36mraw[0m=[35m100[0m
[2m2026-04-02T09:53:46.333790Z[0m [[32m[1minfo     [0m] [1mcrawling                      [0m [36mchannel[0m=[35m'Google News (all)'[0m [36mtag[0m=[35mgoogle_broad[0m
[2m2026-04-02T09:53:48.970977Z[0m [[32m[1minfo     [0m] [1mfetch                         [0m [36mstatus[0m=[35m200[0m [36murl[0m=[35m'https://news.google.com/rss/search?q=KO+stock+news&hl=en-US&gl=US&ceid=US:en'[0m
[2m2026-04-02T09:53:49.079748Z[0m [[32m[1minfo     [0m] [1mparsed                        [0m [36mchannel[0m=[35mgoogle_broad[0m [36mraw[0m=[35m100[0m
[2m2026-04-02T09:53:51.648562Z[0m [[32m[1minfo     [0m] [1mfetch                         [0m [36mstatus[0m=[35m200[0m [36murl[0m=[35m'https://news.google.com/rss/search?q=KO+earnings+analysis&hl=en-US&gl=US&ceid=US:en'[0m
[2m2026-04-02T09:53:51.687443Z[0m [[32m[1minfo     [0m] [1mparsed                        [0m [36mchannel[0m=[35mgoogle_broad[0m [36mraw[0m=[35m63[0m
[2m2026-04-02T09:53:51.688834Z[0m [[32m[1minfo     [0m] [1mquality_filter                [0m [36minput[0m=[35m363[0m [36mpassed[0m=[35m4[0m
[2m2026-04-02T09:53:51.689203Z[0m [[32m[1minfo     [0m] [1mdedup                         [0m [36mafter[0m=[35m2[0m [36mbefore[0m=[35m4[0m
[2m2026-04-02T09:53:51.689289Z[0m [[32m[1minfo     [0m] [1mfulltext_selection            [0m [36mcandidates[0m=[35m1[0m [36mfiltered[0m=[35m2[0m [36mmode[0m=[35mhigh-value[0m [36mticker[0m=[35mKO[0m
[2m2026-04-02T09:53:53.781035Z[0m [[32m[1minfo     [0m] [1mfetch                         [0m [36mstatus[0m=[35m200[0m [36murl[0m=[35mhttps://www.msn.com/en-us/money/topstocks/will-coca-cola-ko-beat-estimates-again-in-its-ne[0m
[2m2026-04-02T09:53:54.023626Z[0m [[32m[1minfo     [0m] [1mcrawling                      [0m [36mchannel[0m=[35mGoogle->Benzinga[0m [36mtag[0m=[35mgoogle_benzinga[0m
[2m2026-04-02T09:53:56.680501Z[0m [[32m[1minfo     [0m] [1mfetch                         [0m [36mstatus[0m=[35m200[0m [36murl[0m=[35m'https://news.google.com/rss/search?q=CSCO+site:benzinga.com&hl=en-US&gl=US&ceid=US:en'[0m
[2m2026-04-02T09:53:56.797570Z[0m [[32m[1minfo     [0m] [1mparsed                        [0m [36mchannel[0m=[35mgoogle_benzinga[0m [36mraw[0m=[35m100[0m
[2m2026-04-02T09:53:58.817150Z[0m [[32m[1minfo     [0m] [1mfetch                         [0m [36mstatus[0m=[35m200[0m [36murl[0m=[35m'https://news.google.com/rss/search?q=CSCO+site:benzinga.com&hl=en-US&gl=US&ceid=US:en'[0m
[2m2026-04-02T09:53:58.847977Z[0m [[32m[1minfo     [0m] [1mparsed                        [0m [36mchannel[0m=[35mgoogle_benzinga[0m [36mraw[0m=[35m100[0m
[2m2026-04-02T09:53:58.848109Z[0m [[32m[1minfo     [0m] [1mcrawling                      [0m [36mchannel[0m=[35m'Google News (all)'[0m [36mtag[0m=[35mgoogle_broad[0m
[2m2026-04-02T09:54:01.583735Z[0m [[32m[1minfo     [0m] [1mfetch                         [0m [36mstatus[0m=[35m200[0m [36murl[0m=[35m'https://news.google.com/rss/search?q=CSCO+stock+news&hl=en-US&gl=US&ceid=US:en'[0m
[2m2026-04-02T09:54:01.691944Z[0m [[32m[1minfo     [0m] [1mparsed                        [0m [36mchannel[0m=[35mgoogle_broad[0m [36mraw[0m=[35m100[0m
[2m2026-04-02T09:54:04.225138Z[0m [[32m[1minfo     [0m] [1mfetch                         [0m [36mstatus[0m=[35m200[0m [36murl[0m=[35m'https://news.google.com/rss/search?q=CSCO+earnings+analysis&hl=en-US&gl=US&ceid=US:en'[0m
[2m2026-04-02T09:54:04.346640Z[0m [[32m[1minfo     [0m] [1mparsed                        [0m [36mchannel[0m=[35mgoogle_broad[0m [36mraw[0m=[35m100[0m
[2m2026-04-02T09:54:04.348261Z[0m [[32m[1minfo     [0m] [1mquality_filter                [0m [36minput[0m=[35m400[0m [36mpassed[0m=[35m6[0m
[2m2026-04-02T09:54:04.348779Z[0m [[32m[1minfo     [0m] [1mdedup                         [0m [36mafter[0m=[35m5[0m [36mbefore[0m=[35m6[0m
[2m2026-04-02T09:54:04.348879Z[0m [[32m[1minfo     [0m] [1mfulltext_selection            [0m [36mcandidates[0m=[35m3[0m [36mfiltered[0m=[35m5[0m [36mmode[0m=[35mhigh-value[0m [36mticker[0m=[35mCSCO[0m
[2m2026-04-02T09:54:06.617565Z[0m [[32m[1minfo     [0m] [1mfetch                         [0m [36mstatus[0m=[35m200[0m [36murl[0m=[35mhttps://www.marketbeat.com/instant-alerts/cisco-systems-nasdaqcsco-rating-increased-to-str[0m
[2m2026-04-02T09:54:06.656338Z[0m [[32m[1minfo     [0m] [1mfetch                         [0m [36mstatus[0m=[35m200[0m [36murl[0m=[35mhttps://www.marketbeat.com/instant-alerts/filing-capital-advisors-inc-ok-boosts-position-i[0m
[2m2026-04-02T09:54:07.112923Z[0m [[32m[1minfo     [0m] [1mfetch                         [0m [36mstatus[0m=[35m200[0m [36murl[0m=[35mhttps://247wallst.com/investing/2026/04/01/csco-stock-slipped-4-this-week-even-as-ai-infra[0m
[2m2026-04-02T09:54:07.336384Z[0m [[32m[1minfo     [0m] [1mcrawling                      [0m [36mchannel[0m=[35mGoogle->Benzinga[0m [36mtag[0m=[35mgoogle_benzinga[0m
[2m2026-04-02T09:54:09.985248Z[0m [[32m[1minfo     [0m] [1mfetch                         [0m [36mstatus[0m=[35m200[0m [36murl[0m=[35m'https://news.google.com/rss/search?q=MRK+site:benzinga.com&hl=en-US&gl=US&ceid=US:en'[0m
[2m2026-04-02T09:54:10.097059Z[0m [[32m[1minfo     [0m] [1mparsed                        [0m [36mchannel[0m=[35mgoogle_benzinga[0m [36mraw[0m=[35m100[0m
[2m2026-04-02T09:54:12.114066Z[0m [[32m[1minfo     [0m] [1mfetch                         [0m [36mstatus[0m=[35m200[0m [36murl[0m=[35m'https://news.google.com/rss/search?q=MRK+site:benzinga.com&hl=en-US&gl=US&ceid=US:en'[0m
[2m2026-04-02T09:54:12.143799Z[0m [[32m[1minfo     [0m] [1mparsed                        [0m [36mchannel[0m=[35mgoogle_benzinga[0m [36mraw[0m=[35m100[0m
[2m2026-04-02T09:54:12.143977Z[0m [[32m[1minfo     [0m] [1mcrawling                      [0m [36mchannel[0m=[35m'Google News (all)'[0m [36mtag[0m=[35mgoogle_broad[0m
[2m2026-04-02T09:54:14.641409Z[0m [[32m[1minfo     [0m] [1mfetch                         [0m [36mstatus[0m=[35m200[0m [36murl[0m=[35m'https://news.google.com/rss/search?q=MRK+stock+news&hl=en-US&gl=US&ceid=US:en'[0m
[2m2026-04-02T09:54:14.755606Z[0m [[32m[1minfo     [0m] [1mparsed                        [0m [36mchannel[0m=[35mgoogle_broad[0m [36mraw[0m=[35m100[0m
[2m2026-04-02T09:54:17.305208Z[0m [[32m[1minfo     [0m] [1mfetch                         [0m [36mstatus[0m=[35m200[0m [36murl[0m=[35m'https://news.google.com/rss/search?q=MRK+earnings+analysis&hl=en-US&gl=US&ceid=US:en'[0m
[2m2026-04-02T09:54:17.344491Z[0m [[32m[1minfo     [0m] [1mparsed                        [0m [36mchannel[0m=[35mgoogle_broad[0m [36mraw[0m=[35m61[0m
[2m2026-04-02T09:54:17.346294Z[0m [[32m[1minfo     [0m] [1mquality_filter                [0m [36minput[0m=[35m361[0m [36mpassed[0m=[35m8[0m
[2m2026-04-02T09:54:17.347000Z[0m [[32m[1minfo     [0m] [1mdedup                         [0m [36mafter[0m=[35m6[0m [36mbefore[0m=[35m8[0m
[2m2026-04-02T09:54:17.347135Z[0m [[32m[1minfo     [0m] [1mfulltext_selection            [0m [36mcandidates[0m=[35m2[0m [36mfiltered[0m=[35m6[0m [36mmode[0m=[35mhigh-value[0m [36mticker[0m=[35mMRK[0m
[2m2026-04-02T09:54:19.367698Z[0m [[32m[1minfo     [0m] [1mfetch                         [0m [36mstatus[0m=[35m200[0m [36murl[0m=[35mhttps://www.marketbeat.com/instant-alerts/filing-merck-co-inc-mrk-shares-purchased-by-comp[0m
[2m2026-04-02T09:54:20.209822Z[0m [[32m[1minfo     [0m] [1mfetch                         [0m [36mstatus[0m=[35m200[0m [36murl[0m=[35mhttps://www.marketbeat.com/instant-alerts/filing-merck-co-inc-mrk-shares-bought-by-moody-l[0m
[2m2026-04-02T09:54:20.820607Z[0m [[32m[1minfo     [0m] [1mcrawling                      [0m [36mchannel[0m=[35mGoogle->Benzinga[0m [36mtag[0m=[35mgoogle_benzinga[0m
[2m2026-04-02T09:54:23.606611Z[0m [[32m[1minfo     [0m] [1mfetch                         [0m [36mstatus[0m=[35m200[0m [36murl[0m=[35m'https://news.google.com/rss/search?q=PM+site:benzinga.com&hl=en-US&gl=US&ceid=US:en'[0m
[2m2026-04-02T09:54:23.709811Z[0m [[32m[1minfo     [0m] [1mparsed                        [0m [36mchannel[0m=[35mgoogle_benzinga[0m [36mraw[0m=[35m100[0m
[2m2026-04-02T09:54:25.726983Z[0m [[32m[1minfo     [0m] [1mfetch                         [0m [36mstatus[0m=[35m200[0m [36murl[0m=[35m'https://news.google.com/rss/search?q=PM+site:benzinga.com&hl=en-US&gl=US&ceid=US:en'[0m
[2m2026-04-02T09:54:25.749266Z[0m [[32m[1minfo     [0m] [1mparsed                        [0m [36mchannel[0m=[35mgoogle_benzinga[0m [36mraw[0m=[35m100[0m
[2m2026-04-02T09:54:25.749436Z[0m [[32m[1minfo     [0m] [1mcrawling                      [0m [36mchannel[0m=[35m'Google News (all)'[0m [36mtag[0m=[35mgoogle_broad[0m
[2m2026-04-02T09:54:28.285909Z[0m [[32m[1minfo     [0m] [1mfetch                         [0m [36mstatus[0m=[35m200[0m [36murl[0m=[35m'https://news.google.com/rss/search?q=PM+stock+news&hl=en-US&gl=US&ceid=US:en'[0m
[2m2026-04-02T09:54:28.326985Z[0m [[32m[1minfo     [0m] [1mparsed                        [0m [36mchannel[0m=[35mgoogle_broad[0m [36mraw[0m=[35m72[0m
[2m2026-04-02T09:54:30.767497Z[0m [[32m[1minfo     [0m] [1mfetch                         [0m [36mstatus[0m=[35m200[0m [36murl[0m=[35m'https://news.google.com/rss/search?q=PM+earnings+analysis&hl=en-US&gl=US&ceid=US:en'[0m
[2m2026-04-02T09:54:30.779969Z[0m [[32m[1minfo     [0m] [1mparsed                        [0m [36mchannel[0m=[35mgoogle_broad[0m [36mraw[0m=[35m30[0m
[2m2026-04-02T09:54:30.781086Z[0m [[32m[1minfo     [0m] [1mquality_filter                [0m [36minput[0m=[35m302[0m [36mpassed[0m=[35m1[0m
[2m2026-04-02T09:54:30.781228Z[0m [[32m[1minfo     [0m] [1mdedup                         [0m [36mafter[0m=[35m1[0m [36mbefore[0m=[35m1[0m
[2m2026-04-02T09:54:30.781284Z[0m [[32m[1minfo     [0m] [1mfulltext_selection            [0m [36mcandidates[0m=[35m0[0m [36mfiltered[0m=[35m1[0m [36mmode[0m=[35mhigh-value[0m [36mticker[0m=[35mPM[0m
[2m2026-04-02T09:54:30.782234Z[0m [[32m[1minfo     [0m] [1mcrawling                      [0m [36mchannel[0m=[35mGoogle->Benzinga[0m [36mtag[0m=[35mgoogle_benzinga[0m
[2m2026-04-02T09:54:33.926374Z[0m [[32m[1minfo     [0m] [1mfetch                         [0m [36mstatus[0m=[35m200[0m [36murl[0m=[35m'https://news.google.com/rss/search?q=UNH+site:benzinga.com&hl=en-US&gl=US&ceid=US:en'[0m
[2m2026-04-02T09:54:34.042718Z[0m [[32m[1minfo     [0m] [1mparsed                        [0m [36mchannel[0m=[35mgoogle_benzinga[0m [36mraw[0m=[35m100[0m
[2m2026-04-02T09:54:36.067713Z[0m [[32m[1minfo     [0m] [1mfetch                         [0m [36mstatus[0m=[35m200[0m [36murl[0m=[35m'https://news.google.com/rss/search?q=UNH+site:benzinga.com&hl=en-US&gl=US&ceid=US:en'[0m
[2m2026-04-02T09:54:36.096418Z[0m [[32m[1minfo     [0m] [1mparsed                        [0m [36mchannel[0m=[35mgoogle_benzinga[0m [36mraw[0m=[35m100[0m
[2m2026-04-02T09:54:36.096547Z[0m [[32m[1minfo     [0m] [1mcrawling                      [0m [36mchannel[0m=[35m'Google News (all)'[0m [36mtag[0m=[35mgoogle_broad[0m
[2m2026-04-02T09:54:38.651714Z[0m [[32m[1minfo     [0m] [1mfetch                         [0m [36mstatus[0m=[35m200[0m [36murl[0m=[35m'https://news.google.com/rss/search?q=UNH+stock+news&hl=en-US&gl=US&ceid=US:en'[0m
[2m2026-04-02T09:54:38.751610Z[0m [[32m[1minfo     [0m] [1mparsed                        [0m [36mchannel[0m=[35mgoogle_broad[0m [36mraw[0m=[35m100[0m
[2m2026-04-02T09:54:41.519785Z[0m [[32m[1minfo     [0m] [1mfetch                         [0m [36mstatus[0m=[35m200[0m [36murl[0m=[35m'https://news.google.com/rss/search?q=UNH+earnings+analysis&hl=en-US&gl=US&ceid=US:en'[0m
[2m2026-04-02T09:54:41.629828Z[0m [[32m[1minfo     [0m] [1mparsed                        [0m [36mchannel[0m=[35mgoogle_broad[0m [36mraw[0m=[35m100[0m
[2m2026-04-02T09:54:41.631743Z[0m [[32m[1minfo     [0m] [1mquality_filter                [0m [36minput[0m=[35m400[0m [36mpassed[0m=[35m9[0m
[2m2026-04-02T09:54:41.632756Z[0m [[32m[1minfo     [0m] [1mdedup                         [0m [36mafter[0m=[35m8[0m [36mbefore[0m=[35m9[0m
[2m2026-04-02T09:54:41.632898Z[0m [[32m[1minfo     [0m] [1mfulltext_selection            [0m [36mcandidates[0m=[35m6[0m [36mfiltered[0m=[35m8[0m [36mmode[0m=[35mhigh-value[0m [36mticker[0m=[35mUNH[0m
[2m2026-04-02T09:54:43.796749Z[0m [[32m[1minfo     [0m] [1mfetch                         [0m [36mstatus[0m=[35m403[0m [36murl[0m=[35mhttps://www.tipranks.com/news/why-unitedhealth-stock-unh-is-rising-today-and-what-raymond-[0m
[2m2026-04-02T09:54:43.840050Z[0m [[32m[1minfo     [0m] [1mfetch                         [0m [36mstatus[0m=[35m200[0m [36murl[0m=[35mhttps://www.msn.com/en-us/money/topstocks/will-unitedhealth-unh-beat-estimates-again-in-it[0m
[2m2026-04-02T09:54:43.868897Z[0m [[32m[1minfo     [0m] [1mfetch                         [0m [36mstatus[0m=[35m403[0m [36murl[0m=[35mhttps://www.gurufocus.com/news/8765307/raymond-james-upgrades-unh-to-outperform-sets-price[0m
[2m2026-04-02T09:54:44.252750Z[0m [[32m[1minfo     [0m] [1mfetch                         [0m [36mstatus[0m=[35m200[0m [36murl[0m=[35mhttps://seekingalpha.com/news/4571364-unitedhealth-stock-upgraded-raymond-james[0m
[2m2026-04-02T09:54:44.365078Z[0m [[32m[1minfo     [0m] [1mfetch                         [0m [36mstatus[0m=[35m200[0m [36murl[0m=[35mhttps://stockstory.org/us/stocks/nyse/unh/news/earnings/health-insurance-providers-stocks-[0m
[2m2026-04-02T09:54:44.460743Z[0m [[32m[1minfo     [0m] [1mfetch                         [0m [36mstatus[0m=[35m200[0m [36murl[0m=[35mhttps://finbold.com/wall-street-sets-unh-stock-price-target/[0m
[2m2026-04-02T09:54:45.120637Z[0m [[32m[1minfo     [0m] [1mcrawling                      [0m [36mchannel[0m=[35mGoogle->Benzinga[0m [36mtag[0m=[35mgoogle_benzinga[0m
[2m2026-04-02T09:54:47.861025Z[0m [[32m[1minfo     [0m] [1mfetch                         [0m [36mstatus[0m=[35m200[0m [36murl[0m=[35m'https://news.google.com/rss/search?q=MS+site:benzinga.com&hl=en-US&gl=US&ceid=US:en'[0m
[2m2026-04-02T09:54:47.978452Z[0m [[32m[1minfo     [0m] [1mparsed                        [0m [36mchannel[0m=[35mgoogle_benzinga[0m [36mraw[0m=[35m100[0m
[2m2026-04-02T09:54:49.989995Z[0m [[32m[1minfo     [0m] [1mfetch                         [0m [36mstatus[0m=[35m200[0m [36murl[0m=[35m'https://news.google.com/rss/search?q=MS+site:benzinga.com&hl=en-US&gl=US&ceid=US:en'[0m
[2m2026-04-02T09:54:50.028988Z[0m [[32m[1minfo     [0m] [1mparsed                        [0m [36mchannel[0m=[35mgoogle_benzinga[0m [36mraw[0m=[35m100[0m
[2m2026-04-02T09:54:50.029112Z[0m [[32m[1minfo     [0m] [1mcrawling                      [0m [36mchannel[0m=[35m'Google News (all)'[0m [36mtag[0m=[35mgoogle_broad[0m
[2m2026-04-02T09:54:52.499188Z[0m [[32m[1minfo     [0m] [1mfetch                         [0m [36mstatus[0m=[35m200[0m [36murl[0m=[35m'https://news.google.com/rss/search?q=MS+stock+news&hl=en-US&gl=US&ceid=US:en'[0m
[2m2026-04-02T09:54:52.529647Z[0m [[32m[1minfo     [0m] [1mparsed                        [0m [36mchannel[0m=[35mgoogle_broad[0m [36mraw[0m=[35m66[0m
[2m2026-04-02T09:54:55.182190Z[0m [[32m[1minfo     [0m] [1mfetch                         [0m [36mstatus[0m=[35m200[0m [36murl[0m=[35m'https://news.google.com/rss/search?q=MS+earnings+analysis&hl=en-US&gl=US&ceid=US:en'[0m
[2m2026-04-02T09:54:55.303710Z[0m [[32m[1minfo     [0m] [1mparsed                        [0m [36mchannel[0m=[35mgoogle_broad[0m [36mraw[0m=[35m100[0m
[2m2026-04-02T09:54:55.304746Z[0m [[32m[1minfo     [0m] [1mquality_filter                [0m [36minput[0m=[35m366[0m [36mpassed[0m=[35m0[0m
[2m2026-04-02T09:54:55.304808Z[0m [[32m[1minfo     [0m] [1mdedup                         [0m [36mafter[0m=[35m0[0m [36mbefore[0m=[35m0[0m
[2m2026-04-02T09:54:55.304840Z[0m [[32m[1minfo     [0m] [1mfulltext_selection            [0m [36mcandidates[0m=[35m0[0m [36mfiltered[0m=[35m0[0m [36mmode[0m=[35mhigh-value[0m [36mticker[0m=[35mMS[0m
[2m2026-04-02T09:54:55.305516Z[0m [[32m[1minfo     [0m] [1mcrawling                      [0m [36mchannel[0m=[35mGoogle->Benzinga[0m [36mtag[0m=[35mgoogle_benzinga[0m
[2m2026-04-02T09:54:58.434336Z[0m [[32m[1minfo     [0m] [1mfetch                         [0m [36mstatus[0m=[35m200[0m [36murl[0m=[35m'https://news.google.com/rss/search?q=GS+site:benzinga.com&hl=en-US&gl=US&ceid=US:en'[0m
[2m2026-04-02T09:54:58.539405Z[0m [[32m[1minfo     [0m] [1mparsed                        [0m [36mchannel[0m=[35mgoogle_benzinga[0m [36mraw[0m=[35m100[0m
[2m2026-04-02T09:55:00.547219Z[0m [[32m[1minfo     [0m] [1mfetch                         [0m [36mstatus[0m=[35m200[0m [36murl[0m=[35m'https://news.google.com/rss/search?q=GS+site:benzinga.com&hl=en-US&gl=US&ceid=US:en'[0m
[2m2026-04-02T09:55:00.580219Z[0m [[32m[1minfo     [0m] [1mparsed                        [0m [36mchannel[0m=[35mgoogle_benzinga[0m [36mraw[0m=[35m100[0m
[2m2026-04-02T09:55:00.580342Z[0m [[32m[1minfo     [0m] [1mcrawling                      [0m [36mchannel[0m=[35m'Google News (all)'[0m [36mtag[0m=[35mgoogle_broad[0m
[2m2026-04-02T09:55:03.122820Z[0m [[32m[1minfo     [0m] [1mfetch                         [0m [36mstatus[0m=[35m200[0m [36murl[0m=[35m'https://news.google.com/rss/search?q=GS+stock+news&hl=en-US&gl=US&ceid=US:en'[0m
[2m2026-04-02T09:55:03.242802Z[0m [[32m[1minfo     [0m] [1mparsed                        [0m [36mchannel[0m=[35mgoogle_broad[0m [36mraw[0m=[35m100[0m
[2m2026-04-02T09:55:05.778587Z[0m [[32m[1minfo     [0m] [1mfetch                         [0m [36mstatus[0m=[35m200[0m [36murl[0m=[35m'https://news.google.com/rss/search?q=GS+earnings+analysis&hl=en-US&gl=US&ceid=US:en'[0m
[2m2026-04-02T09:55:05.865965Z[0m [[32m[1minfo     [0m] [1mparsed                        [0m [36mchannel[0m=[35mgoogle_broad[0m [36mraw[0m=[35m76[0m
[2m2026-04-02T09:55:05.867196Z[0m [[32m[1minfo     [0m] [1mquality_filter                [0m [36minput[0m=[35m376[0m [36mpassed[0m=[35m1[0m
[2m2026-04-02T09:55:05.867356Z[0m [[32m[1minfo     [0m] [1mdedup                         [0m [36mafter[0m=[35m1[0m [36mbefore[0m=[35m1[0m
[2m2026-04-02T09:55:05.867411Z[0m [[32m[1minfo     [0m] [1mfulltext_selection            [0m [36mcandidates[0m=[35m1[0m [36mfiltered[0m=[35m1[0m [36mmode[0m=[35mhigh-value[0m [36mticker[0m=[35mGS[0m
[2m2026-04-02T09:55:08.945129Z[0m [[31m[1merror    [0m] [1mfetch_error                   [0m [36merror[0m=[35m"400, message='Got more than 8190 bytes (8704) when reading Header value is too l"[0m [36murl[0m=[35mhttps://au.finance.yahoo.com/news/goldman-gs-beat-estimates-again-1610[0m
[2m2026-04-02T09:55:09.158988Z[0m [[32m[1minfo     [0m] [1mcrawling                      [0m [36mchannel[0m=[35mGoogle->Benzinga[0m [36mtag[0m=[35mgoogle_benzinga[0m
[2m2026-04-02T09:55:11.777566Z[0m [[32m[1minfo     [0m] [1mfetch                         [0m [36mstatus[0m=[35m200[0m [36murl[0m=[35m'https://news.google.com/rss/search?q=WFC+site:benzinga.com&hl=en-US&gl=US&ceid=US:en'[0m
[2m2026-04-02T09:55:11.869382Z[0m [[32m[1minfo     [0m] [1mparsed                        [0m [36mchannel[0m=[35mgoogle_benzinga[0m [36mraw[0m=[35m97[0m
[2m2026-04-02T09:55:13.902225Z[0m [[32m[1minfo     [0m] [1mfetch                         [0m [36mstatus[0m=[35m200[0m [36murl[0m=[35m'https://news.google.com/rss/search?q=WFC+site:benzinga.com&hl=en-US&gl=US&ceid=US:en'[0m
[2m2026-04-02T09:55:13.940010Z[0m [[32m[1minfo     [0m] [1mparsed                        [0m [36mchannel[0m=[35mgoogle_benzinga[0m [36mraw[0m=[35m97[0m
[2m2026-04-02T09:55:13.940124Z[0m [[32m[1minfo     [0m] [1mcrawling                      [0m [36mchannel[0m=[35m'Google News (all)'[0m [36mtag[0m=[35mgoogle_broad[0m
[2m2026-04-02T09:55:16.659100Z[0m [[32m[1minfo     [0m] [1mfetch                         [0m [36mstatus[0m=[35m200[0m [36murl[0m=[35m'https://news.google.com/rss/search?q=WFC+stock+news&hl=en-US&gl=US&ceid=US:en'[0m
[2m2026-04-02T09:55:16.730240Z[0m [[32m[1minfo     [0m] [1mparsed                        [0m [36mchannel[0m=[35mgoogle_broad[0m [36mraw[0m=[35m100[0m
[2m2026-04-02T09:55:19.208990Z[0m [[32m[1minfo     [0m] [1mfetch                         [0m [36mstatus[0m=[35m200[0m [36murl[0m=[35m'https://news.google.com/rss/search?q=WFC+earnings+analysis&hl=en-US&gl=US&ceid=US:en'[0m
[2m2026-04-02T09:55:19.306149Z[0m [[32m[1minfo     [0m] [1mparsed                        [0m [36mchannel[0m=[35mgoogle_broad[0m [36mraw[0m=[35m77[0m
[2m2026-04-02T09:55:19.306974Z[0m [[32m[1minfo     [0m] [1mquality_filter                [0m [36minput[0m=[35m371[0m [36mpassed[0m=[35m0[0m
[2m2026-04-02T09:55:19.307074Z[0m [[32m[1minfo     [0m] [1mdedup                         [0m [36mafter[0m=[35m0[0m [36mbefore[0m=[35m0[0m
[2m2026-04-02T09:55:19.307120Z[0m [[32m[1minfo     [0m] [1mfulltext_selection            [0m [36mcandidates[0m=[35m0[0m [36mfiltered[0m=[35m0[0m [36mmode[0m=[35mhigh-value[0m [36mticker[0m=[35mWFC[0m
[2m2026-04-02T09:55:19.308011Z[0m [[32m[1minfo     [0m] [1mcrawling                      [0m [36mchannel[0m=[35mGoogle->Benzinga[0m [36mtag[0m=[35mgoogle_benzinga[0m
[2m2026-04-02T09:55:22.392270Z[0m [[32m[1minfo     [0m] [1mfetch                         [0m [36mstatus[0m=[35m200[0m [36murl[0m=[35m'https://news.google.com/rss/search?q=MCD+site:benzinga.com&hl=en-US&gl=US&ceid=US:en'[0m
[2m2026-04-02T09:55:22.507316Z[0m [[32m[1minfo     [0m] [1mparsed                        [0m [36mchannel[0m=[35mgoogle_benzinga[0m [36mraw[0m=[35m100[0m
[2m2026-04-02T09:55:24.523176Z[0m [[32m[1minfo     [0m] [1mfetch                         [0m [36mstatus[0m=[35m200[0m [36murl[0m=[35m'https://news.google.com/rss/search?q=MCD+site:benzinga.com&hl=en-US&gl=US&ceid=US:en'[0m
[2m2026-04-02T09:55:24.553171Z[0m [[32m[1minfo     [0m] [1mparsed                        [0m [36mchannel[0m=[35mgoogle_benzinga[0m [36mraw[0m=[35m100[0m
[2m2026-04-02T09:55:24.553277Z[0m [[32m[1minfo     [0m] [1mcrawling                      [0m [36mchannel[0m=[35m'Google News (all)'[0m [36mtag[0m=[35mgoogle_broad[0m
[2m2026-04-02T09:55:27.450756Z[0m [[32m[1minfo     [0m] [1mfetch                         [0m [36mstatus[0m=[35m200[0m [36murl[0m=[35m'https://news.google.com/rss/search?q=MCD+stock+news&hl=en-US&gl=US&ceid=US:en'[0m
[2m2026-04-02T09:55:27.572299Z[0m [[32m[1minfo     [0m] [1mparsed                        [0m [36mchannel[0m=[35mgoogle_broad[0m [36mraw[0m=[35m100[0m
[2m2026-04-02T09:55:30.190279Z[0m [[32m[1minfo     [0m] [1mfetch                         [0m [36mstatus[0m=[35m200[0m [36murl[0m=[35m'https://news.google.com/rss/search?q=MCD+earnings+analysis&hl=en-US&gl=US&ceid=US:en'[0m
[2m2026-04-02T09:55:30.308836Z[0m [[32m[1minfo     [0m] [1mparsed                        [0m [36mchannel[0m=[35mgoogle_broad[0m [36mraw[0m=[35m99[0m
[2m2026-04-02T09:55:30.310311Z[0m [[32m[1minfo     [0m] [1mquality_filter                [0m [36minput[0m=[35m399[0m [36mpassed[0m=[35m3[0m
[2m2026-04-02T09:55:30.310613Z[0m [[32m[1minfo     [0m] [1mdedup                         [0m [36mafter[0m=[35m3[0m [36mbefore[0m=[35m3[0m
[2m2026-04-02T09:55:30.310694Z[0m [[32m[1minfo     [0m] [1mfulltext_selection            [0m [36mcandidates[0m=[35m2[0m [36mfiltered[0m=[35m3[0m [36mmode[0m=[35mhigh-value[0m [36mticker[0m=[35mMCD[0m
[2m2026-04-02T09:55:32.852479Z[0m [[32m[1minfo     [0m] [1mfetch                         [0m [36mstatus[0m=[35m200[0m [36murl[0m=[35mhttps://www.marketbeat.com/instant-alerts/filing-mcdonalds-corporation-mcd-shares-acquired[0m
[2m2026-04-02T09:55:33.170064Z[0m [[32m[1minfo     [0m] [1mfetch                         [0m [36mstatus[0m=[35m200[0m [36murl[0m=[35mhttps://www.marketbeat.com/instant-alerts/filing-banque-pictet-cie-sa-trims-position-in-mc[0m
[2m2026-04-02T09:55:33.460465Z[0m [[32m[1minfo     [0m] [1mcrawling                      [0m [36mchannel[0m=[35mGoogle->Benzinga[0m [36mtag[0m=[35mgoogle_benzinga[0m
[2m2026-04-02T09:55:36.505414Z[0m [[32m[1minfo     [0m] [1mfetch                         [0m [36mstatus[0m=[35m200[0m [36murl[0m=[35m'https://news.google.com/rss/search?q=TMUS+site:benzinga.com&hl=en-US&gl=US&ceid=US:en'[0m
[2m2026-04-02T09:55:36.607969Z[0m [[32m[1minfo     [0m] [1mparsed                        [0m [36mchannel[0m=[35mgoogle_benzinga[0m [36mraw[0m=[35m87[0m
[2m2026-04-02T09:55:38.637439Z[0m [[32m[1minfo     [0m] [1mfetch                         [0m [36mstatus[0m=[35m200[0m [36murl[0m=[35m'https://news.google.com/rss/search?q=TMUS+site:benzinga.com&hl=en-US&gl=US&ceid=US:en'[0m
[2m2026-04-02T09:55:38.657577Z[0m [[32m[1minfo     [0m] [1mparsed                        [0m [36mchannel[0m=[35mgoogle_benzinga[0m [36mraw[0m=[35m87[0m
[2m2026-04-02T09:55:38.657678Z[0m [[32m[1minfo     [0m] [1mcrawling                      [0m [36mchannel[0m=[35m'Google News (all)'[0m [36mtag[0m=[35mgoogle_broad[0m
[2m2026-04-02T09:55:41.267986Z[0m [[32m[1minfo     [0m] [1mfetch                         [0m [36mstatus[0m=[35m200[0m [36murl[0m=[35m'https://news.google.com/rss/search?q=TMUS+stock+news&hl=en-US&gl=US&ceid=US:en'[0m
[2m2026-04-02T09:55:41.374634Z[0m [[32m[1minfo     [0m] [1mparsed                        [0m [36mchannel[0m=[35mgoogle_broad[0m [36mraw[0m=[35m100[0m
[2m2026-04-02T09:55:43.911073Z[0m [[32m[1minfo     [0m] [1mfetch                         [0m [36mstatus[0m=[35m200[0m [36murl[0m=[35m'https://news.google.com/rss/search?q=TMUS+earnings+analysis&hl=en-US&gl=US&ceid=US:en'[0m
[2m2026-04-02T09:55:43.978145Z[0m [[32m[1minfo     [0m] [1mparsed                        [0m [36mchannel[0m=[35mgoogle_broad[0m [36mraw[0m=[35m69[0m
[2m2026-04-02T09:55:43.978966Z[0m [[32m[1minfo     [0m] [1mquality_filter                [0m [36minput[0m=[35m343[0m [36mpassed[0m=[35m0[0m
[2m2026-04-02T09:55:43.979048Z[0m [[32m[1minfo     [0m] [1mdedup                         [0m [36mafter[0m=[35m0[0m [36mbefore[0m=[35m0[0m
[2m2026-04-02T09:55:43.979121Z[0m [[32m[1minfo     [0m] [1mfulltext_selection            [0m [36mcandidates[0m=[35m0[0m [36mfiltered[0m=[35m0[0m [36mmode[0m=[35mhigh-value[0m [36mticker[0m=[35mTMUS[0m
[2m2026-04-02T09:55:43.980143Z[0m [[32m[1minfo     [0m] [1mcrawling                      [0m [36mchannel[0m=[35mGoogle->Benzinga[0m [36mtag[0m=[35mgoogle_benzinga[0m
[2m2026-04-02T09:55:46.565688Z[0m [[32m[1minfo     [0m] [1mfetch                         [0m [36mstatus[0m=[35m200[0m [36murl[0m=[35m'https://news.google.com/rss/search?q=LIN+site:benzinga.com&hl=en-US&gl=US&ceid=US:en'[0m
[2m2026-04-02T09:55:46.675060Z[0m [[32m[1minfo     [0m] [1mparsed                        [0m [36mchannel[0m=[35mgoogle_benzinga[0m [36mraw[0m=[35m100[0m
[2m2026-04-02T09:55:48.699804Z[0m [[32m[1minfo     [0m] [1mfetch                         [0m [36mstatus[0m=[35m200[0m [36murl[0m=[35m'https://news.google.com/rss/search?q=LIN+site:benzinga.com&hl=en-US&gl=US&ceid=US:en'[0m
[2m2026-04-02T09:55:48.742397Z[0m [[32m[1minfo     [0m] [1mparsed                        [0m [36mchannel[0m=[35mgoogle_benzinga[0m [36mraw[0m=[35m100[0m
[2m2026-04-02T09:55:48.742517Z[0m [[32m[1minfo     [0m] [1mcrawling                      [0m [36mchannel[0m=[35m'Google News (all)'[0m [36mtag[0m=[35mgoogle_broad[0m
[2m2026-04-02T09:55:51.250420Z[0m [[32m[1minfo     [0m] [1mfetch                         [0m [36mstatus[0m=[35m200[0m [36murl[0m=[35m'https://news.google.com/rss/search?q=LIN+stock+news&hl=en-US&gl=US&ceid=US:en'[0m
[2m2026-04-02T09:55:51.347892Z[0m [[32m[1minfo     [0m] [1mparsed                        [0m [36mchannel[0m=[35mgoogle_broad[0m [36mraw[0m=[35m76[0m
[2m2026-04-02T09:55:53.851923Z[0m [[32m[1minfo     [0m] [1mfetch                         [0m [36mstatus[0m=[35m200[0m [36murl[0m=[35m'https://news.google.com/rss/search?q=LIN+earnings+analysis&hl=en-US&gl=US&ceid=US:en'[0m
[2m2026-04-02T09:55:53.943304Z[0m [[32m[1minfo     [0m] [1mparsed                        [0m [36mchannel[0m=[35mgoogle_broad[0m [36mraw[0m=[35m72[0m
[2m2026-04-02T09:55:53.944090Z[0m [[32m[1minfo     [0m] [1mquality_filter                [0m [36minput[0m=[35m348[0m [36mpassed[0m=[35m0[0m
[2m2026-04-02T09:55:53.944167Z[0m [[32m[1minfo     [0m] [1mdedup                         [0m [36mafter[0m=[35m0[0m [36mbefore[0m=[35m0[0m
[2m2026-04-02T09:55:53.944207Z[0m [[32m[1minfo     [0m] [1mfulltext_selection            [0m [36mcandidates[0m=[35m0[0m [36mfiltered[0m=[35m0[0m [36mmode[0m=[35mhigh-value[0m [36mticker[0m=[35mLIN[0m
[2m2026-04-02T09:55:53.945022Z[0m [[32m[1minfo     [0m] [1mcrawling                      [0m [36mchannel[0m=[35mGoogle->Benzinga[0m [36mtag[0m=[35mgoogle_benzinga[0m
[2m2026-04-02T09:55:56.501329Z[0m [[32m[1minfo     [0m] [1mfetch                         [0m [36mstatus[0m=[35m200[0m [36murl[0m=[35m'https://news.google.com/rss/search?q=PEP+site:benzinga.com&hl=en-US&gl=US&ceid=US:en'[0m
[2m2026-04-02T09:55:56.622290Z[0m [[32m[1minfo     [0m] [1mparsed                        [0m [36mchannel[0m=[35mgoogle_benzinga[0m [36mraw[0m=[35m81[0m
[2m2026-04-02T09:55:58.636403Z[0m [[32m[1minfo     [0m] [1mfetch                         [0m [36mstatus[0m=[35m200[0m [36murl[0m=[35m'https://news.google.com/rss/search?q=PEP+site:benzinga.com&hl=en-US&gl=US&ceid=US:en'[0m
[2m2026-04-02T09:55:58.673858Z[0m [[32m[1minfo     [0m] [1mparsed                        [0m [36mchannel[0m=[35mgoogle_benzinga[0m [36mraw[0m=[35m81[0m
[2m2026-04-02T09:55:58.673984Z[0m [[32m[1minfo     [0m] [1mcrawling                      [0m [36mchannel[0m=[35m'Google News (all)'[0m [36mtag[0m=[35mgoogle_broad[0m
[2m2026-04-02T09:56:01.240630Z[0m [[32m[1minfo     [0m] [1mfetch                         [0m [36mstatus[0m=[35m200[0m [36murl[0m=[35m'https://news.google.com/rss/search?q=PEP+stock+news&hl=en-US&gl=US&ceid=US:en'[0m
[2m2026-04-02T09:56:01.338806Z[0m [[32m[1minfo     [0m] [1mparsed                        [0m [36mchannel[0m=[35mgoogle_broad[0m [36mraw[0m=[35m100[0m
[2m2026-04-02T09:56:03.908594Z[0m [[32m[1minfo     [0m] [1mfetch                         [0m [36mstatus[0m=[35m200[0m [36murl[0m=[35m'https://news.google.com/rss/search?q=PEP+earnings+analysis&hl=en-US&gl=US&ceid=US:en'[0m
[2m2026-04-02T09:56:03.940189Z[0m [[32m[1minfo     [0m] [1mparsed                        [0m [36mchannel[0m=[35mgoogle_broad[0m [36mraw[0m=[35m67[0m
[2m2026-04-02T09:56:03.940976Z[0m [[32m[1minfo     [0m] [1mquality_filter                [0m [36minput[0m=[35m329[0m [36mpassed[0m=[35m2[0m
[2m2026-04-02T09:56:03.941173Z[0m [[32m[1minfo     [0m] [1mdedup                         [0m [36mafter[0m=[35m2[0m [36mbefore[0m=[35m2[0m
[2m2026-04-02T09:56:03.941217Z[0m [[32m[1minfo     [0m] [1mfulltext_selection            [0m [36mcandidates[0m=[35m2[0m [36mfiltered[0m=[35m2[0m [36mmode[0m=[35mhigh-value[0m [36mticker[0m=[35mPEP[0m
[2m2026-04-02T09:56:05.811276Z[0m [[32m[1minfo     [0m] [1mfetch                         [0m [36mstatus[0m=[35m403[0m [36murl[0m=[35mhttps://www.bitget.com/news/detail/12560605327870[0m
[2m2026-04-02T09:56:06.853800Z[0m [[31m[1merror    [0m] [1mfetch_error                   [0m [36merror[0m=[35m"400, message='Got more than 8190 bytes (8800) when reading Header value is too l"[0m [36murl[0m=[35mhttps://finance.yahoo.com/markets/stocks/articles/pepsico-pep-beat-est[0m
[2m2026-04-02T09:56:07.057880Z[0m [[32m[1minfo     [0m] [1mcrawling                      [0m [36mchannel[0m=[35mGoogle->Benzinga[0m [36mtag[0m=[35mgoogle_benzinga[0m
[2m2026-04-02T09:56:09.846163Z[0m [[32m[1minfo     [0m] [1mfetch                         [0m [36mstatus[0m=[35m200[0m [36murl[0m=[35m'https://news.google.com/rss/search?q=INTC+intel+site:benzinga.com&hl=en-US&gl=US&ceid=US:e'[0m
[2m2026-04-02T09:56:09.960207Z[0m [[32m[1minfo     [0m] [1mparsed                        [0m [36mchannel[0m=[35mgoogle_benzinga[0m [36mraw[0m=[35m100[0m
[2m2026-04-02T09:56:12.659618Z[0m [[32m[1minfo     [0m] [1mfetch                         [0m [36mstatus[0m=[35m200[0m [36murl[0m=[35m'https://news.google.com/rss/search?q=intel+site:benzinga.com&hl=en-US&gl=US&ceid=US:en'[0m
[2m2026-04-02T09:56:12.770419Z[0m [[32m[1minfo     [0m] [1mparsed                        [0m [36mchannel[0m=[35mgoogle_benzinga[0m [36mraw[0m=[35m100[0m
[2m2026-04-02T09:56:12.770552Z[0m [[32m[1minfo     [0m] [1mcrawling                      [0m [36mchannel[0m=[35m'Google News (all)'[0m [36mtag[0m=[35mgoogle_broad[0m
[2m2026-04-02T09:56:15.683745Z[0m [[32m[1minfo     [0m] [1mfetch                         [0m [36mstatus[0m=[35m200[0m [36murl[0m=[35m'https://news.google.com/rss/search?q=INTC+intel+stock+news&hl=en-US&gl=US&ceid=US:en'[0m
[2m2026-04-02T09:56:15.777929Z[0m [[32m[1minfo     [0m] [1mparsed                        [0m [36mchannel[0m=[35mgoogle_broad[0m [36mraw[0m=[35m100[0m
[2m2026-04-02T09:56:18.714455Z[0m [[32m[1minfo     [0m] [1mfetch                         [0m [36mstatus[0m=[35m200[0m [36murl[0m=[35m'https://news.google.com/rss/search?q=INTC+intel+earnings+analysis&hl=en-US&gl=US&ceid=US:e'[0m
[2m2026-04-02T09:56:18.826414Z[0m [[32m[1minfo     [0m] [1mparsed                        [0m [36mchannel[0m=[35mgoogle_broad[0m [36mraw[0m=[35m100[0m
[2m2026-04-02T09:56:18.829721Z[0m [[32m[1minfo     [0m] [1mquality_filter                [0m [36minput[0m=[35m400[0m [36mpassed[0m=[35m21[0m
[2m2026-04-02T09:56:18.831844Z[0m [[32m[1minfo     [0m] [1mdedup                         [0m [36mafter[0m=[35m18[0m [36mbefore[0m=[35m21[0m
[2m2026-04-02T09:56:18.832049Z[0m [[32m[1minfo     [0m] [1mfulltext_selection            [0m [36mcandidates[0m=[35m8[0m [36mfiltered[0m=[35m18[0m [36mmode[0m=[35mhigh-value[0m [36mticker[0m=[35mINTC[0m
[2m2026-04-02T09:56:20.725226Z[0m [[32m[1minfo     [0m] [1mfetch                         [0m [36mstatus[0m=[35m403[0m [36murl[0m=[35mhttps://www.tipranks.com/news/plan-to-buy-back-chip-facility-interest-sends-intel-stock-na[0m
[2m2026-04-02T09:56:20.795984Z[0m [[32m[1minfo     [0m] [1mfetch                         [0m [36mstatus[0m=[35m403[0m [36murl[0m=[35mhttps://www.businesswire.com/news/home/20260331355476/en/Intel-to-Report-First-Quarter-202[0m
[2m2026-04-02T09:56:20.950881Z[0m [[32m[1minfo     [0m] [1mfetch                         [0m [36mstatus[0m=[35m402[0m [36murl[0m=[35mhttps://www.investopedia.com/intel-leads-chip-stock-rally-wednesday-it-is-paying-usd14-bil[0m
[2m2026-04-02T09:56:21.469580Z[0m [[32m[1minfo     [0m] [1mfetch                         [0m [36mstatus[0m=[35m200[0m [36murl[0m=[35mhttps://www.cnbc.com/2026/04/01/intel-stock-ireland-stake-chip-factory.html[0m
[2m2026-04-02T09:56:21.848343Z[0m [[32m[1minfo     [0m] [1mfetch                         [0m [36mstatus[0m=[35m200[0m [36murl[0m=[35mhttps://www.cnbc.com/2026/04/01/stocks-making-the-biggest-moves-midday-lly-has-pm-intc-mu.[0m
[2m2026-04-02T09:56:22.296928Z[0m [[32m[1minfo     [0m] [1mfetch                         [0m [36mstatus[0m=[35m403[0m [36murl[0m=[35mhttps://stocktwits.com/news-articles/markets/equity/intc-stock-gains-intel-strikes-14-2b-d[0m
[2m2026-04-02T09:56:22.875483Z[0m [[32m[1minfo     [0m] [1mfetch                         [0m [36mstatus[0m=[35m200[0m [36murl[0m=[35mhttps://coincentral.com/intel-stock-climbs-8-percent-ireland-fab-buyback-ai-chip-demand/[0m
[2m2026-04-02T09:56:23.176089Z[0m [[32m[1minfo     [0m] [1mfetch                         [0m [36mstatus[0m=[35m200[0m [36murl[0m=[35mhttps://www.marketbeat.com/instant-alerts/filing-crew-capital-management-ltd-invests-159-m[0m
[2m2026-04-02T09:56:23.394607Z[0m [[32m[1minfo     [0m] [1mcrawling                      [0m [36mchannel[0m=[35mGoogle->Benzinga[0m [36mtag[0m=[35mgoogle_benzinga[0m
[2m2026-04-02T09:56:26.457807Z[0m [[32m[1minfo     [0m] [1mfetch                         [0m [36mstatus[0m=[35m200[0m [36murl[0m=[35m'https://news.google.com/rss/search?q=VZ+site:benzinga.com&hl=en-US&gl=US&ceid=US:en'[0m
[2m2026-04-02T09:56:26.560093Z[0m [[32m[1minfo     [0m] [1mparsed                        [0m [36mchannel[0m=[35mgoogle_benzinga[0m [36mraw[0m=[35m100[0m
[2m2026-04-02T09:56:28.573087Z[0m [[32m[1minfo     [0m] [1mfetch                         [0m [36mstatus[0m=[35m200[0m [36murl[0m=[35m'https://news.google.com/rss/search?q=VZ+site:benzinga.com&hl=en-US&gl=US&ceid=US:en'[0m
[2m2026-04-02T09:56:28.599701Z[0m [[32m[1minfo     [0m] [1mparsed                        [0m [36mchannel[0m=[35mgoogle_benzinga[0m [36mraw[0m=[35m100[0m
[2m2026-04-02T09:56:28.599827Z[0m [[32m[1minfo     [0m] [1mcrawling                      [0m [36mchannel[0m=[35m'Google News (all)'[0m [36mtag[0m=[35mgoogle_broad[0m
[2m2026-04-02T09:56:31.151809Z[0m [[32m[1minfo     [0m] [1mfetch                         [0m [36mstatus[0m=[35m200[0m [36murl[0m=[35m'https://news.google.com/rss/search?q=VZ+stock+news&hl=en-US&gl=US&ceid=US:en'[0m
[2m2026-04-02T09:56:31.255793Z[0m [[32m[1minfo     [0m] [1mparsed                        [0m [36mchannel[0m=[35mgoogle_broad[0m [36mraw[0m=[35m100[0m
[2m2026-04-02T09:56:33.751959Z[0m [[32m[1minfo     [0m] [1mfetch                         [0m [36mstatus[0m=[35m200[0m [36murl[0m=[35m'https://news.google.com/rss/search?q=VZ+earnings+analysis&hl=en-US&gl=US&ceid=US:en'[0m
[2m2026-04-02T09:56:33.797885Z[0m [[32m[1minfo     [0m] [1mparsed                        [0m [36mchannel[0m=[35mgoogle_broad[0m [36mraw[0m=[35m64[0m
[2m2026-04-02T09:56:33.799202Z[0m [[32m[1minfo     [0m] [1mquality_filter                [0m [36minput[0m=[35m364[0m [36mpassed[0m=[35m2[0m
[2m2026-04-02T09:56:33.799425Z[0m [[32m[1minfo     [0m] [1mdedup                         [0m [36mafter[0m=[35m2[0m [36mbefore[0m=[35m2[0m
[2m2026-04-02T09:56:33.799499Z[0m [[32m[1minfo     [0m] [1mfulltext_selection            [0m [36mcandidates[0m=[35m1[0m [36mfiltered[0m=[35m2[0m [36mmode[0m=[35mhigh-value[0m [36mticker[0m=[35mVZ[0m
[2m2026-04-02T09:56:35.889226Z[0m [[32m[1minfo     [0m] [1mfetch                         [0m [36mstatus[0m=[35m200[0m [36murl[0m=[35mhttps://www.marketbeat.com/instant-alerts/verizon-communications-nysevz-stock-price-down-1[0m
[2m2026-04-02T09:56:36.115626Z[0m [[32m[1minfo     [0m] [1mcrawling                      [0m [36mchannel[0m=[35mGoogle->Benzinga[0m [36mtag[0m=[35mgoogle_benzinga[0m
[2m2026-04-02T09:56:38.843261Z[0m [[32m[1minfo     [0m] [1mfetch                         [0m [36mstatus[0m=[35m200[0m [36murl[0m=[35m'https://news.google.com/rss/search?q=AMGN+site:benzinga.com&hl=en-US&gl=US&ceid=US:en'[0m
[2m2026-04-02T09:56:38.940771Z[0m [[32m[1minfo     [0m] [1mparsed                        [0m [36mchannel[0m=[35mgoogle_benzinga[0m [36mraw[0m=[35m100[0m
[2m2026-04-02T09:56:40.957258Z[0m [[32m[1minfo     [0m] [1mfetch                         [0m [36mstatus[0m=[35m200[0m [36murl[0m=[35m'https://news.google.com/rss/search?q=AMGN+site:benzinga.com&hl=en-US&gl=US&ceid=US:en'[0m
[2m2026-04-02T09:56:40.985386Z[0m [[32m[1minfo     [0m] [1mparsed                        [0m [36mchannel[0m=[35mgoogle_benzinga[0m [36mraw[0m=[35m100[0m
[2m2026-04-02T09:56:40.985512Z[0m [[32m[1minfo     [0m] [1mcrawling                      [0m [36mchannel[0m=[35m'Google News (all)'[0m [36mtag[0m=[35mgoogle_broad[0m
[2m2026-04-02T09:56:43.810215Z[0m [[32m[1minfo     [0m] [1mfetch                         [0m [36mstatus[0m=[35m200[0m [36murl[0m=[35m'https://news.google.com/rss/search?q=AMGN+stock+news&hl=en-US&gl=US&ceid=US:en'[0m
[2m2026-04-02T09:56:43.921829Z[0m [[32m[1minfo     [0m] [1mparsed                        [0m [36mchannel[0m=[35mgoogle_broad[0m [36mraw[0m=[35m100[0m
[2m2026-04-02T09:56:46.359612Z[0m [[32m[1minfo     [0m] [1mfetch                         [0m [36mstatus[0m=[35m200[0m [36murl[0m=[35m'https://news.google.com/rss/search?q=AMGN+earnings+analysis&hl=en-US&gl=US&ceid=US:en'[0m
[2m2026-04-02T09:56:46.390988Z[0m [[32m[1minfo     [0m] [1mparsed                        [0m [36mchannel[0m=[35mgoogle_broad[0m [36mraw[0m=[35m54[0m
[2m2026-04-02T09:56:46.392148Z[0m [[32m[1minfo     [0m] [1mquality_filter                [0m [36minput[0m=[35m354[0m [36mpassed[0m=[35m2[0m
[2m2026-04-02T09:56:46.392384Z[0m [[32m[1minfo     [0m] [1mdedup                         [0m [36mafter[0m=[35m2[0m [36mbefore[0m=[35m2[0m
[2m2026-04-02T09:56:46.392472Z[0m [[32m[1minfo     [0m] [1mfulltext_selection            [0m [36mcandidates[0m=[35m2[0m [36mfiltered[0m=[35m2[0m [36mmode[0m=[35mhigh-value[0m [36mticker[0m=[35mAMGN[0m
[2m2026-04-02T09:56:48.502578Z[0m [[32m[1minfo     [0m] [1mfetch                         [0m [36mstatus[0m=[35m200[0m [36murl[0m=[35mhttps://www.marketbeat.com/instant-alerts/amgen-inc-nasdaqamgn-given-average-rating-of-hol[0m
[2m2026-04-02T09:56:48.928837Z[0m [[32m[1minfo     [0m] [1mfetch                         [0m [36mstatus[0m=[35m200[0m [36murl[0m=[35mhttps://www.marketbeat.com/instant-alerts/filing-amgen-inc-amgn-shares-bought-by-moody-lyn[0m
[2m2026-04-02T09:56:49.164390Z[0m [[32m[1minfo     [0m] [1mcrawling                      [0m [36mchannel[0m=[35mGoogle->Benzinga[0m [36mtag[0m=[35mgoogle_benzinga[0m
[2m2026-04-02T09:56:52.258939Z[0m [[32m[1minfo     [0m] [1mfetch                         [0m [36mstatus[0m=[35m200[0m [36murl[0m=[35m'https://news.google.com/rss/search?q=ABT+site:benzinga.com&hl=en-US&gl=US&ceid=US:en'[0m
[2m2026-04-02T09:56:52.281992Z[0m [[32m[1minfo     [0m] [1mparsed                        [0m [36mchannel[0m=[35mgoogle_benzinga[0m [36mraw[0m=[35m49[0m
[2m2026-04-02T09:56:54.301009Z[0m [[32m[1minfo     [0m] [1mfetch                         [0m [36mstatus[0m=[35m200[0m [36murl[0m=[35m'https://news.google.com/rss/search?q=ABT+site:benzinga.com&hl=en-US&gl=US&ceid=US:en'[0m
[2m2026-04-02T09:56:54.314777Z[0m [[32m[1minfo     [0m] [1mparsed                        [0m [36mchannel[0m=[35mgoogle_benzinga[0m [36mraw[0m=[35m49[0m
[2m2026-04-02T09:56:54.314876Z[0m [[32m[1minfo     [0m] [1mcrawling                      [0m [36mchannel[0m=[35m'Google News (all)'[0m [36mtag[0m=[35mgoogle_broad[0m
[2m2026-04-02T09:56:56.921769Z[0m [[32m[1minfo     [0m] [1mfetch                         [0m [36mstatus[0m=[35m200[0m [36murl[0m=[35m'https://news.google.com/rss/search?q=ABT+stock+news&hl=en-US&gl=US&ceid=US:en'[0m
[2m2026-04-02T09:56:57.033706Z[0m [[32m[1minfo     [0m] [1mparsed                        [0m [36mchannel[0m=[35mgoogle_broad[0m [36mraw[0m=[35m100[0m
[2m2026-04-02T09:56:59.526299Z[0m [[32m[1minfo     [0m] [1mfetch                         [0m [36mstatus[0m=[35m200[0m [36murl[0m=[35m'https://news.google.com/rss/search?q=ABT+earnings+analysis&hl=en-US&gl=US&ceid=US:en'[0m
[2m2026-04-02T09:56:59.563756Z[0m [[32m[1minfo     [0m] [1mparsed                        [0m [36mchannel[0m=[35mgoogle_broad[0m [36mraw[0m=[35m61[0m
[2m2026-04-02T09:56:59.564911Z[0m [[32m[1minfo     [0m] [1mquality_filter                [0m [36minput[0m=[35m259[0m [36mpassed[0m=[35m2[0m
[2m2026-04-02T09:56:59.565127Z[0m [[32m[1minfo     [0m] [1mdedup                         [0m [36mafter[0m=[35m2[0m [36mbefore[0m=[35m2[0m
[2m2026-04-02T09:56:59.565209Z[0m [[32m[1minfo     [0m] [1mfulltext_selection            [0m [36mcandidates[0m=[35m0[0m [36mfiltered[0m=[35m2[0m [36mmode[0m=[35mhigh-value[0m [36mticker[0m=[35mABT[0m
[2m2026-04-02T09:56:59.565920Z[0m [[32m[1minfo     [0m] [1mcrawling                      [0m [36mchannel[0m=[35mGoogle->Benzinga[0m [36mtag[0m=[35mgoogle_benzinga[0m
[2m2026-04-02T09:57:02.241889Z[0m [[32m[1minfo     [0m] [1mfetch                         [0m [36mstatus[0m=[35m200[0m [36murl[0m=[35m'https://news.google.com/rss/search?q=DIS+site:benzinga.com&hl=en-US&gl=US&ceid=US:en'[0m
[2m2026-04-02T09:57:02.347540Z[0m [[32m[1minfo     [0m] [1mparsed                        [0m [36mchannel[0m=[35mgoogle_benzinga[0m [36mraw[0m=[35m100[0m
[2m2026-04-02T09:57:04.354469Z[0m [[32m[1minfo     [0m] [1mfetch                         [0m [36mstatus[0m=[35m200[0m [36murl[0m=[35m'https://news.google.com/rss/search?q=DIS+site:benzinga.com&hl=en-US&gl=US&ceid=US:en'[0m
[2m2026-04-02T09:57:04.381602Z[0m [[32m[1minfo     [0m] [1mparsed                        [0m [36mchannel[0m=[35mgoogle_benzinga[0m [36mraw[0m=[35m100[0m
[2m2026-04-02T09:57:04.381723Z[0m [[32m[1minfo     [0m] [1mcrawling                      [0m [36mchannel[0m=[35m'Google News (all)'[0m [36mtag[0m=[35mgoogle_broad[0m
[2m2026-04-02T09:57:07.024779Z[0m [[32m[1minfo     [0m] [1mfetch                         [0m [36mstatus[0m=[35m200[0m [36murl[0m=[35m'https://news.google.com/rss/search?q=DIS+stock+news&hl=en-US&gl=US&ceid=US:en'[0m
[2m2026-04-02T09:57:07.127505Z[0m [[32m[1minfo     [0m] [1mparsed                        [0m [36mchannel[0m=[35mgoogle_broad[0m [36mraw[0m=[35m100[0m
[2m2026-04-02T09:57:09.806105Z[0m [[32m[1minfo     [0m] [1mfetch                         [0m [36mstatus[0m=[35m200[0m [36murl[0m=[35m'https://news.google.com/rss/search?q=DIS+earnings+analysis&hl=en-US&gl=US&ceid=US:en'[0m
[2m2026-04-02T09:57:09.922036Z[0m [[32m[1minfo     [0m] [1mparsed                        [0m [36mchannel[0m=[35mgoogle_broad[0m [36mraw[0m=[35m100[0m
[2m2026-04-02T09:57:09.923262Z[0m [[32m[1minfo     [0m] [1mquality_filter                [0m [36minput[0m=[35m400[0m [36mpassed[0m=[35m4[0m
[2m2026-04-02T09:57:09.923591Z[0m [[32m[1minfo     [0m] [1mdedup                         [0m [36mafter[0m=[35m2[0m [36mbefore[0m=[35m4[0m
[2m2026-04-02T09:57:09.923701Z[0m [[32m[1minfo     [0m] [1mfulltext_selection            [0m [36mcandidates[0m=[35m1[0m [36mfiltered[0m=[35m2[0m [36mmode[0m=[35mhigh-value[0m [36mticker[0m=[35mDIS[0m
[2m2026-04-02T09:57:12.014485Z[0m [[32m[1minfo     [0m] [1mfetch                         [0m [36mstatus[0m=[35m403[0m [36murl[0m=[35mhttps://www.gurufocus.com/news/8765306/raymond-james-upgrades-dis-to-outperform-with-115-p[0m
[2m2026-04-02T09:57:12.222511Z[0m [[32m[1minfo     [0m] [1mcrawling                      [0m [36mchannel[0m=[35mGoogle->Benzinga[0m [36mtag[0m=[35mgoogle_benzinga[0m
[2m2026-04-02T09:57:14.684660Z[0m [[32m[1minfo     [0m] [1mfetch                         [0m [36mstatus[0m=[35m200[0m [36murl[0m=[35m'https://news.google.com/rss/search?q=GILD+site:benzinga.com&hl=en-US&gl=US&ceid=US:en'[0m
[2m2026-04-02T09:57:14.705036Z[0m [[32m[1minfo     [0m] [1mparsed                        [0m [36mchannel[0m=[35mgoogle_benzinga[0m [36mraw[0m=[35m41[0m
[2m2026-04-02T09:57:16.720070Z[0m [[32m[1minfo     [0m] [1mfetch                         [0m [36mstatus[0m=[35m200[0m [36murl[0m=[35m'https://news.google.com/rss/search?q=GILD+site:benzinga.com&hl=en-US&gl=US&ceid=US:en'[0m
[2m2026-04-02T09:57:16.733787Z[0m [[32m[1minfo     [0m] [1mparsed                        [0m [36mchannel[0m=[35mgoogle_benzinga[0m [36mraw[0m=[35m41[0m
[2m2026-04-02T09:57:16.733896Z[0m [[32m[1minfo     [0m] [1mcrawling                      [0m [36mchannel[0m=[35m'Google News (all)'[0m [36mtag[0m=[35mgoogle_broad[0m
[2m2026-04-02T09:57:19.206533Z[0m [[32m[1minfo     [0m] [1mfetch                         [0m [36mstatus[0m=[35m200[0m [36murl[0m=[35m'https://news.google.com/rss/search?q=GILD+stock+news&hl=en-US&gl=US&ceid=US:en'[0m
[2m2026-04-02T09:57:19.318522Z[0m [[32m[1minfo     [0m] [1mparsed                        [0m [36mchannel[0m=[35mgoogle_broad[0m [36mraw[0m=[35m100[0m
[2m2026-04-02T09:57:21.812038Z[0m [[32m[1minfo     [0m] [1mfetch                         [0m [36mstatus[0m=[35m200[0m [36murl[0m=[35m'https://news.google.com/rss/search?q=GILD+earnings+analysis&hl=en-US&gl=US&ceid=US:en'[0m
[2m2026-04-02T09:57:21.908270Z[0m [[32m[1minfo     [0m] [1mparsed                        [0m [36mchannel[0m=[35mgoogle_broad[0m [36mraw[0m=[35m79[0m
[2m2026-04-02T09:57:21.909104Z[0m [[32m[1minfo     [0m] [1mquality_filter                [0m [36minput[0m=[35m261[0m [36mpassed[0m=[35m1[0m
[2m2026-04-02T09:57:21.909267Z[0m [[32m[1minfo     [0m] [1mdedup                         [0m [36mafter[0m=[35m1[0m [36mbefore[0m=[35m1[0m
[2m2026-04-02T09:57:21.909328Z[0m [[32m[1minfo     [0m] [1mfulltext_selection            [0m [36mcandidates[0m=[35m1[0m [36mfiltered[0m=[35m1[0m [36mmode[0m=[35mhigh-value[0m [36mticker[0m=[35mGILD[0m
[2m2026-04-02T09:57:24.203093Z[0m [[32m[1minfo     [0m] [1mfetch                         [0m [36mstatus[0m=[35m200[0m [36murl[0m=[35mhttps://www.marketbeat.com/instant-alerts/filing-gilead-sciences-inc-gild-stock-holdings-r[0m
[2m2026-04-02T09:57:24.464633Z[0m [[32m[1minfo     [0m] [1mcrawling                      [0m [36mchannel[0m=[35mGoogle->Benzinga[0m [36mtag[0m=[35mgoogle_benzinga[0m
[2m2026-04-02T09:57:27.147620Z[0m [[32m[1minfo     [0m] [1mfetch                         [0m [36mstatus[0m=[35m200[0m [36murl[0m=[35m'https://news.google.com/rss/search?q=APH+site:benzinga.com&hl=en-US&gl=US&ceid=US:en'[0m
[2m2026-04-02T09:57:27.183133Z[0m [[32m[1minfo     [0m] [1mparsed                        [0m [36mchannel[0m=[35mgoogle_benzinga[0m [36mraw[0m=[35m57[0m
[2m2026-04-02T09:57:29.194171Z[0m [[32m[1minfo     [0m] [1mfetch                         [0m [36mstatus[0m=[35m200[0m [36murl[0m=[35m'https://news.google.com/rss/search?q=APH+site:benzinga.com&hl=en-US&gl=US&ceid=US:en'[0m
[2m2026-04-02T09:57:29.214363Z[0m [[32m[1minfo     [0m] [1mparsed                        [0m [36mchannel[0m=[35mgoogle_benzinga[0m [36mraw[0m=[35m57[0m
[2m2026-04-02T09:57:29.214485Z[0m [[32m[1minfo     [0m] [1mcrawling                      [0m [36mchannel[0m=[35m'Google News (all)'[0m [36mtag[0m=[35mgoogle_broad[0m
[2m2026-04-02T09:57:31.757912Z[0m [[32m[1minfo     [0m] [1mfetch                         [0m [36mstatus[0m=[35m200[0m [36murl[0m=[35m'https://news.google.com/rss/search?q=APH+stock+news&hl=en-US&gl=US&ceid=US:en'[0m
[2m2026-04-02T09:57:31.861866Z[0m [[32m[1minfo     [0m] [1mparsed                        [0m [36mchannel[0m=[35mgoogle_broad[0m [36mraw[0m=[35m100[0m
[2m2026-04-02T09:57:34.325538Z[0m [[32m[1minfo     [0m] [1mfetch                         [0m [36mstatus[0m=[35m200[0m [36murl[0m=[35m'https://news.google.com/rss/search?q=APH+earnings+analysis&hl=en-US&gl=US&ceid=US:en'[0m
[2m2026-04-02T09:57:34.355618Z[0m [[32m[1minfo     [0m] [1mparsed                        [0m [36mchannel[0m=[35mgoogle_broad[0m [36mraw[0m=[35m55[0m
[2m2026-04-02T09:57:34.356405Z[0m [[32m[1minfo     [0m] [1mquality_filter                [0m [36minput[0m=[35m269[0m [36mpassed[0m=[35m1[0m
[2m2026-04-02T09:57:34.356522Z[0m [[32m[1minfo     [0m] [1mdedup                         [0m [36mafter[0m=[35m1[0m [36mbefore[0m=[35m1[0m
[2m2026-04-02T09:57:34.356568Z[0m [[32m[1minfo     [0m] [1mfulltext_selection            [0m [36mcandidates[0m=[35m1[0m [36mfiltered[0m=[35m1[0m [36mmode[0m=[35mhigh-value[0m [36mticker[0m=[35mAPH[0m
[2m2026-04-02T09:57:36.623510Z[0m [[32m[1minfo     [0m] [1mfetch                         [0m [36mstatus[0m=[35m200[0m [36murl[0m=[35mhttps://www.marketbeat.com/instant-alerts/filing-nisa-investment-advisors-llc-cuts-stock-p[0m
[2m2026-04-02T09:57:36.892349Z[0m [[32m[1minfo     [0m] [1mcrawling                      [0m [36mchannel[0m=[35mGoogle->Benzinga[0m [36mtag[0m=[35mgoogle_benzinga[0m
[2m2026-04-02T09:57:39.419080Z[0m [[32m[1minfo     [0m] [1mfetch                         [0m [36mstatus[0m=[35m200[0m [36murl[0m=[35m'https://news.google.com/rss/search?q=TJX+site:benzinga.com&hl=en-US&gl=US&ceid=US:en'[0m
[2m2026-04-02T09:57:39.454366Z[0m [[32m[1minfo     [0m] [1mparsed                        [0m [36mchannel[0m=[35mgoogle_benzinga[0m [36mraw[0m=[35m56[0m
[2m2026-04-02T09:57:41.466274Z[0m [[32m[1minfo     [0m] [1mfetch                         [0m [36mstatus[0m=[35m200[0m [36murl[0m=[35m'https://news.google.com/rss/search?q=TJX+site:benzinga.com&hl=en-US&gl=US&ceid=US:en'[0m
[2m2026-04-02T09:57:41.482350Z[0m [[32m[1minfo     [0m] [1mparsed                        [0m [36mchannel[0m=[35mgoogle_benzinga[0m [36mraw[0m=[35m56[0m
[2m2026-04-02T09:57:41.482453Z[0m [[32m[1minfo     [0m] [1mcrawling                      [0m [36mchannel[0m=[35m'Google News (all)'[0m [36mtag[0m=[35mgoogle_broad[0m
[2m2026-04-02T09:57:44.124259Z[0m [[32m[1minfo     [0m] [1mfetch                         [0m [36mstatus[0m=[35m200[0m [36murl[0m=[35m'https://news.google.com/rss/search?q=TJX+stock+news&hl=en-US&gl=US&ceid=US:en'[0m
[2m2026-04-02T09:57:44.229034Z[0m [[32m[1minfo     [0m] [1mparsed                        [0m [36mchannel[0m=[35mgoogle_broad[0m [36mraw[0m=[35m100[0m
[2m2026-04-02T09:57:46.694550Z[0m [[32m[1minfo     [0m] [1mfetch                         [0m [36mstatus[0m=[35m200[0m [36murl[0m=[35m'https://news.google.com/rss/search?q=TJX+earnings+analysis&hl=en-US&gl=US&ceid=US:en'[0m
[2m2026-04-02T09:57:46.732091Z[0m [[32m[1minfo     [0m] [1mparsed                        [0m [36mchannel[0m=[35mgoogle_broad[0m [36mraw[0m=[35m59[0m
[2m2026-04-02T09:57:46.733709Z[0m [[32m[1minfo     [0m] [1mquality_filter                [0m [36minput[0m=[35m271[0m [36mpassed[0m=[35m9[0m
[2m2026-04-02T09:57:46.734524Z[0m [[32m[1minfo     [0m] [1mdedup                         [0m [36mafter[0m=[35m9[0m [36mbefore[0m=[35m9[0m
[2m2026-04-02T09:57:46.734657Z[0m [[32m[1minfo     [0m] [1mfulltext_selection            [0m [36mcandidates[0m=[35m3[0m [36mfiltered[0m=[35m9[0m [36mmode[0m=[35mhigh-value[0m [36mticker[0m=[35mTJX[0m
[2m2026-04-02T09:57:49.277960Z[0m [[32m[1minfo     [0m] [1mfetch                         [0m [36mstatus[0m=[35m200[0m [36murl[0m=[35mhttps://www.msn.com/en-us/money/topstocks/why-is-tjx-tjx-down-07-since-last-earnings-repor[0m
[2m2026-04-02T09:57:49.427420Z[0m [[32m[1minfo     [0m] [1mfetch                         [0m [36mstatus[0m=[35m200[0m [36murl[0m=[35mhttps://www.stocktitan.net/sec-filings/TJX/form-4-tjx-companies-inc-de-insider-trading-act[0m
[2m2026-04-02T09:57:49.575722Z[0m [[32m[1minfo     [0m] [1mfetch                         [0m [36mstatus[0m=[35m200[0m [36murl[0m=[35mhttps://www.stocktitan.net/sec-filings/TJX/form-4-tjx-companies-inc-de-insider-trading-act[0m
[2m2026-04-02T09:57:49.784037Z[0m [[32m[1minfo     [0m] [1mcrawling                      [0m [36mchannel[0m=[35mGoogle->Benzinga[0m [36mtag[0m=[35mgoogle_benzinga[0m
[2m2026-04-02T09:57:52.277244Z[0m [[32m[1minfo     [0m] [1mfetch                         [0m [36mstatus[0m=[35m200[0m [36murl[0m=[35m'https://news.google.com/rss/search?q=SCHW+site:benzinga.com&hl=en-US&gl=US&ceid=US:en'[0m
[2m2026-04-02T09:57:52.315575Z[0m [[32m[1minfo     [0m] [1mparsed                        [0m [36mchannel[0m=[35mgoogle_benzinga[0m [36mraw[0m=[35m58[0m
[2m2026-04-02T09:57:54.327152Z[0m [[32m[1minfo     [0m] [1mfetch                         [0m [36mstatus[0m=[35m200[0m [36murl[0m=[35m'https://news.google.com/rss/search?q=SCHW+site:benzinga.com&hl=en-US&gl=US&ceid=US:en'[0m
[2m2026-04-02T09:57:54.345889Z[0m [[32m[1minfo     [0m] [1mparsed                        [0m [36mchannel[0m=[35mgoogle_benzinga[0m [36mraw[0m=[35m58[0m
[2m2026-04-02T09:57:54.345992Z[0m [[32m[1minfo     [0m] [1mcrawling                      [0m [36mchannel[0m=[35m'Google News (all)'[0m [36mtag[0m=[35mgoogle_broad[0m
[2m2026-04-02T09:57:56.907440Z[0m [[32m[1minfo     [0m] [1mfetch                         [0m [36mstatus[0m=[35m200[0m [36murl[0m=[35m'https://news.google.com/rss/search?q=SCHW+stock+news&hl=en-US&gl=US&ceid=US:en'[0m
[2m2026-04-02T09:57:57.015177Z[0m [[32m[1minfo     [0m] [1mparsed                        [0m [36mchannel[0m=[35mgoogle_broad[0m [36mraw[0m=[35m100[0m
[2m2026-04-02T09:57:59.439019Z[0m [[32m[1minfo     [0m] [1mfetch                         [0m [36mstatus[0m=[35m200[0m [36murl[0m=[35m'https://news.google.com/rss/search?q=SCHW+earnings+analysis&hl=en-US&gl=US&ceid=US:en'[0m
[2m2026-04-02T09:57:59.470553Z[0m [[32m[1minfo     [0m] [1mparsed                        [0m [36mchannel[0m=[35mgoogle_broad[0m [36mraw[0m=[35m44[0m
[2m2026-04-02T09:57:59.471583Z[0m [[32m[1minfo     [0m] [1mquality_filter                [0m [36minput[0m=[35m260[0m [36mpassed[0m=[35m3[0m
[2m2026-04-02T09:57:59.471842Z[0m [[32m[1minfo     [0m] [1mdedup                         [0m [36mafter[0m=[35m3[0m [36mbefore[0m=[35m3[0m
[2m2026-04-02T09:57:59.471925Z[0m [[32m[1minfo     [0m] [1mfulltext_selection            [0m [36mcandidates[0m=[35m2[0m [36mfiltered[0m=[35m3[0m [36mmode[0m=[35mhigh-value[0m [36mticker[0m=[35mSCHW[0m
[2m2026-04-02T09:58:01.422644Z[0m [[32m[1minfo     [0m] [1mfetch                         [0m [36mstatus[0m=[35m200[0m [36murl[0m=[35mhttps://www.marketbeat.com/instant-alerts/truist-financial-has-lowered-expectations-for-ch[0m
[2m2026-04-02T09:58:01.530924Z[0m [[32m[1minfo     [0m] [1mfetch                         [0m [36mstatus[0m=[35m403[0m [36murl[0m=[35mhttps://www.gurufocus.com/news/8765345/truist-securities-lowers-price-target-for-charles-s[0m
[2m2026-04-02T09:58:01.746482Z[0m [[32m[1minfo     [0m] [1mcrawling                      [0m [36mchannel[0m=[35mGoogle->Benzinga[0m [36mtag[0m=[35mgoogle_benzinga[0m
[2m2026-04-02T09:58:04.395479Z[0m [[32m[1minfo     [0m] [1mfetch                         [0m [36mstatus[0m=[35m200[0m [36murl[0m=[35m'https://news.google.com/rss/search?q=PFE+site:benzinga.com&hl=en-US&gl=US&ceid=US:en'[0m
[2m2026-04-02T09:58:04.507902Z[0m [[32m[1minfo     [0m] [1mparsed                        [0m [36mchannel[0m=[35mgoogle_benzinga[0m [36mraw[0m=[35m100[0m
[2m2026-04-02T09:58:06.556058Z[0m [[32m[1minfo     [0m] [1mfetch                         [0m [36mstatus[0m=[35m200[0m [36murl[0m=[35m'https://news.google.com/rss/search?q=PFE+site:benzinga.com&hl=en-US&gl=US&ceid=US:en'[0m
[2m2026-04-02T09:58:06.592414Z[0m [[32m[1minfo     [0m] [1mparsed                        [0m [36mchannel[0m=[35mgoogle_benzinga[0m [36mraw[0m=[35m100[0m
[2m2026-04-02T09:58:06.592538Z[0m [[32m[1minfo     [0m] [1mcrawling                      [0m [36mchannel[0m=[35m'Google News (all)'[0m [36mtag[0m=[35mgoogle_broad[0m
[2m2026-04-02T09:58:09.105911Z[0m [[32m[1minfo     [0m] [1mfetch                         [0m [36mstatus[0m=[35m200[0m [36murl[0m=[35m'https://news.google.com/rss/search?q=PFE+stock+news&hl=en-US&gl=US&ceid=US:en'[0m
[2m2026-04-02T09:58:09.208787Z[0m [[32m[1minfo     [0m] [1mparsed                        [0m [36mchannel[0m=[35mgoogle_broad[0m [36mraw[0m=[35m100[0m
[2m2026-04-02T09:58:11.805251Z[0m [[32m[1minfo     [0m] [1mfetch                         [0m [36mstatus[0m=[35m200[0m [36murl[0m=[35m'https://news.google.com/rss/search?q=PFE+earnings+analysis&hl=en-US&gl=US&ceid=US:en'[0m
[2m2026-04-02T09:58:11.914766Z[0m [[32m[1minfo     [0m] [1mparsed                        [0m [36mchannel[0m=[35mgoogle_broad[0m [36mraw[0m=[35m100[0m
[2m2026-04-02T09:58:11.915890Z[0m [[32m[1minfo     [0m] [1mquality_filter                [0m [36minput[0m=[35m400[0m [36mpassed[0m=[35m4[0m
[2m2026-04-02T09:58:11.916138Z[0m [[32m[1minfo     [0m] [1mdedup                         [0m [36mafter[0m=[35m4[0m [36mbefore[0m=[35m4[0m
[2m2026-04-02T09:58:11.916223Z[0m [[32m[1minfo     [0m] [1mfulltext_selection            [0m [36mcandidates[0m=[35m1[0m [36mfiltered[0m=[35m4[0m [36mmode[0m=[35mhigh-value[0m [36mticker[0m=[35mPFE[0m
[2m2026-04-02T09:58:14.260428Z[0m [[32m[1minfo     [0m] [1mfetch                         [0m [36mstatus[0m=[35m200[0m [36murl[0m=[35mhttps://www.marketbeat.com/instant-alerts/pfizer-nysepfe-stock-price-up-17-still-a-buy-202[0m
[2m2026-04-02T09:58:14.611513Z[0m [[32m[1minfo     [0m] [1mcrawling                      [0m [36mchannel[0m=[35mGoogle->Benzinga[0m [36mtag[0m=[35mgoogle_benzinga[0m
[2m2026-04-02T09:58:17.170581Z[0m [[32m[1minfo     [0m] [1mfetch                         [0m [36mstatus[0m=[35m200[0m [36murl[0m=[35m'https://news.google.com/rss/search?q=HON+site:benzinga.com&hl=en-US&gl=US&ceid=US:en'[0m
[2m2026-04-02T09:58:17.276468Z[0m [[32m[1minfo     [0m] [1mparsed                        [0m [36mchannel[0m=[35mgoogle_benzinga[0m [36mraw[0m=[35m96[0m
[2m2026-04-02T09:58:19.307424Z[0m [[32m[1minfo     [0m] [1mfetch                         [0m [36mstatus[0m=[35m200[0m [36murl[0m=[35m'https://news.google.com/rss/search?q=HON+site:benzinga.com&hl=en-US&gl=US&ceid=US:en'[0m
[2m2026-04-02T09:58:19.333800Z[0m [[32m[1minfo     [0m] [1mparsed                        [0m [36mchannel[0m=[35mgoogle_benzinga[0m [36mraw[0m=[35m96[0m
[2m2026-04-02T09:58:19.333934Z[0m [[32m[1minfo     [0m] [1mcrawling                      [0m [36mchannel[0m=[35m'Google News (all)'[0m [36mtag[0m=[35mgoogle_broad[0m
[2m2026-04-02T09:58:21.863297Z[0m [[32m[1minfo     [0m] [1mfetch                         [0m [36mstatus[0m=[35m200[0m [36murl[0m=[35m'https://news.google.com/rss/search?q=HON+stock+news&hl=en-US&gl=US&ceid=US:en'[0m
[2m2026-04-02T09:58:21.975213Z[0m [[32m[1minfo     [0m] [1mparsed                        [0m [36mchannel[0m=[35mgoogle_broad[0m [36mraw[0m=[35m100[0m
[2m2026-04-02T09:58:24.463807Z[0m [[32m[1minfo     [0m] [1mfetch                         [0m [36mstatus[0m=[35m200[0m [36murl[0m=[35m'https://news.google.com/rss/search?q=HON+earnings+analysis&hl=en-US&gl=US&ceid=US:en'[0m
[2m2026-04-02T09:58:24.506310Z[0m [[32m[1minfo     [0m] [1mparsed                        [0m [36mchannel[0m=[35mgoogle_broad[0m [36mraw[0m=[35m59[0m
[2m2026-04-02T09:58:24.507498Z[0m [[32m[1minfo     [0m] [1mquality_filter                [0m [36minput[0m=[35m351[0m [36mpassed[0m=[35m2[0m
[2m2026-04-02T09:58:24.507719Z[0m [[32m[1minfo     [0m] [1mdedup                         [0m [36mafter[0m=[35m2[0m [36mbefore[0m=[35m2[0m
[2m2026-04-02T09:58:24.507786Z[0m [[32m[1minfo     [0m] [1mfulltext_selection            [0m [36mcandidates[0m=[35m2[0m [36mfiltered[0m=[35m2[0m [36mmode[0m=[35mhigh-value[0m [36mticker[0m=[35mHON[0m
[2m2026-04-02T09:58:26.707534Z[0m [[32m[1minfo     [0m] [1mfetch                         [0m [36mstatus[0m=[35m200[0m [36murl[0m=[35mhttps://www.marketbeat.com/instant-alerts/barclays-issues-pessimistic-forecast-for-honeywe[0m
[2m2026-04-02T09:58:27.144761Z[0m [[32m[1minfo     [0m] [1mfetch                         [0m [36mstatus[0m=[35m200[0m [36murl[0m=[35mhttps://www.marketbeat.com/instant-alerts/filing-honeywell-international-inc-hon-stock-pos[0m
[2m2026-04-02T09:58:27.411509Z[0m [[32m[1minfo     [0m] [1mcrawling                      [0m [36mchannel[0m=[35mGoogle->Benzinga[0m [36mtag[0m=[35mgoogle_benzinga[0m
[2m2026-04-02T09:58:30.573866Z[0m [[32m[1minfo     [0m] [1mfetch                         [0m [36mstatus[0m=[35m200[0m [36murl[0m=[35m'https://news.google.com/rss/search?q=LOW+site:benzinga.com&hl=en-US&gl=US&ceid=US:en'[0m
[2m2026-04-02T09:58:30.692904Z[0m [[32m[1minfo     [0m] [1mparsed                        [0m [36mchannel[0m=[35mgoogle_benzinga[0m [36mraw[0m=[35m100[0m
[2m2026-04-02T09:58:32.699346Z[0m [[32m[1minfo     [0m] [1mfetch                         [0m [36mstatus[0m=[35m200[0m [36murl[0m=[35m'https://news.google.com/rss/search?q=LOW+site:benzinga.com&hl=en-US&gl=US&ceid=US:en'[0m
[2m2026-04-02T09:58:32.730932Z[0m [[32m[1minfo     [0m] [1mparsed                        [0m [36mchannel[0m=[35mgoogle_benzinga[0m [36mraw[0m=[35m100[0m
[2m2026-04-02T09:58:32.731051Z[0m [[32m[1minfo     [0m] [1mcrawling                      [0m [36mchannel[0m=[35m'Google News (all)'[0m [36mtag[0m=[35mgoogle_broad[0m
[2m2026-04-02T09:58:35.393085Z[0m [[32m[1minfo     [0m] [1mfetch                         [0m [36mstatus[0m=[35m200[0m [36murl[0m=[35m'https://news.google.com/rss/search?q=LOW+stock+news&hl=en-US&gl=US&ceid=US:en'[0m
[2m2026-04-02T09:58:35.504935Z[0m [[32m[1minfo     [0m] [1mparsed                        [0m [36mchannel[0m=[35mgoogle_broad[0m [36mraw[0m=[35m100[0m
[2m2026-04-02T09:58:38.275805Z[0m [[32m[1minfo     [0m] [1mfetch                         [0m [36mstatus[0m=[35m200[0m [36murl[0m=[35m'https://news.google.com/rss/search?q=LOW+earnings+analysis&hl=en-US&gl=US&ceid=US:en'[0m
[2m2026-04-02T09:58:38.390314Z[0m [[32m[1minfo     [0m] [1mparsed                        [0m [36mchannel[0m=[35mgoogle_broad[0m [36mraw[0m=[35m100[0m
[2m2026-04-02T09:58:38.392608Z[0m [[32m[1minfo     [0m] [1mquality_filter                [0m [36minput[0m=[35m400[0m [36mpassed[0m=[35m20[0m
[2m2026-04-02T09:58:38.393934Z[0m [[32m[1minfo     [0m] [1mdedup                         [0m [36mafter[0m=[35m18[0m [36mbefore[0m=[35m20[0m
[2m2026-04-02T09:58:38.394127Z[0m [[32m[1minfo     [0m] [1mfulltext_selection            [0m [36mcandidates[0m=[35m3[0m [36mfiltered[0m=[35m18[0m [36mmode[0m=[35mhigh-value[0m [36mticker[0m=[35mLOW[0m
[2m2026-04-02T09:58:41.441984Z[0m [[32m[1minfo     [0m] [1mfetch                         [0m [36mstatus[0m=[35m200[0m [36murl[0m=[35mhttps://www.marketsmojo.com/news/stocks-in-action/icici-bank-ltd-stock-falls-to-52-week-lo[0m
[2m2026-04-02T09:58:41.468914Z[0m [[32m[1minfo     [0m] [1mfetch                         [0m [36mstatus[0m=[35m200[0m [36murl[0m=[35mhttps://www.marketsmojo.com/news/stocks-in-action/swiggy-ltd-stock-hits-52-week-low-amidst[0m
[2m2026-04-02T09:58:41.487129Z[0m [[32m[1minfo     [0m] [1mfetch                         [0m [36mstatus[0m=[35m200[0m [36murl[0m=[35mhttps://www.marketsmojo.com/news/stocks-in-action/dlf-ltd-stock-falls-to-52-week-low-of-rs[0m
[2m2026-04-02T09:58:42.010446Z[0m [[32m[1minfo     [0m] [1mcrawling                      [0m [36mchannel[0m=[35mGoogle->Benzinga[0m [36mtag[0m=[35mgoogle_benzinga[0m
[2m2026-04-02T09:58:44.699208Z[0m [[32m[1minfo     [0m] [1mfetch                         [0m [36mstatus[0m=[35m200[0m [36murl[0m=[35m'https://news.google.com/rss/search?q=WELL+site:benzinga.com&hl=en-US&gl=US&ceid=US:en'[0m
[2m2026-04-02T09:58:44.810240Z[0m [[32m[1minfo     [0m] [1mparsed                        [0m [36mchannel[0m=[35mgoogle_benzinga[0m [36mraw[0m=[35m100[0m
[2m2026-04-02T09:58:46.818902Z[0m [[32m[1minfo     [0m] [1mfetch                         [0m [36mstatus[0m=[35m200[0m [36murl[0m=[35m'https://news.google.com/rss/search?q=WELL+site:benzinga.com&hl=en-US&gl=US&ceid=US:en'[0m
[2m2026-04-02T09:58:46.855557Z[0m [[32m[1minfo     [0m] [1mparsed                        [0m [36mchannel[0m=[35mgoogle_benzinga[0m [36mraw[0m=[35m100[0m
[2m2026-04-02T09:58:46.855680Z[0m [[32m[1minfo     [0m] [1mcrawling                      [0m [36mchannel[0m=[35m'Google News (all)'[0m [36mtag[0m=[35mgoogle_broad[0m
[2m2026-04-02T09:58:49.399960Z[0m [[32m[1minfo     [0m] [1mfetch                         [0m [36mstatus[0m=[35m200[0m [36murl[0m=[35m'https://news.google.com/rss/search?q=WELL+stock+news&hl=en-US&gl=US&ceid=US:en'[0m
[2m2026-04-02T09:58:49.496149Z[0m [[32m[1minfo     [0m] [1mparsed                        [0m [36mchannel[0m=[35mgoogle_broad[0m [36mraw[0m=[35m79[0m
[2m2026-04-02T09:58:52.004793Z[0m [[32m[1minfo     [0m] [1mfetch                         [0m [36mstatus[0m=[35m200[0m [36murl[0m=[35m'https://news.google.com/rss/search?q=WELL+earnings+analysis&hl=en-US&gl=US&ceid=US:en'[0m
[2m2026-04-02T09:58:52.043809Z[0m [[32m[1minfo     [0m] [1mparsed                        [0m [36mchannel[0m=[35mgoogle_broad[0m [36mraw[0m=[35m59[0m
[2m2026-04-02T09:58:52.044847Z[0m [[32m[1minfo     [0m] [1mquality_filter                [0m [36minput[0m=[35m338[0m [36mpassed[0m=[35m0[0m
[2m2026-04-02T09:58:52.044939Z[0m [[32m[1minfo     [0m] [1mdedup                         [0m [36mafter[0m=[35m0[0m [36mbefore[0m=[35m0[0m
[2m2026-04-02T09:58:52.044994Z[0m [[32m[1minfo     [0m] [1mfulltext_selection            [0m [36mcandidates[0m=[35m0[0m [36mfiltered[0m=[35m0[0m [36mmode[0m=[35mhigh-value[0m [36mticker[0m=[35mWELL[0m
[2m2026-04-02T09:58:52.045657Z[0m [[32m[1minfo     [0m] [1mcrawling                      [0m [36mchannel[0m=[35mGoogle->Benzinga[0m [36mtag[0m=[35mgoogle_benzinga[0m
[2m2026-04-02T09:58:55.312245Z[0m [[32m[1minfo     [0m] [1mfetch                         [0m [36mstatus[0m=[35m200[0m [36murl[0m=[35m'https://news.google.com/rss/search?q=NEM+site:benzinga.com&hl=en-US&gl=US&ceid=US:en'[0m
[2m2026-04-02T09:58:55.429964Z[0m [[32m[1minfo     [0m] [1mparsed                        [0m [36mchannel[0m=[35mgoogle_benzinga[0m [36mraw[0m=[35m99[0m
[2m2026-04-02T09:58:57.447408Z[0m [[32m[1minfo     [0m] [1mfetch                         [0m [36mstatus[0m=[35m200[0m [36murl[0m=[35m'https://news.google.com/rss/search?q=NEM+site:benzinga.com&hl=en-US&gl=US&ceid=US:en'[0m
[2m2026-04-02T09:58:57.475280Z[0m [[32m[1minfo     [0m] [1mparsed                        [0m [36mchannel[0m=[35mgoogle_benzinga[0m [36mraw[0m=[35m99[0m
[2m2026-04-02T09:58:57.475394Z[0m [[32m[1minfo     [0m] [1mcrawling                      [0m [36mchannel[0m=[35m'Google News (all)'[0m [36mtag[0m=[35mgoogle_broad[0m
[2m2026-04-02T09:59:00.065209Z[0m [[32m[1minfo     [0m] [1mfetch                         [0m [36mstatus[0m=[35m200[0m [36murl[0m=[35m'https://news.google.com/rss/search?q=NEM+stock+news&hl=en-US&gl=US&ceid=US:en'[0m
[2m2026-04-02T09:59:00.166784Z[0m [[32m[1minfo     [0m] [1mparsed                        [0m [36mchannel[0m=[35mgoogle_broad[0m [36mraw[0m=[35m100[0m
[2m2026-04-02T09:59:02.615639Z[0m [[32m[1minfo     [0m] [1mfetch                         [0m [36mstatus[0m=[35m200[0m [36murl[0m=[35m'https://news.google.com/rss/search?q=NEM+earnings+analysis&hl=en-US&gl=US&ceid=US:en'[0m
[2m2026-04-02T09:59:02.652534Z[0m [[32m[1minfo     [0m] [1mparsed                        [0m [36mchannel[0m=[35mgoogle_broad[0m [36mraw[0m=[35m61[0m
[2m2026-04-02T09:59:02.653439Z[0m [[32m[1minfo     [0m] [1mquality_filter                [0m [36minput[0m=[35m359[0m [36mpassed[0m=[35m3[0m
[2m2026-04-02T09:59:02.653657Z[0m [[32m[1minfo     [0m] [1mdedup                         [0m [36mafter[0m=[35m3[0m [36mbefore[0m=[35m3[0m
[2m2026-04-02T09:59:02.653711Z[0m [[32m[1minfo     [0m] [1mfulltext_selection            [0m [36mcandidates[0m=[35m2[0m [36mfiltered[0m=[35m3[0m [36mmode[0m=[35mhigh-value[0m [36mticker[0m=[35mNEM[0m
[2m2026-04-02T09:59:04.955857Z[0m [[31m[1merror    [0m] [1mfetch_error                   [0m [36merror[0m=[35m"400, message='Got more than 8190 bytes (8800) when reading Header value is too l"[0m [36murl[0m=[35mhttps://finance.yahoo.com/markets/stocks/articles/newmont-nem-beat-est[0m
[2m2026-04-02T09:59:05.583156Z[0m [[31m[1merror    [0m] [1mfetch_error                   [0m [36merror[0m=[35m"400, message='Got more than 8190 bytes (8704) when reading Header value is too l"[0m [36murl[0m=[35mhttps://uk.finance.yahoo.com/news/nemetscheks-etr-nem-earnings-more-08[0m
[2m2026-04-02T09:59:05.798669Z[0m [[32m[1minfo     [0m] [1mcrawling                      [0m [36mchannel[0m=[35mGoogle->Benzinga[0m [36mtag[0m=[35mgoogle_benzinga[0m
[2m2026-04-02T09:59:08.781565Z[0m [[32m[1minfo     [0m] [1mfetch                         [0m [36mstatus[0m=[35m200[0m [36murl[0m=[35m'https://news.google.com/rss/search?q=CB+site:benzinga.com&hl=en-US&gl=US&ceid=US:en'[0m
[2m2026-04-02T09:59:08.820956Z[0m [[32m[1minfo     [0m] [1mparsed                        [0m [36mchannel[0m=[35mgoogle_benzinga[0m [36mraw[0m=[35m52[0m
[2m2026-04-02T09:59:10.843477Z[0m [[32m[1minfo     [0m] [1mfetch                         [0m [36mstatus[0m=[35m200[0m [36murl[0m=[35m'https://news.google.com/rss/search?q=CB+site:benzinga.com&hl=en-US&gl=US&ceid=US:en'[0m
[2m2026-04-02T09:59:10.861294Z[0m [[32m[1minfo     [0m] [1mparsed                        [0m [36mchannel[0m=[35mgoogle_benzinga[0m [36mraw[0m=[35m52[0m
[2m2026-04-02T09:59:10.861420Z[0m [[32m[1minfo     [0m] [1mcrawling                      [0m [36mchannel[0m=[35m'Google News (all)'[0m [36mtag[0m=[35mgoogle_broad[0m
[2m2026-04-02T09:59:13.389716Z[0m [[32m[1minfo     [0m] [1mfetch                         [0m [36mstatus[0m=[35m200[0m [36murl[0m=[35m'https://news.google.com/rss/search?q=CB+stock+news&hl=en-US&gl=US&ceid=US:en'[0m
[2m2026-04-02T09:59:13.428664Z[0m [[32m[1minfo     [0m] [1mparsed                        [0m [36mchannel[0m=[35mgoogle_broad[0m [36mraw[0m=[35m62[0m
[2m2026-04-02T09:59:15.916024Z[0m [[32m[1minfo     [0m] [1mfetch                         [0m [36mstatus[0m=[35m200[0m [36murl[0m=[35m'https://news.google.com/rss/search?q=CB+earnings+analysis&hl=en-US&gl=US&ceid=US:en'[0m
[2m2026-04-02T09:59:16.007829Z[0m [[32m[1minfo     [0m] [1mparsed                        [0m [36mchannel[0m=[35mgoogle_broad[0m [36mraw[0m=[35m69[0m
[2m2026-04-02T09:59:16.008789Z[0m [[32m[1minfo     [0m] [1mquality_filter                [0m [36minput[0m=[35m235[0m [36mpassed[0m=[35m1[0m
[2m2026-04-02T09:59:16.008929Z[0m [[32m[1minfo     [0m] [1mdedup                         [0m [36mafter[0m=[35m1[0m [36mbefore[0m=[35m1[0m
[2m2026-04-02T09:59:16.008980Z[0m [[32m[1minfo     [0m] [1mfulltext_selection            [0m [36mcandidates[0m=[35m1[0m [36mfiltered[0m=[35m1[0m [36mmode[0m=[35mhigh-value[0m [36mticker[0m=[35mCB[0m
[2m2026-04-02T09:59:18.435783Z[0m [[32m[1minfo     [0m] [1mfetch                         [0m [36mstatus[0m=[35m200[0m [36murl[0m=[35mhttps://www.marketbeat.com/instant-alerts/the-goldman-sachs-group-issues-positive-forecast[0m
[2m2026-04-02T09:59:18.787026Z[0m [[32m[1minfo     [0m] [1mcrawling                      [0m [36mchannel[0m=[35mGoogle->Benzinga[0m [36mtag[0m=[35mgoogle_benzinga[0m
[2m2026-04-02T09:59:21.322615Z[0m [[32m[1minfo     [0m] [1mfetch                         [0m [36mstatus[0m=[35m200[0m [36murl[0m=[35m'https://news.google.com/rss/search?q=PLD+site:benzinga.com&hl=en-US&gl=US&ceid=US:en'[0m
[2m2026-04-02T09:59:21.331671Z[0m [[32m[1minfo     [0m] [1mparsed                        [0m [36mchannel[0m=[35mgoogle_benzinga[0m [36mraw[0m=[35m23[0m
[2m2026-04-02T09:59:23.347492Z[0m [[32m[1minfo     [0m] [1mfetch                         [0m [36mstatus[0m=[35m200[0m [36murl[0m=[35m'https://news.google.com/rss/search?q=PLD+site:benzinga.com&hl=en-US&gl=US&ceid=US:en'[0m
[2m2026-04-02T09:59:23.355302Z[0m [[32m[1minfo     [0m] [1mparsed                        [0m [36mchannel[0m=[35mgoogle_benzinga[0m [36mraw[0m=[35m23[0m
[2m2026-04-02T09:59:23.355402Z[0m [[32m[1minfo     [0m] [1mcrawling                      [0m [36mchannel[0m=[35m'Google News (all)'[0m [36mtag[0m=[35mgoogle_broad[0m
[2m2026-04-02T09:59:25.810398Z[0m [[32m[1minfo     [0m] [1mfetch                         [0m [36mstatus[0m=[35m200[0m [36murl[0m=[35m'https://news.google.com/rss/search?q=PLD+stock+news&hl=en-US&gl=US&ceid=US:en'[0m
[2m2026-04-02T09:59:25.849548Z[0m [[32m[1minfo     [0m] [1mparsed                        [0m [36mchannel[0m=[35mgoogle_broad[0m [36mraw[0m=[35m65[0m
[2m2026-04-02T09:59:28.451529Z[0m [[32m[1minfo     [0m] [1mfetch                         [0m [36mstatus[0m=[35m200[0m [36murl[0m=[35m'https://news.google.com/rss/search?q=PLD+earnings+analysis&hl=en-US&gl=US&ceid=US:en'[0m
[2m2026-04-02T09:59:28.460605Z[0m [[32m[1minfo     [0m] [1mparsed                        [0m [36mchannel[0m=[35mgoogle_broad[0m [36mraw[0m=[35m28[0m
[2m2026-04-02T09:59:28.461293Z[0m [[32m[1minfo     [0m] [1mquality_filter                [0m [36minput[0m=[35m139[0m [36mpassed[0m=[35m0[0m
[2m2026-04-02T09:59:28.461368Z[0m [[32m[1minfo     [0m] [1mdedup                         [0m [36mafter[0m=[35m0[0m [36mbefore[0m=[35m0[0m
[2m2026-04-02T09:59:28.461404Z[0m [[32m[1minfo     [0m] [1mfulltext_selection            [0m [36mcandidates[0m=[35m0[0m [36mfiltered[0m=[35m0[0m [36mmode[0m=[35mhigh-value[0m [36mticker[0m=[35mPLD[0m
[2m2026-04-02T09:59:28.462066Z[0m [[32m[1minfo     [0m] [1mcrawling                      [0m [36mchannel[0m=[35mGoogle->Benzinga[0m [36mtag[0m=[35mgoogle_benzinga[0m
[2m2026-04-02T09:59:31.005345Z[0m [[32m[1minfo     [0m] [1mfetch                         [0m [36mstatus[0m=[35m200[0m [36murl[0m=[35m'https://news.google.com/rss/search?q=GLW+site:benzinga.com&hl=en-US&gl=US&ceid=US:en'[0m
[2m2026-04-02T09:59:31.042955Z[0m [[32m[1minfo     [0m] [1mparsed                        [0m [36mchannel[0m=[35mgoogle_benzinga[0m [36mraw[0m=[35m59[0m
[2m2026-04-02T09:59:33.050226Z[0m [[32m[1minfo     [0m] [1mfetch                         [0m [36mstatus[0m=[35m200[0m [36murl[0m=[35m'https://news.google.com/rss/search?q=GLW+site:benzinga.com&hl=en-US&gl=US&ceid=US:en'[0m
[2m2026-04-02T09:59:33.068315Z[0m [[32m[1minfo     [0m] [1mparsed                        [0m [36mchannel[0m=[35mgoogle_benzinga[0m [36mraw[0m=[35m59[0m
[2m2026-04-02T09:59:33.068433Z[0m [[32m[1minfo     [0m] [1mcrawling                      [0m [36mchannel[0m=[35m'Google News (all)'[0m [36mtag[0m=[35mgoogle_broad[0m
[2m2026-04-02T09:59:35.727549Z[0m [[32m[1minfo     [0m] [1mfetch                         [0m [36mstatus[0m=[35m200[0m [36murl[0m=[35m'https://news.google.com/rss/search?q=GLW+stock+news&hl=en-US&gl=US&ceid=US:en'[0m
[2m2026-04-02T09:59:35.839249Z[0m [[32m[1minfo     [0m] [1mparsed                        [0m [36mchannel[0m=[35mgoogle_broad[0m [36mraw[0m=[35m100[0m
[2m2026-04-02T09:59:38.236278Z[0m [[32m[1minfo     [0m] [1mfetch                         [0m [36mstatus[0m=[35m200[0m [36murl[0m=[35m'https://news.google.com/rss/search?q=GLW+earnings+analysis&hl=en-US&gl=US&ceid=US:en'[0m
[2m2026-04-02T09:59:38.270198Z[0m [[32m[1minfo     [0m] [1mparsed                        [0m [36mchannel[0m=[35mgoogle_broad[0m [36mraw[0m=[35m55[0m
[2m2026-04-02T09:59:38.271299Z[0m [[32m[1minfo     [0m] [1mquality_filter                [0m [36minput[0m=[35m273[0m [36mpassed[0m=[35m6[0m
[2m2026-04-02T09:59:38.271612Z[0m [[32m[1minfo     [0m] [1mdedup                         [0m [36mafter[0m=[35m5[0m [36mbefore[0m=[35m6[0m
[2m2026-04-02T09:59:38.271693Z[0m [[32m[1minfo     [0m] [1mfulltext_selection            [0m [36mcandidates[0m=[35m1[0m [36mfiltered[0m=[35m5[0m [36mmode[0m=[35mhigh-value[0m [36mticker[0m=[35mGLW[0m
[2m2026-04-02T09:59:40.818076Z[0m [[32m[1minfo     [0m] [1mfetch                         [0m [36mstatus[0m=[35m200[0m [36murl[0m=[35mhttps://stockstory.org/us/stocks/nyse/glw/news/why-up-down/why-is-corning-glw-stock-soarin[0m
[2m2026-04-02T09:59:41.026999Z[0m [[32m[1minfo     [0m] [1mcrawling                      [0m [36mchannel[0m=[35mGoogle->Benzinga[0m [36mtag[0m=[35mgoogle_benzinga[0m
[2m2026-04-02T09:59:43.600238Z[0m [[32m[1minfo     [0m] [1mfetch                         [0m [36mstatus[0m=[35m200[0m [36murl[0m=[35m'https://news.google.com/rss/search?q=ACN+site:benzinga.com&hl=en-US&gl=US&ceid=US:en'[0m
[2m2026-04-02T09:59:43.694757Z[0m [[32m[1minfo     [0m] [1mparsed                        [0m [36mchannel[0m=[35mgoogle_benzinga[0m [36mraw[0m=[35m83[0m
[2m2026-04-02T09:59:45.716039Z[0m [[32m[1minfo     [0m] [1mfetch                         [0m [36mstatus[0m=[35m200[0m [36murl[0m=[35m'https://news.google.com/rss/search?q=ACN+site:benzinga.com&hl=en-US&gl=US&ceid=US:en'[0m
[2m2026-04-02T09:59:45.734533Z[0m [[32m[1minfo     [0m] [1mparsed                        [0m [36mchannel[0m=[35mgoogle_benzinga[0m [36mraw[0m=[35m83[0m
[2m2026-04-02T09:59:45.734637Z[0m [[32m[1minfo     [0m] [1mcrawling                      [0m [36mchannel[0m=[35m'Google News (all)'[0m [36mtag[0m=[35mgoogle_broad[0m
[2m2026-04-02T09:59:48.234440Z[0m [[32m[1minfo     [0m] [1mfetch                         [0m [36mstatus[0m=[35m200[0m [36murl[0m=[35m'https://news.google.com/rss/search?q=ACN+stock+news&hl=en-US&gl=US&ceid=US:en'[0m
[2m2026-04-02T09:59:48.337587Z[0m [[32m[1minfo     [0m] [1mparsed                        [0m [36mchannel[0m=[35mgoogle_broad[0m [36mraw[0m=[35m100[0m
[2m2026-04-02T09:59:50.794768Z[0m [[32m[1minfo     [0m] [1mfetch                         [0m [36mstatus[0m=[35m200[0m [36murl[0m=[35m'https://news.google.com/rss/search?q=ACN+earnings+analysis&hl=en-US&gl=US&ceid=US:en'[0m
[2m2026-04-02T09:59:50.828927Z[0m [[32m[1minfo     [0m] [1mparsed                        [0m [36mchannel[0m=[35mgoogle_broad[0m [36mraw[0m=[35m61[0m
[2m2026-04-02T09:59:50.829538Z[0m [[32m[1minfo     [0m] [1mquality_filter                [0m [36minput[0m=[35m327[0m [36mpassed[0m=[35m0[0m
[2m2026-04-02T09:59:50.829605Z[0m [[32m[1minfo     [0m] [1mdedup                         [0m [36mafter[0m=[35m0[0m [36mbefore[0m=[35m0[0m
[2m2026-04-02T09:59:50.829636Z[0m [[32m[1minfo     [0m] [1mfulltext_selection            [0m [36mcandidates[0m=[35m0[0m [36mfiltered[0m=[35m0[0m [36mmode[0m=[35mhigh-value[0m [36mticker[0m=[35mACN[0m
[2m2026-04-02T09:59:50.830410Z[0m [[32m[1minfo     [0m] [1mcrawling                      [0m [36mchannel[0m=[35mGoogle->Benzinga[0m [36mtag[0m=[35mgoogle_benzinga[0m
[2m2026-04-02T09:59:53.323421Z[0m [[32m[1minfo     [0m] [1mfetch                         [0m [36mstatus[0m=[35m200[0m [36murl[0m=[35m'https://news.google.com/rss/search?q=BMY+site:benzinga.com&hl=en-US&gl=US&ceid=US:en'[0m
[2m2026-04-02T09:59:53.413025Z[0m [[32m[1minfo     [0m] [1mparsed                        [0m [36mchannel[0m=[35mgoogle_benzinga[0m [36mraw[0m=[35m68[0m
[2m2026-04-02T09:59:55.430781Z[0m [[32m[1minfo     [0m] [1mfetch                         [0m [36mstatus[0m=[35m200[0m [36murl[0m=[35m'https://news.google.com/rss/search?q=BMY+site:benzinga.com&hl=en-US&gl=US&ceid=US:en'[0m
[2m2026-04-02T09:59:55.445952Z[0m [[32m[1minfo     [0m] [1mparsed                        [0m [36mchannel[0m=[35mgoogle_benzinga[0m [36mraw[0m=[35m68[0m
[2m2026-04-02T09:59:55.446056Z[0m [[32m[1minfo     [0m] [1mcrawling                      [0m [36mchannel[0m=[35m'Google News (all)'[0m [36mtag[0m=[35mgoogle_broad[0m
[2m2026-04-02T09:59:58.048396Z[0m [[32m[1minfo     [0m] [1mfetch                         [0m [36mstatus[0m=[35m200[0m [36murl[0m=[35m'https://news.google.com/rss/search?q=BMY+stock+news&hl=en-US&gl=US&ceid=US:en'[0m
[2m2026-04-02T09:59:58.152592Z[0m [[32m[1minfo     [0m] [1mparsed                        [0m [36mchannel[0m=[35mgoogle_broad[0m [36mraw[0m=[35m100[0m
[2m2026-04-02T10:00:00.612154Z[0m [[32m[1minfo     [0m] [1mfetch                         [0m [36mstatus[0m=[35m200[0m [36murl[0m=[35m'https://news.google.com/rss/search?q=BMY+earnings+analysis&hl=en-US&gl=US&ceid=US:en'[0m
[2m2026-04-02T10:00:00.705631Z[0m [[32m[1minfo     [0m] [1mparsed                        [0m [36mchannel[0m=[35mgoogle_broad[0m [36mraw[0m=[35m69[0m
[2m2026-04-02T10:00:00.706526Z[0m [[32m[1minfo     [0m] [1mquality_filter                [0m [36minput[0m=[35m305[0m [36mpassed[0m=[35m3[0m
[2m2026-04-02T10:00:00.706737Z[0m [[32m[1minfo     [0m] [1mdedup                         [0m [36mafter[0m=[35m3[0m [36mbefore[0m=[35m3[0m
[2m2026-04-02T10:00:00.706791Z[0m [[32m[1minfo     [0m] [1mfulltext_selection            [0m [36mcandidates[0m=[35m3[0m [36mfiltered[0m=[35m3[0m [36mmode[0m=[35mhigh-value[0m [36mticker[0m=[35mBMY[0m
[2m2026-04-02T10:00:03.289621Z[0m [[31m[1merror    [0m] [1mfetch_error                   [0m [36merror[0m=[35m"400, message='Got more than 8190 bytes (8800) when reading Header value is too l"[0m [36murl[0m=[35mhttps://finance.yahoo.com/markets/stocks/articles/bristol-myers-bmy-be[0m
[2m2026-04-02T10:00:03.567904Z[0m [[32m[1minfo     [0m] [1mfetch                         [0m [36mstatus[0m=[35m200[0m [36murl[0m=[35mhttps://www.marketbeat.com/instant-alerts/filing-bristol-myers-squibb-company-bmy-shares-b[0m
[2m2026-04-02T10:00:04.134130Z[0m [[32m[1minfo     [0m] [1mfetch                         [0m [36mstatus[0m=[35m200[0m [36murl[0m=[35mhttps://www.marketbeat.com/instant-alerts/bristol-myers-squibb-target-of-unusually-high-op[0m
[2m2026-04-02T10:00:04.477511Z[0m [[32m[1minfo     [0m] [1mcrawling                      [0m [36mchannel[0m=[35mGoogle->Benzinga[0m [36mtag[0m=[35mgoogle_benzinga[0m
[2m2026-04-02T10:00:07.477368Z[0m [[32m[1minfo     [0m] [1mfetch                         [0m [36mstatus[0m=[35m200[0m [36murl[0m=[35m'https://news.google.com/rss/search?q=MDT+site:benzinga.com&hl=en-US&gl=US&ceid=US:en'[0m
[2m2026-04-02T10:00:07.497867Z[0m [[32m[1minfo     [0m] [1mparsed                        [0m [36mchannel[0m=[35mgoogle_benzinga[0m [36mraw[0m=[35m45[0m
[2m2026-04-02T10:00:09.529183Z[0m [[32m[1minfo     [0m] [1mfetch                         [0m [36mstatus[0m=[35m200[0m [36murl[0m=[35m'https://news.google.com/rss/search?q=MDT+site:benzinga.com&hl=en-US&gl=US&ceid=US:en'[0m
[2m2026-04-02T10:00:09.543608Z[0m [[32m[1minfo     [0m] [1mparsed                        [0m [36mchannel[0m=[35mgoogle_benzinga[0m [36mraw[0m=[35m45[0m
[2m2026-04-02T10:00:09.543704Z[0m [[32m[1minfo     [0m] [1mcrawling                      [0m [36mchannel[0m=[35m'Google News (all)'[0m [36mtag[0m=[35mgoogle_broad[0m
[2m2026-04-02T10:00:12.144988Z[0m [[32m[1minfo     [0m] [1mfetch                         [0m [36mstatus[0m=[35m200[0m [36murl[0m=[35m'https://news.google.com/rss/search?q=MDT+stock+news&hl=en-US&gl=US&ceid=US:en'[0m
[2m2026-04-02T10:00:12.248510Z[0m [[32m[1minfo     [0m] [1mparsed                        [0m [36mchannel[0m=[35mgoogle_broad[0m [36mraw[0m=[35m100[0m
[2m2026-04-02T10:00:14.801975Z[0m [[32m[1minfo     [0m] [1mfetch                         [0m [36mstatus[0m=[35m200[0m [36murl[0m=[35m'https://news.google.com/rss/search?q=MDT+earnings+analysis&hl=en-US&gl=US&ceid=US:en'[0m
[2m2026-04-02T10:00:14.846629Z[0m [[32m[1minfo     [0m] [1mparsed                        [0m [36mchannel[0m=[35mgoogle_broad[0m [36mraw[0m=[35m61[0m
[2m2026-04-02T10:00:14.847531Z[0m [[32m[1minfo     [0m] [1mquality_filter                [0m [36minput[0m=[35m251[0m [36mpassed[0m=[35m4[0m
[2m2026-04-02T10:00:14.847789Z[0m [[32m[1minfo     [0m] [1mdedup                         [0m [36mafter[0m=[35m4[0m [36mbefore[0m=[35m4[0m
[2m2026-04-02T10:00:14.847857Z[0m [[32m[1minfo     [0m] [1mfulltext_selection            [0m [36mcandidates[0m=[35m3[0m [36mfiltered[0m=[35m4[0m [36mmode[0m=[35mhigh-value[0m [36mticker[0m=[35mMDT[0m
[2m2026-04-02T10:00:17.055578Z[0m [[32m[1minfo     [0m] [1mfetch                         [0m [36mstatus[0m=[35m200[0m [36murl[0m=[35mhttps://www.marketbeat.com/instant-alerts/piper-sandler-has-lowered-expectations-for-medtr[0m
[2m2026-04-02T10:00:17.453828Z[0m [[32m[1minfo     [0m] [1mfetch                         [0m [36mstatus[0m=[35m200[0m [36murl[0m=[35mhttps://www.marketbeat.com/instant-alerts/filing-capital-advisors-inc-ok-grows-stock-posit[0m
[2m2026-04-02T10:00:17.859027Z[0m [[32m[1minfo     [0m] [1mfetch                         [0m [36mstatus[0m=[35m200[0m [36murl[0m=[35mhttps://www.marketbeat.com/instant-alerts/filing-medtronic-plc-mdt-stake-lessened-by-allsp[0m
[2m2026-04-02T10:00:18.112026Z[0m [[32m[1minfo     [0m] [1mcrawling                      [0m [36mchannel[0m=[35mGoogle->Benzinga[0m [36mtag[0m=[35mgoogle_benzinga[0m
[2m2026-04-02T10:00:20.658661Z[0m [[32m[1minfo     [0m] [1mfetch                         [0m [36mstatus[0m=[35m200[0m [36murl[0m=[35m'https://news.google.com/rss/search?q=PGR+site:benzinga.com&hl=en-US&gl=US&ceid=US:en'[0m
[2m2026-04-02T10:00:20.666556Z[0m [[32m[1minfo     [0m] [1mparsed                        [0m [36mchannel[0m=[35mgoogle_benzinga[0m [36mraw[0m=[35m28[0m
[2m2026-04-02T10:00:22.675068Z[0m [[32m[1minfo     [0m] [1mfetch                         [0m [36mstatus[0m=[35m200[0m [36murl[0m=[35m'https://news.google.com/rss/search?q=PGR+site:benzinga.com&hl=en-US&gl=US&ceid=US:en'[0m
[2m2026-04-02T10:00:22.684123Z[0m [[32m[1minfo     [0m] [1mparsed                        [0m [36mchannel[0m=[35mgoogle_benzinga[0m [36mraw[0m=[35m28[0m
[2m2026-04-02T10:00:22.684229Z[0m [[32m[1minfo     [0m] [1mcrawling                      [0m [36mchannel[0m=[35m'Google News (all)'[0m [36mtag[0m=[35mgoogle_broad[0m
[2m2026-04-02T10:00:25.409763Z[0m [[32m[1minfo     [0m] [1mfetch                         [0m [36mstatus[0m=[35m200[0m [36murl[0m=[35m'https://news.google.com/rss/search?q=PGR+stock+news&hl=en-US&gl=US&ceid=US:en'[0m
[2m2026-04-02T10:00:25.493743Z[0m [[32m[1minfo     [0m] [1mparsed                        [0m [36mchannel[0m=[35mgoogle_broad[0m [36mraw[0m=[35m100[0m
[2m2026-04-02T10:00:27.938903Z[0m [[32m[1minfo     [0m] [1mfetch                         [0m [36mstatus[0m=[35m200[0m [36murl[0m=[35m'https://news.google.com/rss/search?q=PGR+earnings+analysis&hl=en-US&gl=US&ceid=US:en'[0m
[2m2026-04-02T10:00:27.954224Z[0m [[32m[1minfo     [0m] [1mparsed                        [0m [36mchannel[0m=[35mgoogle_broad[0m [36mraw[0m=[35m40[0m
[2m2026-04-02T10:00:27.955137Z[0m [[32m[1minfo     [0m] [1mquality_filter                [0m [36minput[0m=[35m196[0m [36mpassed[0m=[35m4[0m
[2m2026-04-02T10:00:27.955519Z[0m [[32m[1minfo     [0m] [1mdedup                         [0m [36mafter[0m=[35m4[0m [36mbefore[0m=[35m4[0m
[2m2026-04-02T10:00:27.955606Z[0m [[32m[1minfo     [0m] [1mfulltext_selection            [0m [36mcandidates[0m=[35m2[0m [36mfiltered[0m=[35m4[0m [36mmode[0m=[35mhigh-value[0m [36mticker[0m=[35mPGR[0m
[2m2026-04-02T10:00:30.128622Z[0m [[32m[1minfo     [0m] [1mfetch                         [0m [36mstatus[0m=[35m200[0m [36murl[0m=[35mhttps://stockstory.org/us/stocks/nyse/pgr/news/earnings/property-and-casualty-insurance-st[0m
[2m2026-04-02T10:00:30.139135Z[0m [[32m[1minfo     [0m] [1mfetch                         [0m [36mstatus[0m=[35m403[0m [36murl[0m=[35mhttps://www.bitget.com/news/detail/12560605330012[0m
[2m2026-04-02T10:00:30.342950Z[0m [[32m[1minfo     [0m] [1mcrawling                      [0m [36mchannel[0m=[35mGoogle->Benzinga[0m [36mtag[0m=[35mgoogle_benzinga[0m
[2m2026-04-02T10:00:32.861668Z[0m [[32m[1minfo     [0m] [1mfetch                         [0m [36mstatus[0m=[35m200[0m [36murl[0m=[35m'https://news.google.com/rss/search?q=COF+site:benzinga.com&hl=en-US&gl=US&ceid=US:en'[0m
[2m2026-04-02T10:00:32.949436Z[0m [[32m[1minfo     [0m] [1mparsed                        [0m [36mchannel[0m=[35mgoogle_benzinga[0m [36mraw[0m=[35m65[0m
[2m2026-04-02T10:00:34.971305Z[0m [[32m[1minfo     [0m] [1mfetch                         [0m [36mstatus[0m=[35m200[0m [36murl[0m=[35m'https://news.google.com/rss/search?q=COF+site:benzinga.com&hl=en-US&gl=US&ceid=US:en'[0m
[2m2026-04-02T10:00:34.987928Z[0m [[32m[1minfo     [0m] [1mparsed                        [0m [36mchannel[0m=[35mgoogle_benzinga[0m [36mraw[0m=[35m65[0m
[2m2026-04-02T10:00:34.988029Z[0m [[32m[1minfo     [0m] [1mcrawling                      [0m [36mchannel[0m=[35m'Google News (all)'[0m [36mtag[0m=[35mgoogle_broad[0m
[2m2026-04-02T10:00:37.552932Z[0m [[32m[1minfo     [0m] [1mfetch                         [0m [36mstatus[0m=[35m200[0m [36murl[0m=[35m'https://news.google.com/rss/search?q=COF+stock+news&hl=en-US&gl=US&ceid=US:en'[0m
[2m2026-04-02T10:00:37.652440Z[0m [[32m[1minfo     [0m] [1mparsed                        [0m [36mchannel[0m=[35mgoogle_broad[0m [36mraw[0m=[35m100[0m
[2m2026-04-02T10:00:40.138008Z[0m [[32m[1minfo     [0m] [1mfetch                         [0m [36mstatus[0m=[35m200[0m [36murl[0m=[35m'https://news.google.com/rss/search?q=COF+earnings+analysis&hl=en-US&gl=US&ceid=US:en'[0m
[2m2026-04-02T10:00:40.155245Z[0m [[32m[1minfo     [0m] [1mparsed                        [0m [36mchannel[0m=[35mgoogle_broad[0m [36mraw[0m=[35m45[0m
[2m2026-04-02T10:00:40.156045Z[0m [[32m[1minfo     [0m] [1mquality_filter                [0m [36minput[0m=[35m275[0m [36mpassed[0m=[35m3[0m
[2m2026-04-02T10:00:40.156285Z[0m [[32m[1minfo     [0m] [1mdedup                         [0m [36mafter[0m=[35m3[0m [36mbefore[0m=[35m3[0m
[2m2026-04-02T10:00:40.156352Z[0m [[32m[1minfo     [0m] [1mfulltext_selection            [0m [36mcandidates[0m=[35m1[0m [36mfiltered[0m=[35m3[0m [36mmode[0m=[35mhigh-value[0m [36mticker[0m=[35mCOF[0m
[2m2026-04-02T10:00:42.537414Z[0m [[32m[1minfo     [0m] [1mfetch                         [0m [36mstatus[0m=[35m200[0m [36murl[0m=[35mhttps://www.marketbeat.com/instant-alerts/td-cowen-issues-pessimistic-forecast-for-capital[0m
[2m2026-04-02T10:00:42.802673Z[0m [[32m[1minfo     [0m] [1mcrawling                      [0m [36mchannel[0m=[35mGoogle->Benzinga[0m [36mtag[0m=[35mgoogle_benzinga[0m
[2m2026-04-02T10:00:45.227515Z[0m [[32m[1minfo     [0m] [1mfetch                         [0m [36mstatus[0m=[35m200[0m [36murl[0m=[35m'https://news.google.com/rss/search?q=MCK+site:benzinga.com&hl=en-US&gl=US&ceid=US:en'[0m
[2m2026-04-02T10:00:45.238900Z[0m [[32m[1minfo     [0m] [1mparsed                        [0m [36mchannel[0m=[35mgoogle_benzinga[0m [36mraw[0m=[35m21[0m
[2m2026-04-02T10:00:47.254255Z[0m [[32m[1minfo     [0m] [1mfetch                         [0m [36mstatus[0m=[35m200[0m [36murl[0m=[35m'https://news.google.com/rss/search?q=MCK+site:benzinga.com&hl=en-US&gl=US&ceid=US:en'[0m
[2m2026-04-02T10:00:47.260560Z[0m [[32m[1minfo     [0m] [1mparsed                        [0m [36mchannel[0m=[35mgoogle_benzinga[0m [36mraw[0m=[35m21[0m
[2m2026-04-02T10:00:47.260651Z[0m [[32m[1minfo     [0m] [1mcrawling                      [0m [36mchannel[0m=[35m'Google News (all)'[0m [36mtag[0m=[35mgoogle_broad[0m
[2m2026-04-02T10:00:49.776361Z[0m [[32m[1minfo     [0m] [1mfetch                         [0m [36mstatus[0m=[35m200[0m [36murl[0m=[35m'https://news.google.com/rss/search?q=MCK+stock+news&hl=en-US&gl=US&ceid=US:en'[0m
[2m2026-04-02T10:00:49.881584Z[0m [[32m[1minfo     [0m] [1mparsed                        [0m [36mchannel[0m=[35mgoogle_broad[0m [36mraw[0m=[35m100[0m
[2m2026-04-02T10:00:52.335456Z[0m [[32m[1minfo     [0m] [1mfetch                         [0m [36mstatus[0m=[35m200[0m [36murl[0m=[35m'https://news.google.com/rss/search?q=MCK+earnings+analysis&hl=en-US&gl=US&ceid=US:en'[0m
[2m2026-04-02T10:00:52.359252Z[0m [[32m[1minfo     [0m] [1mparsed                        [0m [36mchannel[0m=[35mgoogle_broad[0m [36mraw[0m=[35m51[0m
[2m2026-04-02T10:00:52.359850Z[0m [[32m[1minfo     [0m] [1mquality_filter                [0m [36minput[0m=[35m193[0m [36mpassed[0m=[35m0[0m
[2m2026-04-02T10:00:52.359910Z[0m [[32m[1minfo     [0m] [1mdedup                         [0m [36mafter[0m=[35m0[0m [36mbefore[0m=[35m0[0m
[2m2026-04-02T10:00:52.359943Z[0m [[32m[1minfo     [0m] [1mfulltext_selection            [0m [36mcandidates[0m=[35m0[0m [36mfiltered[0m=[35m0[0m [36mmode[0m=[35mhigh-value[0m [36mticker[0m=[35mMCK[0m
[2m2026-04-02T10:00:52.360717Z[0m [[32m[1minfo     [0m] [1mcrawling                      [0m [36mchannel[0m=[35mGoogle->Benzinga[0m [36mtag[0m=[35mgoogle_benzinga[0m
[2m2026-04-02T10:00:54.827741Z[0m [[32m[1minfo     [0m] [1mfetch                         [0m [36mstatus[0m=[35m200[0m [36murl[0m=[35m'https://news.google.com/rss/search?q=HCA+site:benzinga.com&hl=en-US&gl=US&ceid=US:en'[0m
[2m2026-04-02T10:00:54.868659Z[0m [[32m[1minfo     [0m] [1mparsed                        [0m [36mchannel[0m=[35mgoogle_benzinga[0m [36mraw[0m=[35m67[0m
[2m2026-04-02T10:00:56.876187Z[0m [[32m[1minfo     [0m] [1mfetch                         [0m [36mstatus[0m=[35m200[0m [36murl[0m=[35m'https://news.google.com/rss/search?q=HCA+site:benzinga.com&hl=en-US&gl=US&ceid=US:en'[0m
[2m2026-04-02T10:00:56.892925Z[0m [[32m[1minfo     [0m] [1mparsed                        [0m [36mchannel[0m=[35mgoogle_benzinga[0m [36mraw[0m=[35m67[0m
[2m2026-04-02T10:00:56.893032Z[0m [[32m[1minfo     [0m] [1mcrawling                      [0m [36mchannel[0m=[35m'Google News (all)'[0m [36mtag[0m=[35mgoogle_broad[0m
[2m2026-04-02T10:00:59.419543Z[0m [[32m[1minfo     [0m] [1mfetch                         [0m [36mstatus[0m=[35m200[0m [36murl[0m=[35m'https://news.google.com/rss/search?q=HCA+stock+news&hl=en-US&gl=US&ceid=US:en'[0m
[2m2026-04-02T10:00:59.516763Z[0m [[32m[1minfo     [0m] [1mparsed                        [0m [36mchannel[0m=[35mgoogle_broad[0m [36mraw[0m=[35m100[0m
[2m2026-04-02T10:01:01.959816Z[0m [[32m[1minfo     [0m] [1mfetch                         [0m [36mstatus[0m=[35m200[0m [36murl[0m=[35m'https://news.google.com/rss/search?q=HCA+earnings+analysis&hl=en-US&gl=US&ceid=US:en'[0m
[2m2026-04-02T10:01:01.979278Z[0m [[32m[1minfo     [0m] [1mparsed                        [0m [36mchannel[0m=[35mgoogle_broad[0m [36mraw[0m=[35m44[0m
[2m2026-04-02T10:01:01.980048Z[0m [[32m[1minfo     [0m] [1mquality_filter                [0m [36minput[0m=[35m278[0m [36mpassed[0m=[35m2[0m
[2m2026-04-02T10:01:01.980220Z[0m [[32m[1minfo     [0m] [1mdedup                         [0m [36mafter[0m=[35m2[0m [36mbefore[0m=[35m2[0m
[2m2026-04-02T10:01:01.980276Z[0m [[32m[1minfo     [0m] [1mfulltext_selection            [0m [36mcandidates[0m=[35m1[0m [36mfiltered[0m=[35m2[0m [36mmode[0m=[35mhigh-value[0m [36mticker[0m=[35mHCA[0m
[2m2026-04-02T10:01:04.520642Z[0m [[32m[1minfo     [0m] [1mfetch                         [0m [36mstatus[0m=[35m200[0m [36murl[0m=[35mhttps://www.marketbeat.com/instant-alerts/filing-blue-trust-inc-has-1108-million-stock-pos[0m
[2m2026-04-02T10:01:04.868184Z[0m [[32m[1minfo     [0m] [1mcrawling                      [0m [36mchannel[0m=[35mGoogle->Benzinga[0m [36mtag[0m=[35mgoogle_benzinga[0m
[2m2026-04-02T10:01:07.537671Z[0m [[32m[1minfo     [0m] [1mfetch                         [0m [36mstatus[0m=[35m200[0m [36murl[0m=[35m'https://news.google.com/rss/search?q=MO+site:benzinga.com&hl=en-US&gl=US&ceid=US:en'[0m
[2m2026-04-02T10:01:07.644634Z[0m [[32m[1minfo     [0m] [1mparsed                        [0m [36mchannel[0m=[35mgoogle_benzinga[0m [36mraw[0m=[35m100[0m
[2m2026-04-02T10:01:09.661855Z[0m [[32m[1minfo     [0m] [1mfetch                         [0m [36mstatus[0m=[35m200[0m [36murl[0m=[35m'https://news.google.com/rss/search?q=MO+site:benzinga.com&hl=en-US&gl=US&ceid=US:en'[0m
[2m2026-04-02T10:01:09.684644Z[0m [[32m[1minfo     [0m] [1mparsed                        [0m [36mchannel[0m=[35mgoogle_benzinga[0m [36mraw[0m=[35m100[0m
[2m2026-04-02T10:01:09.684769Z[0m [[32m[1minfo     [0m] [1mcrawling                      [0m [36mchannel[0m=[35m'Google News (all)'[0m [36mtag[0m=[35mgoogle_broad[0m
[2m2026-04-02T10:01:12.357760Z[0m [[32m[1minfo     [0m] [1mfetch                         [0m [36mstatus[0m=[35m200[0m [36murl[0m=[35m'https://news.google.com/rss/search?q=MO+stock+news&hl=en-US&gl=US&ceid=US:en'[0m
[2m2026-04-02T10:01:12.461094Z[0m [[32m[1minfo     [0m] [1mparsed                        [0m [36mchannel[0m=[35mgoogle_broad[0m [36mraw[0m=[35m100[0m
[2m2026-04-02T10:01:15.059369Z[0m [[32m[1minfo     [0m] [1mfetch                         [0m [36mstatus[0m=[35m200[0m [36murl[0m=[35m'https://news.google.com/rss/search?q=MO+earnings+analysis&hl=en-US&gl=US&ceid=US:en'[0m
[2m2026-04-02T10:01:15.085772Z[0m [[32m[1minfo     [0m] [1mparsed                        [0m [36mchannel[0m=[35mgoogle_broad[0m [36mraw[0m=[35m60[0m
[2m2026-04-02T10:01:15.086756Z[0m [[32m[1minfo     [0m] [1mquality_filter                [0m [36minput[0m=[35m360[0m [36mpassed[0m=[35m2[0m
[2m2026-04-02T10:01:15.086911Z[0m [[32m[1minfo     [0m] [1mdedup                         [0m [36mafter[0m=[35m2[0m [36mbefore[0m=[35m2[0m
[2m2026-04-02T10:01:15.086966Z[0m [[32m[1minfo     [0m] [1mfulltext_selection            [0m [36mcandidates[0m=[35m1[0m [36mfiltered[0m=[35m2[0m [36mmode[0m=[35mhigh-value[0m [36mticker[0m=[35mMO[0m
[2m2026-04-02T10:01:18.448102Z[0m [[32m[1minfo     [0m] [1mfetch                         [0m [36mstatus[0m=[35m200[0m [36murl[0m=[35mhttps://www.indexbox.io/blog/altrias-2026-outlook-dividend-yield-vs-declining-cigarette-bu[0m
[2m2026-04-02T10:01:18.674346Z[0m [[32m[1minfo     [0m] [1mcrawling                      [0m [36mchannel[0m=[35mGoogle->Benzinga[0m [36mtag[0m=[35mgoogle_benzinga[0m
[2m2026-04-02T10:01:21.265905Z[0m [[32m[1minfo     [0m] [1mfetch                         [0m [36mstatus[0m=[35m200[0m [36murl[0m=[35m'https://news.google.com/rss/search?q=SBUX+site:benzinga.com&hl=en-US&gl=US&ceid=US:en'[0m
[2m2026-04-02T10:01:21.378328Z[0m [[32m[1minfo     [0m] [1mparsed                        [0m [36mchannel[0m=[35mgoogle_benzinga[0m [36mraw[0m=[35m100[0m
[2m2026-04-02T10:01:23.391154Z[0m [[32m[1minfo     [0m] [1mfetch                         [0m [36mstatus[0m=[35m200[0m [36murl[0m=[35m'https://news.google.com/rss/search?q=SBUX+site:benzinga.com&hl=en-US&gl=US&ceid=US:en'[0m
[2m2026-04-02T10:01:23.413851Z[0m [[32m[1minfo     [0m] [1mparsed                        [0m [36mchannel[0m=[35mgoogle_benzinga[0m [36mraw[0m=[35m100[0m
[2m2026-04-02T10:01:23.413958Z[0m [[32m[1minfo     [0m] [1mcrawling                      [0m [36mchannel[0m=[35m'Google News (all)'[0m [36mtag[0m=[35mgoogle_broad[0m
[2m2026-04-02T10:01:26.018701Z[0m [[32m[1minfo     [0m] [1mfetch                         [0m [36mstatus[0m=[35m200[0m [36murl[0m=[35m'https://news.google.com/rss/search?q=SBUX+stock+news&hl=en-US&gl=US&ceid=US:en'[0m
[2m2026-04-02T10:01:26.124738Z[0m [[32m[1minfo     [0m] [1mparsed                        [0m [36mchannel[0m=[35mgoogle_broad[0m [36mraw[0m=[35m100[0m
[2m2026-04-02T10:01:28.705135Z[0m [[32m[1minfo     [0m] [1mfetch                         [0m [36mstatus[0m=[35m200[0m [36murl[0m=[35m'https://news.google.com/rss/search?q=SBUX+earnings+analysis&hl=en-US&gl=US&ceid=US:en'[0m
[2m2026-04-02T10:01:28.819131Z[0m [[32m[1minfo     [0m] [1mparsed                        [0m [36mchannel[0m=[35mgoogle_broad[0m [36mraw[0m=[35m100[0m
[2m2026-04-02T10:01:28.819942Z[0m [[32m[1minfo     [0m] [1mquality_filter                [0m [36minput[0m=[35m400[0m [36mpassed[0m=[35m3[0m
[2m2026-04-02T10:01:28.820129Z[0m [[32m[1minfo     [0m] [1mdedup                         [0m [36mafter[0m=[35m3[0m [36mbefore[0m=[35m3[0m
[2m2026-04-02T10:01:28.820186Z[0m [[32m[1minfo     [0m] [1mfulltext_selection            [0m [36mcandidates[0m=[35m2[0m [36mfiltered[0m=[35m3[0m [36mmode[0m=[35mhigh-value[0m [36mticker[0m=[35mSBUX[0m
[2m2026-04-02T10:01:31.179188Z[0m [[32m[1minfo     [0m] [1mfetch                         [0m [36mstatus[0m=[35m200[0m [36murl[0m=[35mhttps://www.marketbeat.com/instant-alerts/starbucks-nasdaqsbux-stock-rating-upgraded-by-bn[0m
[2m2026-04-02T10:01:31.298497Z[0m [[32m[1minfo     [0m] [1mfetch                         [0m [36mstatus[0m=[35m200[0m [36murl[0m=[35mhttps://www.marketbeat.com/instant-alerts/filing-starbucks-corporation-sbux-shares-purchas[0m
[2m2026-04-02T10:01:31.569568Z[0m [[32m[1minfo     [0m] [1mcrawling                      [0m [36mchannel[0m=[35mGoogle->Benzinga[0m [36mtag[0m=[35mgoogle_benzinga[0m
[2m2026-04-02T10:01:34.144839Z[0m [[32m[1minfo     [0m] [1mfetch                         [0m [36mstatus[0m=[35m200[0m [36murl[0m=[35m'https://news.google.com/rss/search?q=CMCSA+site:benzinga.com&hl=en-US&gl=US&ceid=US:en'[0m
[2m2026-04-02T10:01:34.254066Z[0m [[32m[1minfo     [0m] [1mparsed                        [0m [36mchannel[0m=[35mgoogle_benzinga[0m [36mraw[0m=[35m100[0m
[2m2026-04-02T10:01:36.273857Z[0m [[32m[1minfo     [0m] [1mfetch                         [0m [36mstatus[0m=[35m200[0m [36murl[0m=[35m'https://news.google.com/rss/search?q=CMCSA+site:benzinga.com&hl=en-US&gl=US&ceid=US:en'[0m
[2m2026-04-02T10:01:36.307306Z[0m [[32m[1minfo     [0m] [1mparsed                        [0m [36mchannel[0m=[35mgoogle_benzinga[0m [36mraw[0m=[35m100[0m
[2m2026-04-02T10:01:36.307414Z[0m [[32m[1minfo     [0m] [1mcrawling                      [0m [36mchannel[0m=[35m'Google News (all)'[0m [36mtag[0m=[35mgoogle_broad[0m
[2m2026-04-02T10:01:38.903597Z[0m [[32m[1minfo     [0m] [1mfetch                         [0m [36mstatus[0m=[35m200[0m [36murl[0m=[35m'https://news.google.com/rss/search?q=CMCSA+stock+news&hl=en-US&gl=US&ceid=US:en'[0m
[2m2026-04-02T10:01:39.008400Z[0m [[32m[1minfo     [0m] [1mparsed                        [0m [36mchannel[0m=[35mgoogle_broad[0m [36mraw[0m=[35m100[0m
[2m2026-04-02T10:01:41.499214Z[0m [[32m[1minfo     [0m] [1mfetch                         [0m [36mstatus[0m=[35m200[0m [36murl[0m=[35m'https://news.google.com/rss/search?q=CMCSA+earnings+analysis&hl=en-US&gl=US&ceid=US:en'[0m
[2m2026-04-02T10:01:41.587318Z[0m [[32m[1minfo     [0m] [1mparsed                        [0m [36mchannel[0m=[35mgoogle_broad[0m [36mraw[0m=[35m66[0m
[2m2026-04-02T10:01:41.588328Z[0m [[32m[1minfo     [0m] [1mquality_filter                [0m [36minput[0m=[35m366[0m [36mpassed[0m=[35m3[0m
[2m2026-04-02T10:01:41.588540Z[0m [[32m[1minfo     [0m] [1mdedup                         [0m [36mafter[0m=[35m3[0m [36mbefore[0m=[35m3[0m
[2m2026-04-02T10:01:41.588605Z[0m [[32m[1minfo     [0m] [1mfulltext_selection            [0m [36mcandidates[0m=[35m0[0m [36mfiltered[0m=[35m3[0m [36mmode[0m=[35mhigh-value[0m [36mticker[0m=[35mCMCSA[0m
[2m2026-04-02T10:01:41.589193Z[0m [[32m[1minfo     [0m] [1mcrawling                      [0m [36mchannel[0m=[35mGoogle->Benzinga[0m [36mtag[0m=[35mgoogle_benzinga[0m
[2m2026-04-02T10:01:44.238883Z[0m [[32m[1minfo     [0m] [1mfetch                         [0m [36mstatus[0m=[35m200[0m [36murl[0m=[35m'https://news.google.com/rss/search?q=CVS+site:benzinga.com&hl=en-US&gl=US&ceid=US:en'[0m
[2m2026-04-02T10:01:44.336276Z[0m [[32m[1minfo     [0m] [1mparsed                        [0m [36mchannel[0m=[35mgoogle_benzinga[0m [36mraw[0m=[35m100[0m
[2m2026-04-02T10:01:46.350229Z[0m [[32m[1minfo     [0m] [1mfetch                         [0m [36mstatus[0m=[35m200[0m [36murl[0m=[35m'https://news.google.com/rss/search?q=CVS+site:benzinga.com&hl=en-US&gl=US&ceid=US:en'[0m
[2m2026-04-02T10:01:46.371989Z[0m [[32m[1minfo     [0m] [1mparsed                        [0m [36mchannel[0m=[35mgoogle_benzinga[0m [36mraw[0m=[35m100[0m
[2m2026-04-02T10:01:46.372123Z[0m [[32m[1minfo     [0m] [1mcrawling                      [0m [36mchannel[0m=[35m'Google News (all)'[0m [36mtag[0m=[35mgoogle_broad[0m
[2m2026-04-02T10:01:48.968625Z[0m [[32m[1minfo     [0m] [1mfetch                         [0m [36mstatus[0m=[35m200[0m [36murl[0m=[35m'https://news.google.com/rss/search?q=CVS+stock+news&hl=en-US&gl=US&ceid=US:en'[0m
[2m2026-04-02T10:01:49.072573Z[0m [[32m[1minfo     [0m] [1mparsed                        [0m [36mchannel[0m=[35mgoogle_broad[0m [36mraw[0m=[35m100[0m
[2m2026-04-02T10:01:51.635329Z[0m [[32m[1minfo     [0m] [1mfetch                         [0m [36mstatus[0m=[35m200[0m [36murl[0m=[35m'https://news.google.com/rss/search?q=CVS+earnings+analysis&hl=en-US&gl=US&ceid=US:en'[0m
[2m2026-04-02T10:01:51.725201Z[0m [[32m[1minfo     [0m] [1mparsed                        [0m [36mchannel[0m=[35mgoogle_broad[0m [36mraw[0m=[35m70[0m
[2m2026-04-02T10:01:51.726062Z[0m [[32m[1minfo     [0m] [1mquality_filter                [0m [36minput[0m=[35m370[0m [36mpassed[0m=[35m2[0m
[2m2026-04-02T10:01:51.726255Z[0m [[32m[1minfo     [0m] [1mdedup                         [0m [36mafter[0m=[35m2[0m [36mbefore[0m=[35m2[0m
[2m2026-04-02T10:01:51.726309Z[0m [[32m[1minfo     [0m] [1mfulltext_selection            [0m [36mcandidates[0m=[35m1[0m [36mfiltered[0m=[35m2[0m [36mmode[0m=[35mhigh-value[0m [36mticker[0m=[35mCVS[0m
[2m2026-04-02T10:01:54.761706Z[0m [[31m[1merror    [0m] [1mfetch_error                   [0m [36merror[0m=[35m"400, message='Got more than 8190 bytes (8704) when reading Header value is too l"[0m [36murl[0m=[35mhttps://sg.finance.yahoo.com/news/cvs-health-cvs-under-analyst-1644298[0m
[2m2026-04-02T10:01:54.973300Z[0m [[32m[1minfo     [0m] [1mcrawling                      [0m [36mchannel[0m=[35mGoogle->Benzinga[0m [36mtag[0m=[35mgoogle_benzinga[0m
[2m2026-04-02T10:01:57.645969Z[0m [[32m[1minfo     [0m] [1mfetch                         [0m [36mstatus[0m=[35m200[0m [36murl[0m=[35m'https://news.google.com/rss/search?q=UPS+site:benzinga.com&hl=en-US&gl=US&ceid=US:en'[0m
[2m2026-04-02T10:01:57.742652Z[0m [[32m[1minfo     [0m] [1mparsed                        [0m [36mchannel[0m=[35mgoogle_benzinga[0m [36mraw[0m=[35m100[0m
[2m2026-04-02T10:01:59.763394Z[0m [[32m[1minfo     [0m] [1mfetch                         [0m [36mstatus[0m=[35m200[0m [36murl[0m=[35m'https://news.google.com/rss/search?q=UPS+site:benzinga.com&hl=en-US&gl=US&ceid=US:en'[0m
[2m2026-04-02T10:01:59.786017Z[0m [[32m[1minfo     [0m] [1mparsed                        [0m [36mchannel[0m=[35mgoogle_benzinga[0m [36mraw[0m=[35m100[0m
[2m2026-04-02T10:01:59.786126Z[0m [[32m[1minfo     [0m] [1mcrawling                      [0m [36mchannel[0m=[35m'Google News (all)'[0m [36mtag[0m=[35mgoogle_broad[0m
[2m2026-04-02T10:02:02.365469Z[0m [[32m[1minfo     [0m] [1mfetch                         [0m [36mstatus[0m=[35m200[0m [36murl[0m=[35m'https://news.google.com/rss/search?q=UPS+stock+news&hl=en-US&gl=US&ceid=US:en'[0m
[2m2026-04-02T10:02:02.469446Z[0m [[32m[1minfo     [0m] [1mparsed                        [0m [36mchannel[0m=[35mgoogle_broad[0m [36mraw[0m=[35m100[0m
[2m2026-04-02T10:02:05.127276Z[0m [[32m[1minfo     [0m] [1mfetch                         [0m [36mstatus[0m=[35m200[0m [36murl[0m=[35m'https://news.google.com/rss/search?q=UPS+earnings+analysis&hl=en-US&gl=US&ceid=US:en'[0m
[2m2026-04-02T10:02:05.236047Z[0m [[32m[1minfo     [0m] [1mparsed                        [0m [36mchannel[0m=[35mgoogle_broad[0m [36mraw[0m=[35m100[0m
[2m2026-04-02T10:02:05.236793Z[0m [[32m[1minfo     [0m] [1mquality_filter                [0m [36minput[0m=[35m400[0m [36mpassed[0m=[35m1[0m
[2m2026-04-02T10:02:05.236917Z[0m [[32m[1minfo     [0m] [1mdedup                         [0m [36mafter[0m=[35m1[0m [36mbefore[0m=[35m1[0m
[2m2026-04-02T10:02:05.236965Z[0m [[32m[1minfo     [0m] [1mfulltext_selection            [0m [36mcandidates[0m=[35m0[0m [36mfiltered[0m=[35m1[0m [36mmode[0m=[35mhigh-value[0m [36mticker[0m=[35mUPS[0m
[2m2026-04-02T10:02:05.237761Z[0m [[32m[1minfo     [0m] [1mcrawling                      [0m [36mchannel[0m=[35mGoogle->Benzinga[0m [36mtag[0m=[35mgoogle_benzinga[0m
[2m2026-04-02T10:02:07.796556Z[0m [[32m[1minfo     [0m] [1mfetch                         [0m [36mstatus[0m=[35m200[0m [36murl[0m=[35m'https://news.google.com/rss/search?q=EQIX+site:benzinga.com&hl=en-US&gl=US&ceid=US:en'[0m
[2m2026-04-02T10:02:07.833881Z[0m [[32m[1minfo     [0m] [1mparsed                        [0m [36mchannel[0m=[35mgoogle_benzinga[0m [36mraw[0m=[35m67[0m
[2m2026-04-02T10:02:09.839574Z[0m [[32m[1minfo     [0m] [1mfetch                         [0m [36mstatus[0m=[35m200[0m [36murl[0m=[35m'https://news.google.com/rss/search?q=EQIX+site:benzinga.com&hl=en-US&gl=US&ceid=US:en'[0m
[2m2026-04-02T10:02:09.856017Z[0m [[32m[1minfo     [0m] [1mparsed                        [0m [36mchannel[0m=[35mgoogle_benzinga[0m [36mraw[0m=[35m67[0m
[2m2026-04-02T10:02:09.856155Z[0m [[32m[1minfo     [0m] [1mcrawling                      [0m [36mchannel[0m=[35m'Google News (all)'[0m [36mtag[0m=[35mgoogle_broad[0m
[2m2026-04-02T10:02:12.424617Z[0m [[32m[1minfo     [0m] [1mfetch                         [0m [36mstatus[0m=[35m200[0m [36murl[0m=[35m'https://news.google.com/rss/search?q=EQIX+stock+news&hl=en-US&gl=US&ceid=US:en'[0m
[2m2026-04-02T10:02:12.529349Z[0m [[32m[1minfo     [0m] [1mparsed                        [0m [36mchannel[0m=[35mgoogle_broad[0m [36mraw[0m=[35m100[0m
[2m2026-04-02T10:02:15.112913Z[0m [[32m[1minfo     [0m] [1mfetch                         [0m [36mstatus[0m=[35m200[0m [36murl[0m=[35m'https://news.google.com/rss/search?q=EQIX+earnings+analysis&hl=en-US&gl=US&ceid=US:en'[0m
[2m2026-04-02T10:02:15.126245Z[0m [[32m[1minfo     [0m] [1mparsed                        [0m [36mchannel[0m=[35mgoogle_broad[0m [36mraw[0m=[35m42[0m
[2m2026-04-02T10:02:15.126916Z[0m [[32m[1minfo     [0m] [1mquality_filter                [0m [36minput[0m=[35m276[0m [36mpassed[0m=[35m1[0m
[2m2026-04-02T10:02:15.127016Z[0m [[32m[1minfo     [0m] [1mdedup                         [0m [36mafter[0m=[35m1[0m [36mbefore[0m=[35m1[0m
[2m2026-04-02T10:02:15.127060Z[0m [[32m[1minfo     [0m] [1mfulltext_selection            [0m [36mcandidates[0m=[35m1[0m [36mfiltered[0m=[35m1[0m [36mmode[0m=[35mhigh-value[0m [36mticker[0m=[35mEQIX[0m
[2m2026-04-02T10:02:17.999179Z[0m [[32m[1minfo     [0m] [1mfetch                         [0m [36mstatus[0m=[35m200[0m [36murl[0m=[35mhttps://intellectia.ai/en/stock/EQIX/technical[0m
[2m2026-04-02T10:02:18.622440Z[0m [[32m[1minfo     [0m] [1mcrawling                      [0m [36mchannel[0m=[35mGoogle->Benzinga[0m [36mtag[0m=[35mgoogle_benzinga[0m
[2m2026-04-02T10:02:21.364346Z[0m [[32m[1minfo     [0m] [1mfetch                         [0m [36mstatus[0m=[35m200[0m [36murl[0m=[35m'https://news.google.com/rss/search?q=NKE+site:benzinga.com&hl=en-US&gl=US&ceid=US:en'[0m
[2m2026-04-02T10:02:21.427289Z[0m [[32m[1minfo     [0m] [1mparsed                        [0m [36mchannel[0m=[35mgoogle_benzinga[0m [36mraw[0m=[35m100[0m
[2m2026-04-02T10:02:23.448380Z[0m [[32m[1minfo     [0m] [1mfetch                         [0m [36mstatus[0m=[35m200[0m [36murl[0m=[35m'https://news.google.com/rss/search?q=NKE+site:benzinga.com&hl=en-US&gl=US&ceid=US:en'[0m
[2m2026-04-02T10:02:23.470766Z[0m [[32m[1minfo     [0m] [1mparsed                        [0m [36mchannel[0m=[35mgoogle_benzinga[0m [36mraw[0m=[35m100[0m
[2m2026-04-02T10:02:23.470872Z[0m [[32m[1minfo     [0m] [1mcrawling                      [0m [36mchannel[0m=[35m'Google News (all)'[0m [36mtag[0m=[35mgoogle_broad[0m
[2m2026-04-02T10:02:25.997299Z[0m [[32m[1minfo     [0m] [1mfetch                         [0m [36mstatus[0m=[35m200[0m [36murl[0m=[35m'https://news.google.com/rss/search?q=NKE+stock+news&hl=en-US&gl=US&ceid=US:en'[0m
[2m2026-04-02T10:02:26.080755Z[0m [[32m[1minfo     [0m] [1mparsed                        [0m [36mchannel[0m=[35mgoogle_broad[0m [36mraw[0m=[35m92[0m
[2m2026-04-02T10:02:28.636311Z[0m [[32m[1minfo     [0m] [1mfetch                         [0m [36mstatus[0m=[35m200[0m [36murl[0m=[35m'https://news.google.com/rss/search?q=NKE+earnings+analysis&hl=en-US&gl=US&ceid=US:en'[0m
[2m2026-04-02T10:02:28.729812Z[0m [[32m[1minfo     [0m] [1mparsed                        [0m [36mchannel[0m=[35mgoogle_broad[0m [36mraw[0m=[35m100[0m
[2m2026-04-02T10:02:28.732239Z[0m [[32m[1minfo     [0m] [1mquality_filter                [0m [36minput[0m=[35m392[0m [36mpassed[0m=[35m28[0m
[2m2026-04-02T10:02:28.734231Z[0m [[32m[1minfo     [0m] [1mdedup                         [0m [36mafter[0m=[35m28[0m [36mbefore[0m=[35m28[0m
[2m2026-04-02T10:02:28.734403Z[0m [[32m[1minfo     [0m] [1mfulltext_selection            [0m [36mcandidates[0m=[35m8[0m [36mfiltered[0m=[35m28[0m [36mmode[0m=[35mhigh-value[0m [36mticker[0m=[35mNKE[0m
[2m2026-04-02T10:02:30.565636Z[0m [[32m[1minfo     [0m] [1mfetch                         [0m [36mstatus[0m=[35m200[0m [36murl[0m=[35mhttps://seekingalpha.com/article/4887721-why-nike-beat-earnings-but-dropped-9-percent[0m
[2m2026-04-02T10:02:30.783661Z[0m [[32m[1minfo     [0m] [1mfetch                         [0m [36mstatus[0m=[35m403[0m [36murl[0m=[35mhttps://www.tipranks.com/news/nike-stock-crashes-14-today-as-j-p-morgan-and-citi-analysts-[0m
[2m2026-04-02T10:02:30.911938Z[0m [[32m[1minfo     [0m] [1mfetch                         [0m [36mstatus[0m=[35m403[0m [36murl[0m=[35mhttps://www.gurufocus.com/news/8765096/nke-telsey-advisory-group-lowers-price-target-to-55[0m
[2m2026-04-02T10:02:31.067331Z[0m [[32m[1minfo     [0m] [1mfetch                         [0m [36mstatus[0m=[35m200[0m [36murl[0m=[35mhttps://seekingalpha.com/news/4571148-what-analysts-are-saying-about-nike-after-its-guidan[0m
[2m2026-04-02T10:02:31.176458Z[0m [[32m[1minfo     [0m] [1mfetch                         [0m [36mstatus[0m=[35m200[0m [36murl[0m=[35mhttps://stockstory.org/us/stocks/nyse/nke/news/earnings/nikes-nysenke-q1-cy2026-earnings-r[0m
[2m2026-04-02T10:02:31.476995Z[0m [[32m[1minfo     [0m] [1mfetch                         [0m [36mstatus[0m=[35m200[0m [36murl[0m=[35mhttps://seekingalpha.com/news/4571030-nike-slides-9-percent-after-issuing-soft-guidance-du[0m
[2m2026-04-02T10:02:32.085904Z[0m [[32m[1minfo     [0m] [1mfetch                         [0m [36mstatus[0m=[35m403[0m [36murl[0m=[35mhttps://www.gurufocus.com/news/8765842/nke-jp-morgan-downgrades-nike-to-neutral-with-52-pr[0m
[2m2026-04-02T10:02:32.330093Z[0m [[32m[1minfo     [0m] [1mfetch                         [0m [36mstatus[0m=[35m403[0m [36murl[0m=[35mhttps://www.gurufocus.com/news/8763596/nke-stock-downgraded-by-jpmorgan-following-earnings[0m
[2m2026-04-02T10:02:32.540659Z[0m [[32m[1minfo     [0m] [1mcrawling                      [0m [36mchannel[0m=[35mGoogle->Benzinga[0m [36mtag[0m=[35mgoogle_benzinga[0m
[2m2026-04-02T10:02:35.037778Z[0m [[32m[1minfo     [0m] [1mfetch                         [0m [36mstatus[0m=[35m200[0m [36murl[0m=[35m'https://news.google.com/rss/search?q=WMB+site:benzinga.com&hl=en-US&gl=US&ceid=US:en'[0m
[2m2026-04-02T10:02:35.044142Z[0m [[32m[1minfo     [0m] [1mparsed                        [0m [36mchannel[0m=[35mgoogle_benzinga[0m [36mraw[0m=[35m24[0m
[2m2026-04-02T10:02:37.055051Z[0m [[32m[1minfo     [0m] [1mfetch                         [0m [36mstatus[0m=[35m200[0m [36murl[0m=[35m'https://news.google.com/rss/search?q=WMB+site:benzinga.com&hl=en-US&gl=US&ceid=US:en'[0m
[2m2026-04-02T10:02:37.061468Z[0m [[32m[1minfo     [0m] [1mparsed                        [0m [36mchannel[0m=[35mgoogle_benzinga[0m [36mraw[0m=[35m24[0m
[2m2026-04-02T10:02:37.061564Z[0m [[32m[1minfo     [0m] [1mcrawling                      [0m [36mchannel[0m=[35m'Google News (all)'[0m [36mtag[0m=[35mgoogle_broad[0m
[2m2026-04-02T10:02:39.523767Z[0m [[32m[1minfo     [0m] [1mfetch                         [0m [36mstatus[0m=[35m200[0m [36murl[0m=[35m'https://news.google.com/rss/search?q=WMB+stock+news&hl=en-US&gl=US&ceid=US:en'[0m
[2m2026-04-02T10:02:39.620519Z[0m [[32m[1minfo     [0m] [1mparsed                        [0m [36mchannel[0m=[35mgoogle_broad[0m [36mraw[0m=[35m87[0m
[2m2026-04-02T10:02:42.059543Z[0m [[32m[1minfo     [0m] [1mfetch                         [0m [36mstatus[0m=[35m200[0m [36murl[0m=[35m'https://news.google.com/rss/search?q=WMB+earnings+analysis&hl=en-US&gl=US&ceid=US:en'[0m
[2m2026-04-02T10:02:42.087748Z[0m [[32m[1minfo     [0m] [1mparsed                        [0m [36mchannel[0m=[35mgoogle_broad[0m [36mraw[0m=[35m47[0m
[2m2026-04-02T10:02:42.088429Z[0m [[32m[1minfo     [0m] [1mquality_filter                [0m [36minput[0m=[35m182[0m [36mpassed[0m=[35m2[0m
[2m2026-04-02T10:02:42.088588Z[0m [[32m[1minfo     [0m] [1mdedup                         [0m [36mafter[0m=[35m2[0m [36mbefore[0m=[35m2[0m
[2m2026-04-02T10:02:42.088636Z[0m [[32m[1minfo     [0m] [1mfulltext_selection            [0m [36mcandidates[0m=[35m2[0m [36mfiltered[0m=[35m2[0m [36mmode[0m=[35mhigh-value[0m [36mticker[0m=[35mWMB[0m
[2m2026-04-02T10:02:44.131553Z[0m [[32m[1minfo     [0m] [1mfetch                         [0m [36mstatus[0m=[35m403[0m [36murl[0m=[35mhttps://www.gurufocus.com/news/8765865/wmb-scotiabank-maintains-rating-raises-price-target[0m
[2m2026-04-02T10:02:44.434676Z[0m [[32m[1minfo     [0m] [1mfetch                         [0m [36mstatus[0m=[35m200[0m [36murl[0m=[35mhttps://www.marketbeat.com/instant-alerts/williams-companies-nysewmb-stock-price-expected-[0m
[2m2026-04-02T10:02:44.782580Z[0m [[32m[1minfo     [0m] [1mcrawling                      [0m [36mchannel[0m=[35mGoogle->Benzinga[0m [36mtag[0m=[35mgoogle_benzinga[0m
[2m2026-04-02T10:02:47.422400Z[0m [[32m[1minfo     [0m] [1mfetch                         [0m [36mstatus[0m=[35m200[0m [36murl[0m=[35m'https://news.google.com/rss/search?q=FDX+site:benzinga.com&hl=en-US&gl=US&ceid=US:en'[0m
[2m2026-04-02T10:02:47.535461Z[0m [[32m[1minfo     [0m] [1mparsed                        [0m [36mchannel[0m=[35mgoogle_benzinga[0m [36mraw[0m=[35m100[0m
[2m2026-04-02T10:02:49.547804Z[0m [[32m[1minfo     [0m] [1mfetch                         [0m [36mstatus[0m=[35m200[0m [36murl[0m=[35m'https://news.google.com/rss/search?q=FDX+site:benzinga.com&hl=en-US&gl=US&ceid=US:en'[0m
[2m2026-04-02T10:02:49.571459Z[0m [[32m[1minfo     [0m] [1mparsed                        [0m [36mchannel[0m=[35mgoogle_benzinga[0m [36mraw[0m=[35m100[0m
[2m2026-04-02T10:02:49.571568Z[0m [[32m[1minfo     [0m] [1mcrawling                      [0m [36mchannel[0m=[35m'Google News (all)'[0m [36mtag[0m=[35mgoogle_broad[0m
[2m2026-04-02T10:02:52.240835Z[0m [[32m[1minfo     [0m] [1mfetch                         [0m [36mstatus[0m=[35m200[0m [36murl[0m=[35m'https://news.google.com/rss/search?q=FDX+stock+news&hl=en-US&gl=US&ceid=US:en'[0m
[2m2026-04-02T10:02:52.345453Z[0m [[32m[1minfo     [0m] [1mparsed                        [0m [36mchannel[0m=[35mgoogle_broad[0m [36mraw[0m=[35m100[0m
[2m2026-04-02T10:02:54.969969Z[0m [[32m[1minfo     [0m] [1mfetch                         [0m [36mstatus[0m=[35m200[0m [36murl[0m=[35m'https://news.google.com/rss/search?q=FDX+earnings+analysis&hl=en-US&gl=US&ceid=US:en'[0m
[2m2026-04-02T10:02:55.100013Z[0m [[32m[1minfo     [0m] [1mparsed                        [0m [36mchannel[0m=[35mgoogle_broad[0m [36mraw[0m=[35m100[0m
[2m2026-04-02T10:02:55.100668Z[0m [[32m[1minfo     [0m] [1mquality_filter                [0m [36minput[0m=[35m400[0m [36mpassed[0m=[35m0[0m
[2m2026-04-02T10:02:55.100748Z[0m [[32m[1minfo     [0m] [1mdedup                         [0m [36mafter[0m=[35m0[0m [36mbefore[0m=[35m0[0m
[2m2026-04-02T10:02:55.100785Z[0m [[32m[1minfo     [0m] [1mfulltext_selection            [0m [36mcandidates[0m=[35m0[0m [36mfiltered[0m=[35m0[0m [36mmode[0m=[35mhigh-value[0m [36mticker[0m=[35mFDX[0m
[2m2026-04-02T10:02:55.101681Z[0m [[32m[1minfo     [0m] [1mcrawling                      [0m [36mchannel[0m=[35mGoogle->Benzinga[0m [36mtag[0m=[35mgoogle_benzinga[0m
[2m2026-04-02T10:02:57.579814Z[0m [[32m[1minfo     [0m] [1mfetch                         [0m [36mstatus[0m=[35m200[0m [36murl[0m=[35m'https://news.google.com/rss/search?q=MRSH+site:benzinga.com&hl=en-US&gl=US&ceid=US:en'[0m
[2m2026-04-02T10:02:57.583090Z[0m [[32m[1minfo     [0m] [1mparsed                        [0m [36mchannel[0m=[35mgoogle_benzinga[0m [36mraw[0m=[35m8[0m
[2m2026-04-02T10:02:59.601074Z[0m [[32m[1minfo     [0m] [1mfetch                         [0m [36mstatus[0m=[35m200[0m [36murl[0m=[35m'https://news.google.com/rss/search?q=MRSH+site:benzinga.com&hl=en-US&gl=US&ceid=US:en'[0m
[2m2026-04-02T10:02:59.605254Z[0m [[32m[1minfo     [0m] [1mparsed                        [0m [36mchannel[0m=[35mgoogle_benzinga[0m [36mraw[0m=[35m8[0m
[2m2026-04-02T10:02:59.605335Z[0m [[32m[1minfo     [0m] [1mcrawling                      [0m [36mchannel[0m=[35m'Google News (all)'[0m [36mtag[0m=[35mgoogle_broad[0m
[2m2026-04-02T10:03:02.128122Z[0m [[32m[1minfo     [0m] [1mfetch                         [0m [36mstatus[0m=[35m200[0m [36murl[0m=[35m'https://news.google.com/rss/search?q=MRSH+stock+news&hl=en-US&gl=US&ceid=US:en'[0m
[2m2026-04-02T10:03:02.232098Z[0m [[32m[1minfo     [0m] [1mparsed                        [0m [36mchannel[0m=[35mgoogle_broad[0m [36mraw[0m=[35m100[0m
[2m2026-04-02T10:03:04.715988Z[0m [[32m[1minfo     [0m] [1mfetch                         [0m [36mstatus[0m=[35m200[0m [36murl[0m=[35m'https://news.google.com/rss/search?q=MRSH+earnings+analysis&hl=en-US&gl=US&ceid=US:en'[0m
[2m2026-04-02T10:03:04.726710Z[0m [[32m[1minfo     [0m] [1mparsed                        [0m [36mchannel[0m=[35mgoogle_broad[0m [36mraw[0m=[35m42[0m
[2m2026-04-02T10:03:04.727528Z[0m [[32m[1minfo     [0m] [1mquality_filter                [0m [36minput[0m=[35m158[0m [36mpassed[0m=[35m2[0m
[2m2026-04-02T10:03:04.727699Z[0m [[32m[1minfo     [0m] [1mdedup                         [0m [36mafter[0m=[35m2[0m [36mbefore[0m=[35m2[0m
[2m2026-04-02T10:03:04.727764Z[0m [[32m[1minfo     [0m] [1mfulltext_selection            [0m [36mcandidates[0m=[35m2[0m [36mfiltered[0m=[35m2[0m [36mmode[0m=[35mhigh-value[0m [36mticker[0m=[35mMRSH[0m
[2m2026-04-02T10:03:06.979637Z[0m [[32m[1minfo     [0m] [1mfetch                         [0m [36mstatus[0m=[35m200[0m [36murl[0m=[35mhttps://www.marketbeat.com/instant-alerts/filing-marsh-mclennan-companies-inc-mrsh-positio[0m
[2m2026-04-02T10:03:07.422087Z[0m [[32m[1minfo     [0m] [1mfetch                         [0m [36mstatus[0m=[35m200[0m [36murl[0m=[35mhttps://www.marketbeat.com/instant-alerts/filing-357764-shares-in-marsh-mclennan-companies[0m
[2m2026-04-02T10:03:08.059657Z[0m [[32m[1minfo     [0m] [1mcrawling                      [0m [36mchannel[0m=[35mGoogle->Benzinga[0m [36mtag[0m=[35mgoogle_benzinga[0m
[2m2026-04-02T10:03:10.536062Z[0m [[32m[1minfo     [0m] [1mfetch                         [0m [36mstatus[0m=[35m200[0m [36murl[0m=[35m'https://news.google.com/rss/search?q=SHW+site:benzinga.com&hl=en-US&gl=US&ceid=US:en'[0m
[2m2026-04-02T10:03:10.560829Z[0m [[32m[1minfo     [0m] [1mparsed                        [0m [36mchannel[0m=[35mgoogle_benzinga[0m [36mraw[0m=[35m51[0m
[2m2026-04-02T10:03:12.577504Z[0m [[32m[1minfo     [0m] [1mfetch                         [0m [36mstatus[0m=[35m200[0m [36murl[0m=[35m'https://news.google.com/rss/search?q=SHW+site:benzinga.com&hl=en-US&gl=US&ceid=US:en'[0m
[2m2026-04-02T10:03:12.593738Z[0m [[32m[1minfo     [0m] [1mparsed                        [0m [36mchannel[0m=[35mgoogle_benzinga[0m [36mraw[0m=[35m51[0m
[2m2026-04-02T10:03:12.593835Z[0m [[32m[1minfo     [0m] [1mcrawling                      [0m [36mchannel[0m=[35m'Google News (all)'[0m [36mtag[0m=[35mgoogle_broad[0m
[2m2026-04-02T10:03:15.048536Z[0m [[32m[1minfo     [0m] [1mfetch                         [0m [36mstatus[0m=[35m200[0m [36murl[0m=[35m'https://news.google.com/rss/search?q=SHW+stock+news&hl=en-US&gl=US&ceid=US:en'[0m
[2m2026-04-02T10:03:15.154517Z[0m [[32m[1minfo     [0m] [1mparsed                        [0m [36mchannel[0m=[35mgoogle_broad[0m [36mraw[0m=[35m96[0m
[2m2026-04-02T10:03:17.634548Z[0m [[32m[1minfo     [0m] [1mfetch                         [0m [36mstatus[0m=[35m200[0m [36murl[0m=[35m'https://news.google.com/rss/search?q=SHW+earnings+analysis&hl=en-US&gl=US&ceid=US:en'[0m
[2m2026-04-02T10:03:17.660566Z[0m [[32m[1minfo     [0m] [1mparsed                        [0m [36mchannel[0m=[35mgoogle_broad[0m [36mraw[0m=[35m49[0m
[2m2026-04-02T10:03:17.661470Z[0m [[32m[1minfo     [0m] [1mquality_filter                [0m [36minput[0m=[35m247[0m [36mpassed[0m=[35m2[0m
[2m2026-04-02T10:03:17.661646Z[0m [[32m[1minfo     [0m] [1mdedup                         [0m [36mafter[0m=[35m2[0m [36mbefore[0m=[35m2[0m
[2m2026-04-02T10:03:17.661707Z[0m [[32m[1minfo     [0m] [1mfulltext_selection            [0m [36mcandidates[0m=[35m2[0m [36mfiltered[0m=[35m2[0m [36mmode[0m=[35mhigh-value[0m [36mticker[0m=[35mSHW[0m
[2m2026-04-02T10:03:19.745485Z[0m [[32m[1minfo     [0m] [1mfetch                         [0m [36mstatus[0m=[35m403[0m [36murl[0m=[35mhttps://www.gurufocus.com/news/8766061/sherwinwilliams-shw-citigroup-lowers-price-target-t[0m
[2m2026-04-02T10:03:19.876216Z[0m [[32m[1minfo     [0m] [1mfetch                         [0m [36mstatus[0m=[35m200[0m [36murl[0m=[35mhttps://www.marketbeat.com/instant-alerts/citigroup-has-lowered-expectations-for-sherwin-w[0m
[2m2026-04-02T10:03:20.147170Z[0m [[32m[1minfo     [0m] [1mcrawling                      [0m [36mchannel[0m=[35mGoogle->Benzinga[0m [36mtag[0m=[35mgoogle_benzinga[0m
[2m2026-04-02T10:03:22.645503Z[0m [[32m[1minfo     [0m] [1mfetch                         [0m [36mstatus[0m=[35m200[0m [36murl[0m=[35m'https://news.google.com/rss/search?q=AMT+site:benzinga.com&hl=en-US&gl=US&ceid=US:en'[0m
[2m2026-04-02T10:03:22.683364Z[0m [[32m[1minfo     [0m] [1mparsed                        [0m [36mchannel[0m=[35mgoogle_benzinga[0m [36mraw[0m=[35m64[0m
[2m2026-04-02T10:03:24.698419Z[0m [[32m[1minfo     [0m] [1mfetch                         [0m [36mstatus[0m=[35m200[0m [36murl[0m=[35m'https://news.google.com/rss/search?q=AMT+site:benzinga.com&hl=en-US&gl=US&ceid=US:en'[0m
[2m2026-04-02T10:03:24.714961Z[0m [[32m[1minfo     [0m] [1mparsed                        [0m [36mchannel[0m=[35mgoogle_benzinga[0m [36mraw[0m=[35m64[0m
[2m2026-04-02T10:03:24.715063Z[0m [[32m[1minfo     [0m] [1mcrawling                      [0m [36mchannel[0m=[35m'Google News (all)'[0m [36mtag[0m=[35mgoogle_broad[0m
[2m2026-04-02T10:03:27.330702Z[0m [[32m[1minfo     [0m] [1mfetch                         [0m [36mstatus[0m=[35m200[0m [36murl[0m=[35m'https://news.google.com/rss/search?q=AMT+stock+news&hl=en-US&gl=US&ceid=US:en'[0m
[2m2026-04-02T10:03:27.437934Z[0m [[32m[1minfo     [0m] [1mparsed                        [0m [36mchannel[0m=[35mgoogle_broad[0m [36mraw[0m=[35m100[0m
[2m2026-04-02T10:03:29.963160Z[0m [[32m[1minfo     [0m] [1mfetch                         [0m [36mstatus[0m=[35m200[0m [36murl[0m=[35m'https://news.google.com/rss/search?q=AMT+earnings+analysis&hl=en-US&gl=US&ceid=US:en'[0m
[2m2026-04-02T10:03:30.065612Z[0m [[32m[1minfo     [0m] [1mparsed                        [0m [36mchannel[0m=[35mgoogle_broad[0m [36mraw[0m=[35m70[0m
[2m2026-04-02T10:03:30.066332Z[0m [[32m[1minfo     [0m] [1mquality_filter                [0m [36minput[0m=[35m298[0m [36mpassed[0m=[35m1[0m
[2m2026-04-02T10:03:30.066451Z[0m [[32m[1minfo     [0m] [1mdedup                         [0m [36mafter[0m=[35m1[0m [36mbefore[0m=[35m1[0m
[2m2026-04-02T10:03:30.066496Z[0m [[32m[1minfo     [0m] [1mfulltext_selection            [0m [36mcandidates[0m=[35m1[0m [36mfiltered[0m=[35m1[0m [36mmode[0m=[35mhigh-value[0m [36mticker[0m=[35mAMT[0m
[2m2026-04-02T10:03:32.084680Z[0m [[32m[1minfo     [0m] [1mfetch                         [0m [36mstatus[0m=[35m200[0m [36murl[0m=[35mhttps://www.defenseworld.net/2026/04/02/american-tower-nyseamt-upgraded-at-truist-financia[0m
[2m2026-04-02T10:03:32.297189Z[0m [[32m[1minfo     [0m] [1mcrawling                      [0m [36mchannel[0m=[35mGoogle->Benzinga[0m [36mtag[0m=[35mgoogle_benzinga[0m
[2m2026-04-02T10:03:34.959014Z[0m [[32m[1minfo     [0m] [1mfetch                         [0m [36mstatus[0m=[35m200[0m [36murl[0m=[35m'https://news.google.com/rss/search?q=BX+site:benzinga.com&hl=en-US&gl=US&ceid=US:en'[0m
[2m2026-04-02T10:03:35.069224Z[0m [[32m[1minfo     [0m] [1mparsed                        [0m [36mchannel[0m=[35mgoogle_benzinga[0m [36mraw[0m=[35m100[0m
[2m2026-04-02T10:03:37.089765Z[0m [[32m[1minfo     [0m] [1mfetch                         [0m [36mstatus[0m=[35m200[0m [36murl[0m=[35m'https://news.google.com/rss/search?q=BX+site:benzinga.com&hl=en-US&gl=US&ceid=US:en'[0m
[2m2026-04-02T10:03:37.112030Z[0m [[32m[1minfo     [0m] [1mparsed                        [0m [36mchannel[0m=[35mgoogle_benzinga[0m [36mraw[0m=[35m100[0m
[2m2026-04-02T10:03:37.112139Z[0m [[32m[1minfo     [0m] [1mcrawling                      [0m [36mchannel[0m=[35m'Google News (all)'[0m [36mtag[0m=[35mgoogle_broad[0m
[2m2026-04-02T10:03:39.746539Z[0m [[32m[1minfo     [0m] [1mfetch                         [0m [36mstatus[0m=[35m200[0m [36murl[0m=[35m'https://news.google.com/rss/search?q=BX+stock+news&hl=en-US&gl=US&ceid=US:en'[0m
[2m2026-04-02T10:03:39.857697Z[0m [[32m[1minfo     [0m] [1mparsed                        [0m [36mchannel[0m=[35mgoogle_broad[0m [36mraw[0m=[35m100[0m
[2m2026-04-02T10:03:42.399647Z[0m [[32m[1minfo     [0m] [1mfetch                         [0m [36mstatus[0m=[35m200[0m [36murl[0m=[35m'https://news.google.com/rss/search?q=BX+earnings+analysis&hl=en-US&gl=US&ceid=US:en'[0m
[2m2026-04-02T10:03:42.438477Z[0m [[32m[1minfo     [0m] [1mparsed                        [0m [36mchannel[0m=[35mgoogle_broad[0m [36mraw[0m=[35m56[0m
[2m2026-04-02T10:03:42.439525Z[0m [[32m[1minfo     [0m] [1mquality_filter                [0m [36minput[0m=[35m356[0m [36mpassed[0m=[35m0[0m
[2m2026-04-02T10:03:42.439589Z[0m [[32m[1minfo     [0m] [1mdedup                         [0m [36mafter[0m=[35m0[0m [36mbefore[0m=[35m0[0m
[2m2026-04-02T10:03:42.439622Z[0m [[32m[1minfo     [0m] [1mfulltext_selection            [0m [36mcandidates[0m=[35m0[0m [36mfiltered[0m=[35m0[0m [36mmode[0m=[35mhigh-value[0m [36mticker[0m=[35mBX[0m
[2m2026-04-02T10:03:42.440178Z[0m [[32m[1minfo     [0m] [1mcrawling                      [0m [36mchannel[0m=[35mGoogle->Benzinga[0m [36mtag[0m=[35mgoogle_benzinga[0m
[2m2026-04-02T10:03:44.888461Z[0m [[32m[1minfo     [0m] [1mfetch                         [0m [36mstatus[0m=[35m200[0m [36murl[0m=[35m'https://news.google.com/rss/search?q=JCI+site:benzinga.com&hl=en-US&gl=US&ceid=US:en'[0m
[2m2026-04-02T10:03:44.911259Z[0m [[32m[1minfo     [0m] [1mparsed                        [0m [36mchannel[0m=[35mgoogle_benzinga[0m [36mraw[0m=[35m41[0m
[2m2026-04-02T10:03:46.921084Z[0m [[32m[1minfo     [0m] [1mfetch                         [0m [36mstatus[0m=[35m200[0m [36murl[0m=[35m'https://news.google.com/rss/search?q=JCI+site:benzinga.com&hl=en-US&gl=US&ceid=US:en'[0m
[2m2026-04-02T10:03:46.931442Z[0m [[32m[1minfo     [0m] [1mparsed                        [0m [36mchannel[0m=[35mgoogle_benzinga[0m [36mraw[0m=[35m41[0m
[2m2026-04-02T10:03:46.931535Z[0m [[32m[1minfo     [0m] [1mcrawling                      [0m [36mchannel[0m=[35m'Google News (all)'[0m [36mtag[0m=[35mgoogle_broad[0m
[2m2026-04-02T10:03:49.516859Z[0m [[32m[1minfo     [0m] [1mfetch                         [0m [36mstatus[0m=[35m200[0m [36murl[0m=[35m'https://news.google.com/rss/search?q=JCI+stock+news&hl=en-US&gl=US&ceid=US:en'[0m
[2m2026-04-02T10:03:49.627600Z[0m [[32m[1minfo     [0m] [1mparsed                        [0m [36mchannel[0m=[35mgoogle_broad[0m [36mraw[0m=[35m100[0m
[2m2026-04-02T10:03:52.098432Z[0m [[32m[1minfo     [0m] [1mfetch                         [0m [36mstatus[0m=[35m200[0m [36murl[0m=[35m'https://news.google.com/rss/search?q=JCI+earnings+analysis&hl=en-US&gl=US&ceid=US:en'[0m
[2m2026-04-02T10:03:52.123328Z[0m [[32m[1minfo     [0m] [1mparsed                        [0m [36mchannel[0m=[35mgoogle_broad[0m [36mraw[0m=[35m47[0m
[2m2026-04-02T10:03:52.124156Z[0m [[32m[1minfo     [0m] [1mquality_filter                [0m [36minput[0m=[35m229[0m [36mpassed[0m=[35m2[0m
[2m2026-04-02T10:03:52.124345Z[0m [[32m[1minfo     [0m] [1mdedup                         [0m [36mafter[0m=[35m2[0m [36mbefore[0m=[35m2[0m
[2m2026-04-02T10:03:52.124411Z[0m [[32m[1minfo     [0m] [1mfulltext_selection            [0m [36mcandidates[0m=[35m0[0m [36mfiltered[0m=[35m2[0m [36mmode[0m=[35mhigh-value[0m [36mticker[0m=[35mJCI[0m
[2m2026-04-02T10:03:52.125296Z[0m [[32m[1minfo     [0m] [1mcrawling                      [0m [36mchannel[0m=[35mGoogle->Benzinga[0m [36mtag[0m=[35mgoogle_benzinga[0m
[2m2026-04-02T10:03:55.038062Z[0m [[32m[1minfo     [0m] [1mfetch                         [0m [36mstatus[0m=[35m200[0m [36murl[0m=[35m'https://news.google.com/rss/search?q=MMM+site:benzinga.com&hl=en-US&gl=US&ceid=US:en'[0m
[2m2026-04-02T10:03:55.050437Z[0m [[32m[1minfo     [0m] [1mparsed                        [0m [36mchannel[0m=[35mgoogle_benzinga[0m [36mraw[0m=[35m33[0m
[2m2026-04-02T10:03:57.069239Z[0m [[32m[1minfo     [0m] [1mfetch                         [0m [36mstatus[0m=[35m200[0m [36murl[0m=[35m'https://news.google.com/rss/search?q=MMM+site:benzinga.com&hl=en-US&gl=US&ceid=US:en'[0m
[2m2026-04-02T10:03:57.079665Z[0m [[32m[1minfo     [0m] [1mparsed                        [0m [36mchannel[0m=[35mgoogle_benzinga[0m [36mraw[0m=[35m33[0m
[2m2026-04-02T10:03:57.079763Z[0m [[32m[1minfo     [0m] [1mcrawling                      [0m [36mchannel[0m=[35m'Google News (all)'[0m [36mtag[0m=[35mgoogle_broad[0m
[2m2026-04-02T10:03:59.659933Z[0m [[32m[1minfo     [0m] [1mfetch                         [0m [36mstatus[0m=[35m200[0m [36murl[0m=[35m'https://news.google.com/rss/search?q=MMM+stock+news&hl=en-US&gl=US&ceid=US:en'[0m
[2m2026-04-02T10:03:59.764650Z[0m [[32m[1minfo     [0m] [1mparsed                        [0m [36mchannel[0m=[35mgoogle_broad[0m [36mraw[0m=[35m100[0m
[2m2026-04-02T10:04:02.297789Z[0m [[32m[1minfo     [0m] [1mfetch                         [0m [36mstatus[0m=[35m200[0m [36murl[0m=[35m'https://news.google.com/rss/search?q=MMM+earnings+analysis&hl=en-US&gl=US&ceid=US:en'[0m
[2m2026-04-02T10:04:02.313157Z[0m [[32m[1minfo     [0m] [1mparsed                        [0m [36mchannel[0m=[35mgoogle_broad[0m [36mraw[0m=[35m46[0m
[2m2026-04-02T10:04:02.313936Z[0m [[32m[1minfo     [0m] [1mquality_filter                [0m [36minput[0m=[35m212[0m [36mpassed[0m=[35m4[0m
[2m2026-04-02T10:04:02.314197Z[0m [[32m[1minfo     [0m] [1mdedup                         [0m [36mafter[0m=[35m4[0m [36mbefore[0m=[35m4[0m
[2m2026-04-02T10:04:02.314260Z[0m [[32m[1minfo     [0m] [1mfulltext_selection            [0m [36mcandidates[0m=[35m4[0m [36mfiltered[0m=[35m4[0m [36mmode[0m=[35mhigh-value[0m [36mticker[0m=[35mMMM[0m
[2m2026-04-02T10:04:04.314893Z[0m [[32m[1minfo     [0m] [1mfetch                         [0m [36mstatus[0m=[35m403[0m [36murl[0m=[35mhttps://www.gurufocus.com/news/8765558/3m-mmm-wells-fargo-maintains-rating-but-lowers-pric[0m
[2m2026-04-02T10:04:04.321947Z[0m [[32m[1minfo     [0m] [1mfetch                         [0m [36mstatus[0m=[35m403[0m [36murl[0m=[35mhttps://www.gurufocus.com/news/8765793/3m-mmm-analyst-rating-update-barclays-lowers-price-[0m
[2m2026-04-02T10:04:04.381686Z[0m [[32m[1minfo     [0m] [1mfetch                         [0m [36mstatus[0m=[35m200[0m [36murl[0m=[35mhttps://www.marketbeat.com/instant-alerts/wells-fargo-company-issues-pessimistic-forecast-[0m
[2m2026-04-02T10:04:04.695202Z[0m [[32m[1minfo     [0m] [1mfetch                         [0m [36mstatus[0m=[35m200[0m [36murl[0m=[35mhttps://www.marketbeat.com/instant-alerts/jefferies-financial-group-issues-pessimistic-for[0m
[2m2026-04-02T10:04:04.952845Z[0m [[32m[1minfo     [0m] [1mcrawling                      [0m [36mchannel[0m=[35mGoogle->Benzinga[0m [36mtag[0m=[35mgoogle_benzinga[0m
[2m2026-04-02T10:04:07.399841Z[0m [[32m[1minfo     [0m] [1mfetch                         [0m [36mstatus[0m=[35m200[0m [36murl[0m=[35m'https://news.google.com/rss/search?q=ECL+site:benzinga.com&hl=en-US&gl=US&ceid=US:en'[0m
[2m2026-04-02T10:04:07.411680Z[0m [[32m[1minfo     [0m] [1mparsed                        [0m [36mchannel[0m=[35mgoogle_benzinga[0m [36mraw[0m=[35m24[0m
[2m2026-04-02T10:04:09.419799Z[0m [[32m[1minfo     [0m] [1mfetch                         [0m [36mstatus[0m=[35m200[0m [36murl[0m=[35m'https://news.google.com/rss/search?q=ECL+site:benzinga.com&hl=en-US&gl=US&ceid=US:en'[0m
[2m2026-04-02T10:04:09.425935Z[0m [[32m[1minfo     [0m] [1mparsed                        [0m [36mchannel[0m=[35mgoogle_benzinga[0m [36mraw[0m=[35m24[0m
[2m2026-04-02T10:04:09.426018Z[0m [[32m[1minfo     [0m] [1mcrawling                      [0m [36mchannel[0m=[35m'Google News (all)'[0m [36mtag[0m=[35mgoogle_broad[0m
[2m2026-04-02T10:04:11.911795Z[0m [[32m[1minfo     [0m] [1mfetch                         [0m [36mstatus[0m=[35m200[0m [36murl[0m=[35m'https://news.google.com/rss/search?q=ECL+stock+news&hl=en-US&gl=US&ceid=US:en'[0m
[2m2026-04-02T10:04:12.004797Z[0m [[32m[1minfo     [0m] [1mparsed                        [0m [36mchannel[0m=[35mgoogle_broad[0m [36mraw[0m=[35m74[0m
[2m2026-04-02T10:04:14.451907Z[0m [[32m[1minfo     [0m] [1mfetch                         [0m [36mstatus[0m=[35m200[0m [36murl[0m=[35m'https://news.google.com/rss/search?q=ECL+earnings+analysis&hl=en-US&gl=US&ceid=US:en'[0m
[2m2026-04-02T10:04:14.477566Z[0m [[32m[1minfo     [0m] [1mparsed                        [0m [36mchannel[0m=[35mgoogle_broad[0m [36mraw[0m=[35m51[0m
[2m2026-04-02T10:04:14.478107Z[0m [[32m[1minfo     [0m] [1mquality_filter                [0m [36minput[0m=[35m173[0m [36mpassed[0m=[35m0[0m
[2m2026-04-02T10:04:14.478167Z[0m [[32m[1minfo     [0m] [1mdedup                         [0m [36mafter[0m=[35m0[0m [36mbefore[0m=[35m0[0m
[2m2026-04-02T10:04:14.478199Z[0m [[32m[1minfo     [0m] [1mfulltext_selection            [0m [36mcandidates[0m=[35m0[0m [36mfiltered[0m=[35m0[0m [36mmode[0m=[35mhigh-value[0m [36mticker[0m=[35mECL[0m
[2m2026-04-02T10:04:14.478810Z[0m [[32m[1minfo     [0m] [1mcrawling                      [0m [36mchannel[0m=[35mGoogle->Benzinga[0m [36mtag[0m=[35mgoogle_benzinga[0m
[2m2026-04-02T10:04:17.027475Z[0m [[32m[1minfo     [0m] [1mfetch                         [0m [36mstatus[0m=[35m200[0m [36murl[0m=[35m'https://news.google.com/rss/search?q=ADP+site:benzinga.com&hl=en-US&gl=US&ceid=US:en'[0m
[2m2026-04-02T10:04:17.138826Z[0m [[32m[1minfo     [0m] [1mparsed                        [0m [36mchannel[0m=[35mgoogle_benzinga[0m [36mraw[0m=[35m100[0m
[2m2026-04-02T10:04:19.152601Z[0m [[32m[1minfo     [0m] [1mfetch                         [0m [36mstatus[0m=[35m200[0m [36murl[0m=[35m'https://news.google.com/rss/search?q=ADP+site:benzinga.com&hl=en-US&gl=US&ceid=US:en'[0m
[2m2026-04-02T10:04:19.177949Z[0m [[32m[1minfo     [0m] [1mparsed                        [0m [36mchannel[0m=[35mgoogle_benzinga[0m [36mraw[0m=[35m100[0m
[2m2026-04-02T10:04:19.178059Z[0m [[32m[1minfo     [0m] [1mcrawling                      [0m [36mchannel[0m=[35m'Google News (all)'[0m [36mtag[0m=[35mgoogle_broad[0m
[2m2026-04-02T10:04:21.829966Z[0m [[32m[1minfo     [0m] [1mfetch                         [0m [36mstatus[0m=[35m200[0m [36murl[0m=[35m'https://news.google.com/rss/search?q=ADP+stock+news&hl=en-US&gl=US&ceid=US:en'[0m
[2m2026-04-02T10:04:21.935897Z[0m [[32m[1minfo     [0m] [1mparsed                        [0m [36mchannel[0m=[35mgoogle_broad[0m [36mraw[0m=[35m100[0m
[2m2026-04-02T10:04:24.413106Z[0m [[32m[1minfo     [0m] [1mfetch                         [0m [36mstatus[0m=[35m200[0m [36murl[0m=[35m'https://news.google.com/rss/search?q=ADP+earnings+analysis&hl=en-US&gl=US&ceid=US:en'[0m
[2m2026-04-02T10:04:24.445725Z[0m [[32m[1minfo     [0m] [1mparsed                        [0m [36mchannel[0m=[35mgoogle_broad[0m [36mraw[0m=[35m62[0m
[2m2026-04-02T10:04:24.446762Z[0m [[32m[1minfo     [0m] [1mquality_filter                [0m [36minput[0m=[35m362[0m [36mpassed[0m=[35m3[0m
[2m2026-04-02T10:04:24.446976Z[0m [[32m[1minfo     [0m] [1mdedup                         [0m [36mafter[0m=[35m3[0m [36mbefore[0m=[35m3[0m
[2m2026-04-02T10:04:24.447043Z[0m [[32m[1minfo     [0m] [1mfulltext_selection            [0m [36mcandidates[0m=[35m1[0m [36mfiltered[0m=[35m3[0m [36mmode[0m=[35mhigh-value[0m [36mticker[0m=[35mADP[0m
[2m2026-04-02T10:04:28.706867Z[0m [[32m[1minfo     [0m] [1mfetch                         [0m [36mstatus[0m=[35m200[0m [36murl[0m=[35mhttps://www.equiti.com/jo-en/news/market-news/us-retail-sales-manufacturing-pmi-and-adp-be[0m
[2m2026-04-02T10:04:30.009425Z[0m [[32m[1minfo     [0m] [1mcrawling                      [0m [36mchannel[0m=[35mGoogle->Benzinga[0m [36mtag[0m=[35mgoogle_benzinga[0m
[2m2026-04-02T10:04:32.572784Z[0m [[32m[1minfo     [0m] [1mfetch                         [0m [36mstatus[0m=[35m200[0m [36murl[0m=[35m'https://news.google.com/rss/search?q=PNC+site:benzinga.com&hl=en-US&gl=US&ceid=US:en'[0m
[2m2026-04-02T10:04:32.673010Z[0m [[32m[1minfo     [0m] [1mparsed                        [0m [36mchannel[0m=[35mgoogle_benzinga[0m [36mraw[0m=[35m93[0m
[2m2026-04-02T10:04:34.694886Z[0m [[32m[1minfo     [0m] [1mfetch                         [0m [36mstatus[0m=[35m200[0m [36murl[0m=[35m'https://news.google.com/rss/search?q=PNC+site:benzinga.com&hl=en-US&gl=US&ceid=US:en'[0m
[2m2026-04-02T10:04:34.715991Z[0m [[32m[1minfo     [0m] [1mparsed                        [0m [36mchannel[0m=[35mgoogle_benzinga[0m [36mraw[0m=[35m93[0m
[2m2026-04-02T10:04:34.716098Z[0m [[32m[1minfo     [0m] [1mcrawling                      [0m [36mchannel[0m=[35m'Google News (all)'[0m [36mtag[0m=[35mgoogle_broad[0m
[2m2026-04-02T10:04:37.270194Z[0m [[32m[1minfo     [0m] [1mfetch                         [0m [36mstatus[0m=[35m200[0m [36murl[0m=[35m'https://news.google.com/rss/search?q=PNC+stock+news&hl=en-US&gl=US&ceid=US:en'[0m
[2m2026-04-02T10:04:37.377299Z[0m [[32m[1minfo     [0m] [1mparsed                        [0m [36mchannel[0m=[35mgoogle_broad[0m [36mraw[0m=[35m100[0m
[2m2026-04-02T10:04:39.879554Z[0m [[32m[1minfo     [0m] [1mfetch                         [0m [36mstatus[0m=[35m200[0m [36murl[0m=[35m'https://news.google.com/rss/search?q=PNC+earnings+analysis&hl=en-US&gl=US&ceid=US:en'[0m
[2m2026-04-02T10:04:39.913485Z[0m [[32m[1minfo     [0m] [1mparsed                        [0m [36mchannel[0m=[35mgoogle_broad[0m [36mraw[0m=[35m64[0m
[2m2026-04-02T10:04:39.914453Z[0m [[32m[1minfo     [0m] [1mquality_filter                [0m [36minput[0m=[35m350[0m [36mpassed[0m=[35m3[0m
[2m2026-04-02T10:04:39.914716Z[0m [[32m[1minfo     [0m] [1mdedup                         [0m [36mafter[0m=[35m3[0m [36mbefore[0m=[35m3[0m
[2m2026-04-02T10:04:39.914787Z[0m [[32m[1minfo     [0m] [1mfulltext_selection            [0m [36mcandidates[0m=[35m3[0m [36mfiltered[0m=[35m3[0m [36mmode[0m=[35mhigh-value[0m [36mticker[0m=[35mPNC[0m
[2m2026-04-02T10:04:42.409508Z[0m [[32m[1minfo     [0m] [1mfetch                         [0m [36mstatus[0m=[35m200[0m [36murl[0m=[35mhttps://www.marketwatch.com/data-news/pnc-financial-services-group-inc-stock-underperforms[0m
[2m2026-04-02T10:04:42.430172Z[0m [[32m[1minfo     [0m] [1mfetch                         [0m [36mstatus[0m=[35m200[0m [36murl[0m=[35mhttps://www.tikr.com/blog/pnc-financial-is-up-43-from-its-52-week-low-why-the-rally-has-mo[0m
[2m2026-04-02T10:04:42.505430Z[0m [[31m[1merror    [0m] [1mfetch_error                   [0m [36merror[0m=[35m"400, message='Got more than 8190 bytes (8800) when reading Header value is too l"[0m [36murl[0m=[35mhttps://finance.yahoo.com/markets/stocks/articles/pnc-financial-servic[0m
[2m2026-04-02T10:04:42.716274Z[0m [[32m[1minfo     [0m] [1mcrawling                      [0m [36mchannel[0m=[35mGoogle->Benzinga[0m [36mtag[0m=[35mgoogle_benzinga[0m
[2m2026-04-02T10:04:45.300427Z[0m [[32m[1minfo     [0m] [1mfetch                         [0m [36mstatus[0m=[35m200[0m [36murl[0m=[35m'https://news.google.com/rss/search?q=USB+site:benzinga.com&hl=en-US&gl=US&ceid=US:en'[0m
[2m2026-04-02T10:04:45.392446Z[0m [[32m[1minfo     [0m] [1mparsed                        [0m [36mchannel[0m=[35mgoogle_benzinga[0m [36mraw[0m=[35m84[0m
[2m2026-04-02T10:04:47.401329Z[0m [[32m[1minfo     [0m] [1mfetch                         [0m [36mstatus[0m=[35m200[0m [36murl[0m=[35m'https://news.google.com/rss/search?q=USB+site:benzinga.com&hl=en-US&gl=US&ceid=US:en'[0m
[2m2026-04-02T10:04:47.421535Z[0m [[32m[1minfo     [0m] [1mparsed                        [0m [36mchannel[0m=[35mgoogle_benzinga[0m [36mraw[0m=[35m84[0m
[2m2026-04-02T10:04:47.421638Z[0m [[32m[1minfo     [0m] [1mcrawling                      [0m [36mchannel[0m=[35m'Google News (all)'[0m [36mtag[0m=[35mgoogle_broad[0m
[2m2026-04-02T10:04:49.976084Z[0m [[32m[1minfo     [0m] [1mfetch                         [0m [36mstatus[0m=[35m200[0m [36murl[0m=[35m'https://news.google.com/rss/search?q=USB+stock+news&hl=en-US&gl=US&ceid=US:en'[0m
[2m2026-04-02T10:04:50.069572Z[0m [[32m[1minfo     [0m] [1mparsed                        [0m [36mchannel[0m=[35mgoogle_broad[0m [36mraw[0m=[35m82[0m
[2m2026-04-02T10:04:52.523763Z[0m [[32m[1minfo     [0m] [1mfetch                         [0m [36mstatus[0m=[35m200[0m [36murl[0m=[35m'https://news.google.com/rss/search?q=USB+earnings+analysis&hl=en-US&gl=US&ceid=US:en'[0m
[2m2026-04-02T10:04:52.550609Z[0m [[32m[1minfo     [0m] [1mparsed                        [0m [36mchannel[0m=[35mgoogle_broad[0m [36mraw[0m=[35m57[0m
[2m2026-04-02T10:04:52.551400Z[0m [[32m[1minfo     [0m] [1mquality_filter                [0m [36minput[0m=[35m307[0m [36mpassed[0m=[35m0[0m
[2m2026-04-02T10:04:52.551465Z[0m [[32m[1minfo     [0m] [1mdedup                         [0m [36mafter[0m=[35m0[0m [36mbefore[0m=[35m0[0m
[2m2026-04-02T10:04:52.551498Z[0m [[32m[1minfo     [0m] [1mfulltext_selection            [0m [36mcandidates[0m=[35m0[0m [36mfiltered[0m=[35m0[0m [36mmode[0m=[35mhigh-value[0m [36mticker[0m=[35mUSB[0m
[2m2026-04-02T10:04:52.552084Z[0m [[32m[1minfo     [0m] [1mcrawling                      [0m [36mchannel[0m=[35mGoogle->Benzinga[0m [36mtag[0m=[35mgoogle_benzinga[0m
[2m2026-04-02T10:04:55.457839Z[0m [[32m[1minfo     [0m] [1mfetch                         [0m [36mstatus[0m=[35m200[0m [36murl[0m=[35m'https://news.google.com/rss/search?q=EMR+site:benzinga.com&hl=en-US&gl=US&ceid=US:en'[0m
[2m2026-04-02T10:04:55.470629Z[0m [[32m[1minfo     [0m] [1mparsed                        [0m [36mchannel[0m=[35mgoogle_benzinga[0m [36mraw[0m=[35m23[0m
[2m2026-04-02T10:04:57.499449Z[0m [[32m[1minfo     [0m] [1mfetch                         [0m [36mstatus[0m=[35m200[0m [36murl[0m=[35m'https://news.google.com/rss/search?q=EMR+site:benzinga.com&hl=en-US&gl=US&ceid=US:en'[0m
[2m2026-04-02T10:04:57.506098Z[0m [[32m[1minfo     [0m] [1mparsed                        [0m [36mchannel[0m=[35mgoogle_benzinga[0m [36mraw[0m=[35m23[0m
[2m2026-04-02T10:04:57.506186Z[0m [[32m[1minfo     [0m] [1mcrawling                      [0m [36mchannel[0m=[35m'Google News (all)'[0m [36mtag[0m=[35mgoogle_broad[0m
[2m2026-04-02T10:04:59.977973Z[0m [[32m[1minfo     [0m] [1mfetch                         [0m [36mstatus[0m=[35m200[0m [36murl[0m=[35m'https://news.google.com/rss/search?q=EMR+stock+news&hl=en-US&gl=US&ceid=US:en'[0m
[2m2026-04-02T10:05:00.066651Z[0m [[32m[1minfo     [0m] [1mparsed                        [0m [36mchannel[0m=[35mgoogle_broad[0m [36mraw[0m=[35m69[0m
[2m2026-04-02T10:05:02.544495Z[0m [[32m[1minfo     [0m] [1mfetch                         [0m [36mstatus[0m=[35m200[0m [36murl[0m=[35m'https://news.google.com/rss/search?q=EMR+earnings+analysis&hl=en-US&gl=US&ceid=US:en'[0m
[2m2026-04-02T10:05:02.578075Z[0m [[32m[1minfo     [0m] [1mparsed                        [0m [36mchannel[0m=[35mgoogle_broad[0m [36mraw[0m=[35m54[0m
[2m2026-04-02T10:05:02.578720Z[0m [[32m[1minfo     [0m] [1mquality_filter                [0m [36minput[0m=[35m169[0m [36mpassed[0m=[35m2[0m
[2m2026-04-02T10:05:02.578871Z[0m [[32m[1minfo     [0m] [1mdedup                         [0m [36mafter[0m=[35m2[0m [36mbefore[0m=[35m2[0m
[2m2026-04-02T10:05:02.578918Z[0m [[32m[1minfo     [0m] [1mfulltext_selection            [0m [36mcandidates[0m=[35m2[0m [36mfiltered[0m=[35m2[0m [36mmode[0m=[35mhigh-value[0m [36mticker[0m=[35mEMR[0m
[2m2026-04-02T10:05:04.082670Z[0m [[32m[1minfo     [0m] [1mfetch                         [0m [36mstatus[0m=[35m403[0m [36murl[0m=[35mhttps://www.gurufocus.com/news/8765566/emr-wells-fargo-lowers-price-target-amidst-maintain[0m
[2m2026-04-02T10:05:04.661072Z[0m [[32m[1minfo     [0m] [1mfetch                         [0m [36mstatus[0m=[35m403[0m [36murl[0m=[35mhttps://www.gurufocus.com/news/8765737/emerson-electric-emr-sees-price-target-lowered-by-b[0m
[2m2026-04-02T10:05:04.862725Z[0m [[32m[1minfo     [0m] [1mcrawling                      [0m [36mchannel[0m=[35mGoogle->Benzinga[0m [36mtag[0m=[35mgoogle_benzinga[0m
[2m2026-04-02T10:05:07.296104Z[0m [[32m[1minfo     [0m] [1mfetch                         [0m [36mstatus[0m=[35m200[0m [36murl[0m=[35m'https://news.google.com/rss/search?q=ITW+site:benzinga.com&hl=en-US&gl=US&ceid=US:en'[0m
[2m2026-04-02T10:05:07.301076Z[0m [[32m[1minfo     [0m] [1mparsed                        [0m [36mchannel[0m=[35mgoogle_benzinga[0m [36mraw[0m=[35m13[0m
[2m2026-04-02T10:05:09.312768Z[0m [[32m[1minfo     [0m] [1mfetch                         [0m [36mstatus[0m=[35m200[0m [36murl[0m=[35m'https://news.google.com/rss/search?q=ITW+site:benzinga.com&hl=en-US&gl=US&ceid=US:en'[0m
[2m2026-04-02T10:05:09.317318Z[0m [[32m[1minfo     [0m] [1mparsed                        [0m [36mchannel[0m=[35mgoogle_benzinga[0m [36mraw[0m=[35m13[0m
[2m2026-04-02T10:05:09.317403Z[0m [[32m[1minfo     [0m] [1mcrawling                      [0m [36mchannel[0m=[35m'Google News (all)'[0m [36mtag[0m=[35mgoogle_broad[0m
[2m2026-04-02T10:05:11.833978Z[0m [[32m[1minfo     [0m] [1mfetch                         [0m [36mstatus[0m=[35m200[0m [36murl[0m=[35m'https://news.google.com/rss/search?q=ITW+stock+news&hl=en-US&gl=US&ceid=US:en'[0m
[2m2026-04-02T10:05:11.930417Z[0m [[32m[1minfo     [0m] [1mparsed                        [0m [36mchannel[0m=[35mgoogle_broad[0m [36mraw[0m=[35m93[0m
[2m2026-04-02T10:05:14.442937Z[0m [[32m[1minfo     [0m] [1mfetch                         [0m [36mstatus[0m=[35m200[0m [36murl[0m=[35m'https://news.google.com/rss/search?q=ITW+earnings+analysis&hl=en-US&gl=US&ceid=US:en'[0m
[2m2026-04-02T10:05:14.459613Z[0m [[32m[1minfo     [0m] [1mparsed                        [0m [36mchannel[0m=[35mgoogle_broad[0m [36mraw[0m=[35m46[0m
[2m2026-04-02T10:05:14.460446Z[0m [[32m[1minfo     [0m] [1mquality_filter                [0m [36minput[0m=[35m165[0m [36mpassed[0m=[35m4[0m
[2m2026-04-02T10:05:14.460713Z[0m [[32m[1minfo     [0m] [1mdedup                         [0m [36mafter[0m=[35m4[0m [36mbefore[0m=[35m4[0m
[2m2026-04-02T10:05:14.460772Z[0m [[32m[1minfo     [0m] [1mfulltext_selection            [0m [36mcandidates[0m=[35m4[0m [36mfiltered[0m=[35m4[0m [36mmode[0m=[35mhigh-value[0m [36mticker[0m=[35mITW[0m
[2m2026-04-02T10:05:15.851006Z[0m [[32m[1minfo     [0m] [1mfetch                         [0m [36mstatus[0m=[35m403[0m [36murl[0m=[35mhttps://www.gurufocus.com/news/8765744/itw-barclays-lowers-price-target-to-250-while-maint[0m
[2m2026-04-02T10:05:16.333115Z[0m [[32m[1minfo     [0m] [1mfetch                         [0m [36mstatus[0m=[35m403[0m [36murl[0m=[35mhttps://www.gurufocus.com/news/8765622/itw-wells-fargo-lowers-price-target-to-245-maintain[0m
[2m2026-04-02T10:05:16.724906Z[0m [[32m[1minfo     [0m] [1mfetch                         [0m [36mstatus[0m=[35m200[0m [36murl[0m=[35mhttps://www.marketbeat.com/instant-alerts/barclays-issues-pessimistic-forecast-for-illinoi[0m
[2m2026-04-02T10:05:17.019444Z[0m [[32m[1minfo     [0m] [1mfetch                         [0m [36mstatus[0m=[35m200[0m [36murl[0m=[35mhttps://www.marketbeat.com/instant-alerts/wells-fargo-company-lowers-illinois-tool-works-n[0m
[2m2026-04-02T10:05:17.620109Z[0m [[32m[1minfo     [0m] [1mcrawling                      [0m [36mchannel[0m=[35mGoogle->Benzinga[0m [36mtag[0m=[35mgoogle_benzinga[0m
[2m2026-04-02T10:05:20.539337Z[0m [[32m[1minfo     [0m] [1mfetch                         [0m [36mstatus[0m=[35m200[0m [36murl[0m=[35m'https://news.google.com/rss/search?q=MNST+site:benzinga.com&hl=en-US&gl=US&ceid=US:en'[0m
[2m2026-04-02T10:05:20.546978Z[0m [[32m[1minfo     [0m] [1mparsed                        [0m [36mchannel[0m=[35mgoogle_benzinga[0m [36mraw[0m=[35m31[0m
[2m2026-04-02T10:05:22.553025Z[0m [[32m[1minfo     [0m] [1mfetch                         [0m [36mstatus[0m=[35m200[0m [36murl[0m=[35m'https://news.google.com/rss/search?q=MNST+site:benzinga.com&hl=en-US&gl=US&ceid=US:en'[0m
[2m2026-04-02T10:05:22.561391Z[0m [[32m[1minfo     [0m] [1mparsed                        [0m [36mchannel[0m=[35mgoogle_benzinga[0m [36mraw[0m=[35m31[0m
[2m2026-04-02T10:05:22.561471Z[0m [[32m[1minfo     [0m] [1mcrawling                      [0m [36mchannel[0m=[35m'Google News (all)'[0m [36mtag[0m=[35mgoogle_broad[0m
[2m2026-04-02T10:05:25.060597Z[0m [[32m[1minfo     [0m] [1mfetch                         [0m [36mstatus[0m=[35m200[0m [36murl[0m=[35m'https://news.google.com/rss/search?q=MNST+stock+news&hl=en-US&gl=US&ceid=US:en'[0m
[2m2026-04-02T10:05:25.164586Z[0m [[32m[1minfo     [0m] [1mparsed                        [0m [36mchannel[0m=[35mgoogle_broad[0m [36mraw[0m=[35m97[0m
[2m2026-04-02T10:05:27.543320Z[0m [[32m[1minfo     [0m] [1mfetch                         [0m [36mstatus[0m=[35m200[0m [36murl[0m=[35m'https://news.google.com/rss/search?q=MNST+earnings+analysis&hl=en-US&gl=US&ceid=US:en'[0m
[2m2026-04-02T10:05:27.559024Z[0m [[32m[1minfo     [0m] [1mparsed                        [0m [36mchannel[0m=[35mgoogle_broad[0m [36mraw[0m=[35m41[0m
[2m2026-04-02T10:05:27.559569Z[0m [[32m[1minfo     [0m] [1mquality_filter                [0m [36minput[0m=[35m200[0m [36mpassed[0m=[35m0[0m
[2m2026-04-02T10:05:27.559630Z[0m [[32m[1minfo     [0m] [1mdedup                         [0m [36mafter[0m=[35m0[0m [36mbefore[0m=[35m0[0m
[2m2026-04-02T10:05:27.559663Z[0m [[32m[1minfo     [0m] [1mfulltext_selection            [0m [36mcandidates[0m=[35m0[0m [36mfiltered[0m=[35m0[0m [36mmode[0m=[35mhigh-value[0m [36mticker[0m=[35mMNST[0m
[2m2026-04-02T10:05:27.560426Z[0m [[32m[1minfo     [0m] [1mcrawling                      [0m [36mchannel[0m=[35mGoogle->Benzinga[0m [36mtag[0m=[35mgoogle_benzinga[0m
[2m2026-04-02T10:05:29.979626Z[0m [[32m[1minfo     [0m] [1mfetch                         [0m [36mstatus[0m=[35m200[0m [36murl[0m=[35m'https://news.google.com/rss/search?q=CRH+site:benzinga.com&hl=en-US&gl=US&ceid=US:en'[0m
[2m2026-04-02T10:05:29.985751Z[0m [[32m[1minfo     [0m] [1mparsed                        [0m [36mchannel[0m=[35mgoogle_benzinga[0m [36mraw[0m=[35m20[0m
[2m2026-04-02T10:05:32.013648Z[0m [[32m[1minfo     [0m] [1mfetch                         [0m [36mstatus[0m=[35m200[0m [36murl[0m=[35m'https://news.google.com/rss/search?q=CRH+site:benzinga.com&hl=en-US&gl=US&ceid=US:en'[0m
[2m2026-04-02T10:05:32.019108Z[0m [[32m[1minfo     [0m] [1mparsed                        [0m [36mchannel[0m=[35mgoogle_benzinga[0m [36mraw[0m=[35m20[0m
[2m2026-04-02T10:05:32.019197Z[0m [[32m[1minfo     [0m] [1mcrawling                      [0m [36mchannel[0m=[35m'Google News (all)'[0m [36mtag[0m=[35mgoogle_broad[0m
[2m2026-04-02T10:05:34.632281Z[0m [[32m[1minfo     [0m] [1mfetch                         [0m [36mstatus[0m=[35m200[0m [36murl[0m=[35m'https://news.google.com/rss/search?q=CRH+stock+news&hl=en-US&gl=US&ceid=US:en'[0m
[2m2026-04-02T10:05:34.742641Z[0m [[32m[1minfo     [0m] [1mparsed                        [0m [36mchannel[0m=[35mgoogle_broad[0m [36mraw[0m=[35m100[0m
[2m2026-04-02T10:05:37.176531Z[0m [[32m[1minfo     [0m] [1mfetch                         [0m [36mstatus[0m=[35m200[0m [36murl[0m=[35m'https://news.google.com/rss/search?q=CRH+earnings+analysis&hl=en-US&gl=US&ceid=US:en'[0m
[2m2026-04-02T10:05:37.192047Z[0m [[32m[1minfo     [0m] [1mparsed                        [0m [36mchannel[0m=[35mgoogle_broad[0m [36mraw[0m=[35m37[0m
[2m2026-04-02T10:05:37.192746Z[0m [[32m[1minfo     [0m] [1mquality_filter                [0m [36minput[0m=[35m177[0m [36mpassed[0m=[35m3[0m
[2m2026-04-02T10:05:37.192958Z[0m [[32m[1minfo     [0m] [1mdedup                         [0m [36mafter[0m=[35m3[0m [36mbefore[0m=[35m3[0m
[2m2026-04-02T10:05:37.193014Z[0m [[32m[1minfo     [0m] [1mfulltext_selection            [0m [36mcandidates[0m=[35m2[0m [36mfiltered[0m=[35m3[0m [36mmode[0m=[35mhigh-value[0m [36mticker[0m=[35mCRH[0m
[2m2026-04-02T10:05:39.176313Z[0m [[32m[1minfo     [0m] [1mfetch                         [0m [36mstatus[0m=[35m403[0m [36murl[0m=[35mhttps://www.tipranks.com/news/company-announcements/crh-continues-u-s-share-buyback-as-par[0m
[2m2026-04-02T10:05:39.317489Z[0m [[31m[1merror    [0m] [1mfetch_error                   [0m [36merror[0m=[35m"400, message='Got more than 8190 bytes (8800) when reading Header value is too l"[0m [36murl[0m=[35mhttps://finance.yahoo.com/markets/stocks/articles/crh-crh-outpaces-sto[0m
[2m2026-04-02T10:05:39.520484Z[0m [[32m[1minfo     [0m] [1mcrawling                      [0m [36mchannel[0m=[35mGoogle->Benzinga[0m [36mtag[0m=[35mgoogle_benzinga[0m
[2m2026-04-02T10:05:41.983612Z[0m [[32m[1minfo     [0m] [1mfetch                         [0m [36mstatus[0m=[35m200[0m [36murl[0m=[35m'https://news.google.com/rss/search?q=CL+colgate-palmolive+site:benzinga.com&hl=en-US&gl=US'[0m
[2m2026-04-02T10:05:41.995141Z[0m [[32m[1minfo     [0m] [1mparsed                        [0m [36mchannel[0m=[35mgoogle_benzinga[0m [36mraw[0m=[35m24[0m
[2m2026-04-02T10:05:44.336527Z[0m [[32m[1minfo     [0m] [1mfetch                         [0m [36mstatus[0m=[35m200[0m [36murl[0m=[35m'https://news.google.com/rss/search?q=colgate-palmolive+site:benzinga.com&hl=en-US&gl=US&ce'[0m
[2m2026-04-02T10:05:44.366534Z[0m [[32m[1minfo     [0m] [1mparsed                        [0m [36mchannel[0m=[35mgoogle_benzinga[0m [36mraw[0m=[35m51[0m
[2m2026-04-02T10:05:44.366669Z[0m [[32m[1minfo     [0m] [1mcrawling                      [0m [36mchannel[0m=[35m'Google News (all)'[0m [36mtag[0m=[35mgoogle_broad[0m
[2m2026-04-02T10:05:46.999114Z[0m [[32m[1minfo     [0m] [1mfetch                         [0m [36mstatus[0m=[35m200[0m [36murl[0m=[35m'https://news.google.com/rss/search?q=CL+colgate-palmolive+stock+news&hl=en-US&gl=US&ceid=U'[0m
[2m2026-04-02T10:05:47.113442Z[0m [[32m[1minfo     [0m] [1mparsed                        [0m [36mchannel[0m=[35mgoogle_broad[0m [36mraw[0m=[35m100[0m
[2m2026-04-02T10:05:49.601459Z[0m [[32m[1minfo     [0m] [1mfetch                         [0m [36mstatus[0m=[35m200[0m [36murl[0m=[35m'https://news.google.com/rss/search?q=CL+colgate-palmolive+earnings+analysis&hl=en-US&gl=US'[0m
[2m2026-04-02T10:05:49.629655Z[0m [[32m[1minfo     [0m] [1mparsed                        [0m [36mchannel[0m=[35mgoogle_broad[0m [36mraw[0m=[35m49[0m
[2m2026-04-02T10:05:49.631414Z[0m [[32m[1minfo     [0m] [1mquality_filter                [0m [36minput[0m=[35m224[0m [36mpassed[0m=[35m4[0m
[2m2026-04-02T10:05:49.631798Z[0m [[32m[1minfo     [0m] [1mdedup                         [0m [36mafter[0m=[35m4[0m [36mbefore[0m=[35m4[0m
[2m2026-04-02T10:05:49.631895Z[0m [[32m[1minfo     [0m] [1mfulltext_selection            [0m [36mcandidates[0m=[35m3[0m [36mfiltered[0m=[35m4[0m [36mmode[0m=[35mhigh-value[0m [36mticker[0m=[35mCL[0m
[2m2026-04-02T10:05:51.758329Z[0m [[32m[1minfo     [0m] [1mfetch                         [0m [36mstatus[0m=[35m200[0m [36murl[0m=[35mhttps://www.insidermonkey.com/blog/deutsche-bank-upgrades-colgate-palmolive-company-cl-to-[0m
[2m2026-04-02T10:05:51.807144Z[0m [[32m[1minfo     [0m] [1mfetch                         [0m [36mstatus[0m=[35m200[0m [36murl[0m=[35mhttps://www.msn.com/en-us/money/markets/retirement-dividend-stocks-to-watch-the-case-for-c[0m
[2m2026-04-02T10:05:52.864697Z[0m [[32m[1minfo     [0m] [1mfetch                         [0m [36mstatus[0m=[35m200[0m [36murl[0m=[35mhttps://www.marketbeat.com/instant-alerts/filing-colgate-palmolive-company-cl-shares-bough[0m
[2m2026-04-02T10:05:53.483716Z[0m [[32m[1minfo     [0m] [1mcrawling                      [0m [36mchannel[0m=[35mGoogle->Benzinga[0m [36mtag[0m=[35mgoogle_benzinga[0m
[2m2026-04-02T10:05:55.928390Z[0m [[32m[1minfo     [0m] [1mfetch                         [0m [36mstatus[0m=[35m200[0m [36murl[0m=[35m'https://news.google.com/rss/search?q=ORLY+site:benzinga.com&hl=en-US&gl=US&ceid=US:en'[0m
[2m2026-04-02T10:05:55.936605Z[0m [[32m[1minfo     [0m] [1mparsed                        [0m [36mchannel[0m=[35mgoogle_benzinga[0m [36mraw[0m=[35m24[0m
[2m2026-04-02T10:05:57.952582Z[0m [[32m[1minfo     [0m] [1mfetch                         [0m [36mstatus[0m=[35m200[0m [36murl[0m=[35m'https://news.google.com/rss/search?q=ORLY+site:benzinga.com&hl=en-US&gl=US&ceid=US:en'[0m
[2m2026-04-02T10:05:57.960571Z[0m [[32m[1minfo     [0m] [1mparsed                        [0m [36mchannel[0m=[35mgoogle_benzinga[0m [36mraw[0m=[35m24[0m
[2m2026-04-02T10:05:57.960673Z[0m [[32m[1minfo     [0m] [1mcrawling                      [0m [36mchannel[0m=[35m'Google News (all)'[0m [36mtag[0m=[35mgoogle_broad[0m
[2m2026-04-02T10:06:00.642884Z[0m [[32m[1minfo     [0m] [1mfetch                         [0m [36mstatus[0m=[35m200[0m [36murl[0m=[35m'https://news.google.com/rss/search?q=ORLY+stock+news&hl=en-US&gl=US&ceid=US:en'[0m
[2m2026-04-02T10:06:00.734146Z[0m [[32m[1minfo     [0m] [1mparsed                        [0m [36mchannel[0m=[35mgoogle_broad[0m [36mraw[0m=[35m73[0m
[2m2026-04-02T10:06:03.175213Z[0m [[32m[1minfo     [0m] [1mfetch                         [0m [36mstatus[0m=[35m200[0m [36murl[0m=[35m'https://news.google.com/rss/search?q=ORLY+earnings+analysis&hl=en-US&gl=US&ceid=US:en'[0m
[2m2026-04-02T10:06:03.196484Z[0m [[32m[1minfo     [0m] [1mparsed                        [0m [36mchannel[0m=[35mgoogle_broad[0m [36mraw[0m=[35m37[0m
[2m2026-04-02T10:06:03.197076Z[0m [[32m[1minfo     [0m] [1mquality_filter                [0m [36minput[0m=[35m158[0m [36mpassed[0m=[35m1[0m
[2m2026-04-02T10:06:03.197187Z[0m [[32m[1minfo     [0m] [1mdedup                         [0m [36mafter[0m=[35m1[0m [36mbefore[0m=[35m1[0m
[2m2026-04-02T10:06:03.197231Z[0m [[32m[1minfo     [0m] [1mfulltext_selection            [0m [36mcandidates[0m=[35m0[0m [36mfiltered[0m=[35m1[0m [36mmode[0m=[35mhigh-value[0m [36mticker[0m=[35mORLY[0m
[2m2026-04-02T10:06:03.197810Z[0m [[32m[1minfo     [0m] [1mcrawling                      [0m [36mchannel[0m=[35mGoogle->Benzinga[0m [36mtag[0m=[35mgoogle_benzinga[0m
[2m2026-04-02T10:06:05.682640Z[0m [[32m[1minfo     [0m] [1mfetch                         [0m [36mstatus[0m=[35m200[0m [36murl[0m=[35m'https://news.google.com/rss/search?q=MDLZ+site:benzinga.com&hl=en-US&gl=US&ceid=US:en'[0m
[2m2026-04-02T10:06:05.702851Z[0m [[32m[1minfo     [0m] [1mparsed                        [0m [36mchannel[0m=[35mgoogle_benzinga[0m [36mraw[0m=[35m48[0m
[2m2026-04-02T10:06:07.713854Z[0m [[32m[1minfo     [0m] [1mfetch                         [0m [36mstatus[0m=[35m200[0m [36murl[0m=[35m'https://news.google.com/rss/search?q=MDLZ+site:benzinga.com&hl=en-US&gl=US&ceid=US:en'[0m
[2m2026-04-02T10:06:07.730902Z[0m [[32m[1minfo     [0m] [1mparsed                        [0m [36mchannel[0m=[35mgoogle_benzinga[0m [36mraw[0m=[35m48[0m
[2m2026-04-02T10:06:07.731017Z[0m [[32m[1minfo     [0m] [1mcrawling                      [0m [36mchannel[0m=[35m'Google News (all)'[0m [36mtag[0m=[35mgoogle_broad[0m
[2m2026-04-02T10:06:10.249690Z[0m [[32m[1minfo     [0m] [1mfetch                         [0m [36mstatus[0m=[35m200[0m [36murl[0m=[35m'https://news.google.com/rss/search?q=MDLZ+stock+news&hl=en-US&gl=US&ceid=US:en'[0m
[2m2026-04-02T10:06:10.346921Z[0m [[32m[1minfo     [0m] [1mparsed                        [0m [36mchannel[0m=[35mgoogle_broad[0m [36mraw[0m=[35m95[0m
[2m2026-04-02T10:06:12.882679Z[0m [[32m[1minfo     [0m] [1mfetch                         [0m [36mstatus[0m=[35m200[0m [36murl[0m=[35m'https://news.google.com/rss/search?q=MDLZ+earnings+analysis&hl=en-US&gl=US&ceid=US:en'[0m
[2m2026-04-02T10:06:12.912425Z[0m [[32m[1minfo     [0m] [1mparsed                        [0m [36mchannel[0m=[35mgoogle_broad[0m [36mraw[0m=[35m48[0m
[2m2026-04-02T10:06:12.913018Z[0m [[32m[1minfo     [0m] [1mquality_filter                [0m [36minput[0m=[35m239[0m [36mpassed[0m=[35m0[0m
[2m2026-04-02T10:06:12.913101Z[0m [[32m[1minfo     [0m] [1mdedup                         [0m [36mafter[0m=[35m0[0m [36mbefore[0m=[35m0[0m
[2m2026-04-02T10:06:12.913150Z[0m [[32m[1minfo     [0m] [1mfulltext_selection            [0m [36mcandidates[0m=[35m0[0m [36mfiltered[0m=[35m0[0m [36mmode[0m=[35mhigh-value[0m [36mticker[0m=[35mMDLZ[0m
[2m2026-04-02T10:06:12.914128Z[0m [[32m[1minfo     [0m] [1mcrawling                      [0m [36mchannel[0m=[35mGoogle->Benzinga[0m [36mtag[0m=[35mgoogle_benzinga[0m
[2m2026-04-02T10:06:15.426396Z[0m [[32m[1minfo     [0m] [1mfetch                         [0m [36mstatus[0m=[35m200[0m [36murl[0m=[35m'https://news.google.com/rss/search?q=CI+the+cigna+group+site:benzinga.com&hl=en-US&gl=US&c'[0m
[2m2026-04-02T10:06:15.444151Z[0m [[32m[1minfo     [0m] [1mparsed                        [0m [36mchannel[0m=[35mgoogle_benzinga[0m [36mraw[0m=[35m34[0m
[2m2026-04-02T10:06:17.933430Z[0m [[32m[1minfo     [0m] [1mfetch                         [0m [36mstatus[0m=[35m200[0m [36murl[0m=[35m'https://news.google.com/rss/search?q=the+cigna+group+site:benzinga.com&hl=en-US&gl=US&ceid'[0m
[2m2026-04-02T10:06:17.968028Z[0m [[32m[1minfo     [0m] [1mparsed                        [0m [36mchannel[0m=[35mgoogle_benzinga[0m [36mraw[0m=[35m57[0m
[2m2026-04-02T10:06:17.968170Z[0m [[32m[1minfo     [0m] [1mcrawling                      [0m [36mchannel[0m=[35m'Google News (all)'[0m [36mtag[0m=[35mgoogle_broad[0m
[2m2026-04-02T10:06:20.541512Z[0m [[32m[1minfo     [0m] [1mfetch                         [0m [36mstatus[0m=[35m200[0m [36murl[0m=[35m'https://news.google.com/rss/search?q=CI+the+cigna+group+stock+news&hl=en-US&gl=US&ceid=US:'[0m
[2m2026-04-02T10:06:20.653985Z[0m [[32m[1minfo     [0m] [1mparsed                        [0m [36mchannel[0m=[35mgoogle_broad[0m [36mraw[0m=[35m100[0m
[2m2026-04-02T10:06:23.128231Z[0m [[32m[1minfo     [0m] [1mfetch                         [0m [36mstatus[0m=[35m200[0m [36murl[0m=[35m'https://news.google.com/rss/search?q=CI+the+cigna+group+earnings+analysis&hl=en-US&gl=US&c'[0m
[2m2026-04-02T10:06:23.155127Z[0m [[32m[1minfo     [0m] [1mparsed                        [0m [36mchannel[0m=[35mgoogle_broad[0m [36mraw[0m=[35m47[0m
[2m2026-04-02T10:06:23.156625Z[0m [[32m[1minfo     [0m] [1mquality_filter                [0m [36minput[0m=[35m238[0m [36mpassed[0m=[35m8[0m
[2m2026-04-02T10:06:23.157222Z[0m [[32m[1minfo     [0m] [1mdedup                         [0m [36mafter[0m=[35m7[0m [36mbefore[0m=[35m8[0m
[2m2026-04-02T10:06:23.157347Z[0m [[32m[1minfo     [0m] [1mfulltext_selection            [0m [36mcandidates[0m=[35m6[0m [36mfiltered[0m=[35m7[0m [36mmode[0m=[35mhigh-value[0m [36mticker[0m=[35mCI[0m
[2m2026-04-02T10:06:24.855877Z[0m [[32m[1minfo     [0m] [1mfetch                         [0m [36mstatus[0m=[35m200[0m [36murl[0m=[35mhttps://www.marketwatch.com/data-news/cigna-group-stock-underperforms-tuesday-when-compare[0m
[2m2026-04-02T10:06:25.375689Z[0m [[32m[1minfo     [0m] [1mfetch                         [0m [36mstatus[0m=[35m200[0m [36murl[0m=[35mhttps://www.marketbeat.com/instant-alerts/filing-cigna-group-ci-shares-bought-by-nisa-inve[0m
[2m2026-04-02T10:06:25.698082Z[0m [[32m[1minfo     [0m] [1mfetch                         [0m [36mstatus[0m=[35m200[0m [36murl[0m=[35mhttps://www.marketbeat.com/instant-alerts/filing-meyer-handelman-co-lowers-stock-position-[0m
[2m2026-04-02T10:06:25.794572Z[0m [[31m[1merror    [0m] [1mfetch_error                   [0m [36merror[0m=[35m"400, message='Got more than 8190 bytes (8800) when reading Header value is too l"[0m [36murl[0m=[35mhttps://finance.yahoo.com/sectors/healthcare/articles/cigna-ceo-shift-[0m
[2m2026-04-02T10:06:25.846227Z[0m [[31m[1merror    [0m] [1mfetch_error                   [0m [36merror[0m=[35m"400, message='Got more than 8190 bytes (8800) when reading Header value is too l"[0m [36murl[0m=[35mhttps://finance.yahoo.com/sectors/healthcare/articles/bernstein-bullis[0m
[2m2026-04-02T10:06:26.057821Z[0m [[32m[1minfo     [0m] [1mfetch                         [0m [36mstatus[0m=[35m200[0m [36murl[0m=[35mhttps://www.stocktitan.net/news/CI/the-cigna-group-s-first-quarter-2026-earnings-release-s[0m
[2m2026-04-02T10:06:26.278522Z[0m [[32m[1minfo     [0m] [1mcrawling                      [0m [36mchannel[0m=[35mGoogle->Benzinga[0m [36mtag[0m=[35mgoogle_benzinga[0m
[2m2026-04-02T10:06:28.751600Z[0m [[32m[1minfo     [0m] [1mfetch                         [0m [36mstatus[0m=[35m200[0m [36murl[0m=[35m'https://news.google.com/rss/search?q=TDG+site:benzinga.com&hl=en-US&gl=US&ceid=US:en'[0m
[2m2026-04-02T10:06:28.758965Z[0m [[32m[1minfo     [0m] [1mparsed                        [0m [36mchannel[0m=[35mgoogle_benzinga[0m [36mraw[0m=[35m21[0m
[2m2026-04-02T10:06:30.776275Z[0m [[32m[1minfo     [0m] [1mfetch                         [0m [36mstatus[0m=[35m200[0m [36murl[0m=[35m'https://news.google.com/rss/search?q=TDG+site:benzinga.com&hl=en-US&gl=US&ceid=US:en'[0m
[2m2026-04-02T10:06:30.783234Z[0m [[32m[1minfo     [0m] [1mparsed                        [0m [36mchannel[0m=[35mgoogle_benzinga[0m [36mraw[0m=[35m21[0m
[2m2026-04-02T10:06:30.783322Z[0m [[32m[1minfo     [0m] [1mcrawling                      [0m [36mchannel[0m=[35m'Google News (all)'[0m [36mtag[0m=[35mgoogle_broad[0m
[2m2026-04-02T10:06:33.330180Z[0m [[32m[1minfo     [0m] [1mfetch                         [0m [36mstatus[0m=[35m200[0m [36murl[0m=[35m'https://news.google.com/rss/search?q=TDG+stock+news&hl=en-US&gl=US&ceid=US:en'[0m
[2m2026-04-02T10:06:33.427160Z[0m [[32m[1minfo     [0m] [1mparsed                        [0m [36mchannel[0m=[35mgoogle_broad[0m [36mraw[0m=[35m79[0m
[2m2026-04-02T10:06:35.862664Z[0m [[32m[1minfo     [0m] [1mfetch                         [0m [36mstatus[0m=[35m200[0m [36murl[0m=[35m'https://news.google.com/rss/search?q=TDG+earnings+analysis&hl=en-US&gl=US&ceid=US:en'[0m
[2m2026-04-02T10:06:35.883726Z[0m [[32m[1minfo     [0m] [1mparsed                        [0m [36mchannel[0m=[35mgoogle_broad[0m [36mraw[0m=[35m44[0m
[2m2026-04-02T10:06:35.884539Z[0m [[32m[1minfo     [0m] [1mquality_filter                [0m [36minput[0m=[35m165[0m [36mpassed[0m=[35m1[0m
[2m2026-04-02T10:06:35.884725Z[0m [[32m[1minfo     [0m] [1mdedup                         [0m [36mafter[0m=[35m1[0m [36mbefore[0m=[35m1[0m
[2m2026-04-02T10:06:35.884793Z[0m [[32m[1minfo     [0m] [1mfulltext_selection            [0m [36mcandidates[0m=[35m1[0m [36mfiltered[0m=[35m1[0m [36mmode[0m=[35mhigh-value[0m [36mticker[0m=[35mTDG[0m
[2m2026-04-02T10:06:37.898499Z[0m [[32m[1minfo     [0m] [1mfetch                         [0m [36mstatus[0m=[35m403[0m [36murl[0m=[35mhttps://www.gurufocus.com/news/8765364/transdigm-group-tdg-wells-fargo-initiates-coverage-[0m
[2m2026-04-02T10:06:38.103242Z[0m [[32m[1minfo     [0m] [1mcrawling                      [0m [36mchannel[0m=[35mGoogle->Benzinga[0m [36mtag[0m=[35mgoogle_benzinga[0m
[2m2026-04-02T10:06:40.608834Z[0m [[32m[1minfo     [0m] [1mfetch                         [0m [36mstatus[0m=[35m200[0m [36murl[0m=[35m'https://news.google.com/rss/search?q=COR+site:benzinga.com&hl=en-US&gl=US&ceid=US:en'[0m
[2m2026-04-02T10:06:40.627531Z[0m [[32m[1minfo     [0m] [1mparsed                        [0m [36mchannel[0m=[35mgoogle_benzinga[0m [36mraw[0m=[35m44[0m
[2m2026-04-02T10:06:42.648554Z[0m [[32m[1minfo     [0m] [1mfetch                         [0m [36mstatus[0m=[35m200[0m [36murl[0m=[35m'https://news.google.com/rss/search?q=COR+site:benzinga.com&hl=en-US&gl=US&ceid=US:en'[0m
[2m2026-04-02T10:06:42.660241Z[0m [[32m[1minfo     [0m] [1mparsed                        [0m [36mchannel[0m=[35mgoogle_benzinga[0m [36mraw[0m=[35m44[0m
[2m2026-04-02T10:06:42.660333Z[0m [[32m[1minfo     [0m] [1mcrawling                      [0m [36mchannel[0m=[35m'Google News (all)'[0m [36mtag[0m=[35mgoogle_broad[0m
[2m2026-04-02T10:06:45.189251Z[0m [[32m[1minfo     [0m] [1mfetch                         [0m [36mstatus[0m=[35m200[0m [36murl[0m=[35m'https://news.google.com/rss/search?q=COR+stock+news&hl=en-US&gl=US&ceid=US:en'[0m
[2m2026-04-02T10:06:45.285840Z[0m [[32m[1minfo     [0m] [1mparsed                        [0m [36mchannel[0m=[35mgoogle_broad[0m [36mraw[0m=[35m77[0m
[2m2026-04-02T10:06:47.839814Z[0m [[32m[1minfo     [0m] [1mfetch                         [0m [36mstatus[0m=[35m200[0m [36murl[0m=[35m'https://news.google.com/rss/search?q=COR+earnings+analysis&hl=en-US&gl=US&ceid=US:en'[0m
[2m2026-04-02T10:06:47.934878Z[0m [[32m[1minfo     [0m] [1mparsed                        [0m [36mchannel[0m=[35mgoogle_broad[0m [36mraw[0m=[35m74[0m
[2m2026-04-02T10:06:47.935432Z[0m [[32m[1minfo     [0m] [1mquality_filter                [0m [36minput[0m=[35m239[0m [36mpassed[0m=[35m0[0m
[2m2026-04-02T10:06:47.935491Z[0m [[32m[1minfo     [0m] [1mdedup                         [0m [36mafter[0m=[35m0[0m [36mbefore[0m=[35m0[0m
[2m2026-04-02T10:06:47.935523Z[0m [[32m[1minfo     [0m] [1mfulltext_selection            [0m [36mcandidates[0m=[35m0[0m [36mfiltered[0m=[35m0[0m [36mmode[0m=[35mhigh-value[0m [36mticker[0m=[35mCOR[0m
[2m2026-04-02T10:06:47.936097Z[0m [[32m[1minfo     [0m] [1mcrawling                      [0m [36mchannel[0m=[35mGoogle->Benzinga[0m [36mtag[0m=[35mgoogle_benzinga[0m
[2m2026-04-02T10:06:50.410026Z[0m [[32m[1minfo     [0m] [1mfetch                         [0m [36mstatus[0m=[35m200[0m [36murl[0m=[35m'https://news.google.com/rss/search?q=AON+site:benzinga.com&hl=en-US&gl=US&ceid=US:en'[0m
[2m2026-04-02T10:06:50.446159Z[0m [[32m[1minfo     [0m] [1mparsed                        [0m [36mchannel[0m=[35mgoogle_benzinga[0m [36mraw[0m=[35m58[0m
[2m2026-04-02T10:06:52.459135Z[0m [[32m[1minfo     [0m] [1mfetch                         [0m [36mstatus[0m=[35m200[0m [36murl[0m=[35m'https://news.google.com/rss/search?q=AON+site:benzinga.com&hl=en-US&gl=US&ceid=US:en'[0m
[2m2026-04-02T10:06:52.475855Z[0m [[32m[1minfo     [0m] [1mparsed                        [0m [36mchannel[0m=[35mgoogle_benzinga[0m [36mraw[0m=[35m58[0m
[2m2026-04-02T10:06:52.475978Z[0m [[32m[1minfo     [0m] [1mcrawling                      [0m [36mchannel[0m=[35m'Google News (all)'[0m [36mtag[0m=[35mgoogle_broad[0m
[2m2026-04-02T10:06:54.990535Z[0m [[32m[1minfo     [0m] [1mfetch                         [0m [36mstatus[0m=[35m200[0m [36murl[0m=[35m'https://news.google.com/rss/search?q=AON+stock+news&hl=en-US&gl=US&ceid=US:en'[0m
[2m2026-04-02T10:06:55.102058Z[0m [[32m[1minfo     [0m] [1mparsed                        [0m [36mchannel[0m=[35mgoogle_broad[0m [36mraw[0m=[35m91[0m
[2m2026-04-02T10:06:57.614349Z[0m [[32m[1minfo     [0m] [1mfetch                         [0m [36mstatus[0m=[35m200[0m [36murl[0m=[35m'https://news.google.com/rss/search?q=AON+earnings+analysis&hl=en-US&gl=US&ceid=US:en'[0m
[2m2026-04-02T10:06:57.650958Z[0m [[32m[1minfo     [0m] [1mparsed                        [0m [36mchannel[0m=[35mgoogle_broad[0m [36mraw[0m=[35m58[0m
[2m2026-04-02T10:06:57.651810Z[0m [[32m[1minfo     [0m] [1mquality_filter                [0m [36minput[0m=[35m265[0m [36mpassed[0m=[35m2[0m
[2m2026-04-02T10:06:57.652031Z[0m [[32m[1minfo     [0m] [1mdedup                         [0m [36mafter[0m=[35m1[0m [36mbefore[0m=[35m2[0m
[2m2026-04-02T10:06:57.652089Z[0m [[32m[1minfo     [0m] [1mfulltext_selection            [0m [36mcandidates[0m=[35m1[0m [36mfiltered[0m=[35m1[0m [36mmode[0m=[35mhigh-value[0m [36mticker[0m=[35mAON[0m
[2m2026-04-02T10:06:59.961388Z[0m [[32m[1minfo     [0m] [1mfetch                         [0m [36mstatus[0m=[35m200[0m [36murl[0m=[35mhttps://www.tradingview.com/news/zacks:56bd76c41094b:0-aon-scales-ai-compensation-data-to-[0m
[2m2026-04-02T10:07:00.173841Z[0m [[32m[1minfo     [0m] [1mcrawling                      [0m [36mchannel[0m=[35mGoogle->Benzinga[0m [36mtag[0m=[35mgoogle_benzinga[0m
[2m2026-04-02T10:07:02.919642Z[0m [[32m[1minfo     [0m] [1mfetch                         [0m [36mstatus[0m=[35m200[0m [36murl[0m=[35m'https://news.google.com/rss/search?q=GM+site:benzinga.com&hl=en-US&gl=US&ceid=US:en'[0m
[2m2026-04-02T10:07:03.039574Z[0m [[32m[1minfo     [0m] [1mparsed                        [0m [36mchannel[0m=[35mgoogle_benzinga[0m [36mraw[0m=[35m100[0m
[2m2026-04-02T10:07:05.072119Z[0m [[32m[1minfo     [0m] [1mfetch                         [0m [36mstatus[0m=[35m200[0m [36murl[0m=[35m'https://news.google.com/rss/search?q=GM+site:benzinga.com&hl=en-US&gl=US&ceid=US:en'[0m
[2m2026-04-02T10:07:05.097703Z[0m [[32m[1minfo     [0m] [1mparsed                        [0m [36mchannel[0m=[35mgoogle_benzinga[0m [36mraw[0m=[35m100[0m
[2m2026-04-02T10:07:05.097806Z[0m [[32m[1minfo     [0m] [1mcrawling                      [0m [36mchannel[0m=[35m'Google News (all)'[0m [36mtag[0m=[35mgoogle_broad[0m
[2m2026-04-02T10:07:07.614827Z[0m [[32m[1minfo     [0m] [1mfetch                         [0m [36mstatus[0m=[35m200[0m [36murl[0m=[35m'https://news.google.com/rss/search?q=GM+stock+news&hl=en-US&gl=US&ceid=US:en'[0m
[2m2026-04-02T10:07:07.720688Z[0m [[32m[1minfo     [0m] [1mparsed                        [0m [36mchannel[0m=[35mgoogle_broad[0m [36mraw[0m=[35m100[0m
[2m2026-04-02T10:07:10.333649Z[0m [[32m[1minfo     [0m] [1mfetch                         [0m [36mstatus[0m=[35m200[0m [36murl[0m=[35m'https://news.google.com/rss/search?q=GM+earnings+analysis&hl=en-US&gl=US&ceid=US:en'[0m
[2m2026-04-02T10:07:10.455792Z[0m [[32m[1minfo     [0m] [1mparsed                        [0m [36mchannel[0m=[35mgoogle_broad[0m [36mraw[0m=[35m100[0m
[2m2026-04-02T10:07:10.456669Z[0m [[32m[1minfo     [0m] [1mquality_filter                [0m [36minput[0m=[35m400[0m [36mpassed[0m=[35m1[0m
[2m2026-04-02T10:07:10.456790Z[0m [[32m[1minfo     [0m] [1mdedup                         [0m [36mafter[0m=[35m1[0m [36mbefore[0m=[35m1[0m
[2m2026-04-02T10:07:10.456836Z[0m [[32m[1minfo     [0m] [1mfulltext_selection            [0m [36mcandidates[0m=[35m0[0m [36mfiltered[0m=[35m1[0m [36mmode[0m=[35mhigh-value[0m [36mticker[0m=[35mGM[0m
[2m2026-04-02T10:07:10.457688Z[0m [[32m[1minfo     [0m] [1mcrawling                      [0m [36mchannel[0m=[35mGoogle->Benzinga[0m [36mtag[0m=[35mgoogle_benzinga[0m
[2m2026-04-02T10:07:12.904977Z[0m [[32m[1minfo     [0m] [1mfetch                         [0m [36mstatus[0m=[35m200[0m [36murl[0m=[35m'https://news.google.com/rss/search?q=ELV+site:benzinga.com&hl=en-US&gl=US&ceid=US:en'[0m
[2m2026-04-02T10:07:12.915822Z[0m [[32m[1minfo     [0m] [1mparsed                        [0m [36mchannel[0m=[35mgoogle_benzinga[0m [36mraw[0m=[35m35[0m
[2m2026-04-02T10:07:14.936573Z[0m [[32m[1minfo     [0m] [1mfetch                         [0m [36mstatus[0m=[35m200[0m [36murl[0m=[35m'https://news.google.com/rss/search?q=ELV+site:benzinga.com&hl=en-US&gl=US&ceid=US:en'[0m
[2m2026-04-02T10:07:14.950971Z[0m [[32m[1minfo     [0m] [1mparsed                        [0m [36mchannel[0m=[35mgoogle_benzinga[0m [36mraw[0m=[35m35[0m
[2m2026-04-02T10:07:14.951068Z[0m [[32m[1minfo     [0m] [1mcrawling                      [0m [36mchannel[0m=[35m'Google News (all)'[0m [36mtag[0m=[35mgoogle_broad[0m
[2m2026-04-02T10:07:17.473449Z[0m [[32m[1minfo     [0m] [1mfetch                         [0m [36mstatus[0m=[35m200[0m [36murl[0m=[35m'https://news.google.com/rss/search?q=ELV+stock+news&hl=en-US&gl=US&ceid=US:en'[0m
[2m2026-04-02T10:07:17.579863Z[0m [[32m[1minfo     [0m] [1mparsed                        [0m [36mchannel[0m=[35mgoogle_broad[0m [36mraw[0m=[35m100[0m
[2m2026-04-02T10:07:20.124433Z[0m [[32m[1minfo     [0m] [1mfetch                         [0m [36mstatus[0m=[35m200[0m [36murl[0m=[35m'https://news.google.com/rss/search?q=ELV+earnings+analysis&hl=en-US&gl=US&ceid=US:en'[0m
[2m2026-04-02T10:07:20.215612Z[0m [[32m[1minfo     [0m] [1mparsed                        [0m [36mchannel[0m=[35mgoogle_broad[0m [36mraw[0m=[35m67[0m
[2m2026-04-02T10:07:20.216352Z[0m [[32m[1minfo     [0m] [1mquality_filter                [0m [36minput[0m=[35m237[0m [36mpassed[0m=[35m0[0m
[2m2026-04-02T10:07:20.216434Z[0m [[32m[1minfo     [0m] [1mdedup                         [0m [36mafter[0m=[35m0[0m [36mbefore[0m=[35m0[0m
[2m2026-04-02T10:07:20.216475Z[0m [[32m[1minfo     [0m] [1mfulltext_selection            [0m [36mcandidates[0m=[35m0[0m [36mfiltered[0m=[35m0[0m [36mmode[0m=[35mhigh-value[0m [36mticker[0m=[35mELV[0m
[2m2026-04-02T10:07:20.217476Z[0m [[32m[1minfo     [0m] [1mcrawling                      [0m [36mchannel[0m=[35mGoogle->Benzinga[0m [36mtag[0m=[35mgoogle_benzinga[0m
[2m2026-04-02T10:07:22.860257Z[0m [[32m[1minfo     [0m] [1mfetch                         [0m [36mstatus[0m=[35m200[0m [36murl[0m=[35m'https://news.google.com/rss/search?q=WBD+site:benzinga.com&hl=en-US&gl=US&ceid=US:en'[0m
[2m2026-04-02T10:07:22.986226Z[0m [[32m[1minfo     [0m] [1mparsed                        [0m [36mchannel[0m=[35mgoogle_benzinga[0m [36mraw[0m=[35m100[0m
[2m2026-04-02T10:07:25.006381Z[0m [[32m[1minfo     [0m] [1mfetch                         [0m [36mstatus[0m=[35m200[0m [36murl[0m=[35m'https://news.google.com/rss/search?q=WBD+site:benzinga.com&hl=en-US&gl=US&ceid=US:en'[0m
[2m2026-04-02T10:07:25.036542Z[0m [[32m[1minfo     [0m] [1mparsed                        [0m [36mchannel[0m=[35mgoogle_benzinga[0m [36mraw[0m=[35m100[0m
[2m2026-04-02T10:07:25.036660Z[0m [[32m[1minfo     [0m] [1mcrawling                      [0m [36mchannel[0m=[35m'Google News (all)'[0m [36mtag[0m=[35mgoogle_broad[0m
[2m2026-04-02T10:07:27.740486Z[0m [[32m[1minfo     [0m] [1mfetch                         [0m [36mstatus[0m=[35m200[0m [36murl[0m=[35m'https://news.google.com/rss/search?q=WBD+stock+news&hl=en-US&gl=US&ceid=US:en'[0m
[2m2026-04-02T10:07:27.851359Z[0m [[32m[1minfo     [0m] [1mparsed                        [0m [36mchannel[0m=[35mgoogle_broad[0m [36mraw[0m=[35m100[0m
[2m2026-04-02T10:07:30.323086Z[0m [[32m[1minfo     [0m] [1mfetch                         [0m [36mstatus[0m=[35m200[0m [36murl[0m=[35m'https://news.google.com/rss/search?q=WBD+earnings+analysis&hl=en-US&gl=US&ceid=US:en'[0m
[2m2026-04-02T10:07:30.414304Z[0m [[32m[1minfo     [0m] [1mparsed                        [0m [36mchannel[0m=[35mgoogle_broad[0m [36mraw[0m=[35m66[0m
[2m2026-04-02T10:07:30.415395Z[0m [[32m[1minfo     [0m] [1mquality_filter                [0m [36minput[0m=[35m366[0m [36mpassed[0m=[35m1[0m
[2m2026-04-02T10:07:30.415600Z[0m [[32m[1minfo     [0m] [1mdedup                         [0m [36mafter[0m=[35m1[0m [36mbefore[0m=[35m1[0m
[2m2026-04-02T10:07:30.415671Z[0m [[32m[1minfo     [0m] [1mfulltext_selection            [0m [36mcandidates[0m=[35m1[0m [36mfiltered[0m=[35m1[0m [36mmode[0m=[35mhigh-value[0m [36mticker[0m=[35mWBD[0m
[2m2026-04-02T10:07:32.182599Z[0m [[32m[1minfo     [0m] [1mfetch                         [0m [36mstatus[0m=[35m200[0m [36murl[0m=[35mhttps://www.marketbeat.com/instant-alerts/filing-warner-bros-discovery-inc-wbd-shares-purc[0m
[2m2026-04-02T10:07:32.444330Z[0m [[32m[1minfo     [0m] [1mcrawling                      [0m [36mchannel[0m=[35mGoogle->Benzinga[0m [36mtag[0m=[35mgoogle_benzinga[0m
[2m2026-04-02T10:07:34.990027Z[0m [[32m[1minfo     [0m] [1mfetch                         [0m [36mstatus[0m=[35m200[0m [36murl[0m=[35m'https://news.google.com/rss/search?q=TEL+site:benzinga.com&hl=en-US&gl=US&ceid=US:en'[0m
[2m2026-04-02T10:07:35.089683Z[0m [[32m[1minfo     [0m] [1mparsed                        [0m [36mchannel[0m=[35mgoogle_benzinga[0m [36mraw[0m=[35m96[0m
[2m2026-04-02T10:07:37.098146Z[0m [[32m[1minfo     [0m] [1mfetch                         [0m [36mstatus[0m=[35m200[0m [36murl[0m=[35m'https://news.google.com/rss/search?q=TEL+site:benzinga.com&hl=en-US&gl=US&ceid=US:en'[0m
[2m2026-04-02T10:07:37.132559Z[0m [[32m[1minfo     [0m] [1mparsed                        [0m [36mchannel[0m=[35mgoogle_benzinga[0m [36mraw[0m=[35m96[0m
[2m2026-04-02T10:07:37.132675Z[0m [[32m[1minfo     [0m] [1mcrawling                      [0m [36mchannel[0m=[35m'Google News (all)'[0m [36mtag[0m=[35mgoogle_broad[0m
[2m2026-04-02T10:07:39.629290Z[0m [[32m[1minfo     [0m] [1mfetch                         [0m [36mstatus[0m=[35m200[0m [36murl[0m=[35m'https://news.google.com/rss/search?q=TEL+stock+news&hl=en-US&gl=US&ceid=US:en'[0m
[2m2026-04-02T10:07:39.657232Z[0m [[32m[1minfo     [0m] [1mparsed                        [0m [36mchannel[0m=[35mgoogle_broad[0m [36mraw[0m=[35m79[0m
[2m2026-04-02T10:07:42.224166Z[0m [[32m[1minfo     [0m] [1mfetch                         [0m [36mstatus[0m=[35m200[0m [36murl[0m=[35m'https://news.google.com/rss/search?q=TEL+earnings+analysis&hl=en-US&gl=US&ceid=US:en'[0m
[2m2026-04-02T10:07:42.260522Z[0m [[32m[1minfo     [0m] [1mparsed                        [0m [36mchannel[0m=[35mgoogle_broad[0m [36mraw[0m=[35m64[0m
[2m2026-04-02T10:07:42.261316Z[0m [[32m[1minfo     [0m] [1mquality_filter                [0m [36minput[0m=[35m335[0m [36mpassed[0m=[35m2[0m
[2m2026-04-02T10:07:42.261466Z[0m [[32m[1minfo     [0m] [1mdedup                         [0m [36mafter[0m=[35m2[0m [36mbefore[0m=[35m2[0m
[2m2026-04-02T10:07:42.261522Z[0m [[32m[1minfo     [0m] [1mfulltext_selection            [0m [36mcandidates[0m=[35m1[0m [36mfiltered[0m=[35m2[0m [36mmode[0m=[35mhigh-value[0m [36mticker[0m=[35mTEL[0m
[2m2026-04-02T10:07:44.845588Z[0m [[32m[1minfo     [0m] [1mfetch                         [0m [36mstatus[0m=[35m200[0m [36murl[0m=[35mhttps://intellectia.ai/en/stock/TEL.N/earnings[0m
[2m2026-04-02T10:07:45.460769Z[0m [[32m[1minfo     [0m] [1mcrawling                      [0m [36mchannel[0m=[35mGoogle->Benzinga[0m [36mtag[0m=[35mgoogle_benzinga[0m
[2m2026-04-02T10:07:47.945997Z[0m [[32m[1minfo     [0m] [1mfetch                         [0m [36mstatus[0m=[35m200[0m [36murl[0m=[35m'https://news.google.com/rss/search?q=TRV+site:benzinga.com&hl=en-US&gl=US&ceid=US:en'[0m
[2m2026-04-02T10:07:47.952677Z[0m [[32m[1minfo     [0m] [1mparsed                        [0m [36mchannel[0m=[35mgoogle_benzinga[0m [36mraw[0m=[35m18[0m
[2m2026-04-02T10:07:49.972991Z[0m [[32m[1minfo     [0m] [1mfetch                         [0m [36mstatus[0m=[35m200[0m [36murl[0m=[35m'https://news.google.com/rss/search?q=TRV+site:benzinga.com&hl=en-US&gl=US&ceid=US:en'[0m
[2m2026-04-02T10:07:49.978820Z[0m [[32m[1minfo     [0m] [1mparsed                        [0m [36mchannel[0m=[35mgoogle_benzinga[0m [36mraw[0m=[35m18[0m
[2m2026-04-02T10:07:49.978904Z[0m [[32m[1minfo     [0m] [1mcrawling                      [0m [36mchannel[0m=[35m'Google News (all)'[0m [36mtag[0m=[35mgoogle_broad[0m
[2m2026-04-02T10:07:52.399812Z[0m [[32m[1minfo     [0m] [1mfetch                         [0m [36mstatus[0m=[35m200[0m [36murl[0m=[35m'https://news.google.com/rss/search?q=TRV+stock+news&hl=en-US&gl=US&ceid=US:en'[0m
[2m2026-04-02T10:07:52.435757Z[0m [[32m[1minfo     [0m] [1mparsed                        [0m [36mchannel[0m=[35mgoogle_broad[0m [36mraw[0m=[35m60[0m
[2m2026-04-02T10:07:54.950850Z[0m [[32m[1minfo     [0m] [1mfetch                         [0m [36mstatus[0m=[35m200[0m [36murl[0m=[35m'https://news.google.com/rss/search?q=TRV+earnings+analysis&hl=en-US&gl=US&ceid=US:en'[0m
[2m2026-04-02T10:07:54.981676Z[0m [[32m[1minfo     [0m] [1mparsed                        [0m [36mchannel[0m=[35mgoogle_broad[0m [36mraw[0m=[35m49[0m
[2m2026-04-02T10:07:54.982226Z[0m [[32m[1minfo     [0m] [1mquality_filter                [0m [36minput[0m=[35m145[0m [36mpassed[0m=[35m0[0m
[2m2026-04-02T10:07:54.982292Z[0m [[32m[1minfo     [0m] [1mdedup                         [0m [36mafter[0m=[35m0[0m [36mbefore[0m=[35m0[0m
[2m2026-04-02T10:07:54.982331Z[0m [[32m[1minfo     [0m] [1mfulltext_selection            [0m [36mcandidates[0m=[35m0[0m [36mfiltered[0m=[35m0[0m [36mmode[0m=[35mhigh-value[0m [36mticker[0m=[35mTRV[0m
[2m2026-04-02T10:07:54.983061Z[0m [[32m[1minfo     [0m] [1mcrawling                      [0m [36mchannel[0m=[35mGoogle->Benzinga[0m [36mtag[0m=[35mgoogle_benzinga[0m
[2m2026-04-02T10:07:57.508263Z[0m [[32m[1minfo     [0m] [1mfetch                         [0m [36mstatus[0m=[35m200[0m [36murl[0m=[35m'https://news.google.com/rss/search?q=ROST+site:benzinga.com&hl=en-US&gl=US&ceid=US:en'[0m
[2m2026-04-02T10:07:57.521929Z[0m [[32m[1minfo     [0m] [1mparsed                        [0m [36mchannel[0m=[35mgoogle_benzinga[0m [36mraw[0m=[35m23[0m
[2m2026-04-02T10:07:59.534480Z[0m [[32m[1minfo     [0m] [1mfetch                         [0m [36mstatus[0m=[35m200[0m [36murl[0m=[35m'https://news.google.com/rss/search?q=ROST+site:benzinga.com&hl=en-US&gl=US&ceid=US:en'[0m
[2m2026-04-02T10:07:59.541703Z[0m [[32m[1minfo     [0m] [1mparsed                        [0m [36mchannel[0m=[35mgoogle_benzinga[0m [36mraw[0m=[35m23[0m
[2m2026-04-02T10:07:59.541804Z[0m [[32m[1minfo     [0m] [1mcrawling                      [0m [36mchannel[0m=[35m'Google News (all)'[0m [36mtag[0m=[35mgoogle_broad[0m
[2m2026-04-02T10:08:02.021507Z[0m [[32m[1minfo     [0m] [1mfetch                         [0m [36mstatus[0m=[35m200[0m [36murl[0m=[35m'https://news.google.com/rss/search?q=ROST+stock+news&hl=en-US&gl=US&ceid=US:en'[0m
[2m2026-04-02T10:08:02.047273Z[0m [[32m[1minfo     [0m] [1mparsed                        [0m [36mchannel[0m=[35mgoogle_broad[0m [36mraw[0m=[35m78[0m
[2m2026-04-02T10:08:04.501302Z[0m [[32m[1minfo     [0m] [1mfetch                         [0m [36mstatus[0m=[35m200[0m [36murl[0m=[35m'https://news.google.com/rss/search?q=ROST+earnings+analysis&hl=en-US&gl=US&ceid=US:en'[0m
[2m2026-04-02T10:08:04.531326Z[0m [[32m[1minfo     [0m] [1mparsed                        [0m [36mchannel[0m=[35mgoogle_broad[0m [36mraw[0m=[35m50[0m
[2m2026-04-02T10:08:04.532316Z[0m [[32m[1minfo     [0m] [1mquality_filter                [0m [36minput[0m=[35m174[0m [36mpassed[0m=[35m4[0m
[2m2026-04-02T10:08:04.532698Z[0m [[32m[1minfo     [0m] [1mdedup                         [0m [36mafter[0m=[35m3[0m [36mbefore[0m=[35m4[0m
[2m2026-04-02T10:08:04.532783Z[0m [[32m[1minfo     [0m] [1mfulltext_selection            [0m [36mcandidates[0m=[35m0[0m [36mfiltered[0m=[35m3[0m [36mmode[0m=[35mhigh-value[0m [36mticker[0m=[35mROST[0m
[2m2026-04-02T10:08:04.533449Z[0m [[32m[1minfo     [0m] [1mcrawling                      [0m [36mchannel[0m=[35mGoogle->Benzinga[0m [36mtag[0m=[35mgoogle_benzinga[0m
[2m2026-04-02T10:08:07.084085Z[0m [[32m[1minfo     [0m] [1mfetch                         [0m [36mstatus[0m=[35m200[0m [36murl[0m=[35m'https://news.google.com/rss/search?q=SPG+site:benzinga.com&hl=en-US&gl=US&ceid=US:en'[0m
[2m2026-04-02T10:08:07.090821Z[0m [[32m[1minfo     [0m] [1mparsed                        [0m [36mchannel[0m=[35mgoogle_benzinga[0m [36mraw[0m=[35m17[0m
[2m2026-04-02T10:08:09.110634Z[0m [[32m[1minfo     [0m] [1mfetch                         [0m [36mstatus[0m=[35m200[0m [36murl[0m=[35m'https://news.google.com/rss/search?q=SPG+site:benzinga.com&hl=en-US&gl=US&ceid=US:en'[0m
[2m2026-04-02T10:08:09.117080Z[0m [[32m[1minfo     [0m] [1mparsed                        [0m [36mchannel[0m=[35mgoogle_benzinga[0m [36mraw[0m=[35m17[0m
[2m2026-04-02T10:08:09.117175Z[0m [[32m[1minfo     [0m] [1mcrawling                      [0m [36mchannel[0m=[35m'Google News (all)'[0m [36mtag[0m=[35mgoogle_broad[0m
[2m2026-04-02T10:08:11.956615Z[0m [[32m[1minfo     [0m] [1mfetch                         [0m [36mstatus[0m=[35m200[0m [36murl[0m=[35m'https://news.google.com/rss/search?q=SPG+stock+news&hl=en-US&gl=US&ceid=US:en'[0m
[2m2026-04-02T10:08:12.061401Z[0m [[32m[1minfo     [0m] [1mparsed                        [0m [36mchannel[0m=[35mgoogle_broad[0m [36mraw[0m=[35m91[0m
[2m2026-04-02T10:08:14.509430Z[0m [[32m[1minfo     [0m] [1mfetch                         [0m [36mstatus[0m=[35m200[0m [36murl[0m=[35m'https://news.google.com/rss/search?q=SPG+earnings+analysis&hl=en-US&gl=US&ceid=US:en'[0m
[2m2026-04-02T10:08:14.545156Z[0m [[32m[1minfo     [0m] [1mparsed                        [0m [36mchannel[0m=[35mgoogle_broad[0m [36mraw[0m=[35m56[0m
[2m2026-04-02T10:08:14.547270Z[0m [[32m[1minfo     [0m] [1mquality_filter                [0m [36minput[0m=[35m181[0m [36mpassed[0m=[35m17[0m
[2m2026-04-02T10:08:14.548871Z[0m [[32m[1minfo     [0m] [1mdedup                         [0m [36mafter[0m=[35m15[0m [36mbefore[0m=[35m17[0m
[2m2026-04-02T10:08:14.549050Z[0m [[32m[1minfo     [0m] [1mfulltext_selection            [0m [36mcandidates[0m=[35m8[0m [36mfiltered[0m=[35m15[0m [36mmode[0m=[35mhigh-value[0m [36mticker[0m=[35mSPG[0m
[2m2026-04-02T10:08:16.652713Z[0m [[32m[1minfo     [0m] [1mfetch                         [0m [36mstatus[0m=[35m200[0m [36murl[0m=[35mhttps://www.stocktitan.net/sec-filings/SPG/form-4-simon-property-group-inc-insider-trading[0m
[2m2026-04-02T10:08:16.939132Z[0m [[32m[1minfo     [0m] [1mfetch                         [0m [36mstatus[0m=[35m429[0m [36murl[0m=[35mhttps://www.stocktitan.net/sec-filings/SPG/form-4-simon-property-group-inc-insider-trading[0m
[2m2026-04-02T10:08:16.961635Z[0m [[32m[1minfo     [0m] [1mfetch                         [0m [36mstatus[0m=[35m429[0m [36murl[0m=[35mhttps://www.stocktitan.net/sec-filings/SPG/form-4-simon-property-group-inc-insider-trading[0m
[2m2026-04-02T10:08:16.990494Z[0m [[32m[1minfo     [0m] [1mfetch                         [0m [36mstatus[0m=[35m429[0m [36murl[0m=[35mhttps://www.stocktitan.net/sec-filings/SPG/form-4-simon-property-group-inc-insider-trading[0m
[2m2026-04-02T10:08:17.047228Z[0m [[32m[1minfo     [0m] [1mfetch                         [0m [36mstatus[0m=[35m200[0m [36murl[0m=[35mhttps://www.stocktitan.net/sec-filings/SPG/form-4-simon-property-group-inc-insider-trading[0m
[2m2026-04-02T10:08:17.084444Z[0m [[32m[1minfo     [0m] [1mfetch                         [0m [36mstatus[0m=[35m429[0m [36murl[0m=[35mhttps://www.stocktitan.net/sec-filings/SPG/form-4-simon-property-group-inc-insider-trading[0m
[2m2026-04-02T10:08:18.332435Z[0m [[32m[1minfo     [0m] [1mfetch                         [0m [36mstatus[0m=[35m429[0m [36murl[0m=[35mhttps://www.stocktitan.net/sec-filings/SPG/form-4-simon-property-group-inc-insider-trading[0m
[2m2026-04-02T10:08:18.733820Z[0m [[32m[1minfo     [0m] [1mfetch                         [0m [36mstatus[0m=[35m200[0m [36murl[0m=[35mhttps://www.msn.com/en-us/money/topstocks/is-simon-property-group-inc-spg-the-most-profita[0m
[2m2026-04-02T10:08:18.979231Z[0m [[32m[1minfo     [0m] [1mcrawling                      [0m [36mchannel[0m=[35mGoogle->Benzinga[0m [36mtag[0m=[35mgoogle_benzinga[0m
[2m2026-04-02T10:08:21.414964Z[0m [[32m[1minfo     [0m] [1mfetch                         [0m [36mstatus[0m=[35m200[0m [36murl[0m=[35m'https://news.google.com/rss/search?q=SRE+site:benzinga.com&hl=en-US&gl=US&ceid=US:en'[0m
[2m2026-04-02T10:08:21.421944Z[0m [[32m[1minfo     [0m] [1mparsed                        [0m [36mchannel[0m=[35mgoogle_benzinga[0m [36mraw[0m=[35m18[0m
[2m2026-04-02T10:08:23.433018Z[0m [[32m[1minfo     [0m] [1mfetch                         [0m [36mstatus[0m=[35m200[0m [36murl[0m=[35m'https://news.google.com/rss/search?q=SRE+site:benzinga.com&hl=en-US&gl=US&ceid=US:en'[0m
[2m2026-04-02T10:08:23.438609Z[0m [[32m[1minfo     [0m] [1mparsed                        [0m [36mchannel[0m=[35mgoogle_benzinga[0m [36mraw[0m=[35m18[0m
[2m2026-04-02T10:08:23.438710Z[0m [[32m[1minfo     [0m] [1mcrawling                      [0m [36mchannel[0m=[35m'Google News (all)'[0m [36mtag[0m=[35mgoogle_broad[0m
[2m2026-04-02T10:08:25.933732Z[0m [[32m[1minfo     [0m] [1mfetch                         [0m [36mstatus[0m=[35m200[0m [36murl[0m=[35m'https://news.google.com/rss/search?q=SRE+stock+news&hl=en-US&gl=US&ceid=US:en'[0m
[2m2026-04-02T10:08:26.019931Z[0m [[32m[1minfo     [0m] [1mparsed                        [0m [36mchannel[0m=[35mgoogle_broad[0m [36mraw[0m=[35m71[0m
[2m2026-04-02T10:08:28.467703Z[0m [[32m[1minfo     [0m] [1mfetch                         [0m [36mstatus[0m=[35m200[0m [36murl[0m=[35m'https://news.google.com/rss/search?q=SRE+earnings+analysis&hl=en-US&gl=US&ceid=US:en'[0m
[2m2026-04-02T10:08:28.486441Z[0m [[32m[1minfo     [0m] [1mparsed                        [0m [36mchannel[0m=[35mgoogle_broad[0m [36mraw[0m=[35m47[0m
[2m2026-04-02T10:08:28.487188Z[0m [[32m[1minfo     [0m] [1mquality_filter                [0m [36minput[0m=[35m154[0m [36mpassed[0m=[35m2[0m
[2m2026-04-02T10:08:28.487347Z[0m [[32m[1minfo     [0m] [1mdedup                         [0m [36mafter[0m=[35m2[0m [36mbefore[0m=[35m2[0m
[2m2026-04-02T10:08:28.487408Z[0m [[32m[1minfo     [0m] [1mfulltext_selection            [0m [36mcandidates[0m=[35m0[0m [36mfiltered[0m=[35m2[0m [36mmode[0m=[35mhigh-value[0m [36mticker[0m=[35mSRE[0m
[2m2026-04-02T10:08:28.488007Z[0m [[32m[1minfo     [0m] [1mcrawling                      [0m [36mchannel[0m=[35mGoogle->Benzinga[0m [36mtag[0m=[35mgoogle_benzinga[0m
[2m2026-04-02T10:08:31.225595Z[0m [[32m[1minfo     [0m] [1mfetch                         [0m [36mstatus[0m=[35m200[0m [36murl[0m=[35m'https://news.google.com/rss/search?q=TFC+site:benzinga.com&hl=en-US&gl=US&ceid=US:en'[0m
[2m2026-04-02T10:08:31.234171Z[0m [[32m[1minfo     [0m] [1mparsed                        [0m [36mchannel[0m=[35mgoogle_benzinga[0m [36mraw[0m=[35m25[0m
[2m2026-04-02T10:08:33.265673Z[0m [[32m[1minfo     [0m] [1mfetch                         [0m [36mstatus[0m=[35m200[0m [36murl[0m=[35m'https://news.google.com/rss/search?q=TFC+site:benzinga.com&hl=en-US&gl=US&ceid=US:en'[0m
[2m2026-04-02T10:08:33.274467Z[0m [[32m[1minfo     [0m] [1mparsed                        [0m [36mchannel[0m=[35mgoogle_benzinga[0m [36mraw[0m=[35m25[0m
[2m2026-04-02T10:08:33.274559Z[0m [[32m[1minfo     [0m] [1mcrawling                      [0m [36mchannel[0m=[35m'Google News (all)'[0m [36mtag[0m=[35mgoogle_broad[0m
[2m2026-04-02T10:08:35.953952Z[0m [[32m[1minfo     [0m] [1mfetch                         [0m [36mstatus[0m=[35m200[0m [36murl[0m=[35m'https://news.google.com/rss/search?q=TFC+stock+news&hl=en-US&gl=US&ceid=US:en'[0m
[2m2026-04-02T10:08:36.062816Z[0m [[32m[1minfo     [0m] [1mparsed                        [0m [36mchannel[0m=[35mgoogle_broad[0m [36mraw[0m=[35m94[0m
[2m2026-04-02T10:08:38.453486Z[0m [[32m[1minfo     [0m] [1mfetch                         [0m [36mstatus[0m=[35m200[0m [36murl[0m=[35m'https://news.google.com/rss/search?q=TFC+earnings+analysis&hl=en-US&gl=US&ceid=US:en'[0m
[2m2026-04-02T10:08:38.471493Z[0m [[32m[1minfo     [0m] [1mparsed                        [0m [36mchannel[0m=[35mgoogle_broad[0m [36mraw[0m=[35m40[0m
[2m2026-04-02T10:08:38.471935Z[0m [[32m[1minfo     [0m] [1mquality_filter                [0m [36minput[0m=[35m184[0m [36mpassed[0m=[35m0[0m
[2m2026-04-02T10:08:38.471989Z[0m [[32m[1minfo     [0m] [1mdedup                         [0m [36mafter[0m=[35m0[0m [36mbefore[0m=[35m0[0m
[2m2026-04-02T10:08:38.472021Z[0m [[32m[1minfo     [0m] [1mfulltext_selection            [0m [36mcandidates[0m=[35m0[0m [36mfiltered[0m=[35m0[0m [36mmode[0m=[35mhigh-value[0m [36mticker[0m=[35mTFC[0m
[2m2026-04-02T10:08:38.472585Z[0m [[32m[1minfo     [0m] [1mcrawling                      [0m [36mchannel[0m=[35mGoogle->Benzinga[0m [36mtag[0m=[35mgoogle_benzinga[0m
[2m2026-04-02T10:08:40.901757Z[0m [[32m[1minfo     [0m] [1mfetch                         [0m [36mstatus[0m=[35m200[0m [36murl[0m=[35m'https://news.google.com/rss/search?q=AZO+site:benzinga.com&hl=en-US&gl=US&ceid=US:en'[0m
[2m2026-04-02T10:08:40.908731Z[0m [[32m[1minfo     [0m] [1mparsed                        [0m [36mchannel[0m=[35mgoogle_benzinga[0m [36mraw[0m=[35m19[0m
[2m2026-04-02T10:08:42.929677Z[0m [[32m[1minfo     [0m] [1mfetch                         [0m [36mstatus[0m=[35m200[0m [36murl[0m=[35m'https://news.google.com/rss/search?q=AZO+site:benzinga.com&hl=en-US&gl=US&ceid=US:en'[0m
[2m2026-04-02T10:08:42.939101Z[0m [[32m[1minfo     [0m] [1mparsed                        [0m [36mchannel[0m=[35mgoogle_benzinga[0m [36mraw[0m=[35m19[0m
[2m2026-04-02T10:08:42.939205Z[0m [[32m[1minfo     [0m] [1mcrawling                      [0m [36mchannel[0m=[35m'Google News (all)'[0m [36mtag[0m=[35mgoogle_broad[0m
[2m2026-04-02T10:08:45.623349Z[0m [[32m[1minfo     [0m] [1mfetch                         [0m [36mstatus[0m=[35m200[0m [36murl[0m=[35m'https://news.google.com/rss/search?q=AZO+stock+news&hl=en-US&gl=US&ceid=US:en'[0m
[2m2026-04-02T10:08:45.671292Z[0m [[32m[1minfo     [0m] [1mparsed                        [0m [36mchannel[0m=[35mgoogle_broad[0m [36mraw[0m=[35m66[0m
[2m2026-04-02T10:08:48.137409Z[0m [[32m[1minfo     [0m] [1mfetch                         [0m [36mstatus[0m=[35m200[0m [36murl[0m=[35m'https://news.google.com/rss/search?q=AZO+earnings+analysis&hl=en-US&gl=US&ceid=US:en'[0m
[2m2026-04-02T10:08:48.158448Z[0m [[32m[1minfo     [0m] [1mparsed                        [0m [36mchannel[0m=[35mgoogle_broad[0m [36mraw[0m=[35m41[0m
[2m2026-04-02T10:08:48.159145Z[0m [[32m[1minfo     [0m] [1mquality_filter                [0m [36minput[0m=[35m145[0m [36mpassed[0m=[35m1[0m
[2m2026-04-02T10:08:48.159255Z[0m [[32m[1minfo     [0m] [1mdedup                         [0m [36mafter[0m=[35m1[0m [36mbefore[0m=[35m1[0m
[2m2026-04-02T10:08:48.159301Z[0m [[32m[1minfo     [0m] [1mfulltext_selection            [0m [36mcandidates[0m=[35m1[0m [36mfiltered[0m=[35m1[0m [36mmode[0m=[35mhigh-value[0m [36mticker[0m=[35mAZO[0m
[2m2026-04-02T10:08:50.992818Z[0m [[32m[1minfo     [0m] [1mfetch                         [0m [36mstatus[0m=[35m200[0m [36murl[0m=[35mhttps://intellectia.ai/en/stock/AZO/earnings[0m
[2m2026-04-02T10:08:51.612266Z[0m [[32m[1minfo     [0m] [1mcrawling                      [0m [36mchannel[0m=[35mGoogle->Benzinga[0m [36mtag[0m=[35mgoogle_benzinga[0m
[2m2026-04-02T10:08:54.127489Z[0m [[32m[1minfo     [0m] [1mfetch                         [0m [36mstatus[0m=[35m200[0m [36murl[0m=[35m'https://news.google.com/rss/search?q=O+realty+income+corporation+site:benzinga.com&hl=en-U'[0m
[2m2026-04-02T10:08:54.137047Z[0m [[32m[1minfo     [0m] [1mparsed                        [0m [36mchannel[0m=[35mgoogle_benzinga[0m [36mraw[0m=[35m29[0m
[2m2026-04-02T10:08:56.783043Z[0m [[32m[1minfo     [0m] [1mfetch                         [0m [36mstatus[0m=[35m200[0m [36murl[0m=[35m'https://news.google.com/rss/search?q=realty+income+corporation+site:benzinga.com&hl=en-US&'[0m
[2m2026-04-02T10:08:56.887399Z[0m [[32m[1minfo     [0m] [1mparsed                        [0m [36mchannel[0m=[35mgoogle_benzinga[0m [36mraw[0m=[35m100[0m
[2m2026-04-02T10:08:56.887522Z[0m [[32m[1minfo     [0m] [1mcrawling                      [0m [36mchannel[0m=[35m'Google News (all)'[0m [36mtag[0m=[35mgoogle_broad[0m
[2m2026-04-02T10:08:59.604609Z[0m [[32m[1minfo     [0m] [1mfetch                         [0m [36mstatus[0m=[35m200[0m [36murl[0m=[35m'https://news.google.com/rss/search?q=O+realty+income+corporation+stock+news&hl=en-US&gl=US'[0m
[2m2026-04-02T10:08:59.708264Z[0m [[32m[1minfo     [0m] [1mparsed                        [0m [36mchannel[0m=[35mgoogle_broad[0m [36mraw[0m=[35m100[0m
[2m2026-04-02T10:09:02.208305Z[0m [[32m[1minfo     [0m] [1mfetch                         [0m [36mstatus[0m=[35m200[0m [36murl[0m=[35m'https://news.google.com/rss/search?q=O+realty+income+corporation+earnings+analysis&hl=en-U'[0m
[2m2026-04-02T10:09:02.250527Z[0m [[32m[1minfo     [0m] [1mparsed                        [0m [36mchannel[0m=[35mgoogle_broad[0m [36mraw[0m=[35m73[0m
[2m2026-04-02T10:09:02.252339Z[0m [[32m[1minfo     [0m] [1mquality_filter                [0m [36minput[0m=[35m302[0m [36mpassed[0m=[35m7[0m
[2m2026-04-02T10:09:02.252941Z[0m [[32m[1minfo     [0m] [1mdedup                         [0m [36mafter[0m=[35m7[0m [36mbefore[0m=[35m7[0m
[2m2026-04-02T10:09:02.253051Z[0m [[32m[1minfo     [0m] [1mfulltext_selection            [0m [36mcandidates[0m=[35m4[0m [36mfiltered[0m=[35m7[0m [36mmode[0m=[35mhigh-value[0m [36mticker[0m=[35mO[0m
[2m2026-04-02T10:09:03.998924Z[0m [[32m[1minfo     [0m] [1mfetch                         [0m [36mstatus[0m=[35m200[0m [36murl[0m=[35mhttps://www.marketbeat.com/instant-alerts/filing-25244-shares-in-realty-income-corporation[0m
[2m2026-04-02T10:09:04.251012Z[0m [[32m[1minfo     [0m] [1mfetch                         [0m [36mstatus[0m=[35m200[0m [36murl[0m=[35mhttps://seekingalpha.com/article/4888031-realty-income-remains-in-play-as-growth-is-set-to[0m
[2m2026-04-02T10:09:04.947955Z[0m [[31m[1merror    [0m] [1mfetch_error                   [0m [36merror[0m=[35m"400, message='Got more than 8190 bytes (8800) when reading Header value is too l"[0m [36murl[0m=[35mhttps://finance.yahoo.com/markets/stocks/articles/realty-income-corp-o[0m
[2m2026-04-02T10:09:05.148669Z[0m [[31m[1merror    [0m] [1mfetch_error                   [0m [36merror[0m=[35m"400, message='Got more than 8190 bytes (8800) when reading Header value is too l"[0m [36murl[0m=[35mhttps://finance.yahoo.com/markets/stocks/articles/realty-income-corpor[0m
[2m2026-04-02T10:09:05.365058Z[0m [[32m[1minfo     [0m] [1mcrawling                      [0m [36mchannel[0m=[35mGoogle->Benzinga[0m [36mtag[0m=[35mgoogle_benzinga[0m
[2m2026-04-02T10:09:08.269076Z[0m [[32m[1minfo     [0m] [1mfetch                         [0m [36mstatus[0m=[35m200[0m [36murl[0m=[35m'https://news.google.com/rss/search?q=APD+site:benzinga.com&hl=en-US&gl=US&ceid=US:en'[0m
[2m2026-04-02T10:09:08.276193Z[0m [[32m[1minfo     [0m] [1mparsed                        [0m [36mchannel[0m=[35mgoogle_benzinga[0m [36mraw[0m=[35m18[0m
[2m2026-04-02T10:09:10.282717Z[0m [[32m[1minfo     [0m] [1mfetch                         [0m [36mstatus[0m=[35m200[0m [36murl[0m=[35m'https://news.google.com/rss/search?q=APD+site:benzinga.com&hl=en-US&gl=US&ceid=US:en'[0m
[2m2026-04-02T10:09:10.288963Z[0m [[32m[1minfo     [0m] [1mparsed                        [0m [36mchannel[0m=[35mgoogle_benzinga[0m [36mraw[0m=[35m18[0m
[2m2026-04-02T10:09:10.289060Z[0m [[32m[1minfo     [0m] [1mcrawling                      [0m [36mchannel[0m=[35m'Google News (all)'[0m [36mtag[0m=[35mgoogle_broad[0m
[2m2026-04-02T10:09:12.809434Z[0m [[32m[1minfo     [0m] [1mfetch                         [0m [36mstatus[0m=[35m200[0m [36murl[0m=[35m'https://news.google.com/rss/search?q=APD+stock+news&hl=en-US&gl=US&ceid=US:en'[0m
[2m2026-04-02T10:09:12.907261Z[0m [[32m[1minfo     [0m] [1mparsed                        [0m [36mchannel[0m=[35mgoogle_broad[0m [36mraw[0m=[35m87[0m
[2m2026-04-02T10:09:15.299423Z[0m [[32m[1minfo     [0m] [1mfetch                         [0m [36mstatus[0m=[35m200[0m [36murl[0m=[35m'https://news.google.com/rss/search?q=APD+earnings+analysis&hl=en-US&gl=US&ceid=US:en'[0m
[2m2026-04-02T10:09:15.310183Z[0m [[32m[1minfo     [0m] [1mparsed                        [0m [36mchannel[0m=[35mgoogle_broad[0m [36mraw[0m=[35m33[0m
[2m2026-04-02T10:09:15.311411Z[0m [[32m[1minfo     [0m] [1mquality_filter                [0m [36minput[0m=[35m156[0m [36mpassed[0m=[35m8[0m
[2m2026-04-02T10:09:15.311882Z[0m [[32m[1minfo     [0m] [1mdedup                         [0m [36mafter[0m=[35m7[0m [36mbefore[0m=[35m8[0m
[2m2026-04-02T10:09:15.311986Z[0m [[32m[1minfo     [0m] [1mfulltext_selection            [0m [36mcandidates[0m=[35m1[0m [36mfiltered[0m=[35m7[0m [36mmode[0m=[35mhigh-value[0m [36mticker[0m=[35mAPD[0m
[2m2026-04-02T10:09:18.036781Z[0m [[32m[1minfo     [0m] [1mfetch                         [0m [36mstatus[0m=[35m200[0m [36murl[0m=[35mhttps://www.bitget.com/amp/news/detail/12560605325432[0m
[2m2026-04-02T10:09:18.242922Z[0m [[32m[1minfo     [0m] [1mcrawling                      [0m [36mchannel[0m=[35mGoogle->Benzinga[0m [36mtag[0m=[35mgoogle_benzinga[0m
[2m2026-04-02T10:09:20.749702Z[0m [[32m[1minfo     [0m] [1mfetch                         [0m [36mstatus[0m=[35m200[0m [36murl[0m=[35m'https://news.google.com/rss/search?q=DLR+site:benzinga.com&hl=en-US&gl=US&ceid=US:en'[0m
[2m2026-04-02T10:09:20.759366Z[0m [[32m[1minfo     [0m] [1mparsed                        [0m [36mchannel[0m=[35mgoogle_benzinga[0m [36mraw[0m=[35m28[0m
[2m2026-04-02T10:09:22.771386Z[0m [[32m[1minfo     [0m] [1mfetch                         [0m [36mstatus[0m=[35m200[0m [36murl[0m=[35m'https://news.google.com/rss/search?q=DLR+site:benzinga.com&hl=en-US&gl=US&ceid=US:en'[0m
[2m2026-04-02T10:09:22.780826Z[0m [[32m[1minfo     [0m] [1mparsed                        [0m [36mchannel[0m=[35mgoogle_benzinga[0m [36mraw[0m=[35m28[0m
[2m2026-04-02T10:09:22.780932Z[0m [[32m[1minfo     [0m] [1mcrawling                      [0m [36mchannel[0m=[35m'Google News (all)'[0m [36mtag[0m=[35mgoogle_broad[0m
[2m2026-04-02T10:09:25.292804Z[0m [[32m[1minfo     [0m] [1mfetch                         [0m [36mstatus[0m=[35m200[0m [36murl[0m=[35m'https://news.google.com/rss/search?q=DLR+stock+news&hl=en-US&gl=US&ceid=US:en'[0m
[2m2026-04-02T10:09:25.330679Z[0m [[32m[1minfo     [0m] [1mparsed                        [0m [36mchannel[0m=[35mgoogle_broad[0m [36mraw[0m=[35m62[0m
[2m2026-04-02T10:09:27.766860Z[0m [[32m[1minfo     [0m] [1mfetch                         [0m [36mstatus[0m=[35m200[0m [36murl[0m=[35m'https://news.google.com/rss/search?q=DLR+earnings+analysis&hl=en-US&gl=US&ceid=US:en'[0m
[2m2026-04-02T10:09:27.795555Z[0m [[32m[1minfo     [0m] [1mparsed                        [0m [36mchannel[0m=[35mgoogle_broad[0m [36mraw[0m=[35m45[0m
[2m2026-04-02T10:09:27.796896Z[0m [[32m[1minfo     [0m] [1mquality_filter                [0m [36minput[0m=[35m163[0m [36mpassed[0m=[35m2[0m
[2m2026-04-02T10:09:27.797282Z[0m [[32m[1minfo     [0m] [1mdedup                         [0m [36mafter[0m=[35m2[0m [36mbefore[0m=[35m2[0m
[2m2026-04-02T10:09:27.797375Z[0m [[32m[1minfo     [0m] [1mfulltext_selection            [0m [36mcandidates[0m=[35m2[0m [36mfiltered[0m=[35m2[0m [36mmode[0m=[35mhigh-value[0m [36mticker[0m=[35mDLR[0m
[2m2026-04-02T10:09:30.328513Z[0m [[32m[1minfo     [0m] [1mfetch                         [0m [36mstatus[0m=[35m200[0m [36murl[0m=[35mhttps://www.marketbeat.com/instant-alerts/filing-digital-realty-trust-inc-dlr-stock-positi[0m
[2m2026-04-02T10:09:31.322555Z[0m [[32m[1minfo     [0m] [1mfetch                         [0m [36mstatus[0m=[35m200[0m [36murl[0m=[35mhttps://www.defenseworld.net/2026/04/01/digital-realty-trust-nysedlr-coverage-initiated-by[0m
[2m2026-04-02T10:09:31.956156Z[0m [[32m[1minfo     [0m] [1mcrawling                      [0m [36mchannel[0m=[35mGoogle->Benzinga[0m [36mtag[0m=[35mgoogle_benzinga[0m
[2m2026-04-02T10:09:34.882377Z[0m [[32m[1minfo     [0m] [1mfetch                         [0m [36mstatus[0m=[35m200[0m [36murl[0m=[35m'https://news.google.com/rss/search?q=AJG+site:benzinga.com&hl=en-US&gl=US&ceid=US:en'[0m
[2m2026-04-02T10:09:34.889844Z[0m [[32m[1minfo     [0m] [1mparsed                        [0m [36mchannel[0m=[35mgoogle_benzinga[0m [36mraw[0m=[35m26[0m
[2m2026-04-02T10:09:36.905176Z[0m [[32m[1minfo     [0m] [1mfetch                         [0m [36mstatus[0m=[35m200[0m [36murl[0m=[35m'https://news.google.com/rss/search?q=AJG+site:benzinga.com&hl=en-US&gl=US&ceid=US:en'[0m
[2m2026-04-02T10:09:36.913472Z[0m [[32m[1minfo     [0m] [1mparsed                        [0m [36mchannel[0m=[35mgoogle_benzinga[0m [36mraw[0m=[35m26[0m
[2m2026-04-02T10:09:36.913570Z[0m [[32m[1minfo     [0m] [1mcrawling                      [0m [36mchannel[0m=[35m'Google News (all)'[0m [36mtag[0m=[35mgoogle_broad[0m
[2m2026-04-02T10:09:39.546026Z[0m [[32m[1minfo     [0m] [1mfetch                         [0m [36mstatus[0m=[35m200[0m [36murl[0m=[35m'https://news.google.com/rss/search?q=AJG+stock+news&hl=en-US&gl=US&ceid=US:en'[0m
[2m2026-04-02T10:09:39.659155Z[0m [[32m[1minfo     [0m] [1mparsed                        [0m [36mchannel[0m=[35mgoogle_broad[0m [36mraw[0m=[35m100[0m
[2m2026-04-02T10:09:42.231151Z[0m [[32m[1minfo     [0m] [1mfetch                         [0m [36mstatus[0m=[35m200[0m [36murl[0m=[35m'https://news.google.com/rss/search?q=AJG+earnings+analysis&hl=en-US&gl=US&ceid=US:en'[0m
[2m2026-04-02T10:09:42.271284Z[0m [[32m[1minfo     [0m] [1mparsed                        [0m [36mchannel[0m=[35mgoogle_broad[0m [36mraw[0m=[35m60[0m
[2m2026-04-02T10:09:42.272446Z[0m [[32m[1minfo     [0m] [1mquality_filter                [0m [36minput[0m=[35m212[0m [36mpassed[0m=[35m4[0m
[2m2026-04-02T10:09:42.272744Z[0m [[32m[1minfo     [0m] [1mdedup                         [0m [36mafter[0m=[35m4[0m [36mbefore[0m=[35m4[0m
[2m2026-04-02T10:09:42.272822Z[0m [[32m[1minfo     [0m] [1mfulltext_selection            [0m [36mcandidates[0m=[35m2[0m [36mfiltered[0m=[35m4[0m [36mmode[0m=[35mhigh-value[0m [36mticker[0m=[35mAJG[0m
[2m2026-04-02T10:09:44.425968Z[0m [[32m[1minfo     [0m] [1mfetch                         [0m [36mstatus[0m=[35m200[0m [36murl[0m=[35mhttps://www.marketbeat.com/instant-alerts/filing-vaughan-nelson-investment-management-lp-r[0m
[2m2026-04-02T10:09:45.069514Z[0m [[32m[1minfo     [0m] [1mfetch                         [0m [36mstatus[0m=[35m200[0m [36murl[0m=[35mhttps://www.stocktitan.net/sec-filings/AJG/form-4-arthur-j-gallagher-co-insider-trading-ac[0m
[2m2026-04-02T10:09:45.297258Z[0m [[32m[1minfo     [0m] [1mcrawling                      [0m [36mchannel[0m=[35mGoogle->Benzinga[0m [36mtag[0m=[35mgoogle_benzinga[0m
[2m2026-04-02T10:09:47.756300Z[0m [[32m[1minfo     [0m] [1mfetch                         [0m [36mstatus[0m=[35m200[0m [36murl[0m=[35m'https://news.google.com/rss/search?q=AFL+site:benzinga.com&hl=en-US&gl=US&ceid=US:en'[0m
[2m2026-04-02T10:09:47.763730Z[0m [[32m[1minfo     [0m] [1mparsed                        [0m [36mchannel[0m=[35mgoogle_benzinga[0m [36mraw[0m=[35m25[0m
[2m2026-04-02T10:09:49.778240Z[0m [[32m[1minfo     [0m] [1mfetch                         [0m [36mstatus[0m=[35m200[0m [36murl[0m=[35m'https://news.google.com/rss/search?q=AFL+site:benzinga.com&hl=en-US&gl=US&ceid=US:en'[0m
[2m2026-04-02T10:09:49.788697Z[0m [[32m[1minfo     [0m] [1mparsed                        [0m [36mchannel[0m=[35mgoogle_benzinga[0m [36mraw[0m=[35m25[0m
[2m2026-04-02T10:09:49.788810Z[0m [[32m[1minfo     [0m] [1mcrawling                      [0m [36mchannel[0m=[35m'Google News (all)'[0m [36mtag[0m=[35mgoogle_broad[0m
[2m2026-04-02T10:09:52.332236Z[0m [[32m[1minfo     [0m] [1mfetch                         [0m [36mstatus[0m=[35m200[0m [36murl[0m=[35m'https://news.google.com/rss/search?q=AFL+stock+news&hl=en-US&gl=US&ceid=US:en'[0m
[2m2026-04-02T10:09:52.423435Z[0m [[32m[1minfo     [0m] [1mparsed                        [0m [36mchannel[0m=[35mgoogle_broad[0m [36mraw[0m=[35m71[0m
[2m2026-04-02T10:09:54.943559Z[0m [[32m[1minfo     [0m] [1mfetch                         [0m [36mstatus[0m=[35m200[0m [36murl[0m=[35m'https://news.google.com/rss/search?q=AFL+earnings+analysis&hl=en-US&gl=US&ceid=US:en'[0m
[2m2026-04-02T10:09:54.982777Z[0m [[32m[1minfo     [0m] [1mparsed                        [0m [36mchannel[0m=[35mgoogle_broad[0m [36mraw[0m=[35m69[0m
[2m2026-04-02T10:09:54.983629Z[0m [[32m[1minfo     [0m] [1mquality_filter                [0m [36minput[0m=[35m190[0m [36mpassed[0m=[35m2[0m
[2m2026-04-02T10:09:54.983831Z[0m [[32m[1minfo     [0m] [1mdedup                         [0m [36mafter[0m=[35m2[0m [36mbefore[0m=[35m2[0m
[2m2026-04-02T10:09:54.983895Z[0m [[32m[1minfo     [0m] [1mfulltext_selection            [0m [36mcandidates[0m=[35m0[0m [36mfiltered[0m=[35m2[0m [36mmode[0m=[35mhigh-value[0m [36mticker[0m=[35mAFL[0m
[2m2026-04-02T10:09:54.984813Z[0m [[32m[1minfo     [0m] [1mcrawling                      [0m [36mchannel[0m=[35mGoogle->Benzinga[0m [36mtag[0m=[35mgoogle_benzinga[0m
[2m2026-04-02T10:09:57.636710Z[0m [[32m[1minfo     [0m] [1mfetch                         [0m [36mstatus[0m=[35m200[0m [36murl[0m=[35m'https://news.google.com/rss/search?q=F+ford+motor+company+site:benzinga.com&hl=en-US&gl=US'[0m
[2m2026-04-02T10:09:57.751543Z[0m [[32m[1minfo     [0m] [1mparsed                        [0m [36mchannel[0m=[35mgoogle_benzinga[0m [36mraw[0m=[35m100[0m
[2m2026-04-02T10:10:00.347500Z[0m [[32m[1minfo     [0m] [1mfetch                         [0m [36mstatus[0m=[35m200[0m [36murl[0m=[35m'https://news.google.com/rss/search?q=ford+motor+company+site:benzinga.com&hl=en-US&gl=US&c'[0m
[2m2026-04-02T10:10:00.475160Z[0m [[32m[1minfo     [0m] [1mparsed                        [0m [36mchannel[0m=[35mgoogle_benzinga[0m [36mraw[0m=[35m100[0m
[2m2026-04-02T10:10:00.475298Z[0m [[32m[1minfo     [0m] [1mcrawling                      [0m [36mchannel[0m=[35m'Google News (all)'[0m [36mtag[0m=[35mgoogle_broad[0m
[2m2026-04-02T10:10:03.231068Z[0m [[32m[1minfo     [0m] [1mfetch                         [0m [36mstatus[0m=[35m200[0m [36murl[0m=[35m'https://news.google.com/rss/search?q=F+ford+motor+company+stock+news&hl=en-US&gl=US&ceid=U'[0m
[2m2026-04-02T10:10:03.339493Z[0m [[32m[1minfo     [0m] [1mparsed                        [0m [36mchannel[0m=[35mgoogle_broad[0m [36mraw[0m=[35m100[0m
[2m2026-04-02T10:10:05.961006Z[0m [[32m[1minfo     [0m] [1mfetch                         [0m [36mstatus[0m=[35m200[0m [36murl[0m=[35m'https://news.google.com/rss/search?q=F+ford+motor+company+earnings+analysis&hl=en-US&gl=US'[0m
[2m2026-04-02T10:10:06.066759Z[0m [[32m[1minfo     [0m] [1mparsed                        [0m [36mchannel[0m=[35mgoogle_broad[0m [36mraw[0m=[35m89[0m
[2m2026-04-02T10:10:06.068322Z[0m [[32m[1minfo     [0m] [1mquality_filter                [0m [36minput[0m=[35m389[0m [36mpassed[0m=[35m6[0m
[2m2026-04-02T10:10:06.068654Z[0m [[32m[1minfo     [0m] [1mdedup                         [0m [36mafter[0m=[35m6[0m [36mbefore[0m=[35m6[0m
[2m2026-04-02T10:10:06.068739Z[0m [[32m[1minfo     [0m] [1mfulltext_selection            [0m [36mcandidates[0m=[35m4[0m [36mfiltered[0m=[35m6[0m [36mmode[0m=[35mhigh-value[0m [36mticker[0m=[35mF[0m
[2m2026-04-02T10:10:08.103409Z[0m [[32m[1minfo     [0m] [1mfetch                         [0m [36mstatus[0m=[35m200[0m [36murl[0m=[35mhttps://www.marketbeat.com/instant-alerts/ford-motor-nysef-stock-price-up-13-heres-why-202[0m
[2m2026-04-02T10:10:08.114786Z[0m [[32m[1minfo     [0m] [1mfetch                         [0m [36mstatus[0m=[35m200[0m [36murl[0m=[35mhttps://www.marketbeat.com/instant-alerts/ford-motor-nysef-trading-27-higher-heres-why-202[0m
[2m2026-04-02T10:10:08.612196Z[0m [[32m[1minfo     [0m] [1mfetch                         [0m [36mstatus[0m=[35m200[0m [36murl[0m=[35mhttps://www.marketbeat.com/instant-alerts/filing-brookstone-capital-management-decreases-s[0m
[2m2026-04-02T10:10:08.734713Z[0m [[32m[1minfo     [0m] [1mfetch                         [0m [36mstatus[0m=[35m200[0m [36murl[0m=[35mhttps://www.marketbeat.com/instant-alerts/filing-nisa-investment-advisors-llc-raises-posit[0m
[2m2026-04-02T10:10:09.078455Z[0m [[32m[1minfo     [0m] [1mcrawling                      [0m [36mchannel[0m=[35mGoogle->Benzinga[0m [36mtag[0m=[35mgoogle_benzinga[0m
[2m2026-04-02T10:10:11.700731Z[0m [[32m[1minfo     [0m] [1mfetch                         [0m [36mstatus[0m=[35m200[0m [36murl[0m=[35m'https://news.google.com/rss/search?q=ALL+allstate+corporation+site:benzinga.com&hl=en-US&g'[0m
[2m2026-04-02T10:10:11.717491Z[0m [[32m[1minfo     [0m] [1mparsed                        [0m [36mchannel[0m=[35mgoogle_benzinga[0m [36mraw[0m=[35m55[0m
[2m2026-04-02T10:10:14.124349Z[0m [[32m[1minfo     [0m] [1mfetch                         [0m [36mstatus[0m=[35m200[0m [36murl[0m=[35m'https://news.google.com/rss/search?q=allstate+corporation+site:benzinga.com&hl=en-US&gl=US'[0m
[2m2026-04-02T10:10:14.160085Z[0m [[32m[1minfo     [0m] [1mparsed                        [0m [36mchannel[0m=[35mgoogle_benzinga[0m [36mraw[0m=[35m55[0m
[2m2026-04-02T10:10:14.160245Z[0m [[32m[1minfo     [0m] [1mcrawling                      [0m [36mchannel[0m=[35m'Google News (all)'[0m [36mtag[0m=[35mgoogle_broad[0m
[2m2026-04-02T10:10:16.683589Z[0m [[32m[1minfo     [0m] [1mfetch                         [0m [36mstatus[0m=[35m200[0m [36murl[0m=[35m'https://news.google.com/rss/search?q=ALL+allstate+corporation+stock+news&hl=en-US&gl=US&ce'[0m
[2m2026-04-02T10:10:16.734735Z[0m [[32m[1minfo     [0m] [1mparsed                        [0m [36mchannel[0m=[35mgoogle_broad[0m [36mraw[0m=[35m76[0m
[2m2026-04-02T10:10:19.208269Z[0m [[32m[1minfo     [0m] [1mfetch                         [0m [36mstatus[0m=[35m200[0m [36murl[0m=[35m'https://news.google.com/rss/search?q=ALL+allstate+corporation+earnings+analysis&hl=en-US&g'[0m
[2m2026-04-02T10:10:19.230980Z[0m [[32m[1minfo     [0m] [1mparsed                        [0m [36mchannel[0m=[35mgoogle_broad[0m [36mraw[0m=[35m44[0m
[2m2026-04-02T10:10:19.232383Z[0m [[32m[1minfo     [0m] [1mquality_filter                [0m [36minput[0m=[35m230[0m [36mpassed[0m=[35m5[0m
[2m2026-04-02T10:10:19.232668Z[0m [[32m[1minfo     [0m] [1mdedup                         [0m [36mafter[0m=[35m4[0m [36mbefore[0m=[35m5[0m
[2m2026-04-02T10:10:19.232730Z[0m [[32m[1minfo     [0m] [1mfulltext_selection            [0m [36mcandidates[0m=[35m3[0m [36mfiltered[0m=[35m4[0m [36mmode[0m=[35mhigh-value[0m [36mticker[0m=[35mALL[0m
[2m2026-04-02T10:10:21.285062Z[0m [[32m[1minfo     [0m] [1mfetch                         [0m [36mstatus[0m=[35m200[0m [36murl[0m=[35mhttps://www.marketbeat.com/instant-alerts/filing-the-allstate-corporation-all-shares-purch[0m
[2m2026-04-02T10:10:21.408731Z[0m [[31m[1merror    [0m] [1mfetch_error                   [0m [36merror[0m=[35m"400, message='Got more than 8190 bytes (8800) when reading Header value is too l"[0m [36murl[0m=[35mhttps://finance.yahoo.com/markets/stocks/articles/allstate-beat-estima[0m
[2m2026-04-02T10:10:21.750087Z[0m [[31m[1merror    [0m] [1mfetch_error                   [0m [36merror[0m=[35m"400, message='Got more than 8190 bytes (8800) when reading Header value is too l"[0m [36murl[0m=[35mhttps://finance.yahoo.com/markets/stocks/articles/allstate-reports-140[0m
[2m2026-04-02T10:10:21.954222Z[0m [[32m[1minfo     [0m] [1mcrawling                      [0m [36mchannel[0m=[35mGoogle->Benzinga[0m [36mtag[0m=[35mgoogle_benzinga[0m
[2m2026-04-02T10:10:24.377356Z[0m [[32m[1minfo     [0m] [1mfetch                         [0m [36mstatus[0m=[35m200[0m [36murl[0m=[35m'https://news.google.com/rss/search?q=ZTS+site:benzinga.com&hl=en-US&gl=US&ceid=US:en'[0m
[2m2026-04-02T10:10:24.384923Z[0m [[32m[1minfo     [0m] [1mparsed                        [0m [36mchannel[0m=[35mgoogle_benzinga[0m [36mraw[0m=[35m8[0m
[2m2026-04-02T10:10:26.403951Z[0m [[32m[1minfo     [0m] [1mfetch                         [0m [36mstatus[0m=[35m200[0m [36murl[0m=[35m'https://news.google.com/rss/search?q=ZTS+site:benzinga.com&hl=en-US&gl=US&ceid=US:en'[0m
[2m2026-04-02T10:10:26.407133Z[0m [[32m[1minfo     [0m] [1mparsed                        [0m [36mchannel[0m=[35mgoogle_benzinga[0m [36mraw[0m=[35m8[0m
[2m2026-04-02T10:10:26.407210Z[0m [[32m[1minfo     [0m] [1mcrawling                      [0m [36mchannel[0m=[35m'Google News (all)'[0m [36mtag[0m=[35mgoogle_broad[0m
[2m2026-04-02T10:10:29.015392Z[0m [[32m[1minfo     [0m] [1mfetch                         [0m [36mstatus[0m=[35m200[0m [36murl[0m=[35m'https://news.google.com/rss/search?q=ZTS+stock+news&hl=en-US&gl=US&ceid=US:en'[0m
[2m2026-04-02T10:10:29.119215Z[0m [[32m[1minfo     [0m] [1mparsed                        [0m [36mchannel[0m=[35mgoogle_broad[0m [36mraw[0m=[35m90[0m
[2m2026-04-02T10:10:31.530284Z[0m [[32m[1minfo     [0m] [1mfetch                         [0m [36mstatus[0m=[35m200[0m [36murl[0m=[35m'https://news.google.com/rss/search?q=ZTS+earnings+analysis&hl=en-US&gl=US&ceid=US:en'[0m
[2m2026-04-02T10:10:31.549890Z[0m [[32m[1minfo     [0m] [1mparsed                        [0m [36mchannel[0m=[35mgoogle_broad[0m [36mraw[0m=[35m39[0m
[2m2026-04-02T10:10:31.550606Z[0m [[32m[1minfo     [0m] [1mquality_filter                [0m [36minput[0m=[35m145[0m [36mpassed[0m=[35m4[0m
[2m2026-04-02T10:10:31.550880Z[0m [[32m[1minfo     [0m] [1mdedup                         [0m [36mafter[0m=[35m4[0m [36mbefore[0m=[35m4[0m
[2m2026-04-02T10:10:31.550952Z[0m [[32m[1minfo     [0m] [1mfulltext_selection            [0m [36mcandidates[0m=[35m1[0m [36mfiltered[0m=[35m4[0m [36mmode[0m=[35mhigh-value[0m [36mticker[0m=[35mZTS[0m
[2m2026-04-02T10:10:34.543859Z[0m [[32m[1minfo     [0m] [1mfetch                         [0m [36mstatus[0m=[35m200[0m [36murl[0m=[35mhttps://www.stocktitan.net/sec-filings/ZTS/form-4-zoetis-inc-insider-trading-activity-8a99[0m
[2m2026-04-02T10:10:34.769278Z[0m [[32m[1minfo     [0m] [1mcrawling                      [0m [36mchannel[0m=[35mGoogle->Benzinga[0m [36mtag[0m=[35mgoogle_benzinga[0m
[2m2026-04-02T10:10:37.254962Z[0m [[32m[1minfo     [0m] [1mfetch                         [0m [36mstatus[0m=[35m200[0m [36murl[0m=[35m'https://news.google.com/rss/search?q=AME+site:benzinga.com&hl=en-US&gl=US&ceid=US:en'[0m
[2m2026-04-02T10:10:37.282076Z[0m [[32m[1minfo     [0m] [1mparsed                        [0m [36mchannel[0m=[35mgoogle_benzinga[0m [36mraw[0m=[35m46[0m
[2m2026-04-02T10:10:39.301254Z[0m [[32m[1minfo     [0m] [1mfetch                         [0m [36mstatus[0m=[35m200[0m [36murl[0m=[35m'https://news.google.com/rss/search?q=AME+site:benzinga.com&hl=en-US&gl=US&ceid=US:en'[0m
[2m2026-04-02T10:10:39.317612Z[0m [[32m[1minfo     [0m] [1mparsed                        [0m [36mchannel[0m=[35mgoogle_benzinga[0m [36mraw[0m=[35m46[0m
[2m2026-04-02T10:10:39.317728Z[0m [[32m[1minfo     [0m] [1mcrawling                      [0m [36mchannel[0m=[35m'Google News (all)'[0m [36mtag[0m=[35mgoogle_broad[0m
[2m2026-04-02T10:10:41.826852Z[0m [[32m[1minfo     [0m] [1mfetch                         [0m [36mstatus[0m=[35m200[0m [36murl[0m=[35m'https://news.google.com/rss/search?q=AME+stock+news&hl=en-US&gl=US&ceid=US:en'[0m
[2m2026-04-02T10:10:41.866021Z[0m [[32m[1minfo     [0m] [1mparsed                        [0m [36mchannel[0m=[35mgoogle_broad[0m [36mraw[0m=[35m64[0m
[2m2026-04-02T10:10:44.441681Z[0m [[32m[1minfo     [0m] [1mfetch                         [0m [36mstatus[0m=[35m200[0m [36murl[0m=[35m'https://news.google.com/rss/search?q=AME+earnings+analysis&hl=en-US&gl=US&ceid=US:en'[0m
[2m2026-04-02T10:10:44.532461Z[0m [[32m[1minfo     [0m] [1mparsed                        [0m [36mchannel[0m=[35mgoogle_broad[0m [36mraw[0m=[35m65[0m
[2m2026-04-02T10:10:44.532965Z[0m [[32m[1minfo     [0m] [1mquality_filter                [0m [36minput[0m=[35m221[0m [36mpassed[0m=[35m0[0m
[2m2026-04-02T10:10:44.533021Z[0m [[32m[1minfo     [0m] [1mdedup                         [0m [36mafter[0m=[35m0[0m [36mbefore[0m=[35m0[0m
[2m2026-04-02T10:10:44.533053Z[0m [[32m[1minfo     [0m] [1mfulltext_selection            [0m [36mcandidates[0m=[35m0[0m [36mfiltered[0m=[35m0[0m [36mmode[0m=[35mhigh-value[0m [36mticker[0m=[35mAME[0m
[2m2026-04-02T10:10:44.533615Z[0m [[32m[1minfo     [0m] [1mcrawling                      [0m [36mchannel[0m=[35mGoogle->Benzinga[0m [36mtag[0m=[35mgoogle_benzinga[0m
[2m2026-04-02T10:10:46.961088Z[0m [[32m[1minfo     [0m] [1mfetch                         [0m [36mstatus[0m=[35m200[0m [36murl[0m=[35m'https://news.google.com/rss/search?q=GWW+site:benzinga.com&hl=en-US&gl=US&ceid=US:en'[0m
[2m2026-04-02T10:10:46.966198Z[0m [[32m[1minfo     [0m] [1mparsed                        [0m [36mchannel[0m=[35mgoogle_benzinga[0m [36mraw[0m=[35m14[0m
[2m2026-04-02T10:10:48.976433Z[0m [[32m[1minfo     [0m] [1mfetch                         [0m [36mstatus[0m=[35m200[0m [36murl[0m=[35m'https://news.google.com/rss/search?q=GWW+site:benzinga.com&hl=en-US&gl=US&ceid=US:en'[0m
[2m2026-04-02T10:10:48.981760Z[0m [[32m[1minfo     [0m] [1mparsed                        [0m [36mchannel[0m=[35mgoogle_benzinga[0m [36mraw[0m=[35m14[0m
[2m2026-04-02T10:10:48.981853Z[0m [[32m[1minfo     [0m] [1mcrawling                      [0m [36mchannel[0m=[35m'Google News (all)'[0m [36mtag[0m=[35mgoogle_broad[0m
[2m2026-04-02T10:10:51.394143Z[0m [[32m[1minfo     [0m] [1mfetch                         [0m [36mstatus[0m=[35m200[0m [36murl[0m=[35m'https://news.google.com/rss/search?q=GWW+stock+news&hl=en-US&gl=US&ceid=US:en'[0m
[2m2026-04-02T10:10:51.430012Z[0m [[32m[1minfo     [0m] [1mparsed                        [0m [36mchannel[0m=[35mgoogle_broad[0m [36mraw[0m=[35m60[0m
[2m2026-04-02T10:10:53.839356Z[0m [[32m[1minfo     [0m] [1mfetch                         [0m [36mstatus[0m=[35m200[0m [36murl[0m=[35m'https://news.google.com/rss/search?q=GWW+earnings+analysis&hl=en-US&gl=US&ceid=US:en'[0m
[2m2026-04-02T10:10:53.860316Z[0m [[32m[1minfo     [0m] [1mparsed                        [0m [36mchannel[0m=[35mgoogle_broad[0m [36mraw[0m=[35m39[0m
[2m2026-04-02T10:10:53.860843Z[0m [[32m[1minfo     [0m] [1mquality_filter                [0m [36minput[0m=[35m127[0m [36mpassed[0m=[35m0[0m
[2m2026-04-02T10:10:53.860900Z[0m [[32m[1minfo     [0m] [1mdedup                         [0m [36mafter[0m=[35m0[0m [36mbefore[0m=[35m0[0m
[2m2026-04-02T10:10:53.860932Z[0m [[32m[1minfo     [0m] [1mfulltext_selection            [0m [36mcandidates[0m=[35m0[0m [36mfiltered[0m=[35m0[0m [36mmode[0m=[35mhigh-value[0m [36mticker[0m=[35mGWW[0m
[2m2026-04-02T10:10:53.861530Z[0m [[32m[1minfo     [0m] [1mcrawling                      [0m [36mchannel[0m=[35mGoogle->Benzinga[0m [36mtag[0m=[35mgoogle_benzinga[0m
[2m2026-04-02T10:10:56.294232Z[0m [[32m[1minfo     [0m] [1mfetch                         [0m [36mstatus[0m=[35m200[0m [36murl[0m=[35m'https://news.google.com/rss/search?q=CAH+site:benzinga.com&hl=en-US&gl=US&ceid=US:en'[0m
[2m2026-04-02T10:10:56.303589Z[0m [[32m[1minfo     [0m] [1mparsed                        [0m [36mchannel[0m=[35mgoogle_benzinga[0m [36mraw[0m=[35m30[0m
[2m2026-04-02T10:10:58.320816Z[0m [[32m[1minfo     [0m] [1mfetch                         [0m [36mstatus[0m=[35m200[0m [36murl[0m=[35m'https://news.google.com/rss/search?q=CAH+site:benzinga.com&hl=en-US&gl=US&ceid=US:en'[0m
[2m2026-04-02T10:10:58.330256Z[0m [[32m[1minfo     [0m] [1mparsed                        [0m [36mchannel[0m=[35mgoogle_benzinga[0m [36mraw[0m=[35m30[0m
[2m2026-04-02T10:10:58.330375Z[0m [[32m[1minfo     [0m] [1mcrawling                      [0m [36mchannel[0m=[35m'Google News (all)'[0m [36mtag[0m=[35mgoogle_broad[0m
[2m2026-04-02T10:11:00.956294Z[0m [[32m[1minfo     [0m] [1mfetch                         [0m [36mstatus[0m=[35m200[0m [36murl[0m=[35m'https://news.google.com/rss/search?q=CAH+stock+news&hl=en-US&gl=US&ceid=US:en'[0m
[2m2026-04-02T10:11:01.064623Z[0m [[32m[1minfo     [0m] [1mparsed                        [0m [36mchannel[0m=[35mgoogle_broad[0m [36mraw[0m=[35m90[0m
[2m2026-04-02T10:11:03.513262Z[0m [[32m[1minfo     [0m] [1mfetch                         [0m [36mstatus[0m=[35m200[0m [36murl[0m=[35m'https://news.google.com/rss/search?q=CAH+earnings+analysis&hl=en-US&gl=US&ceid=US:en'[0m
[2m2026-04-02T10:11:03.541438Z[0m [[32m[1minfo     [0m] [1mparsed                        [0m [36mchannel[0m=[35mgoogle_broad[0m [36mraw[0m=[35m45[0m
[2m2026-04-02T10:11:03.542028Z[0m [[32m[1minfo     [0m] [1mquality_filter                [0m [36minput[0m=[35m195[0m [36mpassed[0m=[35m0[0m
[2m2026-04-02T10:11:03.542090Z[0m [[32m[1minfo     [0m] [1mdedup                         [0m [36mafter[0m=[35m0[0m [36mbefore[0m=[35m0[0m
[2m2026-04-02T10:11:03.542123Z[0m [[32m[1minfo     [0m] [1mfulltext_selection            [0m [36mcandidates[0m=[35m0[0m [36mfiltered[0m=[35m0[0m [36mmode[0m=[35mhigh-value[0m [36mticker[0m=[35mCAH[0m
[2m2026-04-02T10:11:03.542865Z[0m [[32m[1minfo     [0m] [1mcrawling                      [0m [36mchannel[0m=[35mGoogle->Benzinga[0m [36mtag[0m=[35mgoogle_benzinga[0m
[2m2026-04-02T10:11:06.110258Z[0m [[32m[1minfo     [0m] [1mfetch                         [0m [36mstatus[0m=[35m200[0m [36murl[0m=[35m'https://news.google.com/rss/search?q=PSA+site:benzinga.com&hl=en-US&gl=US&ceid=US:en'[0m
[2m2026-04-02T10:11:06.214680Z[0m [[32m[1minfo     [0m] [1mparsed                        [0m [36mchannel[0m=[35mgoogle_benzinga[0m [36mraw[0m=[35m100[0m
[2m2026-04-02T10:11:08.235787Z[0m [[32m[1minfo     [0m] [1mfetch                         [0m [36mstatus[0m=[35m200[0m [36murl[0m=[35m'https://news.google.com/rss/search?q=PSA+site:benzinga.com&hl=en-US&gl=US&ceid=US:en'[0m
[2m2026-04-02T10:11:08.263645Z[0m [[32m[1minfo     [0m] [1mparsed                        [0m [36mchannel[0m=[35mgoogle_benzinga[0m [36mraw[0m=[35m100[0m
[2m2026-04-02T10:11:08.263760Z[0m [[32m[1minfo     [0m] [1mcrawling                      [0m [36mchannel[0m=[35m'Google News (all)'[0m [36mtag[0m=[35mgoogle_broad[0m
[2m2026-04-02T10:11:10.841613Z[0m [[32m[1minfo     [0m] [1mfetch                         [0m [36mstatus[0m=[35m200[0m [36murl[0m=[35m'https://news.google.com/rss/search?q=PSA+stock+news&hl=en-US&gl=US&ceid=US:en'[0m
[2m2026-04-02T10:11:10.933984Z[0m [[32m[1minfo     [0m] [1mparsed                        [0m [36mchannel[0m=[35mgoogle_broad[0m [36mraw[0m=[35m67[0m
[2m2026-04-02T10:11:13.431739Z[0m [[32m[1minfo     [0m] [1mfetch                         [0m [36mstatus[0m=[35m200[0m [36murl[0m=[35m'https://news.google.com/rss/search?q=PSA+earnings+analysis&hl=en-US&gl=US&ceid=US:en'[0m
[2m2026-04-02T10:11:13.522574Z[0m [[32m[1minfo     [0m] [1mparsed                        [0m [36mchannel[0m=[35mgoogle_broad[0m [36mraw[0m=[35m66[0m
[2m2026-04-02T10:11:13.523653Z[0m [[32m[1minfo     [0m] [1mquality_filter                [0m [36minput[0m=[35m333[0m [36mpassed[0m=[35m3[0m
[2m2026-04-02T10:11:13.523905Z[0m [[32m[1minfo     [0m] [1mdedup                         [0m [36mafter[0m=[35m2[0m [36mbefore[0m=[35m3[0m
[2m2026-04-02T10:11:13.523979Z[0m [[32m[1minfo     [0m] [1mfulltext_selection            [0m [36mcandidates[0m=[35m1[0m [36mfiltered[0m=[35m2[0m [36mmode[0m=[35mhigh-value[0m [36mticker[0m=[35mPSA[0m
[2m2026-04-02T10:11:16.550590Z[0m [[32m[1minfo     [0m] [1mfetch                         [0m [36mstatus[0m=[35m200[0m [36murl[0m=[35mhttps://intellectia.ai/en/stock/PSA-PG/news[0m
[2m2026-04-02T10:11:17.168042Z[0m [[32m[1minfo     [0m] [1mcrawling                      [0m [36mchannel[0m=[35mGoogle->Benzinga[0m [36mtag[0m=[35mgoogle_benzinga[0m
[2m2026-04-02T10:11:19.596916Z[0m [[32m[1minfo     [0m] [1mfetch                         [0m [36mstatus[0m=[35m200[0m [36murl[0m=[35m'https://news.google.com/rss/search?q=CTVA+site:benzinga.com&hl=en-US&gl=US&ceid=US:en'[0m
[2m2026-04-02T10:11:19.603148Z[0m [[32m[1minfo     [0m] [1mparsed                        [0m [36mchannel[0m=[35mgoogle_benzinga[0m [36mraw[0m=[35m19[0m
[2m2026-04-02T10:11:21.619671Z[0m [[32m[1minfo     [0m] [1mfetch                         [0m [36mstatus[0m=[35m200[0m [36murl[0m=[35m'https://news.google.com/rss/search?q=CTVA+site:benzinga.com&hl=en-US&gl=US&ceid=US:en'[0m
[2m2026-04-02T10:11:21.626452Z[0m [[32m[1minfo     [0m] [1mparsed                        [0m [36mchannel[0m=[35mgoogle_benzinga[0m [36mraw[0m=[35m19[0m
[2m2026-04-02T10:11:21.626546Z[0m [[32m[1minfo     [0m] [1mcrawling                      [0m [36mchannel[0m=[35m'Google News (all)'[0m [36mtag[0m=[35mgoogle_broad[0m
[2m2026-04-02T10:11:24.256439Z[0m [[32m[1minfo     [0m] [1mfetch                         [0m [36mstatus[0m=[35m200[0m [36murl[0m=[35m'https://news.google.com/rss/search?q=CTVA+stock+news&hl=en-US&gl=US&ceid=US:en'[0m
[2m2026-04-02T10:11:24.359145Z[0m [[32m[1minfo     [0m] [1mparsed                        [0m [36mchannel[0m=[35mgoogle_broad[0m [36mraw[0m=[35m91[0m
[2m2026-04-02T10:11:26.743297Z[0m [[32m[1minfo     [0m] [1mfetch                         [0m [36mstatus[0m=[35m200[0m [36murl[0m=[35m'https://news.google.com/rss/search?q=CTVA+earnings+analysis&hl=en-US&gl=US&ceid=US:en'[0m
[2m2026-04-02T10:11:26.761717Z[0m [[32m[1minfo     [0m] [1mparsed                        [0m [36mchannel[0m=[35mgoogle_broad[0m [36mraw[0m=[35m38[0m
[2m2026-04-02T10:11:26.762324Z[0m [[32m[1minfo     [0m] [1mquality_filter                [0m [36minput[0m=[35m167[0m [36mpassed[0m=[35m1[0m
[2m2026-04-02T10:11:26.762430Z[0m [[32m[1minfo     [0m] [1mdedup                         [0m [36mafter[0m=[35m1[0m [36mbefore[0m=[35m1[0m
[2m2026-04-02T10:11:26.762475Z[0m [[32m[1minfo     [0m] [1mfulltext_selection            [0m [36mcandidates[0m=[35m0[0m [36mfiltered[0m=[35m1[0m [36mmode[0m=[35mhigh-value[0m [36mticker[0m=[35mCTVA[0m
[2m2026-04-02T10:11:26.763237Z[0m [[32m[1minfo     [0m] [1mcrawling                      [0m [36mchannel[0m=[35mGoogle->Benzinga[0m [36mtag[0m=[35mgoogle_benzinga[0m
[2m2026-04-02T10:11:29.224192Z[0m [[32m[1minfo     [0m] [1mfetch                         [0m [36mstatus[0m=[35m200[0m [36murl[0m=[35m'https://news.google.com/rss/search?q=CARR+site:benzinga.com&hl=en-US&gl=US&ceid=US:en'[0m
[2m2026-04-02T10:11:29.243278Z[0m [[32m[1minfo     [0m] [1mparsed                        [0m [36mchannel[0m=[35mgoogle_benzinga[0m [36mraw[0m=[35m42[0m
[2m2026-04-02T10:11:31.263381Z[0m [[32m[1minfo     [0m] [1mfetch                         [0m [36mstatus[0m=[35m200[0m [36murl[0m=[35m'https://news.google.com/rss/search?q=CARR+site:benzinga.com&hl=en-US&gl=US&ceid=US:en'[0m
[2m2026-04-02T10:11:31.275374Z[0m [[32m[1minfo     [0m] [1mparsed                        [0m [36mchannel[0m=[35mgoogle_benzinga[0m [36mraw[0m=[35m42[0m
[2m2026-04-02T10:11:31.275496Z[0m [[32m[1minfo     [0m] [1mcrawling                      [0m [36mchannel[0m=[35m'Google News (all)'[0m [36mtag[0m=[35mgoogle_broad[0m
[2m2026-04-02T10:11:33.787927Z[0m [[32m[1minfo     [0m] [1mfetch                         [0m [36mstatus[0m=[35m200[0m [36murl[0m=[35m'https://news.google.com/rss/search?q=CARR+stock+news&hl=en-US&gl=US&ceid=US:en'[0m
[2m2026-04-02T10:11:33.874857Z[0m [[32m[1minfo     [0m] [1mparsed                        [0m [36mchannel[0m=[35mgoogle_broad[0m [36mraw[0m=[35m74[0m
[2m2026-04-02T10:11:36.383369Z[0m [[32m[1minfo     [0m] [1mfetch                         [0m [36mstatus[0m=[35m200[0m [36murl[0m=[35m'https://news.google.com/rss/search?q=CARR+earnings+analysis&hl=en-US&gl=US&ceid=US:en'[0m
[2m2026-04-02T10:11:36.432268Z[0m [[32m[1minfo     [0m] [1mparsed                        [0m [36mchannel[0m=[35mgoogle_broad[0m [36mraw[0m=[35m62[0m
[2m2026-04-02T10:11:36.433533Z[0m [[32m[1minfo     [0m] [1mquality_filter                [0m [36minput[0m=[35m220[0m [36mpassed[0m=[35m6[0m
[2m2026-04-02T10:11:36.434063Z[0m [[32m[1minfo     [0m] [1mdedup                         [0m [36mafter[0m=[35m5[0m [36mbefore[0m=[35m6[0m
[2m2026-04-02T10:11:36.434153Z[0m [[32m[1minfo     [0m] [1mfulltext_selection            [0m [36mcandidates[0m=[35m4[0m [36mfiltered[0m=[35m5[0m [36mmode[0m=[35mhigh-value[0m [36mticker[0m=[35mCARR[0m
[2m2026-04-02T10:11:38.290218Z[0m [[32m[1minfo     [0m] [1mfetch                         [0m [36mstatus[0m=[35m403[0m [36murl[0m=[35mhttps://www.gurufocus.com/news/8765563/carrier-global-carr-price-target-lowered-by-wells-f[0m
[2m2026-04-02T10:11:38.513327Z[0m [[32m[1minfo     [0m] [1mfetch                         [0m [36mstatus[0m=[35m200[0m [36murl[0m=[35mhttps://www.marketbeat.com/instant-alerts/barclays-issues-pessimistic-forecast-for-carrier[0m
[2m2026-04-02T10:11:38.737743Z[0m [[32m[1minfo     [0m] [1mfetch                         [0m [36mstatus[0m=[35m403[0m [36murl[0m=[35mhttps://www.gurufocus.com/news/8765730/carrier-global-carr-barclays-lowers-price-target-bu[0m
[2m2026-04-02T10:11:39.678596Z[0m [[32m[1minfo     [0m] [1mfetch                         [0m [36mstatus[0m=[35m200[0m [36murl[0m=[35mhttps://www.defenseworld.net/2026/04/02/carrier-global-nysecarr-price-target-cut-to-67-00-[0m
[2m2026-04-02T10:11:40.285787Z[0m [[32m[1minfo     [0m] [1mcrawling                      [0m [36mchannel[0m=[35mGoogle->Benzinga[0m [36mtag[0m=[35mgoogle_benzinga[0m
[2m2026-04-02T10:11:43.379918Z[0m [[32m[1minfo     [0m] [1mfetch                         [0m [36mstatus[0m=[35m200[0m [36murl[0m=[35m'https://news.google.com/rss/search?q=KEYS+site:benzinga.com&hl=en-US&gl=US&ceid=US:en'[0m
[2m2026-04-02T10:11:43.489917Z[0m [[32m[1minfo     [0m] [1mparsed                        [0m [36mchannel[0m=[35mgoogle_benzinga[0m [36mraw[0m=[35m100[0m
[2m2026-04-02T10:11:45.509233Z[0m [[32m[1minfo     [0m] [1mfetch                         [0m [36mstatus[0m=[35m200[0m [36murl[0m=[35m'https://news.google.com/rss/search?q=KEYS+site:benzinga.com&hl=en-US&gl=US&ceid=US:en'[0m
[2m2026-04-02T10:11:45.540302Z[0m [[32m[1minfo     [0m] [1mparsed                        [0m [36mchannel[0m=[35mgoogle_benzinga[0m [36mraw[0m=[35m100[0m
[2m2026-04-02T10:11:45.540420Z[0m [[32m[1minfo     [0m] [1mcrawling                      [0m [36mchannel[0m=[35m'Google News (all)'[0m [36mtag[0m=[35mgoogle_broad[0m
[2m2026-04-02T10:11:48.070113Z[0m [[32m[1minfo     [0m] [1mfetch                         [0m [36mstatus[0m=[35m200[0m [36murl[0m=[35m'https://news.google.com/rss/search?q=KEYS+stock+news&hl=en-US&gl=US&ceid=US:en'[0m
[2m2026-04-02T10:11:48.180400Z[0m [[32m[1minfo     [0m] [1mparsed                        [0m [36mchannel[0m=[35mgoogle_broad[0m [36mraw[0m=[35m100[0m
[2m2026-04-02T10:11:50.748246Z[0m [[32m[1minfo     [0m] [1mfetch                         [0m [36mstatus[0m=[35m200[0m [36murl[0m=[35m'https://news.google.com/rss/search?q=KEYS+earnings+analysis&hl=en-US&gl=US&ceid=US:en'[0m
[2m2026-04-02T10:11:50.856414Z[0m [[32m[1minfo     [0m] [1mparsed                        [0m [36mchannel[0m=[35mgoogle_broad[0m [36mraw[0m=[35m97[0m
[2m2026-04-02T10:11:50.857167Z[0m [[32m[1minfo     [0m] [1mquality_filter                [0m [36minput[0m=[35m397[0m [36mpassed[0m=[35m1[0m
[2m2026-04-02T10:11:50.857290Z[0m [[32m[1minfo     [0m] [1mdedup                         [0m [36mafter[0m=[35m1[0m [36mbefore[0m=[35m1[0m
[2m2026-04-02T10:11:50.857338Z[0m [[32m[1minfo     [0m] [1mfulltext_selection            [0m [36mcandidates[0m=[35m0[0m [36mfiltered[0m=[35m1[0m [36mmode[0m=[35mhigh-value[0m [36mticker[0m=[35mKEYS[0m
[2m2026-04-02T10:11:50.858334Z[0m [[32m[1minfo     [0m] [1mcrawling                      [0m [36mchannel[0m=[35mGoogle->Benzinga[0m [36mtag[0m=[35mgoogle_benzinga[0m
[2m2026-04-02T10:11:53.344524Z[0m [[32m[1minfo     [0m] [1mfetch                         [0m [36mstatus[0m=[35m200[0m [36murl[0m=[35m'https://news.google.com/rss/search?q=ADSK+site:benzinga.com&hl=en-US&gl=US&ceid=US:en'[0m
[2m2026-04-02T10:11:53.383307Z[0m [[32m[1minfo     [0m] [1mparsed                        [0m [36mchannel[0m=[35mgoogle_benzinga[0m [36mraw[0m=[35m56[0m
[2m2026-04-02T10:11:55.398736Z[0m [[32m[1minfo     [0m] [1mfetch                         [0m [36mstatus[0m=[35m200[0m [36murl[0m=[35m'https://news.google.com/rss/search?q=ADSK+site:benzinga.com&hl=en-US&gl=US&ceid=US:en'[0m
[2m2026-04-02T10:11:55.418378Z[0m [[32m[1minfo     [0m] [1mparsed                        [0m [36mchannel[0m=[35mgoogle_benzinga[0m [36mraw[0m=[35m56[0m
[2m2026-04-02T10:11:55.418503Z[0m [[32m[1minfo     [0m] [1mcrawling                      [0m [36mchannel[0m=[35m'Google News (all)'[0m [36mtag[0m=[35mgoogle_broad[0m
[2m2026-04-02T10:11:57.970234Z[0m [[32m[1minfo     [0m] [1mfetch                         [0m [36mstatus[0m=[35m200[0m [36murl[0m=[35m'https://news.google.com/rss/search?q=ADSK+stock+news&hl=en-US&gl=US&ceid=US:en'[0m
[2m2026-04-02T10:11:58.066867Z[0m [[32m[1minfo     [0m] [1mparsed                        [0m [36mchannel[0m=[35mgoogle_broad[0m [36mraw[0m=[35m100[0m
[2m2026-04-02T10:12:00.550996Z[0m [[32m[1minfo     [0m] [1mfetch                         [0m [36mstatus[0m=[35m200[0m [36murl[0m=[35m'https://news.google.com/rss/search?q=ADSK+earnings+analysis&hl=en-US&gl=US&ceid=US:en'[0m
[2m2026-04-02T10:12:00.581458Z[0m [[32m[1minfo     [0m] [1mparsed                        [0m [36mchannel[0m=[35mgoogle_broad[0m [36mraw[0m=[35m48[0m
[2m2026-04-02T10:12:00.581942Z[0m [[32m[1minfo     [0m] [1mquality_filter                [0m [36minput[0m=[35m260[0m [36mpassed[0m=[35m0[0m
[2m2026-04-02T10:12:00.581995Z[0m [[32m[1minfo     [0m] [1mdedup                         [0m [36mafter[0m=[35m0[0m [36mbefore[0m=[35m0[0m
[2m2026-04-02T10:12:00.582026Z[0m [[32m[1minfo     [0m] [1mfulltext_selection            [0m [36mcandidates[0m=[35m0[0m [36mfiltered[0m=[35m0[0m [36mmode[0m=[35mhigh-value[0m [36mticker[0m=[35mADSK[0m
[2m2026-04-02T10:12:00.582810Z[0m [[32m[1minfo     [0m] [1mcrawling                      [0m [36mchannel[0m=[35mGoogle->Benzinga[0m [36mtag[0m=[35mgoogle_benzinga[0m
[2m2026-04-02T10:12:03.166280Z[0m [[32m[1minfo     [0m] [1mfetch                         [0m [36mstatus[0m=[35m200[0m [36murl[0m=[35m'https://news.google.com/rss/search?q=TGT+site:benzinga.com&hl=en-US&gl=US&ceid=US:en'[0m
[2m2026-04-02T10:12:03.268383Z[0m [[32m[1minfo     [0m] [1mparsed                        [0m [36mchannel[0m=[35mgoogle_benzinga[0m [36mraw[0m=[35m100[0m
[2m2026-04-02T10:12:05.282402Z[0m [[32m[1minfo     [0m] [1mfetch                         [0m [36mstatus[0m=[35m200[0m [36murl[0m=[35m'https://news.google.com/rss/search?q=TGT+site:benzinga.com&hl=en-US&gl=US&ceid=US:en'[0m
[2m2026-04-02T10:12:05.313050Z[0m [[32m[1minfo     [0m] [1mparsed                        [0m [36mchannel[0m=[35mgoogle_benzinga[0m [36mraw[0m=[35m100[0m
[2m2026-04-02T10:12:05.313186Z[0m [[32m[1minfo     [0m] [1mcrawling                      [0m [36mchannel[0m=[35m'Google News (all)'[0m [36mtag[0m=[35mgoogle_broad[0m
[2m2026-04-02T10:12:07.885966Z[0m [[32m[1minfo     [0m] [1mfetch                         [0m [36mstatus[0m=[35m200[0m [36murl[0m=[35m'https://news.google.com/rss/search?q=TGT+stock+news&hl=en-US&gl=US&ceid=US:en'[0m
[2m2026-04-02T10:12:07.947844Z[0m [[32m[1minfo     [0m] [1mparsed                        [0m [36mchannel[0m=[35mgoogle_broad[0m [36mraw[0m=[35m100[0m
[2m2026-04-02T10:12:10.455046Z[0m [[32m[1minfo     [0m] [1mfetch                         [0m [36mstatus[0m=[35m200[0m [36murl[0m=[35m'https://news.google.com/rss/search?q=TGT+earnings+analysis&hl=en-US&gl=US&ceid=US:en'[0m
[2m2026-04-02T10:12:10.547719Z[0m [[32m[1minfo     [0m] [1mparsed                        [0m [36mchannel[0m=[35mgoogle_broad[0m [36mraw[0m=[35m88[0m
[2m2026-04-02T10:12:10.548373Z[0m [[32m[1minfo     [0m] [1mquality_filter                [0m [36minput[0m=[35m388[0m [36mpassed[0m=[35m0[0m
[2m2026-04-02T10:12:10.548432Z[0m [[32m[1minfo     [0m] [1mdedup                         [0m [36mafter[0m=[35m0[0m [36mbefore[0m=[35m0[0m
[2m2026-04-02T10:12:10.548465Z[0m [[32m[1minfo     [0m] [1mfulltext_selection            [0m [36mcandidates[0m=[35m0[0m [36mfiltered[0m=[35m0[0m [36mmode[0m=[35mhigh-value[0m [36mticker[0m=[35mTGT[0m
[2m2026-04-02T10:12:10.549258Z[0m [[32m[1minfo     [0m] [1mcrawling                      [0m [36mchannel[0m=[35mGoogle->Benzinga[0m [36mtag[0m=[35mgoogle_benzinga[0m
[2m2026-04-02T10:12:12.984762Z[0m [[32m[1minfo     [0m] [1mfetch                         [0m [36mstatus[0m=[35m200[0m [36murl[0m=[35m'https://news.google.com/rss/search?q=BDX+site:benzinga.com&hl=en-US&gl=US&ceid=US:en'[0m
[2m2026-04-02T10:12:12.993105Z[0m [[32m[1minfo     [0m] [1mparsed                        [0m [36mchannel[0m=[35mgoogle_benzinga[0m [36mraw[0m=[35m23[0m
[2m2026-04-02T10:12:15.009205Z[0m [[32m[1minfo     [0m] [1mfetch                         [0m [36mstatus[0m=[35m200[0m [36murl[0m=[35m'https://news.google.com/rss/search?q=BDX+site:benzinga.com&hl=en-US&gl=US&ceid=US:en'[0m
[2m2026-04-02T10:12:15.017422Z[0m [[32m[1minfo     [0m] [1mparsed                        [0m [36mchannel[0m=[35mgoogle_benzinga[0m [36mraw[0m=[35m23[0m
[2m2026-04-02T10:12:15.017523Z[0m [[32m[1minfo     [0m] [1mcrawling                      [0m [36mchannel[0m=[35m'Google News (all)'[0m [36mtag[0m=[35mgoogle_broad[0m
[2m2026-04-02T10:12:17.600499Z[0m [[32m[1minfo     [0m] [1mfetch                         [0m [36mstatus[0m=[35m200[0m [36murl[0m=[35m'https://news.google.com/rss/search?q=BDX+stock+news&hl=en-US&gl=US&ceid=US:en'[0m
[2m2026-04-02T10:12:17.708854Z[0m [[32m[1minfo     [0m] [1mparsed                        [0m [36mchannel[0m=[35mgoogle_broad[0m [36mraw[0m=[35m100[0m
[2m2026-04-02T10:12:20.101145Z[0m [[32m[1minfo     [0m] [1mfetch                         [0m [36mstatus[0m=[35m200[0m [36murl[0m=[35m'https://news.google.com/rss/search?q=BDX+earnings+analysis&hl=en-US&gl=US&ceid=US:en'[0m
[2m2026-04-02T10:12:20.119083Z[0m [[32m[1minfo     [0m] [1mparsed                        [0m [36mchannel[0m=[35mgoogle_broad[0m [36mraw[0m=[35m33[0m
[2m2026-04-02T10:12:20.119717Z[0m [[32m[1minfo     [0m] [1mquality_filter                [0m [36minput[0m=[35m179[0m [36mpassed[0m=[35m0[0m
[2m2026-04-02T10:12:20.119798Z[0m [[32m[1minfo     [0m] [1mdedup                         [0m [36mafter[0m=[35m0[0m [36mbefore[0m=[35m0[0m
[2m2026-04-02T10:12:20.119848Z[0m [[32m[1minfo     [0m] [1mfulltext_selection            [0m [36mcandidates[0m=[35m0[0m [36mfiltered[0m=[35m0[0m [36mmode[0m=[35mhigh-value[0m [36mticker[0m=[35mBDX[0m
[2m2026-04-02T10:12:20.120571Z[0m [[32m[1minfo     [0m] [1mcrawling                      [0m [36mchannel[0m=[35mGoogle->Benzinga[0m [36mtag[0m=[35mgoogle_benzinga[0m
[2m2026-04-02T10:12:23.237931Z[0m [[32m[1minfo     [0m] [1mfetch                         [0m [36mstatus[0m=[35m200[0m [36murl[0m=[35m'https://news.google.com/rss/search?q=EA+site:benzinga.com&hl=en-US&gl=US&ceid=US:en'[0m
[2m2026-04-02T10:12:23.342241Z[0m [[32m[1minfo     [0m] [1mparsed                        [0m [36mchannel[0m=[35mgoogle_benzinga[0m [36mraw[0m=[35m100[0m
[2m2026-04-02T10:12:25.356144Z[0m [[32m[1minfo     [0m] [1mfetch                         [0m [36mstatus[0m=[35m200[0m [36murl[0m=[35m'https://news.google.com/rss/search?q=EA+site:benzinga.com&hl=en-US&gl=US&ceid=US:en'[0m
[2m2026-04-02T10:12:25.393073Z[0m [[32m[1minfo     [0m] [1mparsed                        [0m [36mchannel[0m=[35mgoogle_benzinga[0m [36mraw[0m=[35m100[0m
[2m2026-04-02T10:12:25.393217Z[0m [[32m[1minfo     [0m] [1mcrawling                      [0m [36mchannel[0m=[35m'Google News (all)'[0m [36mtag[0m=[35mgoogle_broad[0m
[2m2026-04-02T10:12:27.963044Z[0m [[32m[1minfo     [0m] [1mfetch                         [0m [36mstatus[0m=[35m200[0m [36murl[0m=[35m'https://news.google.com/rss/search?q=EA+stock+news&hl=en-US&gl=US&ceid=US:en'[0m
[2m2026-04-02T10:12:28.079473Z[0m [[32m[1minfo     [0m] [1mparsed                        [0m [36mchannel[0m=[35mgoogle_broad[0m [36mraw[0m=[35m100[0m
[2m2026-04-02T10:12:30.616370Z[0m [[32m[1minfo     [0m] [1mfetch                         [0m [36mstatus[0m=[35m200[0m [36murl[0m=[35m'https://news.google.com/rss/search?q=EA+earnings+analysis&hl=en-US&gl=US&ceid=US:en'[0m
[2m2026-04-02T10:12:30.711620Z[0m [[32m[1minfo     [0m] [1mparsed                        [0m [36mchannel[0m=[35mgoogle_broad[0m [36mraw[0m=[35m65[0m
[2m2026-04-02T10:12:30.712921Z[0m [[32m[1minfo     [0m] [1mquality_filter                [0m [36minput[0m=[35m365[0m [36mpassed[0m=[35m1[0m
[2m2026-04-02T10:12:30.713110Z[0m [[32m[1minfo     [0m] [1mdedup                         [0m [36mafter[0m=[35m1[0m [36mbefore[0m=[35m1[0m
[2m2026-04-02T10:12:30.713171Z[0m [[32m[1minfo     [0m] [1mfulltext_selection            [0m [36mcandidates[0m=[35m1[0m [36mfiltered[0m=[35m1[0m [36mmode[0m=[35mhigh-value[0m [36mticker[0m=[35mEA[0m
[2m2026-04-02T10:12:32.955274Z[0m [[32m[1minfo     [0m] [1mfetch                         [0m [36mstatus[0m=[35m200[0m [36murl[0m=[35mhttps://www.marketbeat.com/instant-alerts/filing-electronic-arts-inc-ea-stock-holdings-boo[0m
[2m2026-04-02T10:12:33.205053Z[0m [[32m[1minfo     [0m] [1mcrawling                      [0m [36mchannel[0m=[35mGoogle->Benzinga[0m [36mtag[0m=[35mgoogle_benzinga[0m
[2m2026-04-02T10:12:36.214996Z[0m [[32m[1minfo     [0m] [1mfetch                         [0m [36mstatus[0m=[35m200[0m [36murl[0m=[35m'https://news.google.com/rss/search?q=EW+site:benzinga.com&hl=en-US&gl=US&ceid=US:en'[0m
[2m2026-04-02T10:12:36.319595Z[0m [[32m[1minfo     [0m] [1mparsed                        [0m [36mchannel[0m=[35mgoogle_benzinga[0m [36mraw[0m=[35m90[0m
[2m2026-04-02T10:12:38.339636Z[0m [[32m[1minfo     [0m] [1mfetch                         [0m [36mstatus[0m=[35m200[0m [36murl[0m=[35m'https://news.google.com/rss/search?q=EW+site:benzinga.com&hl=en-US&gl=US&ceid=US:en'[0m
[2m2026-04-02T10:12:38.363688Z[0m [[32m[1minfo     [0m] [1mparsed                        [0m [36mchannel[0m=[35mgoogle_benzinga[0m [36mraw[0m=[35m90[0m
[2m2026-04-02T10:12:38.363812Z[0m [[32m[1minfo     [0m] [1mcrawling                      [0m [36mchannel[0m=[35m'Google News (all)'[0m [36mtag[0m=[35mgoogle_broad[0m
[2m2026-04-02T10:12:40.782997Z[0m [[32m[1minfo     [0m] [1mfetch                         [0m [36mstatus[0m=[35m200[0m [36murl[0m=[35m'https://news.google.com/rss/search?q=EW+stock+news&hl=en-US&gl=US&ceid=US:en'[0m
[2m2026-04-02T10:12:40.817585Z[0m [[32m[1minfo     [0m] [1mparsed                        [0m [36mchannel[0m=[35mgoogle_broad[0m [36mraw[0m=[35m56[0m
[2m2026-04-02T10:12:43.314769Z[0m [[32m[1minfo     [0m] [1mfetch                         [0m [36mstatus[0m=[35m200[0m [36murl[0m=[35m'https://news.google.com/rss/search?q=EW+earnings+analysis&hl=en-US&gl=US&ceid=US:en'[0m
[2m2026-04-02T10:12:43.399878Z[0m [[32m[1minfo     [0m] [1mparsed                        [0m [36mchannel[0m=[35mgoogle_broad[0m [36mraw[0m=[35m65[0m
[2m2026-04-02T10:12:43.400956Z[0m [[32m[1minfo     [0m] [1mquality_filter                [0m [36minput[0m=[35m301[0m [36mpassed[0m=[35m0[0m
[2m2026-04-02T10:12:43.401036Z[0m [[32m[1minfo     [0m] [1mdedup                         [0m [36mafter[0m=[35m0[0m [36mbefore[0m=[35m0[0m
[2m2026-04-02T10:12:43.401076Z[0m [[32m[1minfo     [0m] [1mfulltext_selection            [0m [36mcandidates[0m=[35m0[0m [36mfiltered[0m=[35m0[0m [36mmode[0m=[35mhigh-value[0m [36mticker[0m=[35mEW[0m
[2m2026-04-02T10:12:43.401777Z[0m [[32m[1minfo     [0m] [1mcrawling                      [0m [36mchannel[0m=[35mGoogle->Benzinga[0m [36mtag[0m=[35mgoogle_benzinga[0m
[2m2026-04-02T10:12:45.899518Z[0m [[32m[1minfo     [0m] [1mfetch                         [0m [36mstatus[0m=[35m200[0m [36murl[0m=[35m'https://news.google.com/rss/search?q=CIEN+site:benzinga.com&hl=en-US&gl=US&ceid=US:en'[0m
[2m2026-04-02T10:12:45.929232Z[0m [[32m[1minfo     [0m] [1mparsed                        [0m [36mchannel[0m=[35mgoogle_benzinga[0m [36mraw[0m=[35m49[0m
[2m2026-04-02T10:12:47.945611Z[0m [[32m[1minfo     [0m] [1mfetch                         [0m [36mstatus[0m=[35m200[0m [36murl[0m=[35m'https://news.google.com/rss/search?q=CIEN+site:benzinga.com&hl=en-US&gl=US&ceid=US:en'[0m
[2m2026-04-02T10:12:47.960712Z[0m [[32m[1minfo     [0m] [1mparsed                        [0m [36mchannel[0m=[35mgoogle_benzinga[0m [36mraw[0m=[35m49[0m
[2m2026-04-02T10:12:47.960822Z[0m [[32m[1minfo     [0m] [1mcrawling                      [0m [36mchannel[0m=[35m'Google News (all)'[0m [36mtag[0m=[35mgoogle_broad[0m
[2m2026-04-02T10:12:50.530155Z[0m [[32m[1minfo     [0m] [1mfetch                         [0m [36mstatus[0m=[35m200[0m [36murl[0m=[35m'https://news.google.com/rss/search?q=CIEN+stock+news&hl=en-US&gl=US&ceid=US:en'[0m
[2m2026-04-02T10:12:50.642126Z[0m [[32m[1minfo     [0m] [1mparsed                        [0m [36mchannel[0m=[35mgoogle_broad[0m [36mraw[0m=[35m100[0m
[2m2026-04-02T10:12:53.191951Z[0m [[32m[1minfo     [0m] [1mfetch                         [0m [36mstatus[0m=[35m200[0m [36murl[0m=[35m'https://news.google.com/rss/search?q=CIEN+earnings+analysis&hl=en-US&gl=US&ceid=US:en'[0m
[2m2026-04-02T10:12:53.225154Z[0m [[32m[1minfo     [0m] [1mparsed                        [0m [36mchannel[0m=[35mgoogle_broad[0m [36mraw[0m=[35m50[0m
[2m2026-04-02T10:12:53.225907Z[0m [[32m[1minfo     [0m] [1mquality_filter                [0m [36minput[0m=[35m248[0m [36mpassed[0m=[35m2[0m
[2m2026-04-02T10:12:53.226187Z[0m [[32m[1minfo     [0m] [1mdedup                         [0m [36mafter[0m=[35m2[0m [36mbefore[0m=[35m2[0m
[2m2026-04-02T10:12:53.226266Z[0m [[32m[1minfo     [0m] [1mfulltext_selection            [0m [36mcandidates[0m=[35m0[0m [36mfiltered[0m=[35m2[0m [36mmode[0m=[35mhigh-value[0m [36mticker[0m=[35mCIEN[0m
[2m2026-04-02T10:12:53.226965Z[0m [[32m[1minfo     [0m] [1mcrawling                      [0m [36mchannel[0m=[35mGoogle->Benzinga[0m [36mtag[0m=[35mgoogle_benzinga[0m
[2m2026-04-02T10:12:55.646028Z[0m [[32m[1minfo     [0m] [1mfetch                         [0m [36mstatus[0m=[35m200[0m [36murl[0m=[35m'https://news.google.com/rss/search?q=GRMN+site:benzinga.com&hl=en-US&gl=US&ceid=US:en'[0m
[2m2026-04-02T10:12:55.652386Z[0m [[32m[1minfo     [0m] [1mparsed                        [0m [36mchannel[0m=[35mgoogle_benzinga[0m [36mraw[0m=[35m17[0m
[2m2026-04-02T10:12:57.657350Z[0m [[32m[1minfo     [0m] [1mfetch                         [0m [36mstatus[0m=[35m200[0m [36murl[0m=[35m'https://news.google.com/rss/search?q=GRMN+site:benzinga.com&hl=en-US&gl=US&ceid=US:en'[0m
[2m2026-04-02T10:12:57.662594Z[0m [[32m[1minfo     [0m] [1mparsed                        [0m [36mchannel[0m=[35mgoogle_benzinga[0m [36mraw[0m=[35m17[0m
[2m2026-04-02T10:12:57.662676Z[0m [[32m[1minfo     [0m] [1mcrawling                      [0m [36mchannel[0m=[35m'Google News (all)'[0m [36mtag[0m=[35mgoogle_broad[0m
[2m2026-04-02T10:13:00.142267Z[0m [[32m[1minfo     [0m] [1mfetch                         [0m [36mstatus[0m=[35m200[0m [36murl[0m=[35m'https://news.google.com/rss/search?q=GRMN+stock+news&hl=en-US&gl=US&ceid=US:en'[0m
[2m2026-04-02T10:13:00.252412Z[0m [[32m[1minfo     [0m] [1mparsed                        [0m [36mchannel[0m=[35mgoogle_broad[0m [36mraw[0m=[35m100[0m
[2m2026-04-02T10:13:02.694439Z[0m [[32m[1minfo     [0m] [1mfetch                         [0m [36mstatus[0m=[35m200[0m [36murl[0m=[35m'https://news.google.com/rss/search?q=GRMN+earnings+analysis&hl=en-US&gl=US&ceid=US:en'[0m
[2m2026-04-02T10:13:02.721812Z[0m [[32m[1minfo     [0m] [1mparsed                        [0m [36mchannel[0m=[35mgoogle_broad[0m [36mraw[0m=[35m48[0m
[2m2026-04-02T10:13:02.722392Z[0m [[32m[1minfo     [0m] [1mquality_filter                [0m [36minput[0m=[35m182[0m [36mpassed[0m=[35m0[0m
[2m2026-04-02T10:13:02.722464Z[0m [[32m[1minfo     [0m] [1mdedup                         [0m [36mafter[0m=[35m0[0m [36mbefore[0m=[35m0[0m
[2m2026-04-02T10:13:02.722507Z[0m [[32m[1minfo     [0m] [1mfulltext_selection            [0m [36mcandidates[0m=[35m0[0m [36mfiltered[0m=[35m0[0m [36mmode[0m=[35mhigh-value[0m [36mticker[0m=[35mGRMN[0m
[2m2026-04-02T10:13:02.723469Z[0m [[32m[1minfo     [0m] [1mcrawling                      [0m [36mchannel[0m=[35mGoogle->Benzinga[0m [36mtag[0m=[35mgoogle_benzinga[0m
[2m2026-04-02T10:13:05.206258Z[0m [[32m[1minfo     [0m] [1mfetch                         [0m [36mstatus[0m=[35m200[0m [36murl[0m=[35m'https://news.google.com/rss/search?q=HSY+site:benzinga.com&hl=en-US&gl=US&ceid=US:en'[0m
[2m2026-04-02T10:13:05.219700Z[0m [[32m[1minfo     [0m] [1mparsed                        [0m [36mchannel[0m=[35mgoogle_benzinga[0m [36mraw[0m=[35m23[0m
[2m2026-04-02T10:13:07.237668Z[0m [[32m[1minfo     [0m] [1mfetch                         [0m [36mstatus[0m=[35m200[0m [36murl[0m=[35m'https://news.google.com/rss/search?q=HSY+site:benzinga.com&hl=en-US&gl=US&ceid=US:en'[0m
[2m2026-04-02T10:13:07.248226Z[0m [[32m[1minfo     [0m] [1mparsed                        [0m [36mchannel[0m=[35mgoogle_benzinga[0m [36mraw[0m=[35m23[0m
[2m2026-04-02T10:13:07.248337Z[0m [[32m[1minfo     [0m] [1mcrawling                      [0m [36mchannel[0m=[35m'Google News (all)'[0m [36mtag[0m=[35mgoogle_broad[0m
[2m2026-04-02T10:13:09.814457Z[0m [[32m[1minfo     [0m] [1mfetch                         [0m [36mstatus[0m=[35m200[0m [36murl[0m=[35m'https://news.google.com/rss/search?q=HSY+stock+news&hl=en-US&gl=US&ceid=US:en'[0m
[2m2026-04-02T10:13:09.911825Z[0m [[32m[1minfo     [0m] [1mparsed                        [0m [36mchannel[0m=[35mgoogle_broad[0m [36mraw[0m=[35m100[0m
[2m2026-04-02T10:13:12.388899Z[0m [[32m[1minfo     [0m] [1mfetch                         [0m [36mstatus[0m=[35m200[0m [36murl[0m=[35m'https://news.google.com/rss/search?q=HSY+earnings+analysis&hl=en-US&gl=US&ceid=US:en'[0m
[2m2026-04-02T10:13:12.424728Z[0m [[32m[1minfo     [0m] [1mparsed                        [0m [36mchannel[0m=[35mgoogle_broad[0m [36mraw[0m=[35m52[0m
[2m2026-04-02T10:13:12.426077Z[0m [[32m[1minfo     [0m] [1mquality_filter                [0m [36minput[0m=[35m198[0m [36mpassed[0m=[35m11[0m
[2m2026-04-02T10:13:12.427132Z[0m [[32m[1minfo     [0m] [1mdedup                         [0m [36mafter[0m=[35m10[0m [36mbefore[0m=[35m11[0m
[2m2026-04-02T10:13:12.427286Z[0m [[32m[1minfo     [0m] [1mfulltext_selection            [0m [36mcandidates[0m=[35m5[0m [36mfiltered[0m=[35m10[0m [36mmode[0m=[35mhigh-value[0m [36mticker[0m=[35mHSY[0m
[2m2026-04-02T10:13:14.375906Z[0m [[32m[1minfo     [0m] [1mfetch                         [0m [36mstatus[0m=[35m200[0m [36murl[0m=[35mhttps://www.marketbeat.com/instant-alerts/ubs-group-lowers-hershey-nysehsy-price-target-to[0m
[2m2026-04-02T10:13:14.938740Z[0m [[32m[1minfo     [0m] [1mfetch                         [0m [36mstatus[0m=[35m403[0m [36murl[0m=[35mhttps://www.gurufocus.com/news/8765549/ubs-maintains-neutral-rating-on-hsy-lowers-price-ta[0m
[2m2026-04-02T10:13:14.992066Z[0m [[32m[1minfo     [0m] [1mfetch                         [0m [36mstatus[0m=[35m200[0m [36murl[0m=[35mhttps://www.marketbeat.com/instant-alerts/filing-sg-americas-securities-llc-buys-30664-sha[0m
[2m2026-04-02T10:13:15.631528Z[0m [[32m[1minfo     [0m] [1mfetch                         [0m [36mstatus[0m=[35m200[0m [36murl[0m=[35mhttps://intellectia.ai/en/stock/HSY/earnings[0m
[2m2026-04-02T10:13:16.733177Z[0m [[32m[1minfo     [0m] [1mfetch                         [0m [36mstatus[0m=[35m200[0m [36murl[0m=[35mhttps://es.benzinga.com/quote/HSY/report[0m
[2m2026-04-02T10:13:17.237516Z[0m [[32m[1minfo     [0m] [1mcrawling                      [0m [36mchannel[0m=[35mGoogle->Benzinga[0m [36mtag[0m=[35mgoogle_benzinga[0m
[2m2026-04-02T10:13:19.887562Z[0m [[32m[1minfo     [0m] [1mfetch                         [0m [36mstatus[0m=[35m200[0m [36murl[0m=[35m'https://news.google.com/rss/search?q=CVNA+site:benzinga.com&hl=en-US&gl=US&ceid=US:en'[0m
[2m2026-04-02T10:13:19.983459Z[0m [[32m[1minfo     [0m] [1mparsed                        [0m [36mchannel[0m=[35mgoogle_benzinga[0m [36mraw[0m=[35m100[0m
[2m2026-04-02T10:13:22.007141Z[0m [[32m[1minfo     [0m] [1mfetch                         [0m [36mstatus[0m=[35m200[0m [36murl[0m=[35m'https://news.google.com/rss/search?q=CVNA+site:benzinga.com&hl=en-US&gl=US&ceid=US:en'[0m
[2m2026-04-02T10:13:22.033966Z[0m [[32m[1minfo     [0m] [1mparsed                        [0m [36mchannel[0m=[35mgoogle_benzinga[0m [36mraw[0m=[35m100[0m
[2m2026-04-02T10:13:22.034078Z[0m [[32m[1minfo     [0m] [1mcrawling                      [0m [36mchannel[0m=[35m'Google News (all)'[0m [36mtag[0m=[35mgoogle_broad[0m
[2m2026-04-02T10:13:24.784580Z[0m [[32m[1minfo     [0m] [1mfetch                         [0m [36mstatus[0m=[35m200[0m [36murl[0m=[35m'https://news.google.com/rss/search?q=CVNA+stock+news&hl=en-US&gl=US&ceid=US:en'[0m
[2m2026-04-02T10:13:24.845090Z[0m [[32m[1minfo     [0m] [1mparsed                        [0m [36mchannel[0m=[35mgoogle_broad[0m [36mraw[0m=[35m100[0m
[2m2026-04-02T10:13:27.409142Z[0m [[32m[1minfo     [0m] [1mfetch                         [0m [36mstatus[0m=[35m200[0m [36murl[0m=[35m'https://news.google.com/rss/search?q=CVNA+earnings+analysis&hl=en-US&gl=US&ceid=US:en'[0m
[2m2026-04-02T10:13:27.432955Z[0m [[32m[1minfo     [0m] [1mparsed                        [0m [36mchannel[0m=[35mgoogle_broad[0m [36mraw[0m=[35m47[0m
[2m2026-04-02T10:13:27.433765Z[0m [[32m[1minfo     [0m] [1mquality_filter                [0m [36minput[0m=[35m347[0m [36mpassed[0m=[35m2[0m
[2m2026-04-02T10:13:27.433949Z[0m [[32m[1minfo     [0m] [1mdedup                         [0m [36mafter[0m=[35m2[0m [36mbefore[0m=[35m2[0m
[2m2026-04-02T10:13:27.434053Z[0m [[32m[1minfo     [0m] [1mfulltext_selection            [0m [36mcandidates[0m=[35m0[0m [36mfiltered[0m=[35m2[0m [36mmode[0m=[35mhigh-value[0m [36mticker[0m=[35mCVNA[0m
[2m2026-04-02T10:13:27.434844Z[0m [[32m[1minfo     [0m] [1mcrawling                      [0m [36mchannel[0m=[35mGoogle->Benzinga[0m [36mtag[0m=[35mgoogle_benzinga[0m
[2m2026-04-02T10:13:30.103642Z[0m [[32m[1minfo     [0m] [1mfetch                         [0m [36mstatus[0m=[35m200[0m [36murl[0m=[35m'https://news.google.com/rss/search?q=MET+site:benzinga.com&hl=en-US&gl=US&ceid=US:en'[0m
[2m2026-04-02T10:13:30.214459Z[0m [[32m[1minfo     [0m] [1mparsed                        [0m [36mchannel[0m=[35mgoogle_benzinga[0m [36mraw[0m=[35m100[0m
[2m2026-04-02T10:13:32.221870Z[0m [[32m[1minfo     [0m] [1mfetch                         [0m [36mstatus[0m=[35m200[0m [36murl[0m=[35m'https://news.google.com/rss/search?q=MET+site:benzinga.com&hl=en-US&gl=US&ceid=US:en'[0m
[2m2026-04-02T10:13:32.255221Z[0m [[32m[1minfo     [0m] [1mparsed                        [0m [36mchannel[0m=[35mgoogle_benzinga[0m [36mraw[0m=[35m100[0m
[2m2026-04-02T10:13:32.255346Z[0m [[32m[1minfo     [0m] [1mcrawling                      [0m [36mchannel[0m=[35m'Google News (all)'[0m [36mtag[0m=[35mgoogle_broad[0m
[2m2026-04-02T10:13:34.797422Z[0m [[32m[1minfo     [0m] [1mfetch                         [0m [36mstatus[0m=[35m200[0m [36murl[0m=[35m'https://news.google.com/rss/search?q=MET+stock+news&hl=en-US&gl=US&ceid=US:en'[0m
[2m2026-04-02T10:13:34.894634Z[0m [[32m[1minfo     [0m] [1mparsed                        [0m [36mchannel[0m=[35mgoogle_broad[0m [36mraw[0m=[35m80[0m
[2m2026-04-02T10:13:37.358391Z[0m [[32m[1minfo     [0m] [1mfetch                         [0m [36mstatus[0m=[35m200[0m [36murl[0m=[35m'https://news.google.com/rss/search?q=MET+earnings+analysis&hl=en-US&gl=US&ceid=US:en'[0m
[2m2026-04-02T10:13:37.394593Z[0m [[32m[1minfo     [0m] [1mparsed                        [0m [36mchannel[0m=[35mgoogle_broad[0m [36mraw[0m=[35m56[0m
[2m2026-04-02T10:13:37.395597Z[0m [[32m[1minfo     [0m] [1mquality_filter                [0m [36minput[0m=[35m336[0m [36mpassed[0m=[35m4[0m
[2m2026-04-02T10:13:37.395896Z[0m [[32m[1minfo     [0m] [1mdedup                         [0m [36mafter[0m=[35m3[0m [36mbefore[0m=[35m4[0m
[2m2026-04-02T10:13:37.395965Z[0m [[32m[1minfo     [0m] [1mfulltext_selection            [0m [36mcandidates[0m=[35m0[0m [36mfiltered[0m=[35m3[0m [36mmode[0m=[35mhigh-value[0m [36mticker[0m=[35mMET[0m
[2m2026-04-02T10:13:37.396870Z[0m [[32m[1minfo     [0m] [1mcrawling                      [0m [36mchannel[0m=[35mGoogle->Benzinga[0m [36mtag[0m=[35mgoogle_benzinga[0m
[2m2026-04-02T10:13:39.881236Z[0m [[32m[1minfo     [0m] [1mfetch                         [0m [36mstatus[0m=[35m200[0m [36murl[0m=[35m'https://news.google.com/rss/search?q=YUM+site:benzinga.com&hl=en-US&gl=US&ceid=US:en'[0m
[2m2026-04-02T10:13:39.920595Z[0m [[32m[1minfo     [0m] [1mparsed                        [0m [36mchannel[0m=[35mgoogle_benzinga[0m [36mraw[0m=[35m73[0m
[2m2026-04-02T10:13:41.934309Z[0m [[32m[1minfo     [0m] [1mfetch                         [0m [36mstatus[0m=[35m200[0m [36murl[0m=[35m'https://news.google.com/rss/search?q=YUM+site:benzinga.com&hl=en-US&gl=US&ceid=US:en'[0m
[2m2026-04-02T10:13:41.952210Z[0m [[32m[1minfo     [0m] [1mparsed                        [0m [36mchannel[0m=[35mgoogle_benzinga[0m [36mraw[0m=[35m73[0m
[2m2026-04-02T10:13:41.952313Z[0m [[32m[1minfo     [0m] [1mcrawling                      [0m [36mchannel[0m=[35m'Google News (all)'[0m [36mtag[0m=[35mgoogle_broad[0m
[2m2026-04-02T10:13:44.533541Z[0m [[32m[1minfo     [0m] [1mfetch                         [0m [36mstatus[0m=[35m200[0m [36murl[0m=[35m'https://news.google.com/rss/search?q=YUM+stock+news&hl=en-US&gl=US&ceid=US:en'[0m
[2m2026-04-02T10:13:44.650815Z[0m [[32m[1minfo     [0m] [1mparsed                        [0m [36mchannel[0m=[35mgoogle_broad[0m [36mraw[0m=[35m100[0m
[2m2026-04-02T10:13:47.164694Z[0m [[32m[1minfo     [0m] [1mfetch                         [0m [36mstatus[0m=[35m200[0m [36murl[0m=[35m'https://news.google.com/rss/search?q=YUM+earnings+analysis&hl=en-US&gl=US&ceid=US:en'[0m
[2m2026-04-02T10:13:47.201387Z[0m [[32m[1minfo     [0m] [1mparsed                        [0m [36mchannel[0m=[35mgoogle_broad[0m [36mraw[0m=[35m62[0m
[2m2026-04-02T10:13:47.203557Z[0m [[32m[1minfo     [0m] [1mquality_filter                [0m [36minput[0m=[35m308[0m [36mpassed[0m=[35m15[0m
[2m2026-04-02T10:13:47.204907Z[0m [[32m[1minfo     [0m] [1mdedup                         [0m [36mafter[0m=[35m14[0m [36mbefore[0m=[35m15[0m
[2m2026-04-02T10:13:47.205077Z[0m [[32m[1minfo     [0m] [1mfulltext_selection            [0m [36mcandidates[0m=[35m8[0m [36mfiltered[0m=[35m14[0m [36mmode[0m=[35mhigh-value[0m [36mticker[0m=[35mYUM[0m
[2m2026-04-02T10:13:48.793163Z[0m [[32m[1minfo     [0m] [1mfetch                         [0m [36mstatus[0m=[35m403[0m [36murl[0m=[35mhttps://www.investing.com/news/sec-filings/yum-brands-appoints-kathleen-k-oberg-to-board-o[0m
[2m2026-04-02T10:13:48.927254Z[0m [[32m[1minfo     [0m] [1mfetch                         [0m [36mstatus[0m=[35m200[0m [36murl[0m=[35mhttps://www.tradingview.com/news/tradingview:d7630718ce42d:0-kathleen-k-oberg-appointed-to[0m
[2m2026-04-02T10:13:49.334953Z[0m [[32m[1minfo     [0m] [1mfetch                         [0m [36mstatus[0m=[35m403[0m [36murl[0m=[35mhttps://m.investing.com/news/insider-trading-news/yum-brands-ceo-turner-sells-39k-in-stock[0m
[2m2026-04-02T10:13:49.384991Z[0m [[32m[1minfo     [0m] [1mfetch                         [0m [36mstatus[0m=[35m200[0m [36murl[0m=[35mhttps://www.marketbeat.com/instant-alerts/filing-sg-americas-securities-llc-decreases-stak[0m
[2m2026-04-02T10:13:49.412211Z[0m [[32m[1minfo     [0m] [1mfetch                         [0m [36mstatus[0m=[35m200[0m [36murl[0m=[35mhttps://www.marketwatch.com/data-news/yum-brands-inc-stock-underperforms-wednesday-when-co[0m
[2m2026-04-02T10:13:49.686125Z[0m [[32m[1minfo     [0m] [1mfetch                         [0m [36mstatus[0m=[35m403[0m [36murl[0m=[35mhttps://m.investing.com/news/insider-trading-news/yum-brands-kfc-division-ceo-sells-41782-[0m
[2m2026-04-02T10:13:50.316028Z[0m [[32m[1minfo     [0m] [1mfetch                         [0m [36mstatus[0m=[35m403[0m [36murl[0m=[35mhttps://www.gurufocus.com/news/8765304/yum-brands-yum-appoints-kathleen-k-oberg-to-board-o[0m
[2m2026-04-02T10:13:52.799863Z[0m [[32m[1minfo     [0m] [1mfetch                         [0m [36mstatus[0m=[35m200[0m [36murl[0m=[35mhttps://www.stocktitan.net/sec-filings/YUM/form-4-yum-brands-inc-insider-trading-activity-[0m
[2m2026-04-02T10:13:53.005032Z[0m [[32m[1minfo     [0m] [1mcrawling                      [0m [36mchannel[0m=[35mGoogle->Benzinga[0m [36mtag[0m=[35mgoogle_benzinga[0m
[2m2026-04-02T10:13:55.519478Z[0m [[32m[1minfo     [0m] [1mfetch                         [0m [36mstatus[0m=[35m200[0m [36murl[0m=[35m'https://news.google.com/rss/search?q=DHI+site:benzinga.com&hl=en-US&gl=US&ceid=US:en'[0m
[2m2026-04-02T10:13:55.548851Z[0m [[32m[1minfo     [0m] [1mparsed                        [0m [36mchannel[0m=[35mgoogle_benzinga[0m [36mraw[0m=[35m49[0m
[2m2026-04-02T10:13:57.564623Z[0m [[32m[1minfo     [0m] [1mfetch                         [0m [36mstatus[0m=[35m200[0m [36murl[0m=[35m'https://news.google.com/rss/search?q=DHI+site:benzinga.com&hl=en-US&gl=US&ceid=US:en'[0m
[2m2026-04-02T10:13:57.578770Z[0m [[32m[1minfo     [0m] [1mparsed                        [0m [36mchannel[0m=[35mgoogle_benzinga[0m [36mraw[0m=[35m49[0m
[2m2026-04-02T10:13:57.578899Z[0m [[32m[1minfo     [0m] [1mcrawling                      [0m [36mchannel[0m=[35m'Google News (all)'[0m [36mtag[0m=[35mgoogle_broad[0m
[2m2026-04-02T10:14:00.172942Z[0m [[32m[1minfo     [0m] [1mfetch                         [0m [36mstatus[0m=[35m200[0m [36murl[0m=[35m'https://news.google.com/rss/search?q=DHI+stock+news&hl=en-US&gl=US&ceid=US:en'[0m
[2m2026-04-02T10:14:00.271807Z[0m [[32m[1minfo     [0m] [1mparsed                        [0m [36mchannel[0m=[35mgoogle_broad[0m [36mraw[0m=[35m89[0m
[2m2026-04-02T10:14:02.682421Z[0m [[32m[1minfo     [0m] [1mfetch                         [0m [36mstatus[0m=[35m200[0m [36murl[0m=[35m'https://news.google.com/rss/search?q=DHI+earnings+analysis&hl=en-US&gl=US&ceid=US:en'[0m
[2m2026-04-02T10:14:02.693540Z[0m [[32m[1minfo     [0m] [1mparsed                        [0m [36mchannel[0m=[35mgoogle_broad[0m [36mraw[0m=[35m35[0m
[2m2026-04-02T10:14:02.694422Z[0m [[32m[1minfo     [0m] [1mquality_filter                [0m [36minput[0m=[35m222[0m [36mpassed[0m=[35m2[0m
[2m2026-04-02T10:14:02.694586Z[0m [[32m[1minfo     [0m] [1mdedup                         [0m [36mafter[0m=[35m2[0m [36mbefore[0m=[35m2[0m
[2m2026-04-02T10:14:02.694640Z[0m [[32m[1minfo     [0m] [1mfulltext_selection            [0m [36mcandidates[0m=[35m0[0m [36mfiltered[0m=[35m2[0m [36mmode[0m=[35mhigh-value[0m [36mticker[0m=[35mDHI[0m
[2m2026-04-02T10:14:02.695321Z[0m [[32m[1minfo     [0m] [1mcrawling                      [0m [36mchannel[0m=[35mGoogle->Benzinga[0m [36mtag[0m=[35mgoogle_benzinga[0m
[2m2026-04-02T10:14:05.119093Z[0m [[32m[1minfo     [0m] [1mfetch                         [0m [36mstatus[0m=[35m200[0m [36murl[0m=[35m'https://news.google.com/rss/search?q=FITB+site:benzinga.com&hl=en-US&gl=US&ceid=US:en'[0m
[2m2026-04-02T10:14:05.134373Z[0m [[32m[1minfo     [0m] [1mparsed                        [0m [36mchannel[0m=[35mgoogle_benzinga[0m [36mraw[0m=[35m23[0m
[2m2026-04-02T10:14:07.152349Z[0m [[32m[1minfo     [0m] [1mfetch                         [0m [36mstatus[0m=[35m200[0m [36murl[0m=[35m'https://news.google.com/rss/search?q=FITB+site:benzinga.com&hl=en-US&gl=US&ceid=US:en'[0m
[2m2026-04-02T10:14:07.160178Z[0m [[32m[1minfo     [0m] [1mparsed                        [0m [36mchannel[0m=[35mgoogle_benzinga[0m [36mraw[0m=[35m23[0m
[2m2026-04-02T10:14:07.160292Z[0m [[32m[1minfo     [0m] [1mcrawling                      [0m [36mchannel[0m=[35m'Google News (all)'[0m [36mtag[0m=[35mgoogle_broad[0m
[2m2026-04-02T10:14:09.608670Z[0m [[32m[1minfo     [0m] [1mfetch                         [0m [36mstatus[0m=[35m200[0m [36murl[0m=[35m'https://news.google.com/rss/search?q=FITB+stock+news&hl=en-US&gl=US&ceid=US:en'[0m
[2m2026-04-02T10:14:09.729890Z[0m [[32m[1minfo     [0m] [1mparsed                        [0m [36mchannel[0m=[35mgoogle_broad[0m [36mraw[0m=[35m100[0m
[2m2026-04-02T10:14:12.188124Z[0m [[32m[1minfo     [0m] [1mfetch                         [0m [36mstatus[0m=[35m200[0m [36murl[0m=[35m'https://news.google.com/rss/search?q=FITB+earnings+analysis&hl=en-US&gl=US&ceid=US:en'[0m
[2m2026-04-02T10:14:12.220121Z[0m [[32m[1minfo     [0m] [1mparsed                        [0m [36mchannel[0m=[35mgoogle_broad[0m [36mraw[0m=[35m59[0m
[2m2026-04-02T10:14:12.220695Z[0m [[32m[1minfo     [0m] [1mquality_filter                [0m [36minput[0m=[35m205[0m [36mpassed[0m=[35m0[0m
[2m2026-04-02T10:14:12.220762Z[0m [[32m[1minfo     [0m] [1mdedup                         [0m [36mafter[0m=[35m0[0m [36mbefore[0m=[35m0[0m
[2m2026-04-02T10:14:12.220804Z[0m [[32m[1minfo     [0m] [1mfulltext_selection            [0m [36mcandidates[0m=[35m0[0m [36mfiltered[0m=[35m0[0m [36mmode[0m=[35mhigh-value[0m [36mticker[0m=[35mFITB[0m
[2m2026-04-02T10:14:12.221774Z[0m [[32m[1minfo     [0m] [1mcrawling                      [0m [36mchannel[0m=[35mGoogle->Benzinga[0m [36mtag[0m=[35mgoogle_benzinga[0m
[2m2026-04-02T10:14:14.693570Z[0m [[32m[1minfo     [0m] [1mfetch                         [0m [36mstatus[0m=[35m200[0m [36murl[0m=[35m'https://news.google.com/rss/search?q=SYY+site:benzinga.com&hl=en-US&gl=US&ceid=US:en'[0m
[2m2026-04-02T10:14:14.703721Z[0m [[32m[1minfo     [0m] [1mparsed                        [0m [36mchannel[0m=[35mgoogle_benzinga[0m [36mraw[0m=[35m31[0m
[2m2026-04-02T10:14:16.709782Z[0m [[32m[1minfo     [0m] [1mfetch                         [0m [36mstatus[0m=[35m200[0m [36murl[0m=[35m'https://news.google.com/rss/search?q=SYY+site:benzinga.com&hl=en-US&gl=US&ceid=US:en'[0m
[2m2026-04-02T10:14:16.719666Z[0m [[32m[1minfo     [0m] [1mparsed                        [0m [36mchannel[0m=[35mgoogle_benzinga[0m [36mraw[0m=[35m31[0m
[2m2026-04-02T10:14:16.719852Z[0m [[32m[1minfo     [0m] [1mcrawling                      [0m [36mchannel[0m=[35m'Google News (all)'[0m [36mtag[0m=[35mgoogle_broad[0m
[2m2026-04-02T10:14:19.251676Z[0m [[32m[1minfo     [0m] [1mfetch                         [0m [36mstatus[0m=[35m200[0m [36murl[0m=[35m'https://news.google.com/rss/search?q=SYY+stock+news&hl=en-US&gl=US&ceid=US:en'[0m
[2m2026-04-02T10:14:19.319546Z[0m [[32m[1minfo     [0m] [1mparsed                        [0m [36mchannel[0m=[35mgoogle_broad[0m [36mraw[0m=[35m91[0m
[2m2026-04-02T10:14:21.780724Z[0m [[32m[1minfo     [0m] [1mfetch                         [0m [36mstatus[0m=[35m200[0m [36murl[0m=[35m'https://news.google.com/rss/search?q=SYY+earnings+analysis&hl=en-US&gl=US&ceid=US:en'[0m
[2m2026-04-02T10:14:21.822904Z[0m [[32m[1minfo     [0m] [1mparsed                        [0m [36mchannel[0m=[35mgoogle_broad[0m [36mraw[0m=[35m62[0m
[2m2026-04-02T10:14:21.824178Z[0m [[32m[1minfo     [0m] [1mquality_filter                [0m [36minput[0m=[35m215[0m [36mpassed[0m=[35m7[0m
[2m2026-04-02T10:14:21.824713Z[0m [[32m[1minfo     [0m] [1mdedup                         [0m [36mafter[0m=[35m5[0m [36mbefore[0m=[35m7[0m
[2m2026-04-02T10:14:21.824826Z[0m [[32m[1minfo     [0m] [1mfulltext_selection            [0m [36mcandidates[0m=[35m2[0m [36mfiltered[0m=[35m5[0m [36mmode[0m=[35mhigh-value[0m [36mticker[0m=[35mSYY[0m
[2m2026-04-02T10:14:24.004365Z[0m [[32m[1minfo     [0m] [1mfetch                         [0m [36mstatus[0m=[35m200[0m [36murl[0m=[35mhttps://www.tradingview.com/news/stockstory:52cf9a6de094b:0-spotting-winners-sysco-nyse-sy[0m
[2m2026-04-02T10:14:24.370528Z[0m [[32m[1minfo     [0m] [1mfetch                         [0m [36mstatus[0m=[35m200[0m [36murl[0m=[35mhttps://seekingalpha.com/article/4887841-sysco-jetro-restaurant-depot-acquisition-is-a-lon[0m
[2m2026-04-02T10:14:24.590851Z[0m [[32m[1minfo     [0m] [1mcrawling                      [0m [36mchannel[0m=[35mGoogle->Benzinga[0m [36mtag[0m=[35mgoogle_benzinga[0m
[2m2026-04-02T10:14:27.085288Z[0m [[32m[1minfo     [0m] [1mfetch                         [0m [36mstatus[0m=[35m200[0m [36murl[0m=[35m'https://news.google.com/rss/search?q=CBRE+site:benzinga.com&hl=en-US&gl=US&ceid=US:en'[0m
[2m2026-04-02T10:14:27.105789Z[0m [[32m[1minfo     [0m] [1mparsed                        [0m [36mchannel[0m=[35mgoogle_benzinga[0m [36mraw[0m=[35m48[0m
[2m2026-04-02T10:14:29.118764Z[0m [[32m[1minfo     [0m] [1mfetch                         [0m [36mstatus[0m=[35m200[0m [36murl[0m=[35m'https://news.google.com/rss/search?q=CBRE+site:benzinga.com&hl=en-US&gl=US&ceid=US:en'[0m
[2m2026-04-02T10:14:29.133984Z[0m [[32m[1minfo     [0m] [1mparsed                        [0m [36mchannel[0m=[35mgoogle_benzinga[0m [36mraw[0m=[35m48[0m
[2m2026-04-02T10:14:29.134135Z[0m [[32m[1minfo     [0m] [1mcrawling                      [0m [36mchannel[0m=[35m'Google News (all)'[0m [36mtag[0m=[35mgoogle_broad[0m
[2m2026-04-02T10:14:31.680820Z[0m [[32m[1minfo     [0m] [1mfetch                         [0m [36mstatus[0m=[35m200[0m [36murl[0m=[35m'https://news.google.com/rss/search?q=CBRE+stock+news&hl=en-US&gl=US&ceid=US:en'[0m
[2m2026-04-02T10:14:31.788850Z[0m [[32m[1minfo     [0m] [1mparsed                        [0m [36mchannel[0m=[35mgoogle_broad[0m [36mraw[0m=[35m95[0m
[2m2026-04-02T10:14:34.238915Z[0m [[32m[1minfo     [0m] [1mfetch                         [0m [36mstatus[0m=[35m200[0m [36murl[0m=[35m'https://news.google.com/rss/search?q=CBRE+earnings+analysis&hl=en-US&gl=US&ceid=US:en'[0m
[2m2026-04-02T10:14:34.274529Z[0m [[32m[1minfo     [0m] [1mparsed                        [0m [36mchannel[0m=[35mgoogle_broad[0m [36mraw[0m=[35m56[0m
[2m2026-04-02T10:14:34.275379Z[0m [[32m[1minfo     [0m] [1mquality_filter                [0m [36minput[0m=[35m247[0m [36mpassed[0m=[35m3[0m
[2m2026-04-02T10:14:34.275580Z[0m [[32m[1minfo     [0m] [1mdedup                         [0m [36mafter[0m=[35m1[0m [36mbefore[0m=[35m3[0m
[2m2026-04-02T10:14:34.275625Z[0m [[32m[1minfo     [0m] [1mfulltext_selection            [0m [36mcandidates[0m=[35m1[0m [36mfiltered[0m=[35m1[0m [36mmode[0m=[35mhigh-value[0m [36mticker[0m=[35mCBRE[0m
[2m2026-04-02T10:14:37.026556Z[0m [[32m[1minfo     [0m] [1mfetch                         [0m [36mstatus[0m=[35m200[0m [36murl[0m=[35mhttps://www.financialcontent.com/article/barchart-2026-4-1-heres-what-to-expect-from-cbre-[0m
[2m2026-04-02T10:14:37.385737Z[0m [[32m[1minfo     [0m] [1mcrawling                      [0m [36mchannel[0m=[35mGoogle->Benzinga[0m [36mtag[0m=[35mgoogle_benzinga[0m
[2m2026-04-02T10:14:40.319892Z[0m [[32m[1minfo     [0m] [1mfetch                         [0m [36mstatus[0m=[35m200[0m [36murl[0m=[35m'https://news.google.com/rss/search?q=AIG+site:benzinga.com&hl=en-US&gl=US&ceid=US:en'[0m
[2m2026-04-02T10:14:40.343487Z[0m [[32m[1minfo     [0m] [1mparsed                        [0m [36mchannel[0m=[35mgoogle_benzinga[0m [36mraw[0m=[35m38[0m
[2m2026-04-02T10:14:42.366823Z[0m [[32m[1minfo     [0m] [1mfetch                         [0m [36mstatus[0m=[35m200[0m [36murl[0m=[35m'https://news.google.com/rss/search?q=AIG+site:benzinga.com&hl=en-US&gl=US&ceid=US:en'[0m
[2m2026-04-02T10:14:42.385035Z[0m [[32m[1minfo     [0m] [1mparsed                        [0m [36mchannel[0m=[35mgoogle_benzinga[0m [36mraw[0m=[35m38[0m
[2m2026-04-02T10:14:42.385135Z[0m [[32m[1minfo     [0m] [1mcrawling                      [0m [36mchannel[0m=[35m'Google News (all)'[0m [36mtag[0m=[35mgoogle_broad[0m
[2m2026-04-02T10:14:45.011765Z[0m [[32m[1minfo     [0m] [1mfetch                         [0m [36mstatus[0m=[35m200[0m [36murl[0m=[35m'https://news.google.com/rss/search?q=AIG+stock+news&hl=en-US&gl=US&ceid=US:en'[0m
[2m2026-04-02T10:14:45.126870Z[0m [[32m[1minfo     [0m] [1mparsed                        [0m [36mchannel[0m=[35mgoogle_broad[0m [36mraw[0m=[35m100[0m
[2m2026-04-02T10:14:47.584853Z[0m [[32m[1minfo     [0m] [1mfetch                         [0m [36mstatus[0m=[35m200[0m [36murl[0m=[35m'https://news.google.com/rss/search?q=AIG+earnings+analysis&hl=en-US&gl=US&ceid=US:en'[0m
[2m2026-04-02T10:14:47.616372Z[0m [[32m[1minfo     [0m] [1mparsed                        [0m [36mchannel[0m=[35mgoogle_broad[0m [36mraw[0m=[35m53[0m
[2m2026-04-02T10:14:47.617007Z[0m [[32m[1minfo     [0m] [1mquality_filter                [0m [36minput[0m=[35m229[0m [36mpassed[0m=[35m1[0m
[2m2026-04-02T10:14:47.617114Z[0m [[32m[1minfo     [0m] [1mdedup                         [0m [36mafter[0m=[35m1[0m [36mbefore[0m=[35m1[0m
[2m2026-04-02T10:14:47.617159Z[0m [[32m[1minfo     [0m] [1mfulltext_selection            [0m [36mcandidates[0m=[35m1[0m [36mfiltered[0m=[35m1[0m [36mmode[0m=[35mhigh-value[0m [36mticker[0m=[35mAIG[0m
[2m2026-04-02T10:14:50.497412Z[0m [[31m[1merror    [0m] [1mfetch_error                   [0m [36merror[0m=[35m"400, message='Got more than 8190 bytes (8704) when reading Header value is too l"[0m [36murl[0m=[35mhttps://au.finance.yahoo.com/news/why-american-international-group-aig[0m
[2m2026-04-02T10:14:50.707406Z[0m [[32m[1minfo     [0m] [1mcrawling                      [0m [36mchannel[0m=[35mGoogle->Benzinga[0m [36mtag[0m=[35mgoogle_benzinga[0m
[2m2026-04-02T10:14:53.242174Z[0m [[32m[1minfo     [0m] [1mfetch                         [0m [36mstatus[0m=[35m200[0m [36murl[0m=[35m'https://news.google.com/rss/search?q=KR+site:benzinga.com&hl=en-US&gl=US&ceid=US:en'[0m
[2m2026-04-02T10:14:53.287160Z[0m [[32m[1minfo     [0m] [1mparsed                        [0m [36mchannel[0m=[35mgoogle_benzinga[0m [36mraw[0m=[35m66[0m
[2m2026-04-02T10:14:55.312506Z[0m [[32m[1minfo     [0m] [1mfetch                         [0m [36mstatus[0m=[35m200[0m [36murl[0m=[35m'https://news.google.com/rss/search?q=KR+site:benzinga.com&hl=en-US&gl=US&ceid=US:en'[0m
[2m2026-04-02T10:14:55.332110Z[0m [[32m[1minfo     [0m] [1mparsed                        [0m [36mchannel[0m=[35mgoogle_benzinga[0m [36mraw[0m=[35m66[0m
[2m2026-04-02T10:14:55.332247Z[0m [[32m[1minfo     [0m] [1mcrawling                      [0m [36mchannel[0m=[35m'Google News (all)'[0m [36mtag[0m=[35mgoogle_broad[0m
[2m2026-04-02T10:14:57.861028Z[0m [[32m[1minfo     [0m] [1mfetch                         [0m [36mstatus[0m=[35m200[0m [36murl[0m=[35m'https://news.google.com/rss/search?q=KR+stock+news&hl=en-US&gl=US&ceid=US:en'[0m
[2m2026-04-02T10:14:57.972696Z[0m [[32m[1minfo     [0m] [1mparsed                        [0m [36mchannel[0m=[35mgoogle_broad[0m [36mraw[0m=[35m100[0m
[2m2026-04-02T10:15:00.639419Z[0m [[32m[1minfo     [0m] [1mfetch                         [0m [36mstatus[0m=[35m200[0m [36murl[0m=[35m'https://news.google.com/rss/search?q=KR+earnings+analysis&hl=en-US&gl=US&ceid=US:en'[0m
[2m2026-04-02T10:15:00.733677Z[0m [[32m[1minfo     [0m] [1mparsed                        [0m [36mchannel[0m=[35mgoogle_broad[0m [36mraw[0m=[35m66[0m
[2m2026-04-02T10:15:00.734758Z[0m [[32m[1minfo     [0m] [1mquality_filter                [0m [36minput[0m=[35m298[0m [36mpassed[0m=[35m1[0m
[2m2026-04-02T10:15:00.734879Z[0m [[32m[1minfo     [0m] [1mdedup                         [0m [36mafter[0m=[35m1[0m [36mbefore[0m=[35m1[0m
[2m2026-04-02T10:15:00.734923Z[0m [[32m[1minfo     [0m] [1mfulltext_selection            [0m [36mcandidates[0m=[35m1[0m [36mfiltered[0m=[35m1[0m [36mmode[0m=[35mhigh-value[0m [36mticker[0m=[35mKR[0m
[2m2026-04-02T10:15:03.133741Z[0m [[31m[1merror    [0m] [1mfetch_error                   [0m [36merror[0m=[35m"400, message='Got more than 8190 bytes (8800) when reading Header value is too l"[0m [36murl[0m=[35mhttps://finance.yahoo.com/markets/stocks/articles/why-kroger-kr-stock-[0m
[2m2026-04-02T10:15:03.350030Z[0m [[32m[1minfo     [0m] [1mcrawling                      [0m [36mchannel[0m=[35mGoogle->Benzinga[0m [36mtag[0m=[35mgoogle_benzinga[0m
[2m2026-04-02T10:15:05.934998Z[0m [[32m[1minfo     [0m] [1mfetch                         [0m [36mstatus[0m=[35m200[0m [36murl[0m=[35m'https://news.google.com/rss/search?q=AMP+site:benzinga.com&hl=en-US&gl=US&ceid=US:en'[0m
[2m2026-04-02T10:15:06.041490Z[0m [[32m[1minfo     [0m] [1mparsed                        [0m [36mchannel[0m=[35mgoogle_benzinga[0m [36mraw[0m=[35m100[0m
[2m2026-04-02T10:15:08.069820Z[0m [[32m[1minfo     [0m] [1mfetch                         [0m [36mstatus[0m=[35m200[0m [36murl[0m=[35m'https://news.google.com/rss/search?q=AMP+site:benzinga.com&hl=en-US&gl=US&ceid=US:en'[0m
[2m2026-04-02T10:15:08.098560Z[0m [[32m[1minfo     [0m] [1mparsed                        [0m [36mchannel[0m=[35mgoogle_benzinga[0m [36mraw[0m=[35m100[0m
[2m2026-04-02T10:15:08.098692Z[0m [[32m[1minfo     [0m] [1mcrawling                      [0m [36mchannel[0m=[35m'Google News (all)'[0m [36mtag[0m=[35mgoogle_broad[0m
[2m2026-04-02T10:15:10.753057Z[0m [[32m[1minfo     [0m] [1mfetch                         [0m [36mstatus[0m=[35m200[0m [36murl[0m=[35m'https://news.google.com/rss/search?q=AMP+stock+news&hl=en-US&gl=US&ceid=US:en'[0m
[2m2026-04-02T10:15:10.855712Z[0m [[32m[1minfo     [0m] [1mparsed                        [0m [36mchannel[0m=[35mgoogle_broad[0m [36mraw[0m=[35m96[0m
[2m2026-04-02T10:15:13.668201Z[0m [[32m[1minfo     [0m] [1mfetch                         [0m [36mstatus[0m=[35m200[0m [36murl[0m=[35m'https://news.google.com/rss/search?q=AMP+earnings+analysis&hl=en-US&gl=US&ceid=US:en'[0m
[2m2026-04-02T10:15:13.795512Z[0m [[32m[1minfo     [0m] [1mparsed                        [0m [36mchannel[0m=[35mgoogle_broad[0m [36mraw[0m=[35m71[0m
[2m2026-04-02T10:15:13.796431Z[0m [[32m[1minfo     [0m] [1mquality_filter                [0m [36minput[0m=[35m367[0m [36mpassed[0m=[35m1[0m
[2m2026-04-02T10:15:13.796556Z[0m [[32m[1minfo     [0m] [1mdedup                         [0m [36mafter[0m=[35m1[0m [36mbefore[0m=[35m1[0m
[2m2026-04-02T10:15:13.796605Z[0m [[32m[1minfo     [0m] [1mfulltext_selection            [0m [36mcandidates[0m=[35m1[0m [36mfiltered[0m=[35m1[0m [36mmode[0m=[35mhigh-value[0m [36mticker[0m=[35mAMP[0m
[2m2026-04-02T10:15:16.745648Z[0m [[32m[1minfo     [0m] [1mfetch                         [0m [36mstatus[0m=[35m200[0m [36murl[0m=[35mhttps://intellectia.ai/en/stock/AMP/earnings[0m
[2m2026-04-02T10:15:17.371280Z[0m [[32m[1minfo     [0m] [1mcrawling                      [0m [36mchannel[0m=[35mGoogle->Benzinga[0m [36mtag[0m=[35mgoogle_benzinga[0m
[2m2026-04-02T10:15:19.996674Z[0m [[32m[1minfo     [0m] [1mfetch                         [0m [36mstatus[0m=[35m200[0m [36murl[0m=[35m'https://news.google.com/rss/search?q=DAL+site:benzinga.com&hl=en-US&gl=US&ceid=US:en'[0m
[2m2026-04-02T10:15:20.106087Z[0m [[32m[1minfo     [0m] [1mparsed                        [0m [36mchannel[0m=[35mgoogle_benzinga[0m [36mraw[0m=[35m100[0m
[2m2026-04-02T10:15:22.116978Z[0m [[32m[1minfo     [0m] [1mfetch                         [0m [36mstatus[0m=[35m200[0m [36murl[0m=[35m'https://news.google.com/rss/search?q=DAL+site:benzinga.com&hl=en-US&gl=US&ceid=US:en'[0m
[2m2026-04-02T10:15:22.152118Z[0m [[32m[1minfo     [0m] [1mparsed                        [0m [36mchannel[0m=[35mgoogle_benzinga[0m [36mraw[0m=[35m100[0m
[2m2026-04-02T10:15:22.152237Z[0m [[32m[1minfo     [0m] [1mcrawling                      [0m [36mchannel[0m=[35m'Google News (all)'[0m [36mtag[0m=[35mgoogle_broad[0m
[2m2026-04-02T10:15:24.785500Z[0m [[32m[1minfo     [0m] [1mfetch                         [0m [36mstatus[0m=[35m200[0m [36murl[0m=[35m'https://news.google.com/rss/search?q=DAL+stock+news&hl=en-US&gl=US&ceid=US:en'[0m
[2m2026-04-02T10:15:24.905065Z[0m [[32m[1minfo     [0m] [1mparsed                        [0m [36mchannel[0m=[35mgoogle_broad[0m [36mraw[0m=[35m100[0m
[2m2026-04-02T10:15:27.487316Z[0m [[32m[1minfo     [0m] [1mfetch                         [0m [36mstatus[0m=[35m200[0m [36murl[0m=[35m'https://news.google.com/rss/search?q=DAL+earnings+analysis&hl=en-US&gl=US&ceid=US:en'[0m
[2m2026-04-02T10:15:27.520681Z[0m [[32m[1minfo     [0m] [1mparsed                        [0m [36mchannel[0m=[35mgoogle_broad[0m [36mraw[0m=[35m62[0m
[2m2026-04-02T10:15:27.521659Z[0m [[32m[1minfo     [0m] [1mquality_filter                [0m [36minput[0m=[35m362[0m [36mpassed[0m=[35m2[0m
[2m2026-04-02T10:15:27.521906Z[0m [[32m[1minfo     [0m] [1mdedup                         [0m [36mafter[0m=[35m2[0m [36mbefore[0m=[35m2[0m
[2m2026-04-02T10:15:27.521997Z[0m [[32m[1minfo     [0m] [1mfulltext_selection            [0m [36mcandidates[0m=[35m2[0m [36mfiltered[0m=[35m2[0m [36mmode[0m=[35mhigh-value[0m [36mticker[0m=[35mDAL[0m
[2m2026-04-02T10:15:29.308423Z[0m [[32m[1minfo     [0m] [1mfetch                         [0m [36mstatus[0m=[35m200[0m [36murl[0m=[35mhttps://www.marketbeat.com/instant-alerts/raymond-james-financial-has-lowered-expectations[0m
[2m2026-04-02T10:15:29.998230Z[0m [[32m[1minfo     [0m] [1mfetch                         [0m [36mstatus[0m=[35m200[0m [36murl[0m=[35mhttps://intellectia.ai/en/stock/DAL/news[0m
[2m2026-04-02T10:15:30.620908Z[0m [[32m[1minfo     [0m] [1mcrawling                      [0m [36mchannel[0m=[35mGoogle->Benzinga[0m [36mtag[0m=[35mgoogle_benzinga[0m
[2m2026-04-02T10:15:33.064455Z[0m [[32m[1minfo     [0m] [1mfetch                         [0m [36mstatus[0m=[35m200[0m [36murl[0m=[35m'https://news.google.com/rss/search?q=KDP+site:benzinga.com&hl=en-US&gl=US&ceid=US:en'[0m
[2m2026-04-02T10:15:33.073818Z[0m [[32m[1minfo     [0m] [1mparsed                        [0m [36mchannel[0m=[35mgoogle_benzinga[0m [36mraw[0m=[35m29[0m
[2m2026-04-02T10:15:35.086726Z[0m [[32m[1minfo     [0m] [1mfetch                         [0m [36mstatus[0m=[35m200[0m [36murl[0m=[35m'https://news.google.com/rss/search?q=KDP+site:benzinga.com&hl=en-US&gl=US&ceid=US:en'[0m
[2m2026-04-02T10:15:35.097367Z[0m [[32m[1minfo     [0m] [1mparsed                        [0m [36mchannel[0m=[35mgoogle_benzinga[0m [36mraw[0m=[35m29[0m
[2m2026-04-02T10:15:35.097473Z[0m [[32m[1minfo     [0m] [1mcrawling                      [0m [36mchannel[0m=[35m'Google News (all)'[0m [36mtag[0m=[35mgoogle_broad[0m
[2m2026-04-02T10:15:37.652867Z[0m [[32m[1minfo     [0m] [1mfetch                         [0m [36mstatus[0m=[35m200[0m [36murl[0m=[35m'https://news.google.com/rss/search?q=KDP+stock+news&hl=en-US&gl=US&ceid=US:en'[0m
[2m2026-04-02T10:15:37.761974Z[0m [[32m[1minfo     [0m] [1mparsed                        [0m [36mchannel[0m=[35mgoogle_broad[0m [36mraw[0m=[35m100[0m
[2m2026-04-02T10:15:40.217250Z[0m [[32m[1minfo     [0m] [1mfetch                         [0m [36mstatus[0m=[35m200[0m [36murl[0m=[35m'https://news.google.com/rss/search?q=KDP+earnings+analysis&hl=en-US&gl=US&ceid=US:en'[0m
[2m2026-04-02T10:15:40.242968Z[0m [[32m[1minfo     [0m] [1mparsed                        [0m [36mchannel[0m=[35mgoogle_broad[0m [36mraw[0m=[35m46[0m
[2m2026-04-02T10:15:40.243724Z[0m [[32m[1minfo     [0m] [1mquality_filter                [0m [36minput[0m=[35m204[0m [36mpassed[0m=[35m1[0m
[2m2026-04-02T10:15:40.243850Z[0m [[32m[1minfo     [0m] [1mdedup                         [0m [36mafter[0m=[35m1[0m [36mbefore[0m=[35m1[0m
[2m2026-04-02T10:15:40.244018Z[0m [[32m[1minfo     [0m] [1mfulltext_selection            [0m [36mcandidates[0m=[35m0[0m [36mfiltered[0m=[35m1[0m [36mmode[0m=[35mhigh-value[0m [36mticker[0m=[35mKDP[0m
[2m2026-04-02T10:15:40.244777Z[0m [[32m[1minfo     [0m] [1mcrawling                      [0m [36mchannel[0m=[35mGoogle->Benzinga[0m [36mtag[0m=[35mgoogle_benzinga[0m
[2m2026-04-02T10:15:42.641820Z[0m [[32m[1minfo     [0m] [1mfetch                         [0m [36mstatus[0m=[35m200[0m [36murl[0m=[35m'https://news.google.com/rss/search?q=VTR+site:benzinga.com&hl=en-US&gl=US&ceid=US:en'[0m
[2m2026-04-02T10:15:42.648010Z[0m [[32m[1minfo     [0m] [1mparsed                        [0m [36mchannel[0m=[35mgoogle_benzinga[0m [36mraw[0m=[35m17[0m
[2m2026-04-02T10:15:44.662095Z[0m [[32m[1minfo     [0m] [1mfetch                         [0m [36mstatus[0m=[35m200[0m [36murl[0m=[35m'https://news.google.com/rss/search?q=VTR+site:benzinga.com&hl=en-US&gl=US&ceid=US:en'[0m
[2m2026-04-02T10:15:44.668963Z[0m [[32m[1minfo     [0m] [1mparsed                        [0m [36mchannel[0m=[35mgoogle_benzinga[0m [36mraw[0m=[35m17[0m
[2m2026-04-02T10:15:44.669064Z[0m [[32m[1minfo     [0m] [1mcrawling                      [0m [36mchannel[0m=[35m'Google News (all)'[0m [36mtag[0m=[35mgoogle_broad[0m
[2m2026-04-02T10:15:47.101213Z[0m [[32m[1minfo     [0m] [1mfetch                         [0m [36mstatus[0m=[35m200[0m [36murl[0m=[35m'https://news.google.com/rss/search?q=VTR+stock+news&hl=en-US&gl=US&ceid=US:en'[0m
[2m2026-04-02T10:15:47.122390Z[0m [[32m[1minfo     [0m] [1mparsed                        [0m [36mchannel[0m=[35mgoogle_broad[0m [36mraw[0m=[35m49[0m
[2m2026-04-02T10:15:49.575128Z[0m [[32m[1minfo     [0m] [1mfetch                         [0m [36mstatus[0m=[35m200[0m [36murl[0m=[35m'https://news.google.com/rss/search?q=VTR+earnings+analysis&hl=en-US&gl=US&ceid=US:en'[0m
[2m2026-04-02T10:15:49.586236Z[0m [[32m[1minfo     [0m] [1mparsed                        [0m [36mchannel[0m=[35mgoogle_broad[0m [36mraw[0m=[35m33[0m
[2m2026-04-02T10:15:49.586827Z[0m [[32m[1minfo     [0m] [1mquality_filter                [0m [36minput[0m=[35m116[0m [36mpassed[0m=[35m1[0m
[2m2026-04-02T10:15:49.586926Z[0m [[32m[1minfo     [0m] [1mdedup                         [0m [36mafter[0m=[35m1[0m [36mbefore[0m=[35m1[0m
[2m2026-04-02T10:15:49.586971Z[0m [[32m[1minfo     [0m] [1mfulltext_selection            [0m [36mcandidates[0m=[35m1[0m [36mfiltered[0m=[35m1[0m [36mmode[0m=[35mhigh-value[0m [36mticker[0m=[35mVTR[0m
[2m2026-04-02T10:15:52.522845Z[0m [[32m[1minfo     [0m] [1mfetch                         [0m [36mstatus[0m=[35m200[0m [36murl[0m=[35mhttps://intellectia.ai/en/stock/VTR/earnings[0m
[2m2026-04-02T10:15:53.148863Z[0m [[32m[1minfo     [0m] [1mcrawling                      [0m [36mchannel[0m=[35mGoogle->Benzinga[0m [36mtag[0m=[35mgoogle_benzinga[0m
[2m2026-04-02T10:15:55.869563Z[0m [[32m[1minfo     [0m] [1mfetch                         [0m [36mstatus[0m=[35m200[0m [36murl[0m=[35m'https://news.google.com/rss/search?q=EBAY+site:benzinga.com&hl=en-US&gl=US&ceid=US:en'[0m
[2m2026-04-02T10:15:55.929334Z[0m [[32m[1minfo     [0m] [1mparsed                        [0m [36mchannel[0m=[35mgoogle_benzinga[0m [36mraw[0m=[35m100[0m
[2m2026-04-02T10:15:57.943774Z[0m [[32m[1minfo     [0m] [1mfetch                         [0m [36mstatus[0m=[35m200[0m [36murl[0m=[35m'https://news.google.com/rss/search?q=EBAY+site:benzinga.com&hl=en-US&gl=US&ceid=US:en'[0m
[2m2026-04-02T10:15:57.975951Z[0m [[32m[1minfo     [0m] [1mparsed                        [0m [36mchannel[0m=[35mgoogle_benzinga[0m [36mraw[0m=[35m100[0m
[2m2026-04-02T10:15:57.976058Z[0m [[32m[1minfo     [0m] [1mcrawling                      [0m [36mchannel[0m=[35m'Google News (all)'[0m [36mtag[0m=[35mgoogle_broad[0m
[2m2026-04-02T10:16:00.549950Z[0m [[32m[1minfo     [0m] [1mfetch                         [0m [36mstatus[0m=[35m200[0m [36murl[0m=[35m'https://news.google.com/rss/search?q=EBAY+stock+news&hl=en-US&gl=US&ceid=US:en'[0m
[2m2026-04-02T10:16:00.645034Z[0m [[32m[1minfo     [0m] [1mparsed                        [0m [36mchannel[0m=[35mgoogle_broad[0m [36mraw[0m=[35m100[0m
[2m2026-04-02T10:16:03.237541Z[0m [[32m[1minfo     [0m] [1mfetch                         [0m [36mstatus[0m=[35m200[0m [36murl[0m=[35m'https://news.google.com/rss/search?q=EBAY+earnings+analysis&hl=en-US&gl=US&ceid=US:en'[0m
[2m2026-04-02T10:16:03.283709Z[0m [[32m[1minfo     [0m] [1mparsed                        [0m [36mchannel[0m=[35mgoogle_broad[0m [36mraw[0m=[35m70[0m
[2m2026-04-02T10:16:03.284630Z[0m [[32m[1minfo     [0m] [1mquality_filter                [0m [36minput[0m=[35m370[0m [36mpassed[0m=[35m0[0m
[2m2026-04-02T10:16:03.284712Z[0m [[32m[1minfo     [0m] [1mdedup                         [0m [36mafter[0m=[35m0[0m [36mbefore[0m=[35m0[0m
[2m2026-04-02T10:16:03.284765Z[0m [[32m[1minfo     [0m] [1mfulltext_selection            [0m [36mcandidates[0m=[35m0[0m [36mfiltered[0m=[35m0[0m [36mmode[0m=[35mhigh-value[0m [36mticker[0m=[35mEBAY[0m
[2m2026-04-02T10:16:03.285567Z[0m [[32m[1minfo     [0m] [1mcrawling                      [0m [36mchannel[0m=[35mGoogle->Benzinga[0m [36mtag[0m=[35mgoogle_benzinga[0m
[2m2026-04-02T10:16:05.700343Z[0m [[32m[1minfo     [0m] [1mfetch                         [0m [36mstatus[0m=[35m200[0m [36murl[0m=[35m'https://news.google.com/rss/search?q=ED+consolidated+edison+site:benzinga.com&hl=en-US&gl='[0m
[2m2026-04-02T10:16:05.704263Z[0m [[32m[1minfo     [0m] [1mparsed                        [0m [36mchannel[0m=[35mgoogle_benzinga[0m [36mraw[0m=[35m8[0m
[2m2026-04-02T10:16:08.034995Z[0m [[32m[1minfo     [0m] [1mfetch                         [0m [36mstatus[0m=[35m200[0m [36murl[0m=[35m'https://news.google.com/rss/search?q=consolidated+edison+site:benzinga.com&hl=en-US&gl=US&'[0m
[2m2026-04-02T10:16:08.046014Z[0m [[32m[1minfo     [0m] [1mparsed                        [0m [36mchannel[0m=[35mgoogle_benzinga[0m [36mraw[0m=[35m24[0m
[2m2026-04-02T10:16:08.046116Z[0m [[32m[1minfo     [0m] [1mcrawling                      [0m [36mchannel[0m=[35m'Google News (all)'[0m [36mtag[0m=[35mgoogle_broad[0m
[2m2026-04-02T10:16:10.606668Z[0m [[32m[1minfo     [0m] [1mfetch                         [0m [36mstatus[0m=[35m200[0m [36murl[0m=[35m'https://news.google.com/rss/search?q=ED+consolidated+edison+stock+news&hl=en-US&gl=US&ceid'[0m
[2m2026-04-02T10:16:10.718314Z[0m [[32m[1minfo     [0m] [1mparsed                        [0m [36mchannel[0m=[35mgoogle_broad[0m [36mraw[0m=[35m100[0m
[2m2026-04-02T10:16:13.145901Z[0m [[32m[1minfo     [0m] [1mfetch                         [0m [36mstatus[0m=[35m200[0m [36murl[0m=[35m'https://news.google.com/rss/search?q=ED+consolidated+edison+earnings+analysis&hl=en-US&gl='[0m
[2m2026-04-02T10:16:13.170114Z[0m [[32m[1minfo     [0m] [1mparsed                        [0m [36mchannel[0m=[35mgoogle_broad[0m [36mraw[0m=[35m43[0m
[2m2026-04-02T10:16:13.171251Z[0m [[32m[1minfo     [0m] [1mquality_filter                [0m [36minput[0m=[35m175[0m [36mpassed[0m=[35m2[0m
[2m2026-04-02T10:16:13.171494Z[0m [[32m[1minfo     [0m] [1mdedup                         [0m [36mafter[0m=[35m2[0m [36mbefore[0m=[35m2[0m
[2m2026-04-02T10:16:13.171576Z[0m [[32m[1minfo     [0m] [1mfulltext_selection            [0m [36mcandidates[0m=[35m1[0m [36mfiltered[0m=[35m2[0m [36mmode[0m=[35mhigh-value[0m [36mticker[0m=[35mED[0m
[2m2026-04-02T10:16:15.267303Z[0m [[32m[1minfo     [0m] [1mfetch                         [0m [36mstatus[0m=[35m403[0m [36murl[0m=[35mhttps://www.investing.com/news/analyst-ratings/argus-raises-consolidated-edison-stock-pric[0m
[2m2026-04-02T10:16:15.484184Z[0m [[32m[1minfo     [0m] [1mcrawling                      [0m [36mchannel[0m=[35mGoogle->Benzinga[0m [36mtag[0m=[35mgoogle_benzinga[0m
[2m2026-04-02T10:16:18.004475Z[0m [[32m[1minfo     [0m] [1mfetch                         [0m [36mstatus[0m=[35m200[0m [36murl[0m=[35m'https://news.google.com/rss/search?q=EL+estee+lauder+site:benzinga.com&hl=en-US&gl=US&ceid'[0m
[2m2026-04-02T10:16:18.096398Z[0m [[32m[1minfo     [0m] [1mparsed                        [0m [36mchannel[0m=[35mgoogle_benzinga[0m [36mraw[0m=[35m66[0m
[2m2026-04-02T10:16:20.561564Z[0m [[32m[1minfo     [0m] [1mfetch                         [0m [36mstatus[0m=[35m200[0m [36murl[0m=[35m'https://news.google.com/rss/search?q=estee+lauder+site:benzinga.com&hl=en-US&gl=US&ceid=US'[0m
[2m2026-04-02T10:16:20.669011Z[0m [[32m[1minfo     [0m] [1mparsed                        [0m [36mchannel[0m=[35mgoogle_benzinga[0m [36mraw[0m=[35m100[0m
[2m2026-04-02T10:16:20.669136Z[0m [[32m[1minfo     [0m] [1mcrawling                      [0m [36mchannel[0m=[35m'Google News (all)'[0m [36mtag[0m=[35mgoogle_broad[0m
[2m2026-04-02T10:16:23.247343Z[0m [[32m[1minfo     [0m] [1mfetch                         [0m [36mstatus[0m=[35m200[0m [36murl[0m=[35m'https://news.google.com/rss/search?q=EL+estee+lauder+stock+news&hl=en-US&gl=US&ceid=US:en'[0m
[2m2026-04-02T10:16:23.361926Z[0m [[32m[1minfo     [0m] [1mparsed                        [0m [36mchannel[0m=[35mgoogle_broad[0m [36mraw[0m=[35m100[0m
[2m2026-04-02T10:16:25.850857Z[0m [[32m[1minfo     [0m] [1mfetch                         [0m [36mstatus[0m=[35m200[0m [36murl[0m=[35m'https://news.google.com/rss/search?q=EL+estee+lauder+earnings+analysis&hl=en-US&gl=US&ceid'[0m
[2m2026-04-02T10:16:25.893830Z[0m [[32m[1minfo     [0m] [1mparsed                        [0m [36mchannel[0m=[35mgoogle_broad[0m [36mraw[0m=[35m62[0m
[2m2026-04-02T10:16:25.896016Z[0m [[32m[1minfo     [0m] [1mquality_filter                [0m [36minput[0m=[35m328[0m [36mpassed[0m=[35m8[0m
[2m2026-04-02T10:16:25.896796Z[0m [[32m[1minfo     [0m] [1mdedup                         [0m [36mafter[0m=[35m7[0m [36mbefore[0m=[35m8[0m
[2m2026-04-02T10:16:25.896893Z[0m [[32m[1minfo     [0m] [1mfulltext_selection            [0m [36mcandidates[0m=[35m7[0m [36mfiltered[0m=[35m7[0m [36mmode[0m=[35mhigh-value[0m [36mticker[0m=[35mEL[0m
[2m2026-04-02T10:16:28.203404Z[0m [[32m[1minfo     [0m] [1mfetch                         [0m [36mstatus[0m=[35m200[0m [36murl[0m=[35mhttps://www.marketbeat.com/instant-alerts/estee-lauder-companies-target-of-unusually-large[0m
[2m2026-04-02T10:16:28.263809Z[0m [[32m[1minfo     [0m] [1mfetch                         [0m [36mstatus[0m=[35m403[0m [36murl[0m=[35mhttps://www.investing.com/news/stock-market-news/estee-lauder-stock-falls-amid-deal-talks-[0m
[2m2026-04-02T10:16:28.534422Z[0m [[32m[1minfo     [0m] [1mfetch                         [0m [36mstatus[0m=[35m200[0m [36murl[0m=[35mhttps://seekingalpha.com/news/4571833-estee-lauder-puig-advance-talks-for-a-mainly-stock-d[0m
[2m2026-04-02T10:16:28.586590Z[0m [[32m[1minfo     [0m] [1mfetch                         [0m [36mstatus[0m=[35m200[0m [36murl[0m=[35mhttps://www.stocktitan.net/sec-filings/EL/8-k-a-estee-lauder-companies-inc-amends-material[0m
[2m2026-04-02T10:16:28.690916Z[0m [[32m[1minfo     [0m] [1mfetch                         [0m [36mstatus[0m=[35m200[0m [36murl[0m=[35mhttps://news.futunn.com/en/post/71017002/two-major-beauty-families-accelerate-merger-estee[0m
[2m2026-04-02T10:16:29.937399Z[0m [[32m[1minfo     [0m] [1mfetch                         [0m [36mstatus[0m=[35m200[0m [36murl[0m=[35mhttps://coincentral.com/estee-lauder-el-stock-drops-2-as-merger-talks-with-puig-advance/[0m
[2m2026-04-02T10:16:29.986139Z[0m [[32m[1minfo     [0m] [1mfetch                         [0m [36mstatus[0m=[35m200[0m [36murl[0m=[35mhttps://www.stocktitan.net/news/EL/the-estee-lauder-companies-fully-establishes-its-one-el[0m
[2m2026-04-02T10:16:30.199879Z[0m [[32m[1minfo     [0m] [1mcrawling                      [0m [36mchannel[0m=[35mGoogle->Benzinga[0m [36mtag[0m=[35mgoogle_benzinga[0m
[2m2026-04-02T10:16:33.121631Z[0m [[32m[1minfo     [0m] [1mfetch                         [0m [36mstatus[0m=[35m200[0m [36murl[0m=[35m'https://news.google.com/rss/search?q=TTWO+site:benzinga.com&hl=en-US&gl=US&ceid=US:en'[0m
[2m2026-04-02T10:16:33.139142Z[0m [[32m[1minfo     [0m] [1mparsed                        [0m [36mchannel[0m=[35mgoogle_benzinga[0m [36mraw[0m=[35m33[0m
[2m2026-04-02T10:16:35.145084Z[0m [[32m[1minfo     [0m] [1mfetch                         [0m [36mstatus[0m=[35m200[0m [36murl[0m=[35m'https://news.google.com/rss/search?q=TTWO+site:benzinga.com&hl=en-US&gl=US&ceid=US:en'[0m
[2m2026-04-02T10:16:35.157295Z[0m [[32m[1minfo     [0m] [1mparsed                        [0m [36mchannel[0m=[35mgoogle_benzinga[0m [36mraw[0m=[35m33[0m
[2m2026-04-02T10:16:35.157395Z[0m [[32m[1minfo     [0m] [1mcrawling                      [0m [36mchannel[0m=[35m'Google News (all)'[0m [36mtag[0m=[35mgoogle_broad[0m
[2m2026-04-02T10:16:37.798225Z[0m [[32m[1minfo     [0m] [1mfetch                         [0m [36mstatus[0m=[35m200[0m [36murl[0m=[35m'https://news.google.com/rss/search?q=TTWO+stock+news&hl=en-US&gl=US&ceid=US:en'[0m
[2m2026-04-02T10:16:37.908470Z[0m [[32m[1minfo     [0m] [1mparsed                        [0m [36mchannel[0m=[35mgoogle_broad[0m [36mraw[0m=[35m100[0m
[2m2026-04-02T10:16:40.457783Z[0m [[32m[1minfo     [0m] [1mfetch                         [0m [36mstatus[0m=[35m200[0m [36murl[0m=[35m'https://news.google.com/rss/search?q=TTWO+earnings+analysis&hl=en-US&gl=US&ceid=US:en'[0m
[2m2026-04-02T10:16:40.566811Z[0m [[32m[1minfo     [0m] [1mparsed                        [0m [36mchannel[0m=[35mgoogle_broad[0m [36mraw[0m=[35m90[0m
[2m2026-04-02T10:16:40.567649Z[0m [[32m[1minfo     [0m] [1mquality_filter                [0m [36minput[0m=[35m256[0m [36mpassed[0m=[35m0[0m
[2m2026-04-02T10:16:40.567724Z[0m [[32m[1minfo     [0m] [1mdedup                         [0m [36mafter[0m=[35m0[0m [36mbefore[0m=[35m0[0m
[2m2026-04-02T10:16:40.567759Z[0m [[32m[1minfo     [0m] [1mfulltext_selection            [0m [36mcandidates[0m=[35m0[0m [36mfiltered[0m=[35m0[0m [36mmode[0m=[35mhigh-value[0m [36mticker[0m=[35mTTWO[0m
[2m2026-04-02T10:16:40.568554Z[0m [[32m[1minfo     [0m] [1mcrawling                      [0m [36mchannel[0m=[35mGoogle->Benzinga[0m [36mtag[0m=[35mgoogle_benzinga[0m
[2m2026-04-02T10:16:43.081991Z[0m [[32m[1minfo     [0m] [1mfetch                         [0m [36mstatus[0m=[35m200[0m [36murl[0m=[35m'https://news.google.com/rss/search?q=CCI+site:benzinga.com&hl=en-US&gl=US&ceid=US:en'[0m
[2m2026-04-02T10:16:43.131650Z[0m [[32m[1minfo     [0m] [1mparsed                        [0m [36mchannel[0m=[35mgoogle_benzinga[0m [36mraw[0m=[35m77[0m
[2m2026-04-02T10:16:45.161600Z[0m [[32m[1minfo     [0m] [1mfetch                         [0m [36mstatus[0m=[35m200[0m [36murl[0m=[35m'https://news.google.com/rss/search?q=CCI+site:benzinga.com&hl=en-US&gl=US&ceid=US:en'[0m
[2m2026-04-02T10:16:45.180395Z[0m [[32m[1minfo     [0m] [1mparsed                        [0m [36mchannel[0m=[35mgoogle_benzinga[0m [36mraw[0m=[35m77[0m
[2m2026-04-02T10:16:45.180500Z[0m [[32m[1minfo     [0m] [1mcrawling                      [0m [36mchannel[0m=[35m'Google News (all)'[0m [36mtag[0m=[35mgoogle_broad[0m
[2m2026-04-02T10:16:47.701912Z[0m [[32m[1minfo     [0m] [1mfetch                         [0m [36mstatus[0m=[35m200[0m [36murl[0m=[35m'https://news.google.com/rss/search?q=CCI+stock+news&hl=en-US&gl=US&ceid=US:en'[0m
[2m2026-04-02T10:16:47.800404Z[0m [[32m[1minfo     [0m] [1mparsed                        [0m [36mchannel[0m=[35mgoogle_broad[0m [36mraw[0m=[35m100[0m
[2m2026-04-02T10:16:50.397533Z[0m [[32m[1minfo     [0m] [1mfetch                         [0m [36mstatus[0m=[35m200[0m [36murl[0m=[35m'https://news.google.com/rss/search?q=CCI+earnings+analysis&hl=en-US&gl=US&ceid=US:en'[0m
[2m2026-04-02T10:16:50.445293Z[0m [[32m[1minfo     [0m] [1mparsed                        [0m [36mchannel[0m=[35mgoogle_broad[0m [36mraw[0m=[35m69[0m
[2m2026-04-02T10:16:50.446116Z[0m [[32m[1minfo     [0m] [1mquality_filter                [0m [36minput[0m=[35m323[0m [36mpassed[0m=[35m0[0m
[2m2026-04-02T10:16:50.446198Z[0m [[32m[1minfo     [0m] [1mdedup                         [0m [36mafter[0m=[35m0[0m [36mbefore[0m=[35m0[0m
[2m2026-04-02T10:16:50.446244Z[0m [[32m[1minfo     [0m] [1mfulltext_selection            [0m [36mcandidates[0m=[35m0[0m [36mfiltered[0m=[35m0[0m [36mmode[0m=[35mhigh-value[0m [36mticker[0m=[35mCCI[0m
[2m2026-04-02T10:16:50.447262Z[0m [[32m[1minfo     [0m] [1mcrawling                      [0m [36mchannel[0m=[35mGoogle->Benzinga[0m [36mtag[0m=[35mgoogle_benzinga[0m
[2m2026-04-02T10:16:52.907414Z[0m [[32m[1minfo     [0m] [1mfetch                         [0m [36mstatus[0m=[35m200[0m [36murl[0m=[35m'https://news.google.com/rss/search?q=HIG+site:benzinga.com&hl=en-US&gl=US&ceid=US:en'[0m
[2m2026-04-02T10:16:52.915798Z[0m [[32m[1minfo     [0m] [1mparsed                        [0m [36mchannel[0m=[35mgoogle_benzinga[0m [36mraw[0m=[35m26[0m
[2m2026-04-02T10:16:54.923882Z[0m [[32m[1minfo     [0m] [1mfetch                         [0m [36mstatus[0m=[35m200[0m [36murl[0m=[35m'https://news.google.com/rss/search?q=HIG+site:benzinga.com&hl=en-US&gl=US&ceid=US:en'[0m
[2m2026-04-02T10:16:54.932777Z[0m [[32m[1minfo     [0m] [1mparsed                        [0m [36mchannel[0m=[35mgoogle_benzinga[0m [36mraw[0m=[35m26[0m
[2m2026-04-02T10:16:54.932884Z[0m [[32m[1minfo     [0m] [1mcrawling                      [0m [36mchannel[0m=[35m'Google News (all)'[0m [36mtag[0m=[35mgoogle_broad[0m
[2m2026-04-02T10:16:57.355953Z[0m [[32m[1minfo     [0m] [1mfetch                         [0m [36mstatus[0m=[35m200[0m [36murl[0m=[35m'https://news.google.com/rss/search?q=HIG+stock+news&hl=en-US&gl=US&ceid=US:en'[0m
[2m2026-04-02T10:16:57.387391Z[0m [[32m[1minfo     [0m] [1mparsed                        [0m [36mchannel[0m=[35mgoogle_broad[0m [36mraw[0m=[35m50[0m
[2m2026-04-02T10:16:59.831997Z[0m [[32m[1minfo     [0m] [1mfetch                         [0m [36mstatus[0m=[35m200[0m [36murl[0m=[35m'https://news.google.com/rss/search?q=HIG+earnings+analysis&hl=en-US&gl=US&ceid=US:en'[0m
[2m2026-04-02T10:16:59.869336Z[0m [[32m[1minfo     [0m] [1mparsed                        [0m [36mchannel[0m=[35mgoogle_broad[0m [36mraw[0m=[35m56[0m
[2m2026-04-02T10:16:59.869954Z[0m [[32m[1minfo     [0m] [1mquality_filter                [0m [36minput[0m=[35m158[0m [36mpassed[0m=[35m0[0m
[2m2026-04-02T10:16:59.870028Z[0m [[32m[1minfo     [0m] [1mdedup                         [0m [36mafter[0m=[35m0[0m [36mbefore[0m=[35m0[0m
[2m2026-04-02T10:16:59.870071Z[0m [[32m[1minfo     [0m] [1mfulltext_selection            [0m [36mcandidates[0m=[35m0[0m [36mfiltered[0m=[35m0[0m [36mmode[0m=[35mhigh-value[0m [36mticker[0m=[35mHIG[0m
[2m2026-04-02T10:16:59.870791Z[0m [[32m[1minfo     [0m] [1mcrawling                      [0m [36mchannel[0m=[35mGoogle->Benzinga[0m [36mtag[0m=[35mgoogle_benzinga[0m
[2m2026-04-02T10:17:02.422548Z[0m [[32m[1minfo     [0m] [1mfetch                         [0m [36mstatus[0m=[35m200[0m [36murl[0m=[35m'https://news.google.com/rss/search?q=GEHC+site:benzinga.com&hl=en-US&gl=US&ceid=US:en'[0m
[2m2026-04-02T10:17:02.442663Z[0m [[32m[1minfo     [0m] [1mparsed                        [0m [36mchannel[0m=[35mgoogle_benzinga[0m [36mraw[0m=[35m47[0m
[2m2026-04-02T10:17:04.454377Z[0m [[32m[1minfo     [0m] [1mfetch                         [0m [36mstatus[0m=[35m200[0m [36murl[0m=[35m'https://news.google.com/rss/search?q=GEHC+site:benzinga.com&hl=en-US&gl=US&ceid=US:en'[0m
[2m2026-04-02T10:17:04.468060Z[0m [[32m[1minfo     [0m] [1mparsed                        [0m [36mchannel[0m=[35mgoogle_benzinga[0m [36mraw[0m=[35m47[0m
[2m2026-04-02T10:17:04.468177Z[0m [[32m[1minfo     [0m] [1mcrawling                      [0m [36mchannel[0m=[35m'Google News (all)'[0m [36mtag[0m=[35mgoogle_broad[0m
[2m2026-04-02T10:17:07.176893Z[0m [[32m[1minfo     [0m] [1mfetch                         [0m [36mstatus[0m=[35m200[0m [36murl[0m=[35m'https://news.google.com/rss/search?q=GEHC+stock+news&hl=en-US&gl=US&ceid=US:en'[0m
[2m2026-04-02T10:17:07.291936Z[0m [[32m[1minfo     [0m] [1mparsed                        [0m [36mchannel[0m=[35mgoogle_broad[0m [36mraw[0m=[35m100[0m
[2m2026-04-02T10:17:09.740996Z[0m [[32m[1minfo     [0m] [1mfetch                         [0m [36mstatus[0m=[35m200[0m [36murl[0m=[35m'https://news.google.com/rss/search?q=GEHC+earnings+analysis&hl=en-US&gl=US&ceid=US:en'[0m
[2m2026-04-02T10:17:09.777803Z[0m [[32m[1minfo     [0m] [1mparsed                        [0m [36mchannel[0m=[35mgoogle_broad[0m [36mraw[0m=[35m55[0m
[2m2026-04-02T10:17:09.778701Z[0m [[32m[1minfo     [0m] [1mquality_filter                [0m [36minput[0m=[35m249[0m [36mpassed[0m=[35m2[0m
[2m2026-04-02T10:17:09.778897Z[0m [[32m[1minfo     [0m] [1mdedup                         [0m [36mafter[0m=[35m2[0m [36mbefore[0m=[35m2[0m
[2m2026-04-02T10:17:09.778966Z[0m [[32m[1minfo     [0m] [1mfulltext_selection            [0m [36mcandidates[0m=[35m0[0m [36mfiltered[0m=[35m2[0m [36mmode[0m=[35mhigh-value[0m [36mticker[0m=[35mGEHC[0m
[2m2026-04-02T10:17:09.779935Z[0m [[32m[1minfo     [0m] [1mcrawling                      [0m [36mchannel[0m=[35mGoogle->Benzinga[0m [36mtag[0m=[35mgoogle_benzinga[0m
[2m2026-04-02T10:17:12.245918Z[0m [[32m[1minfo     [0m] [1mfetch                         [0m [36mstatus[0m=[35m200[0m [36murl[0m=[35m'https://news.google.com/rss/search?q=LVS+site:benzinga.com&hl=en-US&gl=US&ceid=US:en'[0m
[2m2026-04-02T10:17:12.266387Z[0m [[32m[1minfo     [0m] [1mparsed                        [0m [36mchannel[0m=[35mgoogle_benzinga[0m [36mraw[0m=[35m47[0m
[2m2026-04-02T10:17:14.275908Z[0m [[32m[1minfo     [0m] [1mfetch                         [0m [36mstatus[0m=[35m200[0m [36murl[0m=[35m'https://news.google.com/rss/search?q=LVS+site:benzinga.com&hl=en-US&gl=US&ceid=US:en'[0m
[2m2026-04-02T10:17:14.290567Z[0m [[32m[1minfo     [0m] [1mparsed                        [0m [36mchannel[0m=[35mgoogle_benzinga[0m [36mraw[0m=[35m47[0m
[2m2026-04-02T10:17:14.290685Z[0m [[32m[1minfo     [0m] [1mcrawling                      [0m [36mchannel[0m=[35m'Google News (all)'[0m [36mtag[0m=[35mgoogle_broad[0m
[2m2026-04-02T10:17:16.879196Z[0m [[32m[1minfo     [0m] [1mfetch                         [0m [36mstatus[0m=[35m200[0m [36murl[0m=[35m'https://news.google.com/rss/search?q=LVS+stock+news&hl=en-US&gl=US&ceid=US:en'[0m
[2m2026-04-02T10:17:16.992142Z[0m [[32m[1minfo     [0m] [1mparsed                        [0m [36mchannel[0m=[35mgoogle_broad[0m [36mraw[0m=[35m100[0m
[2m2026-04-02T10:17:19.450457Z[0m [[32m[1minfo     [0m] [1mfetch                         [0m [36mstatus[0m=[35m200[0m [36murl[0m=[35m'https://news.google.com/rss/search?q=LVS+earnings+analysis&hl=en-US&gl=US&ceid=US:en'[0m
[2m2026-04-02T10:17:19.489665Z[0m [[32m[1minfo     [0m] [1mparsed                        [0m [36mchannel[0m=[35mgoogle_broad[0m [36mraw[0m=[35m59[0m
[2m2026-04-02T10:17:19.490387Z[0m [[32m[1minfo     [0m] [1mquality_filter                [0m [36minput[0m=[35m253[0m [36mpassed[0m=[35m1[0m
[2m2026-04-02T10:17:19.490541Z[0m [[32m[1minfo     [0m] [1mdedup                         [0m [36mafter[0m=[35m1[0m [36mbefore[0m=[35m1[0m
[2m2026-04-02T10:17:19.490592Z[0m [[32m[1minfo     [0m] [1mfulltext_selection            [0m [36mcandidates[0m=[35m0[0m [36mfiltered[0m=[35m1[0m [36mmode[0m=[35mhigh-value[0m [36mticker[0m=[35mLVS[0m
[2m2026-04-02T10:17:19.491542Z[0m [[32m[1minfo     [0m] [1mcrawling                      [0m [36mchannel[0m=[35mGoogle->Benzinga[0m [36mtag[0m=[35mgoogle_benzinga[0m
[2m2026-04-02T10:17:22.494695Z[0m [[32m[1minfo     [0m] [1mfetch                         [0m [36mstatus[0m=[35m200[0m [36murl[0m=[35m'https://news.google.com/rss/search?q=LYV+site:benzinga.com&hl=en-US&gl=US&ceid=US:en'[0m
[2m2026-04-02T10:17:22.530117Z[0m [[32m[1minfo     [0m] [1mparsed                        [0m [36mchannel[0m=[35mgoogle_benzinga[0m [36mraw[0m=[35m58[0m
[2m2026-04-02T10:17:24.561950Z[0m [[32m[1minfo     [0m] [1mfetch                         [0m [36mstatus[0m=[35m200[0m [36murl[0m=[35m'https://news.google.com/rss/search?q=LYV+site:benzinga.com&hl=en-US&gl=US&ceid=US:en'[0m
[2m2026-04-02T10:17:24.578136Z[0m [[32m[1minfo     [0m] [1mparsed                        [0m [36mchannel[0m=[35mgoogle_benzinga[0m [36mraw[0m=[35m58[0m
[2m2026-04-02T10:17:24.578253Z[0m [[32m[1minfo     [0m] [1mcrawling                      [0m [36mchannel[0m=[35m'Google News (all)'[0m [36mtag[0m=[35mgoogle_broad[0m
[2m2026-04-02T10:17:27.059489Z[0m [[32m[1minfo     [0m] [1mfetch                         [0m [36mstatus[0m=[35m200[0m [36murl[0m=[35m'https://news.google.com/rss/search?q=LYV+stock+news&hl=en-US&gl=US&ceid=US:en'[0m
[2m2026-04-02T10:17:27.097184Z[0m [[32m[1minfo     [0m] [1mparsed                        [0m [36mchannel[0m=[35mgoogle_broad[0m [36mraw[0m=[35m62[0m
[2m2026-04-02T10:17:29.624034Z[0m [[32m[1minfo     [0m] [1mfetch                         [0m [36mstatus[0m=[35m200[0m [36murl[0m=[35m'https://news.google.com/rss/search?q=LYV+earnings+analysis&hl=en-US&gl=US&ceid=US:en'[0m
[2m2026-04-02T10:17:29.650542Z[0m [[32m[1minfo     [0m] [1mparsed                        [0m [36mchannel[0m=[35mgoogle_broad[0m [36mraw[0m=[35m49[0m
[2m2026-04-02T10:17:29.651299Z[0m [[32m[1minfo     [0m] [1mquality_filter                [0m [36minput[0m=[35m227[0m [36mpassed[0m=[35m1[0m
[2m2026-04-02T10:17:29.651510Z[0m [[32m[1minfo     [0m] [1mdedup                         [0m [36mafter[0m=[35m1[0m [36mbefore[0m=[35m1[0m
[2m2026-04-02T10:17:29.651585Z[0m [[32m[1minfo     [0m] [1mfulltext_selection            [0m [36mcandidates[0m=[35m1[0m [36mfiltered[0m=[35m1[0m [36mmode[0m=[35mhigh-value[0m [36mticker[0m=[35mLYV[0m
[2m2026-04-02T10:17:31.849180Z[0m [[32m[1minfo     [0m] [1mfetch                         [0m [36mstatus[0m=[35m200[0m [36murl[0m=[35mhttps://www.marketbeat.com/instant-alerts/filing-live-nation-entertainment-inc-lyv-shares-[0m
[2m2026-04-02T10:17:32.116607Z[0m [[32m[1minfo     [0m] [1mcrawling                      [0m [36mchannel[0m=[35mGoogle->Benzinga[0m [36mtag[0m=[35mgoogle_benzinga[0m
[2m2026-04-02T10:17:34.539764Z[0m [[32m[1minfo     [0m] [1mfetch                         [0m [36mstatus[0m=[35m200[0m [36murl[0m=[35m'https://news.google.com/rss/search?q=RMD+site:benzinga.com&hl=en-US&gl=US&ceid=US:en'[0m
[2m2026-04-02T10:17:34.553162Z[0m [[32m[1minfo     [0m] [1mparsed                        [0m [36mchannel[0m=[35mgoogle_benzinga[0m [36mraw[0m=[35m26[0m
[2m2026-04-02T10:17:36.566553Z[0m [[32m[1minfo     [0m] [1mfetch                         [0m [36mstatus[0m=[35m200[0m [36murl[0m=[35m'https://news.google.com/rss/search?q=RMD+site:benzinga.com&hl=en-US&gl=US&ceid=US:en'[0m
[2m2026-04-02T10:17:36.575428Z[0m [[32m[1minfo     [0m] [1mparsed                        [0m [36mchannel[0m=[35mgoogle_benzinga[0m [36mraw[0m=[35m26[0m
[2m2026-04-02T10:17:36.575527Z[0m [[32m[1minfo     [0m] [1mcrawling                      [0m [36mchannel[0m=[35m'Google News (all)'[0m [36mtag[0m=[35mgoogle_broad[0m
[2m2026-04-02T10:17:39.089727Z[0m [[32m[1minfo     [0m] [1mfetch                         [0m [36mstatus[0m=[35m200[0m [36murl[0m=[35m'https://news.google.com/rss/search?q=RMD+stock+news&hl=en-US&gl=US&ceid=US:en'[0m
[2m2026-04-02T10:17:39.130680Z[0m [[32m[1minfo     [0m] [1mparsed                        [0m [36mchannel[0m=[35mgoogle_broad[0m [36mraw[0m=[35m64[0m
[2m2026-04-02T10:17:41.555589Z[0m [[32m[1minfo     [0m] [1mfetch                         [0m [36mstatus[0m=[35m200[0m [36murl[0m=[35m'https://news.google.com/rss/search?q=RMD+earnings+analysis&hl=en-US&gl=US&ceid=US:en'[0m
[2m2026-04-02T10:17:41.572512Z[0m [[32m[1minfo     [0m] [1mparsed                        [0m [36mchannel[0m=[35mgoogle_broad[0m [36mraw[0m=[35m37[0m
[2m2026-04-02T10:17:41.573451Z[0m [[32m[1minfo     [0m] [1mquality_filter                [0m [36minput[0m=[35m153[0m [36mpassed[0m=[35m2[0m
[2m2026-04-02T10:17:41.573643Z[0m [[32m[1minfo     [0m] [1mdedup                         [0m [36mafter[0m=[35m2[0m [36mbefore[0m=[35m2[0m
[2m2026-04-02T10:17:41.573710Z[0m [[32m[1minfo     [0m] [1mfulltext_selection            [0m [36mcandidates[0m=[35m0[0m [36mfiltered[0m=[35m2[0m [36mmode[0m=[35mhigh-value[0m [36mticker[0m=[35mRMD[0m
[2m2026-04-02T10:17:41.574368Z[0m [[32m[1minfo     [0m] [1mcrawling                      [0m [36mchannel[0m=[35mGoogle->Benzinga[0m [36mtag[0m=[35mgoogle_benzinga[0m
[2m2026-04-02T10:17:44.031177Z[0m [[32m[1minfo     [0m] [1mfetch                         [0m [36mstatus[0m=[35m200[0m [36murl[0m=[35m'https://news.google.com/rss/search?q=ROP+site:benzinga.com&hl=en-US&gl=US&ceid=US:en'[0m
[2m2026-04-02T10:17:44.037087Z[0m [[32m[1minfo     [0m] [1mparsed                        [0m [36mchannel[0m=[35mgoogle_benzinga[0m [36mraw[0m=[35m14[0m
[2m2026-04-02T10:17:46.049690Z[0m [[32m[1minfo     [0m] [1mfetch                         [0m [36mstatus[0m=[35m200[0m [36murl[0m=[35m'https://news.google.com/rss/search?q=ROP+site:benzinga.com&hl=en-US&gl=US&ceid=US:en'[0m
[2m2026-04-02T10:17:46.055021Z[0m [[32m[1minfo     [0m] [1mparsed                        [0m [36mchannel[0m=[35mgoogle_benzinga[0m [36mraw[0m=[35m14[0m
[2m2026-04-02T10:17:46.055116Z[0m [[32m[1minfo     [0m] [1mcrawling                      [0m [36mchannel[0m=[35m'Google News (all)'[0m [36mtag[0m=[35mgoogle_broad[0m
[2m2026-04-02T10:17:48.488122Z[0m [[32m[1minfo     [0m] [1mfetch                         [0m [36mstatus[0m=[35m200[0m [36murl[0m=[35m'https://news.google.com/rss/search?q=ROP+stock+news&hl=en-US&gl=US&ceid=US:en'[0m
[2m2026-04-02T10:17:48.510646Z[0m [[32m[1minfo     [0m] [1mparsed                        [0m [36mchannel[0m=[35mgoogle_broad[0m [36mraw[0m=[35m77[0m
[2m2026-04-02T10:17:51.092954Z[0m [[32m[1minfo     [0m] [1mfetch                         [0m [36mstatus[0m=[35m200[0m [36murl[0m=[35m'https://news.google.com/rss/search?q=ROP+earnings+analysis&hl=en-US&gl=US&ceid=US:en'[0m
[2m2026-04-02T10:17:51.146979Z[0m [[32m[1minfo     [0m] [1mparsed                        [0m [36mchannel[0m=[35mgoogle_broad[0m [36mraw[0m=[35m73[0m
[2m2026-04-02T10:17:51.147736Z[0m [[32m[1minfo     [0m] [1mquality_filter                [0m [36minput[0m=[35m178[0m [36mpassed[0m=[35m1[0m
[2m2026-04-02T10:17:51.147863Z[0m [[32m[1minfo     [0m] [1mdedup                         [0m [36mafter[0m=[35m1[0m [36mbefore[0m=[35m1[0m
[2m2026-04-02T10:17:51.147971Z[0m [[32m[1minfo     [0m] [1mfulltext_selection            [0m [36mcandidates[0m=[35m1[0m [36mfiltered[0m=[35m1[0m [36mmode[0m=[35mhigh-value[0m [36mticker[0m=[35mROP[0m
[2m2026-04-02T10:17:53.362713Z[0m [[32m[1minfo     [0m] [1mfetch                         [0m [36mstatus[0m=[35m200[0m [36murl[0m=[35mhttps://www.marketbeat.com/instant-alerts/filing-roper-technologies-inc-rop-shares-acquire[0m
[2m2026-04-02T10:17:53.714172Z[0m [[32m[1minfo     [0m] [1mcrawling                      [0m [36mchannel[0m=[35mGoogle->Benzinga[0m [36mtag[0m=[35mgoogle_benzinga[0m
[2m2026-04-02T10:17:56.166670Z[0m [[32m[1minfo     [0m] [1mfetch                         [0m [36mstatus[0m=[35m200[0m [36murl[0m=[35m'https://news.google.com/rss/search?q=KMB+site:benzinga.com&hl=en-US&gl=US&ceid=US:en'[0m
[2m2026-04-02T10:17:56.174607Z[0m [[32m[1minfo     [0m] [1mparsed                        [0m [36mchannel[0m=[35mgoogle_benzinga[0m [36mraw[0m=[35m23[0m
[2m2026-04-02T10:17:58.194449Z[0m [[32m[1minfo     [0m] [1mfetch                         [0m [36mstatus[0m=[35m200[0m [36murl[0m=[35m'https://news.google.com/rss/search?q=KMB+site:benzinga.com&hl=en-US&gl=US&ceid=US:en'[0m
[2m2026-04-02T10:17:58.202388Z[0m [[32m[1minfo     [0m] [1mparsed                        [0m [36mchannel[0m=[35mgoogle_benzinga[0m [36mraw[0m=[35m23[0m
[2m2026-04-02T10:17:58.202496Z[0m [[32m[1minfo     [0m] [1mcrawling                      [0m [36mchannel[0m=[35m'Google News (all)'[0m [36mtag[0m=[35mgoogle_broad[0m
[2m2026-04-02T10:18:01.019053Z[0m [[32m[1minfo     [0m] [1mfetch                         [0m [36mstatus[0m=[35m200[0m [36murl[0m=[35m'https://news.google.com/rss/search?q=KMB+stock+news&hl=en-US&gl=US&ceid=US:en'[0m
[2m2026-04-02T10:18:01.113455Z[0m [[32m[1minfo     [0m] [1mparsed                        [0m [36mchannel[0m=[35mgoogle_broad[0m [36mraw[0m=[35m100[0m
[2m2026-04-02T10:18:03.600336Z[0m [[32m[1minfo     [0m] [1mfetch                         [0m [36mstatus[0m=[35m200[0m [36murl[0m=[35m'https://news.google.com/rss/search?q=KMB+earnings+analysis&hl=en-US&gl=US&ceid=US:en'[0m
[2m2026-04-02T10:18:03.615554Z[0m [[32m[1minfo     [0m] [1mparsed                        [0m [36mchannel[0m=[35mgoogle_broad[0m [36mraw[0m=[35m46[0m
[2m2026-04-02T10:18:03.615999Z[0m [[32m[1minfo     [0m] [1mquality_filter                [0m [36minput[0m=[35m192[0m [36mpassed[0m=[35m0[0m
[2m2026-04-02T10:18:03.616051Z[0m [[32m[1minfo     [0m] [1mdedup                         [0m [36mafter[0m=[35m0[0m [36mbefore[0m=[35m0[0m
[2m2026-04-02T10:18:03.616083Z[0m [[32m[1minfo     [0m] [1mfulltext_selection            [0m [36mcandidates[0m=[35m0[0m [36mfiltered[0m=[35m0[0m [36mmode[0m=[35mhigh-value[0m [36mticker[0m=[35mKMB[0m
[2m2026-04-02T10:18:03.616655Z[0m [[32m[1minfo     [0m] [1mcrawling                      [0m [36mchannel[0m=[35mGoogle->Benzinga[0m [36mtag[0m=[35mgoogle_benzinga[0m
[2m2026-04-02T10:18:06.042231Z[0m [[32m[1minfo     [0m] [1mfetch                         [0m [36mstatus[0m=[35m200[0m [36murl[0m=[35m'https://news.google.com/rss/search?q=CPRT+site:benzinga.com&hl=en-US&gl=US&ceid=US:en'[0m
[2m2026-04-02T10:18:06.048722Z[0m [[32m[1minfo     [0m] [1mparsed                        [0m [36mchannel[0m=[35mgoogle_benzinga[0m [36mraw[0m=[35m15[0m
[2m2026-04-02T10:18:08.062165Z[0m [[32m[1minfo     [0m] [1mfetch                         [0m [36mstatus[0m=[35m200[0m [36murl[0m=[35m'https://news.google.com/rss/search?q=CPRT+site:benzinga.com&hl=en-US&gl=US&ceid=US:en'[0m
[2m2026-04-02T10:18:08.067750Z[0m [[32m[1minfo     [0m] [1mparsed                        [0m [36mchannel[0m=[35mgoogle_benzinga[0m [36mraw[0m=[35m15[0m
[2m2026-04-02T10:18:08.067848Z[0m [[32m[1minfo     [0m] [1mcrawling                      [0m [36mchannel[0m=[35m'Google News (all)'[0m [36mtag[0m=[35mgoogle_broad[0m
[2m2026-04-02T10:18:10.592614Z[0m [[32m[1minfo     [0m] [1mfetch                         [0m [36mstatus[0m=[35m200[0m [36murl[0m=[35m'https://news.google.com/rss/search?q=CPRT+stock+news&hl=en-US&gl=US&ceid=US:en'[0m
[2m2026-04-02T10:18:10.692412Z[0m [[32m[1minfo     [0m] [1mparsed                        [0m [36mchannel[0m=[35mgoogle_broad[0m [36mraw[0m=[35m99[0m
[2m2026-04-02T10:18:13.119568Z[0m [[32m[1minfo     [0m] [1mfetch                         [0m [36mstatus[0m=[35m200[0m [36murl[0m=[35m'https://news.google.com/rss/search?q=CPRT+earnings+analysis&hl=en-US&gl=US&ceid=US:en'[0m
[2m2026-04-02T10:18:13.131686Z[0m [[32m[1minfo     [0m] [1mparsed                        [0m [36mchannel[0m=[35mgoogle_broad[0m [36mraw[0m=[35m26[0m
[2m2026-04-02T10:18:13.132626Z[0m [[32m[1minfo     [0m] [1mquality_filter                [0m [36minput[0m=[35m155[0m [36mpassed[0m=[35m1[0m
[2m2026-04-02T10:18:13.132778Z[0m [[32m[1minfo     [0m] [1mdedup                         [0m [36mafter[0m=[35m1[0m [36mbefore[0m=[35m1[0m
[2m2026-04-02T10:18:13.132835Z[0m [[32m[1minfo     [0m] [1mfulltext_selection            [0m [36mcandidates[0m=[35m1[0m [36mfiltered[0m=[35m1[0m [36mmode[0m=[35mhigh-value[0m [36mticker[0m=[35mCPRT[0m
[2m2026-04-02T10:18:15.456166Z[0m [[32m[1minfo     [0m] [1mfetch                         [0m [36mstatus[0m=[35m200[0m [36murl[0m=[35mhttps://www.msn.com/en-us/money/companies/copart-cprt-q2-earnings-report-preview-what-to-l[0m
[2m2026-04-02T10:18:15.697787Z[0m [[32m[1minfo     [0m] [1mcrawling                      [0m [36mchannel[0m=[35mGoogle->Benzinga[0m [36mtag[0m=[35mgoogle_benzinga[0m
[2m2026-04-02T10:18:18.121348Z[0m [[32m[1minfo     [0m] [1mfetch                         [0m [36mstatus[0m=[35m200[0m [36murl[0m=[35m'https://news.google.com/rss/search?q=IR+ingersoll+rand+site:benzinga.com&hl=en-US&gl=US&ce'[0m
[2m2026-04-02T10:18:18.125745Z[0m [[32m[1minfo     [0m] [1mparsed                        [0m [36mchannel[0m=[35mgoogle_benzinga[0m [36mraw[0m=[35m9[0m
[2m2026-04-02T10:18:20.447577Z[0m [[32m[1minfo     [0m] [1mfetch                         [0m [36mstatus[0m=[35m200[0m [36murl[0m=[35m'https://news.google.com/rss/search?q=ingersoll+rand+site:benzinga.com&hl=en-US&gl=US&ceid='[0m
[2m2026-04-02T10:18:20.456341Z[0m [[32m[1minfo     [0m] [1mparsed                        [0m [36mchannel[0m=[35mgoogle_benzinga[0m [36mraw[0m=[35m24[0m
[2m2026-04-02T10:18:20.456475Z[0m [[32m[1minfo     [0m] [1mcrawling                      [0m [36mchannel[0m=[35m'Google News (all)'[0m [36mtag[0m=[35mgoogle_broad[0m
[2m2026-04-02T10:18:22.966431Z[0m [[32m[1minfo     [0m] [1mfetch                         [0m [36mstatus[0m=[35m200[0m [36murl[0m=[35m'https://news.google.com/rss/search?q=IR+ingersoll+rand+stock+news&hl=en-US&gl=US&ceid=US:e'[0m
[2m2026-04-02T10:18:23.024336Z[0m [[32m[1minfo     [0m] [1mparsed                        [0m [36mchannel[0m=[35mgoogle_broad[0m [36mraw[0m=[35m80[0m
[2m2026-04-02T10:18:25.434883Z[0m [[32m[1minfo     [0m] [1mfetch                         [0m [36mstatus[0m=[35m200[0m [36murl[0m=[35m'https://news.google.com/rss/search?q=IR+ingersoll+rand+earnings+analysis&hl=en-US&gl=US&ce'[0m
[2m2026-04-02T10:18:25.451730Z[0m [[32m[1minfo     [0m] [1mparsed                        [0m [36mchannel[0m=[35mgoogle_broad[0m [36mraw[0m=[35m42[0m
[2m2026-04-02T10:18:25.452861Z[0m [[32m[1minfo     [0m] [1mquality_filter                [0m [36minput[0m=[35m155[0m [36mpassed[0m=[35m3[0m
[2m2026-04-02T10:18:25.453148Z[0m [[32m[1minfo     [0m] [1mdedup                         [0m [36mafter[0m=[35m3[0m [36mbefore[0m=[35m3[0m
[2m2026-04-02T10:18:25.453217Z[0m [[32m[1minfo     [0m] [1mfulltext_selection            [0m [36mcandidates[0m=[35m2[0m [36mfiltered[0m=[35m3[0m [36mmode[0m=[35mhigh-value[0m [36mticker[0m=[35mIR[0m
[2m2026-04-02T10:18:27.589868Z[0m [[32m[1minfo     [0m] [1mfetch                         [0m [36mstatus[0m=[35m200[0m [36murl[0m=[35mhttps://www.marketbeat.com/instant-alerts/ingersoll-rand-nyseir-price-target-lowered-to-90[0m
[2m2026-04-02T10:18:27.598771Z[0m [[32m[1minfo     [0m] [1mfetch                         [0m [36mstatus[0m=[35m200[0m [36murl[0m=[35mhttps://www.marketbeat.com/instant-alerts/ingersoll-rand-nyseir-given-new-10000-price-targ[0m
[2m2026-04-02T10:18:27.937543Z[0m [[32m[1minfo     [0m] [1mcrawling                      [0m [36mchannel[0m=[35mGoogle->Benzinga[0m [36mtag[0m=[35mgoogle_benzinga[0m
[2m2026-04-02T10:18:30.377832Z[0m [[32m[1minfo     [0m] [1mfetch                         [0m [36mstatus[0m=[35m200[0m [36murl[0m=[35m'https://news.google.com/rss/search?q=KVUE+site:benzinga.com&hl=en-US&gl=US&ceid=US:en'[0m
[2m2026-04-02T10:18:30.385293Z[0m [[32m[1minfo     [0m] [1mparsed                        [0m [36mchannel[0m=[35mgoogle_benzinga[0m [36mraw[0m=[35m20[0m
[2m2026-04-02T10:18:32.403185Z[0m [[32m[1minfo     [0m] [1mfetch                         [0m [36mstatus[0m=[35m200[0m [36murl[0m=[35m'https://news.google.com/rss/search?q=KVUE+site:benzinga.com&hl=en-US&gl=US&ceid=US:en'[0m
[2m2026-04-02T10:18:32.409506Z[0m [[32m[1minfo     [0m] [1mparsed                        [0m [36mchannel[0m=[35mgoogle_benzinga[0m [36mraw[0m=[35m20[0m
[2m2026-04-02T10:18:32.409611Z[0m [[32m[1minfo     [0m] [1mcrawling                      [0m [36mchannel[0m=[35m'Google News (all)'[0m [36mtag[0m=[35mgoogle_broad[0m
[2m2026-04-02T10:18:34.944386Z[0m [[32m[1minfo     [0m] [1mfetch                         [0m [36mstatus[0m=[35m200[0m [36murl[0m=[35m'https://news.google.com/rss/search?q=KVUE+stock+news&hl=en-US&gl=US&ceid=US:en'[0m
[2m2026-04-02T10:18:35.058566Z[0m [[32m[1minfo     [0m] [1mparsed                        [0m [36mchannel[0m=[35mgoogle_broad[0m [36mraw[0m=[35m100[0m
[2m2026-04-02T10:18:37.765937Z[0m [[32m[1minfo     [0m] [1mfetch                         [0m [36mstatus[0m=[35m200[0m [36murl[0m=[35m'https://news.google.com/rss/search?q=KVUE+earnings+analysis&hl=en-US&gl=US&ceid=US:en'[0m
[2m2026-04-02T10:18:37.787413Z[0m [[32m[1minfo     [0m] [1mparsed                        [0m [36mchannel[0m=[35mgoogle_broad[0m [36mraw[0m=[35m47[0m
[2m2026-04-02T10:18:37.788388Z[0m [[32m[1minfo     [0m] [1mquality_filter                [0m [36minput[0m=[35m187[0m [36mpassed[0m=[35m3[0m
[2m2026-04-02T10:18:37.788741Z[0m [[32m[1minfo     [0m] [1mdedup                         [0m [36mafter[0m=[35m3[0m [36mbefore[0m=[35m3[0m
[2m2026-04-02T10:18:37.788836Z[0m [[32m[1minfo     [0m] [1mfulltext_selection            [0m [36mcandidates[0m=[35m0[0m [36mfiltered[0m=[35m3[0m [36mmode[0m=[35mhigh-value[0m [36mticker[0m=[35mKVUE[0m
[2m2026-04-02T10:18:37.789597Z[0m [[32m[1minfo     [0m] [1mcrawling                      [0m [36mchannel[0m=[35mGoogle->Benzinga[0m [36mtag[0m=[35mgoogle_benzinga[0m
[2m2026-04-02T10:18:40.244045Z[0m [[32m[1minfo     [0m] [1mfetch                         [0m [36mstatus[0m=[35m200[0m [36murl[0m=[35m'https://news.google.com/rss/search?q=TPL+site:benzinga.com&hl=en-US&gl=US&ceid=US:en'[0m
[2m2026-04-02T10:18:40.252453Z[0m [[32m[1minfo     [0m] [1mparsed                        [0m [36mchannel[0m=[35mgoogle_benzinga[0m [36mraw[0m=[35m25[0m
[2m2026-04-02T10:18:42.270582Z[0m [[32m[1minfo     [0m] [1mfetch                         [0m [36mstatus[0m=[35m200[0m [36murl[0m=[35m'https://news.google.com/rss/search?q=TPL+site:benzinga.com&hl=en-US&gl=US&ceid=US:en'[0m
[2m2026-04-02T10:18:42.281986Z[0m [[32m[1minfo     [0m] [1mparsed                        [0m [36mchannel[0m=[35mgoogle_benzinga[0m [36mraw[0m=[35m25[0m
[2m2026-04-02T10:18:42.282081Z[0m [[32m[1minfo     [0m] [1mcrawling                      [0m [36mchannel[0m=[35m'Google News (all)'[0m [36mtag[0m=[35mgoogle_broad[0m
[2m2026-04-02T10:18:44.801957Z[0m [[32m[1minfo     [0m] [1mfetch                         [0m [36mstatus[0m=[35m200[0m [36murl[0m=[35m'https://news.google.com/rss/search?q=TPL+stock+news&hl=en-US&gl=US&ceid=US:en'[0m
[2m2026-04-02T10:18:44.908388Z[0m [[32m[1minfo     [0m] [1mparsed                        [0m [36mchannel[0m=[35mgoogle_broad[0m [36mraw[0m=[35m90[0m
[2m2026-04-02T10:18:47.364442Z[0m [[32m[1minfo     [0m] [1mfetch                         [0m [36mstatus[0m=[35m200[0m [36murl[0m=[35m'https://news.google.com/rss/search?q=TPL+earnings+analysis&hl=en-US&gl=US&ceid=US:en'[0m
[2m2026-04-02T10:18:47.398709Z[0m [[32m[1minfo     [0m] [1mparsed                        [0m [36mchannel[0m=[35mgoogle_broad[0m [36mraw[0m=[35m52[0m
[2m2026-04-02T10:18:47.399435Z[0m [[32m[1minfo     [0m] [1mquality_filter                [0m [36minput[0m=[35m192[0m [36mpassed[0m=[35m1[0m
[2m2026-04-02T10:18:47.399548Z[0m [[32m[1minfo     [0m] [1mdedup                         [0m [36mafter[0m=[35m1[0m [36mbefore[0m=[35m1[0m
[2m2026-04-02T10:18:47.399608Z[0m [[32m[1minfo     [0m] [1mfulltext_selection            [0m [36mcandidates[0m=[35m0[0m [36mfiltered[0m=[35m1[0m [36mmode[0m=[35mhigh-value[0m [36mticker[0m=[35mTPL[0m
[2m2026-04-02T10:18:47.400299Z[0m [[32m[1minfo     [0m] [1mcrawling                      [0m [36mchannel[0m=[35mGoogle->Benzinga[0m [36mtag[0m=[35mgoogle_benzinga[0m
[2m2026-04-02T10:18:50.286660Z[0m [[32m[1minfo     [0m] [1mfetch                         [0m [36mstatus[0m=[35m200[0m [36murl[0m=[35m'https://news.google.com/rss/search?q=OTIS+site:benzinga.com&hl=en-US&gl=US&ceid=US:en'[0m
[2m2026-04-02T10:18:50.294389Z[0m [[32m[1minfo     [0m] [1mparsed                        [0m [36mchannel[0m=[35mgoogle_benzinga[0m [36mraw[0m=[35m20[0m
[2m2026-04-02T10:18:52.307139Z[0m [[32m[1minfo     [0m] [1mfetch                         [0m [36mstatus[0m=[35m200[0m [36murl[0m=[35m'https://news.google.com/rss/search?q=OTIS+site:benzinga.com&hl=en-US&gl=US&ceid=US:en'[0m
[2m2026-04-02T10:18:52.313977Z[0m [[32m[1minfo     [0m] [1mparsed                        [0m [36mchannel[0m=[35mgoogle_benzinga[0m [36mraw[0m=[35m20[0m
[2m2026-04-02T10:18:52.314070Z[0m [[32m[1minfo     [0m] [1mcrawling                      [0m [36mchannel[0m=[35m'Google News (all)'[0m [36mtag[0m=[35mgoogle_broad[0m
[2m2026-04-02T10:18:54.849330Z[0m [[32m[1minfo     [0m] [1mfetch                         [0m [36mstatus[0m=[35m200[0m [36murl[0m=[35m'https://news.google.com/rss/search?q=OTIS+stock+news&hl=en-US&gl=US&ceid=US:en'[0m
[2m2026-04-02T10:18:54.942014Z[0m [[32m[1minfo     [0m] [1mparsed                        [0m [36mchannel[0m=[35mgoogle_broad[0m [36mraw[0m=[35m73[0m
[2m2026-04-02T10:18:57.484010Z[0m [[32m[1minfo     [0m] [1mfetch                         [0m [36mstatus[0m=[35m200[0m [36murl[0m=[35m'https://news.google.com/rss/search?q=OTIS+earnings+analysis&hl=en-US&gl=US&ceid=US:en'[0m
[2m2026-04-02T10:18:57.504445Z[0m [[32m[1minfo     [0m] [1mparsed                        [0m [36mchannel[0m=[35mgoogle_broad[0m [36mraw[0m=[35m46[0m
[2m2026-04-02T10:18:57.505364Z[0m [[32m[1minfo     [0m] [1mquality_filter                [0m [36minput[0m=[35m159[0m [36mpassed[0m=[35m4[0m
[2m2026-04-02T10:18:57.505672Z[0m [[32m[1minfo     [0m] [1mdedup                         [0m [36mafter[0m=[35m4[0m [36mbefore[0m=[35m4[0m
[2m2026-04-02T10:18:57.505762Z[0m [[32m[1minfo     [0m] [1mfulltext_selection            [0m [36mcandidates[0m=[35m3[0m [36mfiltered[0m=[35m4[0m [36mmode[0m=[35mhigh-value[0m [36mticker[0m=[35mOTIS[0m
[2m2026-04-02T10:18:58.934086Z[0m [[32m[1minfo     [0m] [1mfetch                         [0m [36mstatus[0m=[35m403[0m [36murl[0m=[35mhttps://www.gurufocus.com/news/8765782/barclays-lowers-price-target-for-otis-retains-under[0m
[2m2026-04-02T10:18:59.451310Z[0m [[32m[1minfo     [0m] [1mfetch                         [0m [36mstatus[0m=[35m403[0m [36murl[0m=[35mhttps://www.gurufocus.com/news/8765625/wells-fargo-lowers-otis-price-target-to-80-while-ma[0m
[2m2026-04-02T10:18:59.589519Z[0m [[32m[1minfo     [0m] [1mfetch                         [0m [36mstatus[0m=[35m200[0m [36murl[0m=[35mhttps://www.marketbeat.com/instant-alerts/otis-worldwide-nyseotis-price-target-lowered-to-[0m
[2m2026-04-02T10:18:59.814315Z[0m [[32m[1minfo     [0m] [1mcrawling                      [0m [36mchannel[0m=[35mGoogle->Benzinga[0m [36mtag[0m=[35mgoogle_benzinga[0m
[2m2026-04-02T10:19:02.214025Z[0m [[32m[1minfo     [0m] [1mfetch                         [0m [36mstatus[0m=[35m200[0m [36murl[0m=[35m'https://news.google.com/rss/search?q=ACGL+site:benzinga.com&hl=en-US&gl=US&ceid=US:en'[0m
[2m2026-04-02T10:19:02.218413Z[0m [[32m[1minfo     [0m] [1mparsed                        [0m [36mchannel[0m=[35mgoogle_benzinga[0m [36mraw[0m=[35m8[0m
[2m2026-04-02T10:19:04.235143Z[0m [[32m[1minfo     [0m] [1mfetch                         [0m [36mstatus[0m=[35m200[0m [36murl[0m=[35m'https://news.google.com/rss/search?q=ACGL+site:benzinga.com&hl=en-US&gl=US&ceid=US:en'[0m
[2m2026-04-02T10:19:04.238572Z[0m [[32m[1minfo     [0m] [1mparsed                        [0m [36mchannel[0m=[35mgoogle_benzinga[0m [36mraw[0m=[35m8[0m
[2m2026-04-02T10:19:04.238650Z[0m [[32m[1minfo     [0m] [1mcrawling                      [0m [36mchannel[0m=[35m'Google News (all)'[0m [36mtag[0m=[35mgoogle_broad[0m
[2m2026-04-02T10:19:06.685039Z[0m [[32m[1minfo     [0m] [1mfetch                         [0m [36mstatus[0m=[35m200[0m [36murl[0m=[35m'https://news.google.com/rss/search?q=ACGL+stock+news&hl=en-US&gl=US&ceid=US:en'[0m
[2m2026-04-02T10:19:06.714447Z[0m [[32m[1minfo     [0m] [1mparsed                        [0m [36mchannel[0m=[35mgoogle_broad[0m [36mraw[0m=[35m53[0m
[2m2026-04-02T10:19:09.092016Z[0m [[32m[1minfo     [0m] [1mfetch                         [0m [36mstatus[0m=[35m200[0m [36murl[0m=[35m'https://news.google.com/rss/search?q=ACGL+earnings+analysis&hl=en-US&gl=US&ceid=US:en'[0m
[2m2026-04-02T10:19:09.112514Z[0m [[32m[1minfo     [0m] [1mparsed                        [0m [36mchannel[0m=[35mgoogle_broad[0m [36mraw[0m=[35m42[0m
[2m2026-04-02T10:19:09.113071Z[0m [[32m[1minfo     [0m] [1mquality_filter                [0m [36minput[0m=[35m111[0m [36mpassed[0m=[35m0[0m
[2m2026-04-02T10:19:09.113141Z[0m [[32m[1minfo     [0m] [1mdedup                         [0m [36mafter[0m=[35m0[0m [36mbefore[0m=[35m0[0m
[2m2026-04-02T10:19:09.113182Z[0m [[32m[1minfo     [0m] [1mfulltext_selection            [0m [36mcandidates[0m=[35m0[0m [36mfiltered[0m=[35m0[0m [36mmode[0m=[35mhigh-value[0m [36mticker[0m=[35mACGL[0m
[2m2026-04-02T10:19:09.113874Z[0m [[32m[1minfo     [0m] [1mcrawling                      [0m [36mchannel[0m=[35mGoogle->Benzinga[0m [36mtag[0m=[35mgoogle_benzinga[0m
[2m2026-04-02T10:19:11.541264Z[0m [[32m[1minfo     [0m] [1mfetch                         [0m [36mstatus[0m=[35m200[0m [36murl[0m=[35m'https://news.google.com/rss/search?q=STT+site:benzinga.com&hl=en-US&gl=US&ceid=US:en'[0m
[2m2026-04-02T10:19:11.553035Z[0m [[32m[1minfo     [0m] [1mparsed                        [0m [36mchannel[0m=[35mgoogle_benzinga[0m [36mraw[0m=[35m21[0m
[2m2026-04-02T10:19:13.581285Z[0m [[32m[1minfo     [0m] [1mfetch                         [0m [36mstatus[0m=[35m200[0m [36murl[0m=[35m'https://news.google.com/rss/search?q=STT+site:benzinga.com&hl=en-US&gl=US&ceid=US:en'[0m
[2m2026-04-02T10:19:13.592084Z[0m [[32m[1minfo     [0m] [1mparsed                        [0m [36mchannel[0m=[35mgoogle_benzinga[0m [36mraw[0m=[35m21[0m
[2m2026-04-02T10:19:13.592188Z[0m [[32m[1minfo     [0m] [1mcrawling                      [0m [36mchannel[0m=[35m'Google News (all)'[0m [36mtag[0m=[35mgoogle_broad[0m
[2m2026-04-02T10:19:16.110702Z[0m [[32m[1minfo     [0m] [1mfetch                         [0m [36mstatus[0m=[35m200[0m [36murl[0m=[35m'https://news.google.com/rss/search?q=STT+stock+news&hl=en-US&gl=US&ceid=US:en'[0m
[2m2026-04-02T10:19:16.257667Z[0m [[32m[1minfo     [0m] [1mparsed                        [0m [36mchannel[0m=[35mgoogle_broad[0m [36mraw[0m=[35m100[0m
[2m2026-04-02T10:19:18.699129Z[0m [[32m[1minfo     [0m] [1mfetch                         [0m [36mstatus[0m=[35m200[0m [36murl[0m=[35m'https://news.google.com/rss/search?q=STT+earnings+analysis&hl=en-US&gl=US&ceid=US:en'[0m
[2m2026-04-02T10:19:18.735854Z[0m [[32m[1minfo     [0m] [1mparsed                        [0m [36mchannel[0m=[35mgoogle_broad[0m [36mraw[0m=[35m56[0m
[2m2026-04-02T10:19:18.737025Z[0m [[32m[1minfo     [0m] [1mquality_filter                [0m [36minput[0m=[35m198[0m [36mpassed[0m=[35m6[0m
[2m2026-04-02T10:19:18.737598Z[0m [[32m[1minfo     [0m] [1mdedup                         [0m [36mafter[0m=[35m5[0m [36mbefore[0m=[35m6[0m
[2m2026-04-02T10:19:18.737722Z[0m [[32m[1minfo     [0m] [1mfulltext_selection            [0m [36mcandidates[0m=[35m2[0m [36mfiltered[0m=[35m5[0m [36mmode[0m=[35mhigh-value[0m [36mticker[0m=[35mSTT[0m
[2m2026-04-02T10:19:20.754864Z[0m [[32m[1minfo     [0m] [1mfetch                         [0m [36mstatus[0m=[35m403[0m [36murl[0m=[35mhttps://www.bitget.com/amp/news/detail/12560605325433[0m
[2m2026-04-02T10:19:21.104528Z[0m [[32m[1minfo     [0m] [1mfetch                         [0m [36mstatus[0m=[35m403[0m [36murl[0m=[35mhttps://www.business-standard.com/markets/news/stock-market-rules-changing-from-april-1-st[0m
[2m2026-04-02T10:19:21.315924Z[0m [[32m[1minfo     [0m] [1mcrawling                      [0m [36mchannel[0m=[35mGoogle->Benzinga[0m [36mtag[0m=[35mgoogle_benzinga[0m
[2m2026-04-02T10:19:23.838800Z[0m [[32m[1minfo     [0m] [1mfetch                         [0m [36mstatus[0m=[35m200[0m [36murl[0m=[35m'https://news.google.com/rss/search?q=WDAY+site:benzinga.com&hl=en-US&gl=US&ceid=US:en'[0m
[2m2026-04-02T10:19:23.875047Z[0m [[32m[1minfo     [0m] [1mparsed                        [0m [36mchannel[0m=[35mgoogle_benzinga[0m [36mraw[0m=[35m53[0m
[2m2026-04-02T10:19:25.888808Z[0m [[32m[1minfo     [0m] [1mfetch                         [0m [36mstatus[0m=[35m200[0m [36murl[0m=[35m'https://news.google.com/rss/search?q=WDAY+site:benzinga.com&hl=en-US&gl=US&ceid=US:en'[0m
[2m2026-04-02T10:19:25.906205Z[0m [[32m[1minfo     [0m] [1mparsed                        [0m [36mchannel[0m=[35mgoogle_benzinga[0m [36mraw[0m=[35m53[0m
[2m2026-04-02T10:19:25.906324Z[0m [[32m[1minfo     [0m] [1mcrawling                      [0m [36mchannel[0m=[35m'Google News (all)'[0m [36mtag[0m=[35mgoogle_broad[0m
[2m2026-04-02T10:19:28.435312Z[0m [[32m[1minfo     [0m] [1mfetch                         [0m [36mstatus[0m=[35m200[0m [36murl[0m=[35m'https://news.google.com/rss/search?q=WDAY+stock+news&hl=en-US&gl=US&ceid=US:en'[0m
[2m2026-04-02T10:19:28.554453Z[0m [[32m[1minfo     [0m] [1mparsed                        [0m [36mchannel[0m=[35mgoogle_broad[0m [36mraw[0m=[35m100[0m
[2m2026-04-02T10:19:31.053426Z[0m [[32m[1minfo     [0m] [1mfetch                         [0m [36mstatus[0m=[35m200[0m [36murl[0m=[35m'https://news.google.com/rss/search?q=WDAY+earnings+analysis&hl=en-US&gl=US&ceid=US:en'[0m
[2m2026-04-02T10:19:31.093043Z[0m [[32m[1minfo     [0m] [1mparsed                        [0m [36mchannel[0m=[35mgoogle_broad[0m [36mraw[0m=[35m65[0m
[2m2026-04-02T10:19:31.093862Z[0m [[32m[1minfo     [0m] [1mquality_filter                [0m [36minput[0m=[35m271[0m [36mpassed[0m=[35m1[0m
[2m2026-04-02T10:19:31.093983Z[0m [[32m[1minfo     [0m] [1mdedup                         [0m [36mafter[0m=[35m1[0m [36mbefore[0m=[35m1[0m
[2m2026-04-02T10:19:31.094031Z[0m [[32m[1minfo     [0m] [1mfulltext_selection            [0m [36mcandidates[0m=[35m1[0m [36mfiltered[0m=[35m1[0m [36mmode[0m=[35mhigh-value[0m [36mticker[0m=[35mWDAY[0m
[2m2026-04-02T10:19:33.359827Z[0m [[32m[1minfo     [0m] [1mfetch                         [0m [36mstatus[0m=[35m200[0m [36murl[0m=[35mhttps://www.msn.com/en-us/money/topstocks/why-is-workday-wday-down-46-since-last-earnings-[0m
[2m2026-04-02T10:19:33.613563Z[0m [[32m[1minfo     [0m] [1mcrawling                      [0m [36mchannel[0m=[35mGoogle->Benzinga[0m [36mtag[0m=[35mgoogle_benzinga[0m
[2m2026-04-02T10:19:36.592502Z[0m [[32m[1minfo     [0m] [1mfetch                         [0m [36mstatus[0m=[35m200[0m [36murl[0m=[35m'https://news.google.com/rss/search?q=DG+dollar+general+site:benzinga.com&hl=en-US&gl=US&ce'[0m
[2m2026-04-02T10:19:36.620834Z[0m [[32m[1minfo     [0m] [1mparsed                        [0m [36mchannel[0m=[35mgoogle_benzinga[0m [36mraw[0m=[35m48[0m
[2m2026-04-02T10:19:39.295303Z[0m [[32m[1minfo     [0m] [1mfetch                         [0m [36mstatus[0m=[35m200[0m [36murl[0m=[35m'https://news.google.com/rss/search?q=dollar+general+site:benzinga.com&hl=en-US&gl=US&ceid='[0m
[2m2026-04-02T10:19:39.398934Z[0m [[32m[1minfo     [0m] [1mparsed                        [0m [36mchannel[0m=[35mgoogle_benzinga[0m [36mraw[0m=[35m100[0m
[2m2026-04-02T10:19:39.399071Z[0m [[32m[1minfo     [0m] [1mcrawling                      [0m [36mchannel[0m=[35m'Google News (all)'[0m [36mtag[0m=[35mgoogle_broad[0m
[2m2026-04-02T10:19:42.028374Z[0m [[32m[1minfo     [0m] [1mfetch                         [0m [36mstatus[0m=[35m200[0m [36murl[0m=[35m'https://news.google.com/rss/search?q=DG+dollar+general+stock+news&hl=en-US&gl=US&ceid=US:e'[0m
[2m2026-04-02T10:19:42.137886Z[0m [[32m[1minfo     [0m] [1mparsed                        [0m [36mchannel[0m=[35mgoogle_broad[0m [36mraw[0m=[35m100[0m
[2m2026-04-02T10:19:44.795370Z[0m [[32m[1minfo     [0m] [1mfetch                         [0m [36mstatus[0m=[35m200[0m [36murl[0m=[35m'https://news.google.com/rss/search?q=DG+dollar+general+earnings+analysis&hl=en-US&gl=US&ce'[0m
[2m2026-04-02T10:19:44.912444Z[0m [[32m[1minfo     [0m] [1mparsed                        [0m [36mchannel[0m=[35mgoogle_broad[0m [36mraw[0m=[35m100[0m
[2m2026-04-02T10:19:44.913748Z[0m [[32m[1minfo     [0m] [1mquality_filter                [0m [36minput[0m=[35m348[0m [36mpassed[0m=[35m2[0m
[2m2026-04-02T10:19:44.913969Z[0m [[32m[1minfo     [0m] [1mdedup                         [0m [36mafter[0m=[35m2[0m [36mbefore[0m=[35m2[0m
[2m2026-04-02T10:19:44.914039Z[0m [[32m[1minfo     [0m] [1mfulltext_selection            [0m [36mcandidates[0m=[35m1[0m [36mfiltered[0m=[35m2[0m [36mmode[0m=[35mhigh-value[0m [36mticker[0m=[35mDG[0m
[2m2026-04-02T10:19:47.097035Z[0m [[32m[1minfo     [0m] [1mfetch                         [0m [36mstatus[0m=[35m200[0m [36murl[0m=[35mhttps://www.marketbeat.com/instant-alerts/filing-assenagon-asset-management-sa-cuts-positi[0m
[2m2026-04-02T10:19:47.371054Z[0m [[32m[1minfo     [0m] [1mcrawling                      [0m [36mchannel[0m=[35mGoogle->Benzinga[0m [36mtag[0m=[35mgoogle_benzinga[0m
[2m2026-04-02T10:19:50.044427Z[0m [[32m[1minfo     [0m] [1mfetch                         [0m [36mstatus[0m=[35m200[0m [36murl[0m=[35m'https://news.google.com/rss/search?q=UAL+site:benzinga.com&hl=en-US&gl=US&ceid=US:en'[0m
[2m2026-04-02T10:19:50.156771Z[0m [[32m[1minfo     [0m] [1mparsed                        [0m [36mchannel[0m=[35mgoogle_benzinga[0m [36mraw[0m=[35m100[0m
[2m2026-04-02T10:19:52.177789Z[0m [[32m[1minfo     [0m] [1mfetch                         [0m [36mstatus[0m=[35m200[0m [36murl[0m=[35m'https://news.google.com/rss/search?q=UAL+site:benzinga.com&hl=en-US&gl=US&ceid=US:en'[0m
[2m2026-04-02T10:19:52.204471Z[0m [[32m[1minfo     [0m] [1mparsed                        [0m [36mchannel[0m=[35mgoogle_benzinga[0m [36mraw[0m=[35m100[0m
[2m2026-04-02T10:19:52.204581Z[0m [[32m[1minfo     [0m] [1mcrawling                      [0m [36mchannel[0m=[35m'Google News (all)'[0m [36mtag[0m=[35mgoogle_broad[0m
[2m2026-04-02T10:19:55.154494Z[0m [[32m[1minfo     [0m] [1mfetch                         [0m [36mstatus[0m=[35m200[0m [36murl[0m=[35m'https://news.google.com/rss/search?q=UAL+stock+news&hl=en-US&gl=US&ceid=US:en'[0m
[2m2026-04-02T10:19:55.263150Z[0m [[32m[1minfo     [0m] [1mparsed                        [0m [36mchannel[0m=[35mgoogle_broad[0m [36mraw[0m=[35m100[0m
[2m2026-04-02T10:19:57.923677Z[0m [[32m[1minfo     [0m] [1mfetch                         [0m [36mstatus[0m=[35m200[0m [36murl[0m=[35m'https://news.google.com/rss/search?q=UAL+earnings+analysis&hl=en-US&gl=US&ceid=US:en'[0m
[2m2026-04-02T10:19:58.016217Z[0m [[32m[1minfo     [0m] [1mparsed                        [0m [36mchannel[0m=[35mgoogle_broad[0m [36mraw[0m=[35m68[0m
[2m2026-04-02T10:19:58.017069Z[0m [[32m[1minfo     [0m] [1mquality_filter                [0m [36minput[0m=[35m368[0m [36mpassed[0m=[35m1[0m
[2m2026-04-02T10:19:58.017258Z[0m [[32m[1minfo     [0m] [1mdedup                         [0m [36mafter[0m=[35m1[0m [36mbefore[0m=[35m1[0m
[2m2026-04-02T10:19:58.017324Z[0m [[32m[1minfo     [0m] [1mfulltext_selection            [0m [36mcandidates[0m=[35m1[0m [36mfiltered[0m=[35m1[0m [36mmode[0m=[35mhigh-value[0m [36mticker[0m=[35mUAL[0m
[2m2026-04-02T10:20:03.862534Z[0m [[32m[1minfo     [0m] [1mfetch                         [0m [36mstatus[0m=[35m200[0m [36murl[0m=[35mhttps://www.marketbeat.com/instant-alerts/filing-allspring-global-investments-holdings-llc[0m
[2m2026-04-02T10:20:04.118403Z[0m [[32m[1minfo     [0m] [1mcrawling                      [0m [36mchannel[0m=[35mGoogle->Benzinga[0m [36mtag[0m=[35mgoogle_benzinga[0m
[2m2026-04-02T10:20:07.016765Z[0m [[32m[1minfo     [0m] [1mfetch                         [0m [36mstatus[0m=[35m200[0m [36murl[0m=[35m'https://news.google.com/rss/search?q=PRU+site:benzinga.com&hl=en-US&gl=US&ceid=US:en'[0m
[2m2026-04-02T10:20:07.023799Z[0m [[32m[1minfo     [0m] [1mparsed                        [0m [36mchannel[0m=[35mgoogle_benzinga[0m [36mraw[0m=[35m20[0m
[2m2026-04-02T10:20:09.031773Z[0m [[32m[1minfo     [0m] [1mfetch                         [0m [36mstatus[0m=[35m200[0m [36murl[0m=[35m'https://news.google.com/rss/search?q=PRU+site:benzinga.com&hl=en-US&gl=US&ceid=US:en'[0m
[2m2026-04-02T10:20:09.038343Z[0m [[32m[1minfo     [0m] [1mparsed                        [0m [36mchannel[0m=[35mgoogle_benzinga[0m [36mraw[0m=[35m20[0m
[2m2026-04-02T10:20:09.038448Z[0m [[32m[1minfo     [0m] [1mcrawling                      [0m [36mchannel[0m=[35m'Google News (all)'[0m [36mtag[0m=[35mgoogle_broad[0m
[2m2026-04-02T10:20:11.546999Z[0m [[32m[1minfo     [0m] [1mfetch                         [0m [36mstatus[0m=[35m200[0m [36murl[0m=[35m'https://news.google.com/rss/search?q=PRU+stock+news&hl=en-US&gl=US&ceid=US:en'[0m
[2m2026-04-02T10:20:11.657973Z[0m [[32m[1minfo     [0m] [1mparsed                        [0m [36mchannel[0m=[35mgoogle_broad[0m [36mraw[0m=[35m100[0m
[2m2026-04-02T10:20:14.160380Z[0m [[32m[1minfo     [0m] [1mfetch                         [0m [36mstatus[0m=[35m200[0m [36murl[0m=[35m'https://news.google.com/rss/search?q=PRU+earnings+analysis&hl=en-US&gl=US&ceid=US:en'[0m
[2m2026-04-02T10:20:14.198232Z[0m [[32m[1minfo     [0m] [1mparsed                        [0m [36mchannel[0m=[35mgoogle_broad[0m [36mraw[0m=[35m61[0m
[2m2026-04-02T10:20:14.198874Z[0m [[32m[1minfo     [0m] [1mquality_filter                [0m [36minput[0m=[35m201[0m [36mpassed[0m=[35m0[0m
[2m2026-04-02T10:20:14.198935Z[0m [[32m[1minfo     [0m] [1mdedup                         [0m [36mafter[0m=[35m0[0m [36mbefore[0m=[35m0[0m
[2m2026-04-02T10:20:14.198967Z[0m [[32m[1minfo     [0m] [1mfulltext_selection            [0m [36mcandidates[0m=[35m0[0m [36mfiltered[0m=[35m0[0m [36mmode[0m=[35mhigh-value[0m [36mticker[0m=[35mPRU[0m
[2m2026-04-02T10:20:14.199752Z[0m [[32m[1minfo     [0m] [1mcrawling                      [0m [36mchannel[0m=[35mGoogle->Benzinga[0m [36mtag[0m=[35mgoogle_benzinga[0m
[2m2026-04-02T10:20:16.616236Z[0m [[32m[1minfo     [0m] [1mfetch                         [0m [36mstatus[0m=[35m200[0m [36murl[0m=[35m'https://news.google.com/rss/search?q=HBAN+site:benzinga.com&hl=en-US&gl=US&ceid=US:en'[0m
[2m2026-04-02T10:20:16.622400Z[0m [[32m[1minfo     [0m] [1mparsed                        [0m [36mchannel[0m=[35mgoogle_benzinga[0m [36mraw[0m=[35m16[0m
[2m2026-04-02T10:20:18.634028Z[0m [[32m[1minfo     [0m] [1mfetch                         [0m [36mstatus[0m=[35m200[0m [36murl[0m=[35m'https://news.google.com/rss/search?q=HBAN+site:benzinga.com&hl=en-US&gl=US&ceid=US:en'[0m
[2m2026-04-02T10:20:18.639225Z[0m [[32m[1minfo     [0m] [1mparsed                        [0m [36mchannel[0m=[35mgoogle_benzinga[0m [36mraw[0m=[35m16[0m
[2m2026-04-02T10:20:18.639322Z[0m [[32m[1minfo     [0m] [1mcrawling                      [0m [36mchannel[0m=[35m'Google News (all)'[0m [36mtag[0m=[35mgoogle_broad[0m
[2m2026-04-02T10:20:21.264915Z[0m [[32m[1minfo     [0m] [1mfetch                         [0m [36mstatus[0m=[35m200[0m [36murl[0m=[35m'https://news.google.com/rss/search?q=HBAN+stock+news&hl=en-US&gl=US&ceid=US:en'[0m
[2m2026-04-02T10:20:21.384562Z[0m [[32m[1minfo     [0m] [1mparsed                        [0m [36mchannel[0m=[35mgoogle_broad[0m [36mraw[0m=[35m100[0m
[2m2026-04-02T10:20:23.804970Z[0m [[32m[1minfo     [0m] [1mfetch                         [0m [36mstatus[0m=[35m200[0m [36murl[0m=[35m'https://news.google.com/rss/search?q=HBAN+earnings+analysis&hl=en-US&gl=US&ceid=US:en'[0m
[2m2026-04-02T10:20:23.831916Z[0m [[32m[1minfo     [0m] [1mparsed                        [0m [36mchannel[0m=[35mgoogle_broad[0m [36mraw[0m=[35m45[0m
[2m2026-04-02T10:20:23.832474Z[0m [[32m[1minfo     [0m] [1mquality_filter                [0m [36minput[0m=[35m177[0m [36mpassed[0m=[35m0[0m
[2m2026-04-02T10:20:23.832541Z[0m [[32m[1minfo     [0m] [1mdedup                         [0m [36mafter[0m=[35m0[0m [36mbefore[0m=[35m0[0m
[2m2026-04-02T10:20:23.832580Z[0m [[32m[1minfo     [0m] [1mfulltext_selection            [0m [36mcandidates[0m=[35m0[0m [36mfiltered[0m=[35m0[0m [36mmode[0m=[35mhigh-value[0m [36mticker[0m=[35mHBAN[0m
[2m2026-04-02T10:20:23.833563Z[0m [[32m[1minfo     [0m] [1mcrawling                      [0m [36mchannel[0m=[35mGoogle->Benzinga[0m [36mtag[0m=[35mgoogle_benzinga[0m
[2m2026-04-02T10:20:26.447892Z[0m [[32m[1minfo     [0m] [1mfetch                         [0m [36mstatus[0m=[35m200[0m [36murl[0m=[35m'https://news.google.com/rss/search?q=PAYX+site:benzinga.com&hl=en-US&gl=US&ceid=US:en'[0m
[2m2026-04-02T10:20:26.485595Z[0m [[32m[1minfo     [0m] [1mparsed                        [0m [36mchannel[0m=[35mgoogle_benzinga[0m [36mraw[0m=[35m86[0m
[2m2026-04-02T10:20:28.491208Z[0m [[32m[1minfo     [0m] [1mfetch                         [0m [36mstatus[0m=[35m200[0m [36murl[0m=[35m'https://news.google.com/rss/search?q=PAYX+site:benzinga.com&hl=en-US&gl=US&ceid=US:en'[0m
[2m2026-04-02T10:20:28.516006Z[0m [[32m[1minfo     [0m] [1mparsed                        [0m [36mchannel[0m=[35mgoogle_benzinga[0m [36mraw[0m=[35m86[0m
[2m2026-04-02T10:20:28.516129Z[0m [[32m[1minfo     [0m] [1mcrawling                      [0m [36mchannel[0m=[35m'Google News (all)'[0m [36mtag[0m=[35mgoogle_broad[0m
[2m2026-04-02T10:20:31.016007Z[0m [[32m[1minfo     [0m] [1mfetch                         [0m [36mstatus[0m=[35m200[0m [36murl[0m=[35m'https://news.google.com/rss/search?q=PAYX+stock+news&hl=en-US&gl=US&ceid=US:en'[0m
[2m2026-04-02T10:20:31.112633Z[0m [[32m[1minfo     [0m] [1mparsed                        [0m [36mchannel[0m=[35mgoogle_broad[0m [36mraw[0m=[35m100[0m
[2m2026-04-02T10:20:33.528978Z[0m [[32m[1minfo     [0m] [1mfetch                         [0m [36mstatus[0m=[35m200[0m [36murl[0m=[35m'https://news.google.com/rss/search?q=PAYX+earnings+analysis&hl=en-US&gl=US&ceid=US:en'[0m
[2m2026-04-02T10:20:33.545064Z[0m [[32m[1minfo     [0m] [1mparsed                        [0m [36mchannel[0m=[35mgoogle_broad[0m [36mraw[0m=[35m42[0m
[2m2026-04-02T10:20:33.545824Z[0m [[32m[1minfo     [0m] [1mquality_filter                [0m [36minput[0m=[35m314[0m [36mpassed[0m=[35m0[0m
[2m2026-04-02T10:20:33.545893Z[0m [[32m[1minfo     [0m] [1mdedup                         [0m [36mafter[0m=[35m0[0m [36mbefore[0m=[35m0[0m
[2m2026-04-02T10:20:33.545939Z[0m [[32m[1minfo     [0m] [1mfulltext_selection            [0m [36mcandidates[0m=[35m0[0m [36mfiltered[0m=[35m0[0m [36mmode[0m=[35mhigh-value[0m [36mticker[0m=[35mPAYX[0m
[2m2026-04-02T10:20:33.546644Z[0m [[32m[1minfo     [0m] [1mcrawling                      [0m [36mchannel[0m=[35mGoogle->Benzinga[0m [36mtag[0m=[35mgoogle_benzinga[0m
[2m2026-04-02T10:20:36.144360Z[0m [[32m[1minfo     [0m] [1mfetch                         [0m [36mstatus[0m=[35m200[0m [36murl[0m=[35m'https://news.google.com/rss/search?q=FICO+site:benzinga.com&hl=en-US&gl=US&ceid=US:en'[0m
[2m2026-04-02T10:20:36.250663Z[0m [[32m[1minfo     [0m] [1mparsed                        [0m [36mchannel[0m=[35mgoogle_benzinga[0m [36mraw[0m=[35m100[0m
[2m2026-04-02T10:20:38.266387Z[0m [[32m[1minfo     [0m] [1mfetch                         [0m [36mstatus[0m=[35m200[0m [36murl[0m=[35m'https://news.google.com/rss/search?q=FICO+site:benzinga.com&hl=en-US&gl=US&ceid=US:en'[0m
[2m2026-04-02T10:20:38.296461Z[0m [[32m[1minfo     [0m] [1mparsed                        [0m [36mchannel[0m=[35mgoogle_benzinga[0m [36mraw[0m=[35m100[0m
[2m2026-04-02T10:20:38.296583Z[0m [[32m[1minfo     [0m] [1mcrawling                      [0m [36mchannel[0m=[35m'Google News (all)'[0m [36mtag[0m=[35mgoogle_broad[0m
[2m2026-04-02T10:20:40.871846Z[0m [[32m[1minfo     [0m] [1mfetch                         [0m [36mstatus[0m=[35m200[0m [36murl[0m=[35m'https://news.google.com/rss/search?q=FICO+stock+news&hl=en-US&gl=US&ceid=US:en'[0m
[2m2026-04-02T10:20:40.981977Z[0m [[32m[1minfo     [0m] [1mparsed                        [0m [36mchannel[0m=[35mgoogle_broad[0m [36mraw[0m=[35m100[0m
[2m2026-04-02T10:20:43.519142Z[0m [[32m[1minfo     [0m] [1mfetch                         [0m [36mstatus[0m=[35m200[0m [36murl[0m=[35m'https://news.google.com/rss/search?q=FICO+earnings+analysis&hl=en-US&gl=US&ceid=US:en'[0m
[2m2026-04-02T10:20:43.568035Z[0m [[32m[1minfo     [0m] [1mparsed                        [0m [36mchannel[0m=[35mgoogle_broad[0m [36mraw[0m=[35m60[0m
[2m2026-04-02T10:20:43.568884Z[0m [[32m[1minfo     [0m] [1mquality_filter                [0m [36minput[0m=[35m360[0m [36mpassed[0m=[35m1[0m
[2m2026-04-02T10:20:43.568992Z[0m [[32m[1minfo     [0m] [1mdedup                         [0m [36mafter[0m=[35m1[0m [36mbefore[0m=[35m1[0m
[2m2026-04-02T10:20:43.569037Z[0m [[32m[1minfo     [0m] [1mfulltext_selection            [0m [36mcandidates[0m=[35m1[0m [36mfiltered[0m=[35m1[0m [36mmode[0m=[35mhigh-value[0m [36mticker[0m=[35mFICO[0m
[2m2026-04-02T10:20:46.448683Z[0m [[32m[1minfo     [0m] [1mfetch                         [0m [36mstatus[0m=[35m200[0m [36murl[0m=[35mhttps://intellectia.ai/en/stock/FICO/technical[0m
[2m2026-04-02T10:20:47.062229Z[0m [[32m[1minfo     [0m] [1mcrawling                      [0m [36mchannel[0m=[35mGoogle->Benzinga[0m [36mtag[0m=[35mgoogle_benzinga[0m
[2m2026-04-02T10:20:49.522465Z[0m [[32m[1minfo     [0m] [1mfetch                         [0m [36mstatus[0m=[35m200[0m [36murl[0m=[35m'https://news.google.com/rss/search?q=ADM+site:benzinga.com&hl=en-US&gl=US&ceid=US:en'[0m
[2m2026-04-02T10:20:49.554329Z[0m [[32m[1minfo     [0m] [1mparsed                        [0m [36mchannel[0m=[35mgoogle_benzinga[0m [36mraw[0m=[35m61[0m
[2m2026-04-02T10:20:51.560334Z[0m [[32m[1minfo     [0m] [1mfetch                         [0m [36mstatus[0m=[35m200[0m [36murl[0m=[35m'https://news.google.com/rss/search?q=ADM+site:benzinga.com&hl=en-US&gl=US&ceid=US:en'[0m
[2m2026-04-02T10:20:51.578814Z[0m [[32m[1minfo     [0m] [1mparsed                        [0m [36mchannel[0m=[35mgoogle_benzinga[0m [36mraw[0m=[35m61[0m
[2m2026-04-02T10:20:51.578931Z[0m [[32m[1minfo     [0m] [1mcrawling                      [0m [36mchannel[0m=[35m'Google News (all)'[0m [36mtag[0m=[35mgoogle_broad[0m
[2m2026-04-02T10:20:54.188120Z[0m [[32m[1minfo     [0m] [1mfetch                         [0m [36mstatus[0m=[35m200[0m [36murl[0m=[35m'https://news.google.com/rss/search?q=ADM+stock+news&hl=en-US&gl=US&ceid=US:en'[0m
[2m2026-04-02T10:20:54.303054Z[0m [[32m[1minfo     [0m] [1mparsed                        [0m [36mchannel[0m=[35mgoogle_broad[0m [36mraw[0m=[35m100[0m
[2m2026-04-02T10:20:56.817107Z[0m [[32m[1minfo     [0m] [1mfetch                         [0m [36mstatus[0m=[35m200[0m [36murl[0m=[35m'https://news.google.com/rss/search?q=ADM+earnings+analysis&hl=en-US&gl=US&ceid=US:en'[0m
[2m2026-04-02T10:20:56.909918Z[0m [[32m[1minfo     [0m] [1mparsed                        [0m [36mchannel[0m=[35mgoogle_broad[0m [36mraw[0m=[35m70[0m
[2m2026-04-02T10:20:56.911090Z[0m [[32m[1minfo     [0m] [1mquality_filter                [0m [36minput[0m=[35m292[0m [36mpassed[0m=[35m3[0m
[2m2026-04-02T10:20:56.911380Z[0m [[32m[1minfo     [0m] [1mdedup                         [0m [36mafter[0m=[35m3[0m [36mbefore[0m=[35m3[0m
[2m2026-04-02T10:20:56.911441Z[0m [[32m[1minfo     [0m] [1mfulltext_selection            [0m [36mcandidates[0m=[35m3[0m [36mfiltered[0m=[35m3[0m [36mmode[0m=[35mhigh-value[0m [36mticker[0m=[35mADM[0m
[2m2026-04-02T10:20:58.803926Z[0m [[32m[1minfo     [0m] [1mfetch                         [0m [36mstatus[0m=[35m403[0m [36murl[0m=[35mhttps://www.gurufocus.com/news/8765724/barclays-raises-price-target-for-archerdanielsmidla[0m
[2m2026-04-02T10:20:59.042222Z[0m [[32m[1minfo     [0m] [1mfetch                         [0m [36mstatus[0m=[35m200[0m [36murl[0m=[35mhttps://www.msn.com/en-us/money/topstocks/why-is-archer-daniels-midland-company-adm-one-of[0m
[2m2026-04-02T10:20:59.522975Z[0m [[32m[1minfo     [0m] [1mfetch                         [0m [36mstatus[0m=[35m200[0m [36murl[0m=[35mhttps://seekingalpha.com/news/4571080-consumer-staples-win-on-defensive-bets-in-q1-bunge-a[0m
[2m2026-04-02T10:20:59.766954Z[0m [[32m[1minfo     [0m] [1mcrawling                      [0m [36mchannel[0m=[35mGoogle->Benzinga[0m [36mtag[0m=[35mgoogle_benzinga[0m
[2m2026-04-02T10:21:02.234268Z[0m [[32m[1minfo     [0m] [1mfetch                         [0m [36mstatus[0m=[35m200[0m [36murl[0m=[35m'https://news.google.com/rss/search?q=MTB+site:benzinga.com&hl=en-US&gl=US&ceid=US:en'[0m
[2m2026-04-02T10:21:02.249889Z[0m [[32m[1minfo     [0m] [1mparsed                        [0m [36mchannel[0m=[35mgoogle_benzinga[0m [36mraw[0m=[35m24[0m
[2m2026-04-02T10:21:04.264502Z[0m [[32m[1minfo     [0m] [1mfetch                         [0m [36mstatus[0m=[35m200[0m [36murl[0m=[35m'https://news.google.com/rss/search?q=MTB+site:benzinga.com&hl=en-US&gl=US&ceid=US:en'[0m
[2m2026-04-02T10:21:04.272787Z[0m [[32m[1minfo     [0m] [1mparsed                        [0m [36mchannel[0m=[35mgoogle_benzinga[0m [36mraw[0m=[35m24[0m
[2m2026-04-02T10:21:04.272897Z[0m [[32m[1minfo     [0m] [1mcrawling                      [0m [36mchannel[0m=[35m'Google News (all)'[0m [36mtag[0m=[35mgoogle_broad[0m
[2m2026-04-02T10:21:06.770506Z[0m [[32m[1minfo     [0m] [1mfetch                         [0m [36mstatus[0m=[35m200[0m [36murl[0m=[35m'https://news.google.com/rss/search?q=MTB+stock+news&hl=en-US&gl=US&ceid=US:en'[0m
[2m2026-04-02T10:21:06.863184Z[0m [[32m[1minfo     [0m] [1mparsed                        [0m [36mchannel[0m=[35mgoogle_broad[0m [36mraw[0m=[35m70[0m
[2m2026-04-02T10:21:09.313479Z[0m [[32m[1minfo     [0m] [1mfetch                         [0m [36mstatus[0m=[35m200[0m [36murl[0m=[35m'https://news.google.com/rss/search?q=MTB+earnings+analysis&hl=en-US&gl=US&ceid=US:en'[0m
[2m2026-04-02T10:21:09.351616Z[0m [[32m[1minfo     [0m] [1mparsed                        [0m [36mchannel[0m=[35mgoogle_broad[0m [36mraw[0m=[35m60[0m
[2m2026-04-02T10:21:09.352579Z[0m [[32m[1minfo     [0m] [1mquality_filter                [0m [36minput[0m=[35m178[0m [36mpassed[0m=[35m1[0m
[2m2026-04-02T10:21:09.352807Z[0m [[32m[1minfo     [0m] [1mdedup                         [0m [36mafter[0m=[35m1[0m [36mbefore[0m=[35m1[0m
[2m2026-04-02T10:21:09.352880Z[0m [[32m[1minfo     [0m] [1mfulltext_selection            [0m [36mcandidates[0m=[35m0[0m [36mfiltered[0m=[35m1[0m [36mmode[0m=[35mhigh-value[0m [36mticker[0m=[35mMTB[0m
[2m2026-04-02T10:21:09.353597Z[0m [[32m[1minfo     [0m] [1mcrawling                      [0m [36mchannel[0m=[35mGoogle->Benzinga[0m [36mtag[0m=[35mgoogle_benzinga[0m
[2m2026-04-02T10:21:11.812959Z[0m [[32m[1minfo     [0m] [1mfetch                         [0m [36mstatus[0m=[35m200[0m [36murl[0m=[35m'https://news.google.com/rss/search?q=VICI+site:benzinga.com&hl=en-US&gl=US&ceid=US:en'[0m
[2m2026-04-02T10:21:11.823429Z[0m [[32m[1minfo     [0m] [1mparsed                        [0m [36mchannel[0m=[35mgoogle_benzinga[0m [36mraw[0m=[35m34[0m
[2m2026-04-02T10:21:13.837553Z[0m [[32m[1minfo     [0m] [1mfetch                         [0m [36mstatus[0m=[35m200[0m [36murl[0m=[35m'https://news.google.com/rss/search?q=VICI+site:benzinga.com&hl=en-US&gl=US&ceid=US:en'[0m
[2m2026-04-02T10:21:13.848583Z[0m [[32m[1minfo     [0m] [1mparsed                        [0m [36mchannel[0m=[35mgoogle_benzinga[0m [36mraw[0m=[35m34[0m
[2m2026-04-02T10:21:13.848712Z[0m [[32m[1minfo     [0m] [1mcrawling                      [0m [36mchannel[0m=[35m'Google News (all)'[0m [36mtag[0m=[35mgoogle_broad[0m
[2m2026-04-02T10:21:16.589997Z[0m [[32m[1minfo     [0m] [1mfetch                         [0m [36mstatus[0m=[35m200[0m [36murl[0m=[35m'https://news.google.com/rss/search?q=VICI+stock+news&hl=en-US&gl=US&ceid=US:en'[0m
[2m2026-04-02T10:21:16.697781Z[0m [[32m[1minfo     [0m] [1mparsed                        [0m [36mchannel[0m=[35mgoogle_broad[0m [36mraw[0m=[35m100[0m
[2m2026-04-02T10:21:19.105307Z[0m [[32m[1minfo     [0m] [1mfetch                         [0m [36mstatus[0m=[35m200[0m [36murl[0m=[35m'https://news.google.com/rss/search?q=VICI+earnings+analysis&hl=en-US&gl=US&ceid=US:en'[0m
[2m2026-04-02T10:21:19.114951Z[0m [[32m[1minfo     [0m] [1mparsed                        [0m [36mchannel[0m=[35mgoogle_broad[0m [36mraw[0m=[35m29[0m
[2m2026-04-02T10:21:19.116266Z[0m [[32m[1minfo     [0m] [1mquality_filter                [0m [36minput[0m=[35m197[0m [36mpassed[0m=[35m3[0m
[2m2026-04-02T10:21:19.116537Z[0m [[32m[1minfo     [0m] [1mdedup                         [0m [36mafter[0m=[35m3[0m [36mbefore[0m=[35m3[0m
[2m2026-04-02T10:21:19.116595Z[0m [[32m[1minfo     [0m] [1mfulltext_selection            [0m [36mcandidates[0m=[35m2[0m [36mfiltered[0m=[35m3[0m [36mmode[0m=[35mhigh-value[0m [36mticker[0m=[35mVICI[0m
[2m2026-04-02T10:21:21.266866Z[0m [[32m[1minfo     [0m] [1mfetch                         [0m [36mstatus[0m=[35m200[0m [36murl[0m=[35mhttps://www.msn.com/en-us/money/topstocks/is-vici-properties-vici-one-of-the-most-underval[0m
[2m2026-04-02T10:21:21.661207Z[0m [[32m[1minfo     [0m] [1mfetch                         [0m [36mstatus[0m=[35m200[0m [36murl[0m=[35mhttps://www.tradingview.com/news/zacks%3A5ee1f3404094b%3A0-vici-grows-canadian-footprint-w[0m
[2m2026-04-02T10:21:21.875741Z[0m [[32m[1minfo     [0m] [1mcrawling                      [0m [36mchannel[0m=[35mGoogle->Benzinga[0m [36mtag[0m=[35mgoogle_benzinga[0m
[2m2026-04-02T10:21:24.303939Z[0m [[32m[1minfo     [0m] [1mfetch                         [0m [36mstatus[0m=[35m200[0m [36murl[0m=[35m'https://news.google.com/rss/search?q=IRM+site:benzinga.com&hl=en-US&gl=US&ceid=US:en'[0m
[2m2026-04-02T10:21:24.311013Z[0m [[32m[1minfo     [0m] [1mparsed                        [0m [36mchannel[0m=[35mgoogle_benzinga[0m [36mraw[0m=[35m18[0m
[2m2026-04-02T10:21:26.327644Z[0m [[32m[1minfo     [0m] [1mfetch                         [0m [36mstatus[0m=[35m200[0m [36murl[0m=[35m'https://news.google.com/rss/search?q=IRM+site:benzinga.com&hl=en-US&gl=US&ceid=US:en'[0m
[2m2026-04-02T10:21:26.333126Z[0m [[32m[1minfo     [0m] [1mparsed                        [0m [36mchannel[0m=[35mgoogle_benzinga[0m [36mraw[0m=[35m18[0m
[2m2026-04-02T10:21:26.333240Z[0m [[32m[1minfo     [0m] [1mcrawling                      [0m [36mchannel[0m=[35m'Google News (all)'[0m [36mtag[0m=[35mgoogle_broad[0m
[2m2026-04-02T10:21:28.835908Z[0m [[32m[1minfo     [0m] [1mfetch                         [0m [36mstatus[0m=[35m200[0m [36murl[0m=[35m'https://news.google.com/rss/search?q=IRM+stock+news&hl=en-US&gl=US&ceid=US:en'[0m
[2m2026-04-02T10:21:28.936534Z[0m [[32m[1minfo     [0m] [1mparsed                        [0m [36mchannel[0m=[35mgoogle_broad[0m [36mraw[0m=[35m89[0m
[2m2026-04-02T10:21:31.382211Z[0m [[32m[1minfo     [0m] [1mfetch                         [0m [36mstatus[0m=[35m200[0m [36murl[0m=[35m'https://news.google.com/rss/search?q=IRM+earnings+analysis&hl=en-US&gl=US&ceid=US:en'[0m
[2m2026-04-02T10:21:31.423826Z[0m [[32m[1minfo     [0m] [1mparsed                        [0m [36mchannel[0m=[35mgoogle_broad[0m [36mraw[0m=[35m48[0m
[2m2026-04-02T10:21:31.424622Z[0m [[32m[1minfo     [0m] [1mquality_filter                [0m [36minput[0m=[35m173[0m [36mpassed[0m=[35m3[0m
[2m2026-04-02T10:21:31.424846Z[0m [[32m[1minfo     [0m] [1mdedup                         [0m [36mafter[0m=[35m3[0m [36mbefore[0m=[35m3[0m
[2m2026-04-02T10:21:31.424916Z[0m [[32m[1minfo     [0m] [1mfulltext_selection            [0m [36mcandidates[0m=[35m1[0m [36mfiltered[0m=[35m3[0m [36mmode[0m=[35mhigh-value[0m [36mticker[0m=[35mIRM[0m
[2m2026-04-02T10:21:34.682060Z[0m [[32m[1minfo     [0m] [1mfetch                         [0m [36mstatus[0m=[35m200[0m [36murl[0m=[35mhttps://www.stocktitan.net/sec-filings/IRM/144-iron-mountain-inc-sec-filing-588f8d3f5bd2.h[0m
[2m2026-04-02T10:21:34.902938Z[0m [[32m[1minfo     [0m] [1mcrawling                      [0m [36mchannel[0m=[35mGoogle->Benzinga[0m [36mtag[0m=[35mgoogle_benzinga[0m
[2m2026-04-02T10:21:37.799638Z[0m [[32m[1minfo     [0m] [1mfetch                         [0m [36mstatus[0m=[35m200[0m [36murl[0m=[35m'https://news.google.com/rss/search?q=EXR+site:benzinga.com&hl=en-US&gl=US&ceid=US:en'[0m
[2m2026-04-02T10:21:37.805359Z[0m [[32m[1minfo     [0m] [1mparsed                        [0m [36mchannel[0m=[35mgoogle_benzinga[0m [36mraw[0m=[35m10[0m
[2m2026-04-02T10:21:39.815978Z[0m [[32m[1minfo     [0m] [1mfetch                         [0m [36mstatus[0m=[35m200[0m [36murl[0m=[35m'https://news.google.com/rss/search?q=EXR+site:benzinga.com&hl=en-US&gl=US&ceid=US:en'[0m
[2m2026-04-02T10:21:39.822801Z[0m [[32m[1minfo     [0m] [1mparsed                        [0m [36mchannel[0m=[35mgoogle_benzinga[0m [36mraw[0m=[35m10[0m
[2m2026-04-02T10:21:39.822901Z[0m [[32m[1minfo     [0m] [1mcrawling                      [0m [36mchannel[0m=[35m'Google News (all)'[0m [36mtag[0m=[35mgoogle_broad[0m
[2m2026-04-02T10:21:42.273595Z[0m [[32m[1minfo     [0m] [1mfetch                         [0m [36mstatus[0m=[35m200[0m [36murl[0m=[35m'https://news.google.com/rss/search?q=EXR+stock+news&hl=en-US&gl=US&ceid=US:en'[0m
[2m2026-04-02T10:21:42.303851Z[0m [[32m[1minfo     [0m] [1mparsed                        [0m [36mchannel[0m=[35mgoogle_broad[0m [36mraw[0m=[35m53[0m
[2m2026-04-02T10:21:44.751727Z[0m [[32m[1minfo     [0m] [1mfetch                         [0m [36mstatus[0m=[35m200[0m [36murl[0m=[35m'https://news.google.com/rss/search?q=EXR+earnings+analysis&hl=en-US&gl=US&ceid=US:en'[0m
[2m2026-04-02T10:21:44.785225Z[0m [[32m[1minfo     [0m] [1mparsed                        [0m [36mchannel[0m=[35mgoogle_broad[0m [36mraw[0m=[35m53[0m
[2m2026-04-02T10:21:44.785759Z[0m [[32m[1minfo     [0m] [1mquality_filter                [0m [36minput[0m=[35m126[0m [36mpassed[0m=[35m0[0m
[2m2026-04-02T10:21:44.785815Z[0m [[32m[1minfo     [0m] [1mdedup                         [0m [36mafter[0m=[35m0[0m [36mbefore[0m=[35m0[0m
[2m2026-04-02T10:21:44.785847Z[0m [[32m[1minfo     [0m] [1mfulltext_selection            [0m [36mcandidates[0m=[35m0[0m [36mfiltered[0m=[35m0[0m [36mmode[0m=[35mhigh-value[0m [36mticker[0m=[35mEXR[0m
[2m2026-04-02T10:21:44.786531Z[0m [[32m[1minfo     [0m] [1mcrawling                      [0m [36mchannel[0m=[35mGoogle->Benzinga[0m [36mtag[0m=[35mgoogle_benzinga[0m
[2m2026-04-02T10:21:47.251122Z[0m [[32m[1minfo     [0m] [1mfetch                         [0m [36mstatus[0m=[35m200[0m [36murl[0m=[35m'https://news.google.com/rss/search?q=XYL+site:benzinga.com&hl=en-US&gl=US&ceid=US:en'[0m
[2m2026-04-02T10:21:47.256935Z[0m [[32m[1minfo     [0m] [1mparsed                        [0m [36mchannel[0m=[35mgoogle_benzinga[0m [36mraw[0m=[35m9[0m
[2m2026-04-02T10:21:49.284085Z[0m [[32m[1minfo     [0m] [1mfetch                         [0m [36mstatus[0m=[35m200[0m [36murl[0m=[35m'https://news.google.com/rss/search?q=XYL+site:benzinga.com&hl=en-US&gl=US&ceid=US:en'[0m
[2m2026-04-02T10:21:49.288101Z[0m [[32m[1minfo     [0m] [1mparsed                        [0m [36mchannel[0m=[35mgoogle_benzinga[0m [36mraw[0m=[35m9[0m
[2m2026-04-02T10:21:49.288193Z[0m [[32m[1minfo     [0m] [1mcrawling                      [0m [36mchannel[0m=[35m'Google News (all)'[0m [36mtag[0m=[35mgoogle_broad[0m
[2m2026-04-02T10:21:51.787370Z[0m [[32m[1minfo     [0m] [1mfetch                         [0m [36mstatus[0m=[35m200[0m [36murl[0m=[35m'https://news.google.com/rss/search?q=XYL+stock+news&hl=en-US&gl=US&ceid=US:en'[0m
[2m2026-04-02T10:21:51.894960Z[0m [[32m[1minfo     [0m] [1mparsed                        [0m [36mchannel[0m=[35mgoogle_broad[0m [36mraw[0m=[35m95[0m
[2m2026-04-02T10:21:54.418315Z[0m [[32m[1minfo     [0m] [1mfetch                         [0m [36mstatus[0m=[35m200[0m [36murl[0m=[35m'https://news.google.com/rss/search?q=XYL+earnings+analysis&hl=en-US&gl=US&ceid=US:en'[0m
[2m2026-04-02T10:21:54.436860Z[0m [[32m[1minfo     [0m] [1mparsed                        [0m [36mchannel[0m=[35mgoogle_broad[0m [36mraw[0m=[35m46[0m
[2m2026-04-02T10:21:54.437602Z[0m [[32m[1minfo     [0m] [1mquality_filter                [0m [36minput[0m=[35m159[0m [36mpassed[0m=[35m3[0m
[2m2026-04-02T10:21:54.437813Z[0m [[32m[1minfo     [0m] [1mdedup                         [0m [36mafter[0m=[35m2[0m [36mbefore[0m=[35m3[0m
[2m2026-04-02T10:21:54.437882Z[0m [[32m[1minfo     [0m] [1mfulltext_selection            [0m [36mcandidates[0m=[35m1[0m [36mfiltered[0m=[35m2[0m [36mmode[0m=[35mhigh-value[0m [36mticker[0m=[35mXYL[0m
[2m2026-04-02T10:21:56.390882Z[0m [[32m[1minfo     [0m] [1mfetch                         [0m [36mstatus[0m=[35m403[0m [36murl[0m=[35mhttps://www.gurufocus.com/news/8765696/oppenheimer-lowers-price-target-for-xylem-xyl-to-16[0m
[2m2026-04-02T10:21:56.592590Z[0m [[32m[1minfo     [0m] [1mcrawling                      [0m [36mchannel[0m=[35mGoogle->Benzinga[0m [36mtag[0m=[35mgoogle_benzinga[0m
[2m2026-04-02T10:21:59.006588Z[0m [[32m[1minfo     [0m] [1mfetch                         [0m [36mstatus[0m=[35m200[0m [36murl[0m=[35m'https://news.google.com/rss/search?q=TDY+site:benzinga.com&hl=en-US&gl=US&ceid=US:en'[0m
[2m2026-04-02T10:21:59.012074Z[0m [[32m[1minfo     [0m] [1mparsed                        [0m [36mchannel[0m=[35mgoogle_benzinga[0m [36mraw[0m=[35m12[0m
[2m2026-04-02T10:22:01.026375Z[0m [[32m[1minfo     [0m] [1mfetch                         [0m [36mstatus[0m=[35m200[0m [36murl[0m=[35m'https://news.google.com/rss/search?q=TDY+site:benzinga.com&hl=en-US&gl=US&ceid=US:en'[0m
[2m2026-04-02T10:22:01.030983Z[0m [[32m[1minfo     [0m] [1mparsed                        [0m [36mchannel[0m=[35mgoogle_benzinga[0m [36mraw[0m=[35m12[0m
[2m2026-04-02T10:22:01.031079Z[0m [[32m[1minfo     [0m] [1mcrawling                      [0m [36mchannel[0m=[35m'Google News (all)'[0m [36mtag[0m=[35mgoogle_broad[0m
[2m2026-04-02T10:22:03.530581Z[0m [[32m[1minfo     [0m] [1mfetch                         [0m [36mstatus[0m=[35m200[0m [36murl[0m=[35m'https://news.google.com/rss/search?q=TDY+stock+news&hl=en-US&gl=US&ceid=US:en'[0m
[2m2026-04-02T10:22:03.621848Z[0m [[32m[1minfo     [0m] [1mparsed                        [0m [36mchannel[0m=[35mgoogle_broad[0m [36mraw[0m=[35m68[0m
[2m2026-04-02T10:22:06.094787Z[0m [[32m[1minfo     [0m] [1mfetch                         [0m [36mstatus[0m=[35m200[0m [36murl[0m=[35m'https://news.google.com/rss/search?q=TDY+earnings+analysis&hl=en-US&gl=US&ceid=US:en'[0m
[2m2026-04-02T10:22:06.186981Z[0m [[32m[1minfo     [0m] [1mparsed                        [0m [36mchannel[0m=[35mgoogle_broad[0m [36mraw[0m=[35m62[0m
[2m2026-04-02T10:22:06.187747Z[0m [[32m[1minfo     [0m] [1mquality_filter                [0m [36minput[0m=[35m154[0m [36mpassed[0m=[35m0[0m
[2m2026-04-02T10:22:06.187818Z[0m [[32m[1minfo     [0m] [1mdedup                         [0m [36mafter[0m=[35m0[0m [36mbefore[0m=[35m0[0m
[2m2026-04-02T10:22:06.187851Z[0m [[32m[1minfo     [0m] [1mfulltext_selection            [0m [36mcandidates[0m=[35m0[0m [36mfiltered[0m=[35m0[0m [36mmode[0m=[35mhigh-value[0m [36mticker[0m=[35mTDY[0m
[2m2026-04-02T10:22:06.188455Z[0m [[32m[1minfo     [0m] [1mcrawling                      [0m [36mchannel[0m=[35mGoogle->Benzinga[0m [36mtag[0m=[35mgoogle_benzinga[0m
[2m2026-04-02T10:22:09.075221Z[0m [[32m[1minfo     [0m] [1mfetch                         [0m [36mstatus[0m=[35m200[0m [36murl[0m=[35m'https://news.google.com/rss/search?q=TPR+site:benzinga.com&hl=en-US&gl=US&ceid=US:en'[0m
[2m2026-04-02T10:22:09.082068Z[0m [[32m[1minfo     [0m] [1mparsed                        [0m [36mchannel[0m=[35mgoogle_benzinga[0m [36mraw[0m=[35m18[0m
[2m2026-04-02T10:22:11.097291Z[0m [[32m[1minfo     [0m] [1mfetch                         [0m [36mstatus[0m=[35m200[0m [36murl[0m=[35m'https://news.google.com/rss/search?q=TPR+site:benzinga.com&hl=en-US&gl=US&ceid=US:en'[0m
[2m2026-04-02T10:22:11.103721Z[0m [[32m[1minfo     [0m] [1mparsed                        [0m [36mchannel[0m=[35mgoogle_benzinga[0m [36mraw[0m=[35m18[0m
[2m2026-04-02T10:22:11.103825Z[0m [[32m[1minfo     [0m] [1mcrawling                      [0m [36mchannel[0m=[35m'Google News (all)'[0m [36mtag[0m=[35mgoogle_broad[0m
[2m2026-04-02T10:22:13.582390Z[0m [[32m[1minfo     [0m] [1mfetch                         [0m [36mstatus[0m=[35m200[0m [36murl[0m=[35m'https://news.google.com/rss/search?q=TPR+stock+news&hl=en-US&gl=US&ceid=US:en'[0m
[2m2026-04-02T10:22:13.614984Z[0m [[32m[1minfo     [0m] [1mparsed                        [0m [36mchannel[0m=[35mgoogle_broad[0m [36mraw[0m=[35m61[0m
[2m2026-04-02T10:22:16.067160Z[0m [[32m[1minfo     [0m] [1mfetch                         [0m [36mstatus[0m=[35m200[0m [36murl[0m=[35m'https://news.google.com/rss/search?q=TPR+earnings+analysis&hl=en-US&gl=US&ceid=US:en'[0m
[2m2026-04-02T10:22:16.095329Z[0m [[32m[1minfo     [0m] [1mparsed                        [0m [36mchannel[0m=[35mgoogle_broad[0m [36mraw[0m=[35m47[0m
[2m2026-04-02T10:22:16.095909Z[0m [[32m[1minfo     [0m] [1mquality_filter                [0m [36minput[0m=[35m144[0m [36mpassed[0m=[35m0[0m
[2m2026-04-02T10:22:16.095991Z[0m [[32m[1minfo     [0m] [1mdedup                         [0m [36mafter[0m=[35m0[0m [36mbefore[0m=[35m0[0m
[2m2026-04-02T10:22:16.096043Z[0m [[32m[1minfo     [0m] [1mfulltext_selection            [0m [36mcandidates[0m=[35m0[0m [36mfiltered[0m=[35m0[0m [36mmode[0m=[35mhigh-value[0m [36mticker[0m=[35mTPR[0m
[2m2026-04-02T10:22:16.097032Z[0m [[32m[1minfo     [0m] [1mcrawling                      [0m [36mchannel[0m=[35mGoogle->Benzinga[0m [36mtag[0m=[35mgoogle_benzinga[0m
[2m2026-04-02T10:22:19.049288Z[0m [[32m[1minfo     [0m] [1mfetch                         [0m [36mstatus[0m=[35m200[0m [36murl[0m=[35m'https://news.google.com/rss/search?q=WAT+site:benzinga.com&hl=en-US&gl=US&ceid=US:en'[0m
[2m2026-04-02T10:22:19.070753Z[0m [[32m[1minfo     [0m] [1mparsed                        [0m [36mchannel[0m=[35mgoogle_benzinga[0m [36mraw[0m=[35m47[0m
[2m2026-04-02T10:22:21.084553Z[0m [[32m[1minfo     [0m] [1mfetch                         [0m [36mstatus[0m=[35m200[0m [36murl[0m=[35m'https://news.google.com/rss/search?q=WAT+site:benzinga.com&hl=en-US&gl=US&ceid=US:en'[0m
[2m2026-04-02T10:22:21.099690Z[0m [[32m[1minfo     [0m] [1mparsed                        [0m [36mchannel[0m=[35mgoogle_benzinga[0m [36mraw[0m=[35m47[0m
[2m2026-04-02T10:22:21.099802Z[0m [[32m[1minfo     [0m] [1mcrawling                      [0m [36mchannel[0m=[35m'Google News (all)'[0m [36mtag[0m=[35mgoogle_broad[0m
[2m2026-04-02T10:22:23.646262Z[0m [[32m[1minfo     [0m] [1mfetch                         [0m [36mstatus[0m=[35m200[0m [36murl[0m=[35m'https://news.google.com/rss/search?q=WAT+stock+news&hl=en-US&gl=US&ceid=US:en'[0m
[2m2026-04-02T10:22:23.676280Z[0m [[32m[1minfo     [0m] [1mparsed                        [0m [36mchannel[0m=[35mgoogle_broad[0m [36mraw[0m=[35m54[0m
[2m2026-04-02T10:22:26.205077Z[0m [[32m[1minfo     [0m] [1mfetch                         [0m [36mstatus[0m=[35m200[0m [36murl[0m=[35m'https://news.google.com/rss/search?q=WAT+earnings+analysis&hl=en-US&gl=US&ceid=US:en'[0m
[2m2026-04-02T10:22:26.239385Z[0m [[32m[1minfo     [0m] [1mparsed                        [0m [36mchannel[0m=[35mgoogle_broad[0m [36mraw[0m=[35m61[0m
[2m2026-04-02T10:22:26.240187Z[0m [[32m[1minfo     [0m] [1mquality_filter                [0m [36minput[0m=[35m209[0m [36mpassed[0m=[35m1[0m
[2m2026-04-02T10:22:26.240329Z[0m [[32m[1minfo     [0m] [1mdedup                         [0m [36mafter[0m=[35m1[0m [36mbefore[0m=[35m1[0m
[2m2026-04-02T10:22:26.240393Z[0m [[32m[1minfo     [0m] [1mfulltext_selection            [0m [36mcandidates[0m=[35m1[0m [36mfiltered[0m=[35m1[0m [36mmode[0m=[35mhigh-value[0m [36mticker[0m=[35mWAT[0m
[2m2026-04-02T10:22:28.133231Z[0m [[32m[1minfo     [0m] [1mfetch                         [0m [36mstatus[0m=[35m403[0m [36murl[0m=[35mhttps://www.gurufocus.com/news/8763560/goldman-sachs-reinstates-buy-rating-on-waters-wat-s[0m
[2m2026-04-02T10:22:28.342378Z[0m [[32m[1minfo     [0m] [1mcrawling                      [0m [36mchannel[0m=[35mGoogle->Benzinga[0m [36mtag[0m=[35mgoogle_benzinga[0m
[2m2026-04-02T10:22:30.875925Z[0m [[32m[1minfo     [0m] [1mfetch                         [0m [36mstatus[0m=[35m200[0m [36murl[0m=[35m'https://news.google.com/rss/search?q=CTSH+site:benzinga.com&hl=en-US&gl=US&ceid=US:en'[0m
[2m2026-04-02T10:22:30.915362Z[0m [[32m[1minfo     [0m] [1mparsed                        [0m [36mchannel[0m=[35mgoogle_benzinga[0m [36mraw[0m=[35m74[0m
[2m2026-04-02T10:22:32.938650Z[0m [[32m[1minfo     [0m] [1mfetch                         [0m [36mstatus[0m=[35m200[0m [36murl[0m=[35m'https://news.google.com/rss/search?q=CTSH+site:benzinga.com&hl=en-US&gl=US&ceid=US:en'[0m
[2m2026-04-02T10:22:32.959091Z[0m [[32m[1minfo     [0m] [1mparsed                        [0m [36mchannel[0m=[35mgoogle_benzinga[0m [36mraw[0m=[35m74[0m
[2m2026-04-02T10:22:32.959211Z[0m [[32m[1minfo     [0m] [1mcrawling                      [0m [36mchannel[0m=[35m'Google News (all)'[0m [36mtag[0m=[35mgoogle_broad[0m
[2m2026-04-02T10:22:35.511638Z[0m [[32m[1minfo     [0m] [1mfetch                         [0m [36mstatus[0m=[35m200[0m [36murl[0m=[35m'https://news.google.com/rss/search?q=CTSH+stock+news&hl=en-US&gl=US&ceid=US:en'[0m
[2m2026-04-02T10:22:35.623045Z[0m [[32m[1minfo     [0m] [1mparsed                        [0m [36mchannel[0m=[35mgoogle_broad[0m [36mraw[0m=[35m100[0m
[2m2026-04-02T10:22:38.057445Z[0m [[32m[1minfo     [0m] [1mfetch                         [0m [36mstatus[0m=[35m200[0m [36murl[0m=[35m'https://news.google.com/rss/search?q=CTSH+earnings+analysis&hl=en-US&gl=US&ceid=US:en'[0m
[2m2026-04-02T10:22:38.088007Z[0m [[32m[1minfo     [0m] [1mparsed                        [0m [36mchannel[0m=[35mgoogle_broad[0m [36mraw[0m=[35m55[0m
[2m2026-04-02T10:22:38.088775Z[0m [[32m[1minfo     [0m] [1mquality_filter                [0m [36minput[0m=[35m303[0m [36mpassed[0m=[35m0[0m
[2m2026-04-02T10:22:38.088867Z[0m [[32m[1minfo     [0m] [1mdedup                         [0m [36mafter[0m=[35m0[0m [36mbefore[0m=[35m0[0m
[2m2026-04-02T10:22:38.088910Z[0m [[32m[1minfo     [0m] [1mfulltext_selection            [0m [36mcandidates[0m=[35m0[0m [36mfiltered[0m=[35m0[0m [36mmode[0m=[35mhigh-value[0m [36mticker[0m=[35mCTSH[0m
[2m2026-04-02T10:22:38.089890Z[0m [[32m[1minfo     [0m] [1mcrawling                      [0m [36mchannel[0m=[35mGoogle->Benzinga[0m [36mtag[0m=[35mgoogle_benzinga[0m
[2m2026-04-02T10:22:41.057660Z[0m [[32m[1minfo     [0m] [1mfetch                         [0m [36mstatus[0m=[35m200[0m [36murl[0m=[35m'https://news.google.com/rss/search?q=DTE+site:benzinga.com&hl=en-US&gl=US&ceid=US:en'[0m
[2m2026-04-02T10:22:41.075506Z[0m [[32m[1minfo     [0m] [1mparsed                        [0m [36mchannel[0m=[35mgoogle_benzinga[0m [36mraw[0m=[35m39[0m
[2m2026-04-02T10:22:43.083989Z[0m [[32m[1minfo     [0m] [1mfetch                         [0m [36mstatus[0m=[35m200[0m [36murl[0m=[35m'https://news.google.com/rss/search?q=DTE+site:benzinga.com&hl=en-US&gl=US&ceid=US:en'[0m
[2m2026-04-02T10:22:43.095923Z[0m [[32m[1minfo     [0m] [1mparsed                        [0m [36mchannel[0m=[35mgoogle_benzinga[0m [36mraw[0m=[35m39[0m
[2m2026-04-02T10:22:43.096043Z[0m [[32m[1minfo     [0m] [1mcrawling                      [0m [36mchannel[0m=[35m'Google News (all)'[0m [36mtag[0m=[35mgoogle_broad[0m
[2m2026-04-02T10:22:45.774310Z[0m [[32m[1minfo     [0m] [1mfetch                         [0m [36mstatus[0m=[35m200[0m [36murl[0m=[35m'https://news.google.com/rss/search?q=DTE+stock+news&hl=en-US&gl=US&ceid=US:en'[0m
[2m2026-04-02T10:22:45.870887Z[0m [[32m[1minfo     [0m] [1mparsed                        [0m [36mchannel[0m=[35mgoogle_broad[0m [36mraw[0m=[35m74[0m
[2m2026-04-02T10:22:48.336585Z[0m [[32m[1minfo     [0m] [1mfetch                         [0m [36mstatus[0m=[35m200[0m [36murl[0m=[35m'https://news.google.com/rss/search?q=DTE+earnings+analysis&hl=en-US&gl=US&ceid=US:en'[0m
[2m2026-04-02T10:22:48.366088Z[0m [[32m[1minfo     [0m] [1mparsed                        [0m [36mchannel[0m=[35mgoogle_broad[0m [36mraw[0m=[35m47[0m
[2m2026-04-02T10:22:48.366795Z[0m [[32m[1minfo     [0m] [1mquality_filter                [0m [36minput[0m=[35m199[0m [36mpassed[0m=[35m1[0m
[2m2026-04-02T10:22:48.366943Z[0m [[32m[1minfo     [0m] [1mdedup                         [0m [36mafter[0m=[35m1[0m [36mbefore[0m=[35m1[0m
[2m2026-04-02T10:22:48.366998Z[0m [[32m[1minfo     [0m] [1mfulltext_selection            [0m [36mcandidates[0m=[35m0[0m [36mfiltered[0m=[35m1[0m [36mmode[0m=[35mhigh-value[0m [36mticker[0m=[35mDTE[0m
[2m2026-04-02T10:22:48.367689Z[0m [[32m[1minfo     [0m] [1mcrawling                      [0m [36mchannel[0m=[35mGoogle->Benzinga[0m [36mtag[0m=[35mgoogle_benzinga[0m
[2m2026-04-02T10:22:50.766407Z[0m [[32m[1minfo     [0m] [1mfetch                         [0m [36mstatus[0m=[35m200[0m [36murl[0m=[35m'https://news.google.com/rss/search?q=DOV+site:benzinga.com&hl=en-US&gl=US&ceid=US:en'[0m
[2m2026-04-02T10:22:50.777662Z[0m [[32m[1minfo     [0m] [1mparsed                        [0m [36mchannel[0m=[35mgoogle_benzinga[0m [36mraw[0m=[35m22[0m
[2m2026-04-02T10:22:52.791947Z[0m [[32m[1minfo     [0m] [1mfetch                         [0m [36mstatus[0m=[35m200[0m [36murl[0m=[35m'https://news.google.com/rss/search?q=DOV+site:benzinga.com&hl=en-US&gl=US&ceid=US:en'[0m
[2m2026-04-02T10:22:52.800101Z[0m [[32m[1minfo     [0m] [1mparsed                        [0m [36mchannel[0m=[35mgoogle_benzinga[0m [36mraw[0m=[35m22[0m
[2m2026-04-02T10:22:52.800202Z[0m [[32m[1minfo     [0m] [1mcrawling                      [0m [36mchannel[0m=[35m'Google News (all)'[0m [36mtag[0m=[35mgoogle_broad[0m
[2m2026-04-02T10:22:55.267855Z[0m [[32m[1minfo     [0m] [1mfetch                         [0m [36mstatus[0m=[35m200[0m [36murl[0m=[35m'https://news.google.com/rss/search?q=DOV+stock+news&hl=en-US&gl=US&ceid=US:en'[0m
[2m2026-04-02T10:22:55.304299Z[0m [[32m[1minfo     [0m] [1mparsed                        [0m [36mchannel[0m=[35mgoogle_broad[0m [36mraw[0m=[35m57[0m
[2m2026-04-02T10:22:57.726787Z[0m [[32m[1minfo     [0m] [1mfetch                         [0m [36mstatus[0m=[35m200[0m [36murl[0m=[35m'https://news.google.com/rss/search?q=DOV+earnings+analysis&hl=en-US&gl=US&ceid=US:en'[0m
[2m2026-04-02T10:22:57.755214Z[0m [[32m[1minfo     [0m] [1mparsed                        [0m [36mchannel[0m=[35mgoogle_broad[0m [36mraw[0m=[35m47[0m
[2m2026-04-02T10:22:57.755827Z[0m [[32m[1minfo     [0m] [1mquality_filter                [0m [36minput[0m=[35m148[0m [36mpassed[0m=[35m0[0m
[2m2026-04-02T10:22:57.755911Z[0m [[32m[1minfo     [0m] [1mdedup                         [0m [36mafter[0m=[35m0[0m [36mbefore[0m=[35m0[0m
[2m2026-04-02T10:22:57.755956Z[0m [[32m[1minfo     [0m] [1mfulltext_selection            [0m [36mcandidates[0m=[35m0[0m [36mfiltered[0m=[35m0[0m [36mmode[0m=[35mhigh-value[0m [36mticker[0m=[35mDOV[0m
[2m2026-04-02T10:22:57.757027Z[0m [[32m[1minfo     [0m] [1mcrawling                      [0m [36mchannel[0m=[35mGoogle->Benzinga[0m [36mtag[0m=[35mgoogle_benzinga[0m
[2m2026-04-02T10:23:00.336527Z[0m [[32m[1minfo     [0m] [1mfetch                         [0m [36mstatus[0m=[35m200[0m [36murl[0m=[35m'https://news.google.com/rss/search?q=ULTA+site:benzinga.com&hl=en-US&gl=US&ceid=US:en'[0m
[2m2026-04-02T10:23:00.439787Z[0m [[32m[1minfo     [0m] [1mparsed                        [0m [36mchannel[0m=[35mgoogle_benzinga[0m [36mraw[0m=[35m85[0m
[2m2026-04-02T10:23:02.451520Z[0m [[32m[1minfo     [0m] [1mfetch                         [0m [36mstatus[0m=[35m200[0m [36murl[0m=[35m'https://news.google.com/rss/search?q=ULTA+site:benzinga.com&hl=en-US&gl=US&ceid=US:en'[0m
[2m2026-04-02T10:23:02.476167Z[0m [[32m[1minfo     [0m] [1mparsed                        [0m [36mchannel[0m=[35mgoogle_benzinga[0m [36mraw[0m=[35m85[0m
[2m2026-04-02T10:23:02.476331Z[0m [[32m[1minfo     [0m] [1mcrawling                      [0m [36mchannel[0m=[35m'Google News (all)'[0m [36mtag[0m=[35mgoogle_broad[0m
[2m2026-04-02T10:23:05.037870Z[0m [[32m[1minfo     [0m] [1mfetch                         [0m [36mstatus[0m=[35m200[0m [36murl[0m=[35m'https://news.google.com/rss/search?q=ULTA+stock+news&hl=en-US&gl=US&ceid=US:en'[0m
[2m2026-04-02T10:23:05.154268Z[0m [[32m[1minfo     [0m] [1mparsed                        [0m [36mchannel[0m=[35mgoogle_broad[0m [36mraw[0m=[35m100[0m
[2m2026-04-02T10:23:07.681062Z[0m [[32m[1minfo     [0m] [1mfetch                         [0m [36mstatus[0m=[35m200[0m [36murl[0m=[35m'https://news.google.com/rss/search?q=ULTA+earnings+analysis&hl=en-US&gl=US&ceid=US:en'[0m
[2m2026-04-02T10:23:07.781925Z[0m [[32m[1minfo     [0m] [1mparsed                        [0m [36mchannel[0m=[35mgoogle_broad[0m [36mraw[0m=[35m70[0m
[2m2026-04-02T10:23:07.783296Z[0m [[32m[1minfo     [0m] [1mquality_filter                [0m [36minput[0m=[35m340[0m [36mpassed[0m=[35m6[0m
[2m2026-04-02T10:23:07.783674Z[0m [[32m[1minfo     [0m] [1mdedup                         [0m [36mafter[0m=[35m6[0m [36mbefore[0m=[35m6[0m
[2m2026-04-02T10:23:07.783775Z[0m [[32m[1minfo     [0m] [1mfulltext_selection            [0m [36mcandidates[0m=[35m0[0m [36mfiltered[0m=[35m6[0m [36mmode[0m=[35mhigh-value[0m [36mticker[0m=[35mULTA[0m
[2m2026-04-02T10:23:07.784777Z[0m [[32m[1minfo     [0m] [1mcrawling                      [0m [36mchannel[0m=[35mGoogle->Benzinga[0m [36mtag[0m=[35mgoogle_benzinga[0m
[2m2026-04-02T10:23:10.284335Z[0m [[32m[1minfo     [0m] [1mfetch                         [0m [36mstatus[0m=[35m200[0m [36murl[0m=[35m'https://news.google.com/rss/search?q=IQV+site:benzinga.com&hl=en-US&gl=US&ceid=US:en'[0m
[2m2026-04-02T10:23:10.295328Z[0m [[32m[1minfo     [0m] [1mparsed                        [0m [36mchannel[0m=[35mgoogle_benzinga[0m [36mraw[0m=[35m11[0m
[2m2026-04-02T10:23:12.311946Z[0m [[32m[1minfo     [0m] [1mfetch                         [0m [36mstatus[0m=[35m200[0m [36murl[0m=[35m'https://news.google.com/rss/search?q=IQV+site:benzinga.com&hl=en-US&gl=US&ceid=US:en'[0m
[2m2026-04-02T10:23:12.316762Z[0m [[32m[1minfo     [0m] [1mparsed                        [0m [36mchannel[0m=[35mgoogle_benzinga[0m [36mraw[0m=[35m11[0m
[2m2026-04-02T10:23:12.316856Z[0m [[32m[1minfo     [0m] [1mcrawling                      [0m [36mchannel[0m=[35m'Google News (all)'[0m [36mtag[0m=[35mgoogle_broad[0m
[2m2026-04-02T10:23:14.740437Z[0m [[32m[1minfo     [0m] [1mfetch                         [0m [36mstatus[0m=[35m200[0m [36murl[0m=[35m'https://news.google.com/rss/search?q=IQV+stock+news&hl=en-US&gl=US&ceid=US:en'[0m
[2m2026-04-02T10:23:14.781391Z[0m [[32m[1minfo     [0m] [1mparsed                        [0m [36mchannel[0m=[35mgoogle_broad[0m [36mraw[0m=[35m72[0m
[2m2026-04-02T10:23:17.234110Z[0m [[32m[1minfo     [0m] [1mfetch                         [0m [36mstatus[0m=[35m200[0m [36murl[0m=[35m'https://news.google.com/rss/search?q=IQV+earnings+analysis&hl=en-US&gl=US&ceid=US:en'[0m
[2m2026-04-02T10:23:17.250782Z[0m [[32m[1minfo     [0m] [1mparsed                        [0m [36mchannel[0m=[35mgoogle_broad[0m [36mraw[0m=[35m35[0m
[2m2026-04-02T10:23:17.251744Z[0m [[32m[1minfo     [0m] [1mquality_filter                [0m [36minput[0m=[35m129[0m [36mpassed[0m=[35m2[0m
[2m2026-04-02T10:23:17.251919Z[0m [[32m[1minfo     [0m] [1mdedup                         [0m [36mafter[0m=[35m1[0m [36mbefore[0m=[35m2[0m
[2m2026-04-02T10:23:17.251963Z[0m [[32m[1minfo     [0m] [1mfulltext_selection            [0m [36mcandidates[0m=[35m1[0m [36mfiltered[0m=[35m1[0m [36mmode[0m=[35mhigh-value[0m [36mticker[0m=[35mIQV[0m
[2m2026-04-02T10:23:19.792053Z[0m [[32m[1minfo     [0m] [1mfetch                         [0m [36mstatus[0m=[35m200[0m [36murl[0m=[35mhttps://stockstory.org/us/stocks/nyse/iqv/news/earnings/reflecting-on-drug-development-inp[0m
[2m2026-04-02T10:23:19.995556Z[0m [[32m[1minfo     [0m] [1mcrawling                      [0m [36mchannel[0m=[35mGoogle->Benzinga[0m [36mtag[0m=[35mgoogle_benzinga[0m
[2m2026-04-02T10:23:22.905325Z[0m [[32m[1minfo     [0m] [1mfetch                         [0m [36mstatus[0m=[35m200[0m [36murl[0m=[35m'https://news.google.com/rss/search?q=RJF+site:benzinga.com&hl=en-US&gl=US&ceid=US:en'[0m
[2m2026-04-02T10:23:22.914143Z[0m [[32m[1minfo     [0m] [1mparsed                        [0m [36mchannel[0m=[35mgoogle_benzinga[0m [36mraw[0m=[35m25[0m
[2m2026-04-02T10:23:24.936075Z[0m [[32m[1minfo     [0m] [1mfetch                         [0m [36mstatus[0m=[35m200[0m [36murl[0m=[35m'https://news.google.com/rss/search?q=RJF+site:benzinga.com&hl=en-US&gl=US&ceid=US:en'[0m
[2m2026-04-02T10:23:24.944446Z[0m [[32m[1minfo     [0m] [1mparsed                        [0m [36mchannel[0m=[35mgoogle_benzinga[0m [36mraw[0m=[35m25[0m
[2m2026-04-02T10:23:24.944543Z[0m [[32m[1minfo     [0m] [1mcrawling                      [0m [36mchannel[0m=[35m'Google News (all)'[0m [36mtag[0m=[35mgoogle_broad[0m
[2m2026-04-02T10:23:27.415239Z[0m [[32m[1minfo     [0m] [1mfetch                         [0m [36mstatus[0m=[35m200[0m [36murl[0m=[35m'https://news.google.com/rss/search?q=RJF+stock+news&hl=en-US&gl=US&ceid=US:en'[0m
[2m2026-04-02T10:23:27.455355Z[0m [[32m[1minfo     [0m] [1mparsed                        [0m [36mchannel[0m=[35mgoogle_broad[0m [36mraw[0m=[35m60[0m
[2m2026-04-02T10:23:29.879157Z[0m [[32m[1minfo     [0m] [1mfetch                         [0m [36mstatus[0m=[35m200[0m [36murl[0m=[35m'https://news.google.com/rss/search?q=RJF+earnings+analysis&hl=en-US&gl=US&ceid=US:en'[0m
[2m2026-04-02T10:23:29.899183Z[0m [[32m[1minfo     [0m] [1mparsed                        [0m [36mchannel[0m=[35mgoogle_broad[0m [36mraw[0m=[35m41[0m
[2m2026-04-02T10:23:29.899901Z[0m [[32m[1minfo     [0m] [1mquality_filter                [0m [36minput[0m=[35m151[0m [36mpassed[0m=[35m1[0m
[2m2026-04-02T10:23:29.900036Z[0m [[32m[1minfo     [0m] [1mdedup                         [0m [36mafter[0m=[35m1[0m [36mbefore[0m=[35m1[0m
[2m2026-04-02T10:23:29.900134Z[0m [[32m[1minfo     [0m] [1mfulltext_selection            [0m [36mcandidates[0m=[35m1[0m [36mfiltered[0m=[35m1[0m [36mmode[0m=[35mhigh-value[0m [36mticker[0m=[35mRJF[0m
[2m2026-04-02T10:23:32.020616Z[0m [[32m[1minfo     [0m] [1mfetch                         [0m [36mstatus[0m=[35m403[0m [36murl[0m=[35mhttps://www.bitget.com/amp/news/detail/12560605325451[0m
[2m2026-04-02T10:23:32.224624Z[0m [[32m[1minfo     [0m] [1mcrawling                      [0m [36mchannel[0m=[35mGoogle->Benzinga[0m [36mtag[0m=[35mgoogle_benzinga[0m
[2m2026-04-02T10:23:34.777929Z[0m [[32m[1minfo     [0m] [1mfetch                         [0m [36mstatus[0m=[35m200[0m [36murl[0m=[35m'https://news.google.com/rss/search?q=HAL+site:benzinga.com&hl=en-US&gl=US&ceid=US:en'[0m
[2m2026-04-02T10:23:34.871508Z[0m [[32m[1minfo     [0m] [1mparsed                        [0m [36mchannel[0m=[35mgoogle_benzinga[0m [36mraw[0m=[35m71[0m
[2m2026-04-02T10:23:36.894196Z[0m [[32m[1minfo     [0m] [1mfetch                         [0m [36mstatus[0m=[35m200[0m [36murl[0m=[35m'https://news.google.com/rss/search?q=HAL+site:benzinga.com&hl=en-US&gl=US&ceid=US:en'[0m
[2m2026-04-02T10:23:36.913716Z[0m [[32m[1minfo     [0m] [1mparsed                        [0m [36mchannel[0m=[35mgoogle_benzinga[0m [36mraw[0m=[35m71[0m
[2m2026-04-02T10:23:36.913826Z[0m [[32m[1minfo     [0m] [1mcrawling                      [0m [36mchannel[0m=[35m'Google News (all)'[0m [36mtag[0m=[35mgoogle_broad[0m
[2m2026-04-02T10:23:39.500410Z[0m [[32m[1minfo     [0m] [1mfetch                         [0m [36mstatus[0m=[35m200[0m [36murl[0m=[35m'https://news.google.com/rss/search?q=HAL+stock+news&hl=en-US&gl=US&ceid=US:en'[0m
[2m2026-04-02T10:23:39.629037Z[0m [[32m[1minfo     [0m] [1mparsed                        [0m [36mchannel[0m=[35mgoogle_broad[0m [36mraw[0m=[35m100[0m
[2m2026-04-02T10:23:42.142039Z[0m [[32m[1minfo     [0m] [1mfetch                         [0m [36mstatus[0m=[35m200[0m [36murl[0m=[35m'https://news.google.com/rss/search?q=HAL+earnings+analysis&hl=en-US&gl=US&ceid=US:en'[0m
[2m2026-04-02T10:23:42.229099Z[0m [[32m[1minfo     [0m] [1mparsed                        [0m [36mchannel[0m=[35mgoogle_broad[0m [36mraw[0m=[35m49[0m
[2m2026-04-02T10:23:42.230821Z[0m [[32m[1minfo     [0m] [1mquality_filter                [0m [36minput[0m=[35m291[0m [36mpassed[0m=[35m12[0m
[2m2026-04-02T10:23:42.231512Z[0m [[32m[1minfo     [0m] [1mdedup                         [0m [36mafter[0m=[35m10[0m [36mbefore[0m=[35m12[0m
[2m2026-04-02T10:23:42.231639Z[0m [[32m[1minfo     [0m] [1mfulltext_selection            [0m [36mcandidates[0m=[35m3[0m [36mfiltered[0m=[35m10[0m [36mmode[0m=[35mhigh-value[0m [36mticker[0m=[35mHAL[0m
[2m2026-04-02T10:23:43.845221Z[0m [[32m[1minfo     [0m] [1mfetch                         [0m [36mstatus[0m=[35m403[0m [36murl[0m=[35mhttps://www.ndtvprofit.com/business/defense-stock-in-focus-astra-microwave-shares-rise-aft[0m
[2m2026-04-02T10:23:43.854076Z[0m [[32m[1minfo     [0m] [1mfetch                         [0m [36mstatus[0m=[35m403[0m [36murl[0m=[35mhttps://www.financialexpress.com/market/bel-hal-garden-reach-lampt-why-rs-2-38-trillion-de[0m
[2m2026-04-02T10:23:44.269193Z[0m [[32m[1minfo     [0m] [1mfetch                         [0m [36mstatus[0m=[35m200[0m [36murl[0m=[35mhttps://www.cnbctv18.com/market/hal-share-price-hindustan-aeronautics-target-cut-by-clsa-b[0m
[2m2026-04-02T10:23:44.630985Z[0m [[32m[1minfo     [0m] [1mcrawling                      [0m [36mchannel[0m=[35mGoogle->Benzinga[0m [36mtag[0m=[35mgoogle_benzinga[0m
[2m2026-04-02T10:23:47.561448Z[0m [[32m[1minfo     [0m] [1mfetch                         [0m [36mstatus[0m=[35m200[0m [36murl[0m=[35m'https://news.google.com/rss/search?q=CHTR+site:benzinga.com&hl=en-US&gl=US&ceid=US:en'[0m
[2m2026-04-02T10:23:47.576556Z[0m [[32m[1minfo     [0m] [1mparsed                        [0m [36mchannel[0m=[35mgoogle_benzinga[0m [36mraw[0m=[35m39[0m
[2m2026-04-02T10:23:49.594427Z[0m [[32m[1minfo     [0m] [1mfetch                         [0m [36mstatus[0m=[35m200[0m [36murl[0m=[35m'https://news.google.com/rss/search?q=CHTR+site:benzinga.com&hl=en-US&gl=US&ceid=US:en'[0m
[2m2026-04-02T10:23:49.606182Z[0m [[32m[1minfo     [0m] [1mparsed                        [0m [36mchannel[0m=[35mgoogle_benzinga[0m [36mraw[0m=[35m39[0m
[2m2026-04-02T10:23:49.606297Z[0m [[32m[1minfo     [0m] [1mcrawling                      [0m [36mchannel[0m=[35m'Google News (all)'[0m [36mtag[0m=[35mgoogle_broad[0m
[2m2026-04-02T10:23:52.085003Z[0m [[32m[1minfo     [0m] [1mfetch                         [0m [36mstatus[0m=[35m200[0m [36murl[0m=[35m'https://news.google.com/rss/search?q=CHTR+stock+news&hl=en-US&gl=US&ceid=US:en'[0m
[2m2026-04-02T10:23:52.199137Z[0m [[32m[1minfo     [0m] [1mparsed                        [0m [36mchannel[0m=[35mgoogle_broad[0m [36mraw[0m=[35m100[0m
[2m2026-04-02T10:23:54.629664Z[0m [[32m[1minfo     [0m] [1mfetch                         [0m [36mstatus[0m=[35m200[0m [36murl[0m=[35m'https://news.google.com/rss/search?q=CHTR+earnings+analysis&hl=en-US&gl=US&ceid=US:en'[0m
[2m2026-04-02T10:23:54.658450Z[0m [[32m[1minfo     [0m] [1mparsed                        [0m [36mchannel[0m=[35mgoogle_broad[0m [36mraw[0m=[35m48[0m
[2m2026-04-02T10:23:54.659044Z[0m [[32m[1minfo     [0m] [1mquality_filter                [0m [36minput[0m=[35m226[0m [36mpassed[0m=[35m0[0m
[2m2026-04-02T10:23:54.659111Z[0m [[32m[1minfo     [0m] [1mdedup                         [0m [36mafter[0m=[35m0[0m [36mbefore[0m=[35m0[0m
[2m2026-04-02T10:23:54.659151Z[0m [[32m[1minfo     [0m] [1mfulltext_selection            [0m [36mcandidates[0m=[35m0[0m [36mfiltered[0m=[35m0[0m [36mmode[0m=[35mhigh-value[0m [36mticker[0m=[35mCHTR[0m
[2m2026-04-02T10:23:54.660100Z[0m [[32m[1minfo     [0m] [1mcrawling                      [0m [36mchannel[0m=[35mGoogle->Benzinga[0m [36mtag[0m=[35mgoogle_benzinga[0m
[2m2026-04-02T10:23:57.112795Z[0m [[32m[1minfo     [0m] [1mfetch                         [0m [36mstatus[0m=[35m200[0m [36murl[0m=[35m'https://news.google.com/rss/search?q=FE+first+energy+site:benzinga.com&hl=en-US&gl=US&ceid'[0m
[2m2026-04-02T10:23:57.115435Z[0m [[32m[1minfo     [0m] [1mparsed                        [0m [36mchannel[0m=[35mgoogle_benzinga[0m [36mraw[0m=[35m5[0m
[2m2026-04-02T10:23:59.744940Z[0m [[32m[1minfo     [0m] [1mfetch                         [0m [36mstatus[0m=[35m200[0m [36murl[0m=[35m'https://news.google.com/rss/search?q=first+energy+site:benzinga.com&hl=en-US&gl=US&ceid=US'[0m
[2m2026-04-02T10:23:59.806942Z[0m [[32m[1minfo     [0m] [1mparsed                        [0m [36mchannel[0m=[35mgoogle_benzinga[0m [36mraw[0m=[35m100[0m
[2m2026-04-02T10:23:59.807050Z[0m [[32m[1minfo     [0m] [1mcrawling                      [0m [36mchannel[0m=[35m'Google News (all)'[0m [36mtag[0m=[35mgoogle_broad[0m
[2m2026-04-02T10:24:02.380342Z[0m [[32m[1minfo     [0m] [1mfetch                         [0m [36mstatus[0m=[35m200[0m [36murl[0m=[35m'https://news.google.com/rss/search?q=FE+first+energy+stock+news&hl=en-US&gl=US&ceid=US:en'[0m
[2m2026-04-02T10:24:02.475894Z[0m [[32m[1minfo     [0m] [1mparsed                        [0m [36mchannel[0m=[35mgoogle_broad[0m [36mraw[0m=[35m100[0m
[2m2026-04-02T10:24:05.071703Z[0m [[32m[1minfo     [0m] [1mfetch                         [0m [36mstatus[0m=[35m200[0m [36murl[0m=[35m'https://news.google.com/rss/search?q=FE+first+energy+earnings+analysis&hl=en-US&gl=US&ceid'[0m
[2m2026-04-02T10:24:05.116676Z[0m [[32m[1minfo     [0m] [1mparsed                        [0m [36mchannel[0m=[35mgoogle_broad[0m [36mraw[0m=[35m70[0m
[2m2026-04-02T10:24:05.117858Z[0m [[32m[1minfo     [0m] [1mquality_filter                [0m [36minput[0m=[35m275[0m [36mpassed[0m=[35m5[0m
[2m2026-04-02T10:24:05.118174Z[0m [[32m[1minfo     [0m] [1mdedup                         [0m [36mafter[0m=[35m4[0m [36mbefore[0m=[35m5[0m
[2m2026-04-02T10:24:05.118270Z[0m [[32m[1minfo     [0m] [1mfulltext_selection            [0m [36mcandidates[0m=[35m3[0m [36mfiltered[0m=[35m4[0m [36mmode[0m=[35mhigh-value[0m [36mticker[0m=[35mFE[0m
[2m2026-04-02T10:24:07.723037Z[0m [[32m[1minfo     [0m] [1mfetch                         [0m [36mstatus[0m=[35m200[0m [36murl[0m=[35mhttps://www.stocktitan.net/news/FE/first-energy-to-webcast-first-quarter-earnings-88bwwdsl[0m
[2m2026-04-02T10:24:08.018331Z[0m [[32m[1minfo     [0m] [1mfetch                         [0m [36mstatus[0m=[35m200[0m [36murl[0m=[35mhttps://www.stocktitan.net/sec-filings/FE/def-14a-firstenergy-corp-definitive-proxy-statem[0m
[2m2026-04-02T10:24:08.053241Z[0m [[32m[1minfo     [0m] [1mfetch                         [0m [36mstatus[0m=[35m200[0m [36murl[0m=[35mhttps://www.firstenergycorp.com/newsroom/news_articles/fe-to-webcast-first-quarter-2026-ea[0m
[2m2026-04-02T10:24:08.996893Z[0m [[32m[1minfo     [0m] [1mcrawling                      [0m [36mchannel[0m=[35mGoogle->Benzinga[0m [36mtag[0m=[35mgoogle_benzinga[0m
[2m2026-04-02T10:24:11.424373Z[0m [[32m[1minfo     [0m] [1mfetch                         [0m [36mstatus[0m=[35m200[0m [36murl[0m=[35m'https://news.google.com/rss/search?q=ROL+site:benzinga.com&hl=en-US&gl=US&ceid=US:en'[0m
[2m2026-04-02T10:24:11.429339Z[0m [[32m[1minfo     [0m] [1mparsed                        [0m [36mchannel[0m=[35mgoogle_benzinga[0m [36mraw[0m=[35m12[0m
[2m2026-04-02T10:24:13.444306Z[0m [[32m[1minfo     [0m] [1mfetch                         [0m [36mstatus[0m=[35m200[0m [36murl[0m=[35m'https://news.google.com/rss/search?q=ROL+site:benzinga.com&hl=en-US&gl=US&ceid=US:en'[0m
[2m2026-04-02T10:24:13.449019Z[0m [[32m[1minfo     [0m] [1mparsed                        [0m [36mchannel[0m=[35mgoogle_benzinga[0m [36mraw[0m=[35m12[0m
[2m2026-04-02T10:24:13.449112Z[0m [[32m[1minfo     [0m] [1mcrawling                      [0m [36mchannel[0m=[35m'Google News (all)'[0m [36mtag[0m=[35mgoogle_broad[0m
[2m2026-04-02T10:24:15.875069Z[0m [[32m[1minfo     [0m] [1mfetch                         [0m [36mstatus[0m=[35m200[0m [36murl[0m=[35m'https://news.google.com/rss/search?q=ROL+stock+news&hl=en-US&gl=US&ceid=US:en'[0m
[2m2026-04-02T10:24:15.926929Z[0m [[32m[1minfo     [0m] [1mparsed                        [0m [36mchannel[0m=[35mgoogle_broad[0m [36mraw[0m=[35m51[0m
[2m2026-04-02T10:24:18.415216Z[0m [[32m[1minfo     [0m] [1mfetch                         [0m [36mstatus[0m=[35m200[0m [36murl[0m=[35m'https://news.google.com/rss/search?q=ROL+earnings+analysis&hl=en-US&gl=US&ceid=US:en'[0m
[2m2026-04-02T10:24:18.428118Z[0m [[32m[1minfo     [0m] [1mparsed                        [0m [36mchannel[0m=[35mgoogle_broad[0m [36mraw[0m=[35m43[0m
[2m2026-04-02T10:24:18.428846Z[0m [[32m[1minfo     [0m] [1mquality_filter                [0m [36minput[0m=[35m118[0m [36mpassed[0m=[35m1[0m
[2m2026-04-02T10:24:18.428997Z[0m [[32m[1minfo     [0m] [1mdedup                         [0m [36mafter[0m=[35m1[0m [36mbefore[0m=[35m1[0m
[2m2026-04-02T10:24:18.429062Z[0m [[32m[1minfo     [0m] [1mfulltext_selection            [0m [36mcandidates[0m=[35m1[0m [36mfiltered[0m=[35m1[0m [36mmode[0m=[35mhigh-value[0m [36mticker[0m=[35mROL[0m
[2m2026-04-02T10:24:21.772601Z[0m [[32m[1minfo     [0m] [1mfetch                         [0m [36mstatus[0m=[35m200[0m [36murl[0m=[35mhttps://intellectia.ai/en/stock/ROL/earnings[0m
[2m2026-04-02T10:24:22.390339Z[0m [[32m[1minfo     [0m] [1mcrawling                      [0m [36mchannel[0m=[35mGoogle->Benzinga[0m [36mtag[0m=[35mgoogle_benzinga[0m
[2m2026-04-02T10:24:25.125756Z[0m [[32m[1minfo     [0m] [1mfetch                         [0m [36mstatus[0m=[35m200[0m [36murl[0m=[35m'https://news.google.com/rss/search?q=PPL+site:benzinga.com&hl=en-US&gl=US&ceid=US:en'[0m
[2m2026-04-02T10:24:25.146151Z[0m [[32m[1minfo     [0m] [1mparsed                        [0m [36mchannel[0m=[35mgoogle_benzinga[0m [36mraw[0m=[35m45[0m
[2m2026-04-02T10:24:27.163409Z[0m [[32m[1minfo     [0m] [1mfetch                         [0m [36mstatus[0m=[35m200[0m [36murl[0m=[35m'https://news.google.com/rss/search?q=PPL+site:benzinga.com&hl=en-US&gl=US&ceid=US:en'[0m
[2m2026-04-02T10:24:27.177961Z[0m [[32m[1minfo     [0m] [1mparsed                        [0m [36mchannel[0m=[35mgoogle_benzinga[0m [36mraw[0m=[35m45[0m
[2m2026-04-02T10:24:27.178075Z[0m [[32m[1minfo     [0m] [1mcrawling                      [0m [36mchannel[0m=[35m'Google News (all)'[0m [36mtag[0m=[35mgoogle_broad[0m
[2m2026-04-02T10:24:29.773046Z[0m [[32m[1minfo     [0m] [1mfetch                         [0m [36mstatus[0m=[35m200[0m [36murl[0m=[35m'https://news.google.com/rss/search?q=PPL+stock+news&hl=en-US&gl=US&ceid=US:en'[0m
[2m2026-04-02T10:24:29.891048Z[0m [[32m[1minfo     [0m] [1mparsed                        [0m [36mchannel[0m=[35mgoogle_broad[0m [36mraw[0m=[35m100[0m
[2m2026-04-02T10:24:32.430713Z[0m [[32m[1minfo     [0m] [1mfetch                         [0m [36mstatus[0m=[35m200[0m [36murl[0m=[35m'https://news.google.com/rss/search?q=PPL+earnings+analysis&hl=en-US&gl=US&ceid=US:en'[0m
[2m2026-04-02T10:24:32.456502Z[0m [[32m[1minfo     [0m] [1mparsed                        [0m [36mchannel[0m=[35mgoogle_broad[0m [36mraw[0m=[35m43[0m
[2m2026-04-02T10:24:32.456999Z[0m [[32m[1minfo     [0m] [1mquality_filter                [0m [36minput[0m=[35m233[0m [36mpassed[0m=[35m0[0m
[2m2026-04-02T10:24:32.457064Z[0m [[32m[1minfo     [0m] [1mdedup                         [0m [36mafter[0m=[35m0[0m [36mbefore[0m=[35m0[0m
[2m2026-04-02T10:24:32.457125Z[0m [[32m[1minfo     [0m] [1mfulltext_selection            [0m [36mcandidates[0m=[35m0[0m [36mfiltered[0m=[35m0[0m [36mmode[0m=[35mhigh-value[0m [36mticker[0m=[35mPPL[0m
[2m2026-04-02T10:24:32.457864Z[0m [[32m[1minfo     [0m] [1mcrawling                      [0m [36mchannel[0m=[35mGoogle->Benzinga[0m [36mtag[0m=[35mgoogle_benzinga[0m
[2m2026-04-02T10:24:34.944123Z[0m [[32m[1minfo     [0m] [1mfetch                         [0m [36mstatus[0m=[35m200[0m [36murl[0m=[35m'https://news.google.com/rss/search?q=KHC+site:benzinga.com&hl=en-US&gl=US&ceid=US:en'[0m
[2m2026-04-02T10:24:34.980846Z[0m [[32m[1minfo     [0m] [1mparsed                        [0m [36mchannel[0m=[35mgoogle_benzinga[0m [36mraw[0m=[35m62[0m
[2m2026-04-02T10:24:36.998865Z[0m [[32m[1minfo     [0m] [1mfetch                         [0m [36mstatus[0m=[35m200[0m [36murl[0m=[35m'https://news.google.com/rss/search?q=KHC+site:benzinga.com&hl=en-US&gl=US&ceid=US:en'[0m
[2m2026-04-02T10:24:37.018506Z[0m [[32m[1minfo     [0m] [1mparsed                        [0m [36mchannel[0m=[35mgoogle_benzinga[0m [36mraw[0m=[35m62[0m
[2m2026-04-02T10:24:37.018611Z[0m [[32m[1minfo     [0m] [1mcrawling                      [0m [36mchannel[0m=[35m'Google News (all)'[0m [36mtag[0m=[35mgoogle_broad[0m
[2m2026-04-02T10:24:39.733787Z[0m [[32m[1minfo     [0m] [1mfetch                         [0m [36mstatus[0m=[35m200[0m [36murl[0m=[35m'https://news.google.com/rss/search?q=KHC+stock+news&hl=en-US&gl=US&ceid=US:en'[0m
[2m2026-04-02T10:24:39.846582Z[0m [[32m[1minfo     [0m] [1mparsed                        [0m [36mchannel[0m=[35mgoogle_broad[0m [36mraw[0m=[35m100[0m
[2m2026-04-02T10:24:42.357761Z[0m [[32m[1minfo     [0m] [1mfetch                         [0m [36mstatus[0m=[35m200[0m [36murl[0m=[35m'https://news.google.com/rss/search?q=KHC+earnings+analysis&hl=en-US&gl=US&ceid=US:en'[0m
[2m2026-04-02T10:24:42.387316Z[0m [[32m[1minfo     [0m] [1mparsed                        [0m [36mchannel[0m=[35mgoogle_broad[0m [36mraw[0m=[35m52[0m
[2m2026-04-02T10:24:42.388294Z[0m [[32m[1minfo     [0m] [1mquality_filter                [0m [36minput[0m=[35m276[0m [36mpassed[0m=[35m2[0m
[2m2026-04-02T10:24:42.388532Z[0m [[32m[1minfo     [0m] [1mdedup                         [0m [36mafter[0m=[35m2[0m [36mbefore[0m=[35m2[0m
[2m2026-04-02T10:24:42.388598Z[0m [[32m[1minfo     [0m] [1mfulltext_selection            [0m [36mcandidates[0m=[35m2[0m [36mfiltered[0m=[35m2[0m [36mmode[0m=[35mhigh-value[0m [36mticker[0m=[35mKHC[0m
[2m2026-04-02T10:24:44.650931Z[0m [[32m[1minfo     [0m] [1mfetch                         [0m [36mstatus[0m=[35m403[0m [36murl[0m=[35mhttps://www.bitget.com/asia/news/detail/12560605327835[0m
[2m2026-04-02T10:24:44.778478Z[0m [[32m[1minfo     [0m] [1mfetch                         [0m [36mstatus[0m=[35m200[0m [36murl[0m=[35mhttps://seekingalpha.com/news/4571659-heinz-edges-lower-after-a-six-session-rally[0m
[2m2026-04-02T10:24:44.998582Z[0m [[32m[1minfo     [0m] [1mcrawling                      [0m [36mchannel[0m=[35mGoogle->Benzinga[0m [36mtag[0m=[35mgoogle_benzinga[0m
[2m2026-04-02T10:24:47.403731Z[0m [[32m[1minfo     [0m] [1mfetch                         [0m [36mstatus[0m=[35m200[0m [36murl[0m=[35m'https://news.google.com/rss/search?q=WTW+site:benzinga.com&hl=en-US&gl=US&ceid=US:en'[0m
[2m2026-04-02T10:24:47.409978Z[0m [[32m[1minfo     [0m] [1mparsed                        [0m [36mchannel[0m=[35mgoogle_benzinga[0m [36mraw[0m=[35m16[0m
[2m2026-04-02T10:24:49.415452Z[0m [[32m[1minfo     [0m] [1mfetch                         [0m [36mstatus[0m=[35m200[0m [36murl[0m=[35m'https://news.google.com/rss/search?q=WTW+site:benzinga.com&hl=en-US&gl=US&ceid=US:en'[0m
[2m2026-04-02T10:24:49.421212Z[0m [[32m[1minfo     [0m] [1mparsed                        [0m [36mchannel[0m=[35mgoogle_benzinga[0m [36mraw[0m=[35m16[0m
[2m2026-04-02T10:24:49.421305Z[0m [[32m[1minfo     [0m] [1mcrawling                      [0m [36mchannel[0m=[35m'Google News (all)'[0m [36mtag[0m=[35mgoogle_broad[0m
[2m2026-04-02T10:24:52.003354Z[0m [[32m[1minfo     [0m] [1mfetch                         [0m [36mstatus[0m=[35m200[0m [36murl[0m=[35m'https://news.google.com/rss/search?q=WTW+stock+news&hl=en-US&gl=US&ceid=US:en'[0m
[2m2026-04-02T10:24:52.096442Z[0m [[32m[1minfo     [0m] [1mparsed                        [0m [36mchannel[0m=[35mgoogle_broad[0m [36mraw[0m=[35m74[0m
[2m2026-04-02T10:24:54.488465Z[0m [[32m[1minfo     [0m] [1mfetch                         [0m [36mstatus[0m=[35m200[0m [36murl[0m=[35m'https://news.google.com/rss/search?q=WTW+earnings+analysis&hl=en-US&gl=US&ceid=US:en'[0m
[2m2026-04-02T10:24:54.511598Z[0m [[32m[1minfo     [0m] [1mparsed                        [0m [36mchannel[0m=[35mgoogle_broad[0m [36mraw[0m=[35m45[0m
[2m2026-04-02T10:24:54.512338Z[0m [[32m[1minfo     [0m] [1mquality_filter                [0m [36minput[0m=[35m151[0m [36mpassed[0m=[35m1[0m
[2m2026-04-02T10:24:54.512482Z[0m [[32m[1minfo     [0m] [1mdedup                         [0m [36mafter[0m=[35m1[0m [36mbefore[0m=[35m1[0m
[2m2026-04-02T10:24:54.512540Z[0m [[32m[1minfo     [0m] [1mfulltext_selection            [0m [36mcandidates[0m=[35m0[0m [36mfiltered[0m=[35m1[0m [36mmode[0m=[35mhigh-value[0m [36mticker[0m=[35mWTW[0m
[2m2026-04-02T10:24:54.513222Z[0m [[32m[1minfo     [0m] [1mcrawling                      [0m [36mchannel[0m=[35mGoogle->Benzinga[0m [36mtag[0m=[35mgoogle_benzinga[0m
[2m2026-04-02T10:24:57.200220Z[0m [[32m[1minfo     [0m] [1mfetch                         [0m [36mstatus[0m=[35m200[0m [36murl[0m=[35m'https://news.google.com/rss/search?q=HPE+site:benzinga.com&hl=en-US&gl=US&ceid=US:en'[0m
[2m2026-04-02T10:24:57.296722Z[0m [[32m[1minfo     [0m] [1mparsed                        [0m [36mchannel[0m=[35mgoogle_benzinga[0m [36mraw[0m=[35m100[0m
[2m2026-04-02T10:24:59.312898Z[0m [[32m[1minfo     [0m] [1mfetch                         [0m [36mstatus[0m=[35m200[0m [36murl[0m=[35m'https://news.google.com/rss/search?q=HPE+site:benzinga.com&hl=en-US&gl=US&ceid=US:en'[0m
[2m2026-04-02T10:24:59.342740Z[0m [[32m[1minfo     [0m] [1mparsed                        [0m [36mchannel[0m=[35mgoogle_benzinga[0m [36mraw[0m=[35m100[0m
[2m2026-04-02T10:24:59.342865Z[0m [[32m[1minfo     [0m] [1mcrawling                      [0m [36mchannel[0m=[35m'Google News (all)'[0m [36mtag[0m=[35mgoogle_broad[0m
[2m2026-04-02T10:25:01.945692Z[0m [[32m[1minfo     [0m] [1mfetch                         [0m [36mstatus[0m=[35m200[0m [36murl[0m=[35m'https://news.google.com/rss/search?q=HPE+stock+news&hl=en-US&gl=US&ceid=US:en'[0m
[2m2026-04-02T10:25:02.042441Z[0m [[32m[1minfo     [0m] [1mparsed                        [0m [36mchannel[0m=[35mgoogle_broad[0m [36mraw[0m=[35m100[0m
[2m2026-04-02T10:25:04.665348Z[0m [[32m[1minfo     [0m] [1mfetch                         [0m [36mstatus[0m=[35m200[0m [36murl[0m=[35m'https://news.google.com/rss/search?q=HPE+earnings+analysis&hl=en-US&gl=US&ceid=US:en'[0m
[2m2026-04-02T10:25:04.702224Z[0m [[32m[1minfo     [0m] [1mparsed                        [0m [36mchannel[0m=[35mgoogle_broad[0m [36mraw[0m=[35m89[0m
[2m2026-04-02T10:25:04.703240Z[0m [[32m[1minfo     [0m] [1mquality_filter                [0m [36minput[0m=[35m389[0m [36mpassed[0m=[35m3[0m
[2m2026-04-02T10:25:04.703462Z[0m [[32m[1minfo     [0m] [1mdedup                         [0m [36mafter[0m=[35m3[0m [36mbefore[0m=[35m3[0m
[2m2026-04-02T10:25:04.703527Z[0m [[32m[1minfo     [0m] [1mfulltext_selection            [0m [36mcandidates[0m=[35m1[0m [36mfiltered[0m=[35m3[0m [36mmode[0m=[35mhigh-value[0m [36mticker[0m=[35mHPE[0m
[2m2026-04-02T10:25:06.866456Z[0m [[32m[1minfo     [0m] [1mfetch                         [0m [36mstatus[0m=[35m200[0m [36murl[0m=[35mhttps://www.marketbeat.com/instant-alerts/hewlett-packard-enterprise-nysehpe-stock-rating-[0m
[2m2026-04-02T10:25:07.110377Z[0m [[32m[1minfo     [0m] [1mcrawling                      [0m [36mchannel[0m=[35mGoogle->Benzinga[0m [36mtag[0m=[35mgoogle_benzinga[0m
[2m2026-04-02T10:25:09.848232Z[0m [[32m[1minfo     [0m] [1mfetch                         [0m [36mstatus[0m=[35m200[0m [36murl[0m=[35m'https://news.google.com/rss/search?q=LEN+site:benzinga.com&hl=en-US&gl=US&ceid=US:en'[0m
[2m2026-04-02T10:25:09.956785Z[0m [[32m[1minfo     [0m] [1mparsed                        [0m [36mchannel[0m=[35mgoogle_benzinga[0m [36mraw[0m=[35m89[0m
[2m2026-04-02T10:25:11.963076Z[0m [[32m[1minfo     [0m] [1mfetch                         [0m [36mstatus[0m=[35m200[0m [36murl[0m=[35m'https://news.google.com/rss/search?q=LEN+site:benzinga.com&hl=en-US&gl=US&ceid=US:en'[0m
[2m2026-04-02T10:25:11.989466Z[0m [[32m[1minfo     [0m] [1mparsed                        [0m [36mchannel[0m=[35mgoogle_benzinga[0m [36mraw[0m=[35m89[0m
[2m2026-04-02T10:25:11.989589Z[0m [[32m[1minfo     [0m] [1mcrawling                      [0m [36mchannel[0m=[35m'Google News (all)'[0m [36mtag[0m=[35mgoogle_broad[0m
[2m2026-04-02T10:25:14.673102Z[0m [[32m[1minfo     [0m] [1mfetch                         [0m [36mstatus[0m=[35m200[0m [36murl[0m=[35m'https://news.google.com/rss/search?q=LEN+stock+news&hl=en-US&gl=US&ceid=US:en'[0m
[2m2026-04-02T10:25:14.714063Z[0m [[32m[1minfo     [0m] [1mparsed                        [0m [36mchannel[0m=[35mgoogle_broad[0m [36mraw[0m=[35m71[0m
[2m2026-04-02T10:25:17.259438Z[0m [[32m[1minfo     [0m] [1mfetch                         [0m [36mstatus[0m=[35m200[0m [36murl[0m=[35m'https://news.google.com/rss/search?q=LEN+earnings+analysis&hl=en-US&gl=US&ceid=US:en'[0m
[2m2026-04-02T10:25:17.295592Z[0m [[32m[1minfo     [0m] [1mparsed                        [0m [36mchannel[0m=[35mgoogle_broad[0m [36mraw[0m=[35m63[0m
[2m2026-04-02T10:25:17.296285Z[0m [[32m[1minfo     [0m] [1mquality_filter                [0m [36minput[0m=[35m312[0m [36mpassed[0m=[35m1[0m
[2m2026-04-02T10:25:17.296400Z[0m [[32m[1minfo     [0m] [1mdedup                         [0m [36mafter[0m=[35m1[0m [36mbefore[0m=[35m1[0m
[2m2026-04-02T10:25:17.296442Z[0m [[32m[1minfo     [0m] [1mfulltext_selection            [0m [36mcandidates[0m=[35m1[0m [36mfiltered[0m=[35m1[0m [36mmode[0m=[35mhigh-value[0m [36mticker[0m=[35mLEN[0m
[2m2026-04-02T10:25:19.219034Z[0m [[32m[1minfo     [0m] [1mfetch                         [0m [36mstatus[0m=[35m403[0m [36murl[0m=[35mhttps://www.gurufocus.com/news/8765547/len-keefe-bruyette-woods-lowers-price-target-mainta[0m
[2m2026-04-02T10:25:19.420608Z[0m [[32m[1minfo     [0m] [1mcrawling                      [0m [36mchannel[0m=[35mGoogle->Benzinga[0m [36mtag[0m=[35mgoogle_benzinga[0m
[2m2026-04-02T10:25:21.893575Z[0m [[32m[1minfo     [0m] [1mfetch                         [0m [36mstatus[0m=[35m200[0m [36murl[0m=[35m'https://news.google.com/rss/search?q=BIIB+site:benzinga.com&hl=en-US&gl=US&ceid=US:en'[0m
[2m2026-04-02T10:25:21.912506Z[0m [[32m[1minfo     [0m] [1mparsed                        [0m [36mchannel[0m=[35mgoogle_benzinga[0m [36mraw[0m=[35m41[0m
[2m2026-04-02T10:25:23.933617Z[0m [[32m[1minfo     [0m] [1mfetch                         [0m [36mstatus[0m=[35m200[0m [36murl[0m=[35m'https://news.google.com/rss/search?q=BIIB+site:benzinga.com&hl=en-US&gl=US&ceid=US:en'[0m
[2m2026-04-02T10:25:23.946327Z[0m [[32m[1minfo     [0m] [1mparsed                        [0m [36mchannel[0m=[35mgoogle_benzinga[0m [36mraw[0m=[35m41[0m
[2m2026-04-02T10:25:23.946438Z[0m [[32m[1minfo     [0m] [1mcrawling                      [0m [36mchannel[0m=[35m'Google News (all)'[0m [36mtag[0m=[35mgoogle_broad[0m
[2m2026-04-02T10:25:26.491096Z[0m [[32m[1minfo     [0m] [1mfetch                         [0m [36mstatus[0m=[35m200[0m [36murl[0m=[35m'https://news.google.com/rss/search?q=BIIB+stock+news&hl=en-US&gl=US&ceid=US:en'[0m
[2m2026-04-02T10:25:26.602589Z[0m [[32m[1minfo     [0m] [1mparsed                        [0m [36mchannel[0m=[35mgoogle_broad[0m [36mraw[0m=[35m100[0m
[2m2026-04-02T10:25:29.150283Z[0m [[32m[1minfo     [0m] [1mfetch                         [0m [36mstatus[0m=[35m200[0m [36murl[0m=[35m'https://news.google.com/rss/search?q=BIIB+earnings+analysis&hl=en-US&gl=US&ceid=US:en'[0m
[2m2026-04-02T10:25:29.189044Z[0m [[32m[1minfo     [0m] [1mparsed                        [0m [36mchannel[0m=[35mgoogle_broad[0m [36mraw[0m=[35m66[0m
[2m2026-04-02T10:25:29.189924Z[0m [[32m[1minfo     [0m] [1mquality_filter                [0m [36minput[0m=[35m248[0m [36mpassed[0m=[35m3[0m
[2m2026-04-02T10:25:29.190133Z[0m [[32m[1minfo     [0m] [1mdedup                         [0m [36mafter[0m=[35m3[0m [36mbefore[0m=[35m3[0m
[2m2026-04-02T10:25:29.190190Z[0m [[32m[1minfo     [0m] [1mfulltext_selection            [0m [36mcandidates[0m=[35m3[0m [36mfiltered[0m=[35m3[0m [36mmode[0m=[35mhigh-value[0m [36mticker[0m=[35mBIIB[0m
[2m2026-04-02T10:25:30.769614Z[0m [[32m[1minfo     [0m] [1mfetch                         [0m [36mstatus[0m=[35m403[0m [36murl[0m=[35mhttps://www.gurufocus.com/news/8765687/oppenheimer-raises-biogen-biib-price-target-to-275-[0m
[2m2026-04-02T10:25:31.185188Z[0m [[32m[1minfo     [0m] [1mfetch                         [0m [36mstatus[0m=[35m403[0m [36murl[0m=[35mhttps://www.gurufocus.com/news/8766064/canaccord-genuity-raises-price-target-for-biogen-bi[0m
[2m2026-04-02T10:25:32.284046Z[0m [[32m[1minfo     [0m] [1mfetch                         [0m [36mstatus[0m=[35m200[0m [36murl[0m=[35mhttps://intellectia.ai/en/stock/BIIB/technical[0m
[2m2026-04-02T10:25:32.910840Z[0m [[32m[1minfo     [0m] [1mcrawling                      [0m [36mchannel[0m=[35mGoogle->Benzinga[0m [36mtag[0m=[35mgoogle_benzinga[0m
[2m2026-04-02T10:25:35.412677Z[0m [[32m[1minfo     [0m] [1mfetch                         [0m [36mstatus[0m=[35m200[0m [36murl[0m=[35m'https://news.google.com/rss/search?q=JBL+site:benzinga.com&hl=en-US&gl=US&ceid=US:en'[0m
[2m2026-04-02T10:25:35.441355Z[0m [[32m[1minfo     [0m] [1mparsed                        [0m [36mchannel[0m=[35mgoogle_benzinga[0m [36mraw[0m=[35m51[0m
[2m2026-04-02T10:25:37.452193Z[0m [[32m[1minfo     [0m] [1mfetch                         [0m [36mstatus[0m=[35m200[0m [36murl[0m=[35m'https://news.google.com/rss/search?q=JBL+site:benzinga.com&hl=en-US&gl=US&ceid=US:en'[0m
[2m2026-04-02T10:25:37.466596Z[0m [[32m[1minfo     [0m] [1mparsed                        [0m [36mchannel[0m=[35mgoogle_benzinga[0m [36mraw[0m=[35m51[0m
[2m2026-04-02T10:25:37.466729Z[0m [[32m[1minfo     [0m] [1mcrawling                      [0m [36mchannel[0m=[35m'Google News (all)'[0m [36mtag[0m=[35mgoogle_broad[0m
[2m2026-04-02T10:25:40.188552Z[0m [[32m[1minfo     [0m] [1mfetch                         [0m [36mstatus[0m=[35m200[0m [36murl[0m=[35m'https://news.google.com/rss/search?q=JBL+stock+news&hl=en-US&gl=US&ceid=US:en'[0m
[2m2026-04-02T10:25:40.307343Z[0m [[32m[1minfo     [0m] [1mparsed                        [0m [36mchannel[0m=[35mgoogle_broad[0m [36mraw[0m=[35m100[0m
[2m2026-04-02T10:25:42.726175Z[0m [[32m[1minfo     [0m] [1mfetch                         [0m [36mstatus[0m=[35m200[0m [36murl[0m=[35m'https://news.google.com/rss/search?q=JBL+earnings+analysis&hl=en-US&gl=US&ceid=US:en'[0m
[2m2026-04-02T10:25:42.748673Z[0m [[32m[1minfo     [0m] [1mparsed                        [0m [36mchannel[0m=[35mgoogle_broad[0m [36mraw[0m=[35m45[0m
[2m2026-04-02T10:25:42.749293Z[0m [[32m[1minfo     [0m] [1mquality_filter                [0m [36minput[0m=[35m247[0m [36mpassed[0m=[35m1[0m
[2m2026-04-02T10:25:42.749406Z[0m [[32m[1minfo     [0m] [1mdedup                         [0m [36mafter[0m=[35m1[0m [36mbefore[0m=[35m1[0m
[2m2026-04-02T10:25:42.749459Z[0m [[32m[1minfo     [0m] [1mfulltext_selection            [0m [36mcandidates[0m=[35m0[0m [36mfiltered[0m=[35m1[0m [36mmode[0m=[35mhigh-value[0m [36mticker[0m=[35mJBL[0m
[2m2026-04-02T10:25:42.750373Z[0m [[32m[1minfo     [0m] [1mcrawling                      [0m [36mchannel[0m=[35mGoogle->Benzinga[0m [36mtag[0m=[35mgoogle_benzinga[0m
[2m2026-04-02T10:25:45.248453Z[0m [[32m[1minfo     [0m] [1mfetch                         [0m [36mstatus[0m=[35m200[0m [36murl[0m=[35m'https://news.google.com/rss/search?q=MTD+site:benzinga.com&hl=en-US&gl=US&ceid=US:en'[0m
[2m2026-04-02T10:25:45.260008Z[0m [[32m[1minfo     [0m] [1mparsed                        [0m [36mchannel[0m=[35mgoogle_benzinga[0m [36mraw[0m=[35m22[0m
[2m2026-04-02T10:25:47.269548Z[0m [[32m[1minfo     [0m] [1mfetch                         [0m [36mstatus[0m=[35m200[0m [36murl[0m=[35m'https://news.google.com/rss/search?q=MTD+site:benzinga.com&hl=en-US&gl=US&ceid=US:en'[0m
[2m2026-04-02T10:25:47.276998Z[0m [[32m[1minfo     [0m] [1mparsed                        [0m [36mchannel[0m=[35mgoogle_benzinga[0m [36mraw[0m=[35m22[0m
[2m2026-04-02T10:25:47.277096Z[0m [[32m[1minfo     [0m] [1mcrawling                      [0m [36mchannel[0m=[35m'Google News (all)'[0m [36mtag[0m=[35mgoogle_broad[0m
[2m2026-04-02T10:25:49.725087Z[0m [[32m[1minfo     [0m] [1mfetch                         [0m [36mstatus[0m=[35m200[0m [36murl[0m=[35m'https://news.google.com/rss/search?q=MTD+stock+news&hl=en-US&gl=US&ceid=US:en'[0m
[2m2026-04-02T10:25:49.767749Z[0m [[32m[1minfo     [0m] [1mparsed                        [0m [36mchannel[0m=[35mgoogle_broad[0m [36mraw[0m=[35m54[0m
[2m2026-04-02T10:25:52.232971Z[0m [[32m[1minfo     [0m] [1mfetch                         [0m [36mstatus[0m=[35m200[0m [36murl[0m=[35m'https://news.google.com/rss/search?q=MTD+earnings+analysis&hl=en-US&gl=US&ceid=US:en'[0m
[2m2026-04-02T10:25:52.251377Z[0m [[32m[1minfo     [0m] [1mparsed                        [0m [36mchannel[0m=[35mgoogle_broad[0m [36mraw[0m=[35m37[0m
[2m2026-04-02T10:25:52.252070Z[0m [[32m[1minfo     [0m] [1mquality_filter                [0m [36minput[0m=[35m135[0m [36mpassed[0m=[35m1[0m
[2m2026-04-02T10:25:52.252203Z[0m [[32m[1minfo     [0m] [1mdedup                         [0m [36mafter[0m=[35m1[0m [36mbefore[0m=[35m1[0m
[2m2026-04-02T10:25:52.252258Z[0m [[32m[1minfo     [0m] [1mfulltext_selection            [0m [36mcandidates[0m=[35m1[0m [36mfiltered[0m=[35m1[0m [36mmode[0m=[35mhigh-value[0m [36mticker[0m=[35mMTD[0m
[2m2026-04-02T10:25:55.255083Z[0m [[32m[1minfo     [0m] [1mfetch                         [0m [36mstatus[0m=[35m200[0m [36murl[0m=[35mhttps://intellectia.ai/en/stock/MTD/earnings[0m
[2m2026-04-02T10:25:55.876483Z[0m [[32m[1minfo     [0m] [1mcrawling                      [0m [36mchannel[0m=[35mGoogle->Benzinga[0m [36mtag[0m=[35mgoogle_benzinga[0m
[2m2026-04-02T10:25:58.355551Z[0m [[32m[1minfo     [0m] [1mfetch                         [0m [36mstatus[0m=[35m200[0m [36murl[0m=[35m'https://news.google.com/rss/search?q=PPG+site:benzinga.com&hl=en-US&gl=US&ceid=US:en'[0m
[2m2026-04-02T10:25:58.374895Z[0m [[32m[1minfo     [0m] [1mparsed                        [0m [36mchannel[0m=[35mgoogle_benzinga[0m [36mraw[0m=[35m46[0m
[2m2026-04-02T10:26:00.387345Z[0m [[32m[1minfo     [0m] [1mfetch                         [0m [36mstatus[0m=[35m200[0m [36murl[0m=[35m'https://news.google.com/rss/search?q=PPG+site:benzinga.com&hl=en-US&gl=US&ceid=US:en'[0m
[2m2026-04-02T10:26:00.400973Z[0m [[32m[1minfo     [0m] [1mparsed                        [0m [36mchannel[0m=[35mgoogle_benzinga[0m [36mraw[0m=[35m46[0m
[2m2026-04-02T10:26:00.401083Z[0m [[32m[1minfo     [0m] [1mcrawling                      [0m [36mchannel[0m=[35m'Google News (all)'[0m [36mtag[0m=[35mgoogle_broad[0m
[2m2026-04-02T10:26:02.930963Z[0m [[32m[1minfo     [0m] [1mfetch                         [0m [36mstatus[0m=[35m200[0m [36murl[0m=[35m'https://news.google.com/rss/search?q=PPG+stock+news&hl=en-US&gl=US&ceid=US:en'[0m
[2m2026-04-02T10:26:03.042405Z[0m [[32m[1minfo     [0m] [1mparsed                        [0m [36mchannel[0m=[35mgoogle_broad[0m [36mraw[0m=[35m100[0m
[2m2026-04-02T10:26:05.624548Z[0m [[32m[1minfo     [0m] [1mfetch                         [0m [36mstatus[0m=[35m200[0m [36murl[0m=[35m'https://news.google.com/rss/search?q=PPG+earnings+analysis&hl=en-US&gl=US&ceid=US:en'[0m
[2m2026-04-02T10:26:05.664149Z[0m [[32m[1minfo     [0m] [1mparsed                        [0m [36mchannel[0m=[35mgoogle_broad[0m [36mraw[0m=[35m64[0m
[2m2026-04-02T10:26:05.665414Z[0m [[32m[1minfo     [0m] [1mquality_filter                [0m [36minput[0m=[35m256[0m [36mpassed[0m=[35m12[0m
[2m2026-04-02T10:26:05.666236Z[0m [[32m[1minfo     [0m] [1mdedup                         [0m [36mafter[0m=[35m11[0m [36mbefore[0m=[35m12[0m
[2m2026-04-02T10:26:05.666396Z[0m [[32m[1minfo     [0m] [1mfulltext_selection            [0m [36mcandidates[0m=[35m5[0m [36mfiltered[0m=[35m11[0m [36mmode[0m=[35mhigh-value[0m [36mticker[0m=[35mPPG[0m
[2m2026-04-02T10:26:07.753725Z[0m [[32m[1minfo     [0m] [1mfetch                         [0m [36mstatus[0m=[35m403[0m [36murl[0m=[35mhttps://www.gurufocus.com/news/8765271/ppg-downgraded-by-citigroup-price-target-lowered-to[0m
[2m2026-04-02T10:26:07.824225Z[0m [[32m[1minfo     [0m] [1mfetch                         [0m [36mstatus[0m=[35m200[0m [36murl[0m=[35mhttps://www.stocktitan.net/news/PPG/ppg-to-announce-first-quarter-2026-results-april-lrycy[0m
[2m2026-04-02T10:26:07.900206Z[0m [[32m[1minfo     [0m] [1mfetch                         [0m [36mstatus[0m=[35m200[0m [36murl[0m=[35mhttps://www.marketbeat.com/instant-alerts/citigroup-reaffirms-neutral-rating-for-ppg-indus[0m
[2m2026-04-02T10:26:08.282669Z[0m [[32m[1minfo     [0m] [1mfetch                         [0m [36mstatus[0m=[35m200[0m [36murl[0m=[35mhttps://www.stocktitan.net/sec-filings/PPG/form-4-ppg-industries-inc-insider-trading-activ[0m
[2m2026-04-02T10:26:08.543438Z[0m [[32m[1minfo     [0m] [1mcrawling                      [0m [36mchannel[0m=[35mGoogle->Benzinga[0m [36mtag[0m=[35mgoogle_benzinga[0m
[2m2026-04-02T10:26:10.952334Z[0m [[32m[1minfo     [0m] [1mfetch                         [0m [36mstatus[0m=[35m200[0m [36murl[0m=[35m'https://news.google.com/rss/search?q=TSCO+site:benzinga.com&hl=en-US&gl=US&ceid=US:en'[0m
[2m2026-04-02T10:26:10.957627Z[0m [[32m[1minfo     [0m] [1mparsed                        [0m [36mchannel[0m=[35mgoogle_benzinga[0m [36mraw[0m=[35m15[0m
[2m2026-04-02T10:26:12.975708Z[0m [[32m[1minfo     [0m] [1mfetch                         [0m [36mstatus[0m=[35m200[0m [36murl[0m=[35m'https://news.google.com/rss/search?q=TSCO+site:benzinga.com&hl=en-US&gl=US&ceid=US:en'[0m
[2m2026-04-02T10:26:12.981019Z[0m [[32m[1minfo     [0m] [1mparsed                        [0m [36mchannel[0m=[35mgoogle_benzinga[0m [36mraw[0m=[35m15[0m
[2m2026-04-02T10:26:12.981111Z[0m [[32m[1minfo     [0m] [1mcrawling                      [0m [36mchannel[0m=[35m'Google News (all)'[0m [36mtag[0m=[35mgoogle_broad[0m
[2m2026-04-02T10:26:15.571580Z[0m [[32m[1minfo     [0m] [1mfetch                         [0m [36mstatus[0m=[35m200[0m [36murl[0m=[35m'https://news.google.com/rss/search?q=TSCO+stock+news&hl=en-US&gl=US&ceid=US:en'[0m
[2m2026-04-02T10:26:15.682749Z[0m [[32m[1minfo     [0m] [1mparsed                        [0m [36mchannel[0m=[35mgoogle_broad[0m [36mraw[0m=[35m100[0m
[2m2026-04-02T10:26:18.148711Z[0m [[32m[1minfo     [0m] [1mfetch                         [0m [36mstatus[0m=[35m200[0m [36murl[0m=[35m'https://news.google.com/rss/search?q=TSCO+earnings+analysis&hl=en-US&gl=US&ceid=US:en'[0m
[2m2026-04-02T10:26:18.174967Z[0m [[32m[1minfo     [0m] [1mparsed                        [0m [36mchannel[0m=[35mgoogle_broad[0m [36mraw[0m=[35m43[0m
[2m2026-04-02T10:26:18.175924Z[0m [[32m[1minfo     [0m] [1mquality_filter                [0m [36minput[0m=[35m173[0m [36mpassed[0m=[35m0[0m
[2m2026-04-02T10:26:18.175996Z[0m [[32m[1minfo     [0m] [1mdedup                         [0m [36mafter[0m=[35m0[0m [36mbefore[0m=[35m0[0m
[2m2026-04-02T10:26:18.176031Z[0m [[32m[1minfo     [0m] [1mfulltext_selection            [0m [36mcandidates[0m=[35m0[0m [36mfiltered[0m=[35m0[0m [36mmode[0m=[35mhigh-value[0m [36mticker[0m=[35mTSCO[0m
[2m2026-04-02T10:26:18.176678Z[0m [[32m[1minfo     [0m] [1mcrawling                      [0m [36mchannel[0m=[35mGoogle->Benzinga[0m [36mtag[0m=[35mgoogle_benzinga[0m
[2m2026-04-02T10:26:20.660864Z[0m [[32m[1minfo     [0m] [1mfetch                         [0m [36mstatus[0m=[35m200[0m [36murl[0m=[35m'https://news.google.com/rss/search?q=STZ+site:benzinga.com&hl=en-US&gl=US&ceid=US:en'[0m
[2m2026-04-02T10:26:20.687872Z[0m [[32m[1minfo     [0m] [1mparsed                        [0m [36mchannel[0m=[35mgoogle_benzinga[0m [36mraw[0m=[35m46[0m
[2m2026-04-02T10:26:22.702519Z[0m [[32m[1minfo     [0m] [1mfetch                         [0m [36mstatus[0m=[35m200[0m [36murl[0m=[35m'https://news.google.com/rss/search?q=STZ+site:benzinga.com&hl=en-US&gl=US&ceid=US:en'[0m
[2m2026-04-02T10:26:22.717050Z[0m [[32m[1minfo     [0m] [1mparsed                        [0m [36mchannel[0m=[35mgoogle_benzinga[0m [36mraw[0m=[35m46[0m
[2m2026-04-02T10:26:22.717147Z[0m [[32m[1minfo     [0m] [1mcrawling                      [0m [36mchannel[0m=[35m'Google News (all)'[0m [36mtag[0m=[35mgoogle_broad[0m
[2m2026-04-02T10:26:25.232813Z[0m [[32m[1minfo     [0m] [1mfetch                         [0m [36mstatus[0m=[35m200[0m [36murl[0m=[35m'https://news.google.com/rss/search?q=STZ+stock+news&hl=en-US&gl=US&ceid=US:en'[0m
[2m2026-04-02T10:26:25.342941Z[0m [[32m[1minfo     [0m] [1mparsed                        [0m [36mchannel[0m=[35mgoogle_broad[0m [36mraw[0m=[35m100[0m
[2m2026-04-02T10:26:27.812663Z[0m [[32m[1minfo     [0m] [1mfetch                         [0m [36mstatus[0m=[35m200[0m [36murl[0m=[35m'https://news.google.com/rss/search?q=STZ+earnings+analysis&hl=en-US&gl=US&ceid=US:en'[0m
[2m2026-04-02T10:26:27.843848Z[0m [[32m[1minfo     [0m] [1mparsed                        [0m [36mchannel[0m=[35mgoogle_broad[0m [36mraw[0m=[35m56[0m
[2m2026-04-02T10:26:27.845181Z[0m [[32m[1minfo     [0m] [1mquality_filter                [0m [36minput[0m=[35m248[0m [36mpassed[0m=[35m6[0m
[2m2026-04-02T10:26:27.845743Z[0m [[32m[1minfo     [0m] [1mdedup                         [0m [36mafter[0m=[35m6[0m [36mbefore[0m=[35m6[0m
[2m2026-04-02T10:26:27.845873Z[0m [[32m[1minfo     [0m] [1mfulltext_selection            [0m [36mcandidates[0m=[35m6[0m [36mfiltered[0m=[35m6[0m [36mmode[0m=[35mhigh-value[0m [36mticker[0m=[35mSTZ[0m
[2m2026-04-02T10:26:29.335979Z[0m [[32m[1minfo     [0m] [1mfetch                         [0m [36mstatus[0m=[35m403[0m [36murl[0m=[35mhttps://www.gurufocus.com/news/8765875/stz-jp-morgan-raises-price-target-amid-neutral-rati[0m
[2m2026-04-02T10:26:29.831483Z[0m [[32m[1minfo     [0m] [1mfetch                         [0m [36mstatus[0m=[35m403[0m [36murl[0m=[35mhttps://www.bitget.com/amp/news/detail/12560605327189[0m
[2m2026-04-02T10:26:29.843290Z[0m [[32m[1minfo     [0m] [1mfetch                         [0m [36mstatus[0m=[35m200[0m [36murl[0m=[35mhttps://www.marketbeat.com/instant-alerts/constellation-brands-stz-to-release-earnings-on-[0m
[2m2026-04-02T10:26:29.984778Z[0m [[32m[1minfo     [0m] [1mfetch                         [0m [36mstatus[0m=[35m200[0m [36murl[0m=[35mhttps://www.marketbeat.com/instant-alerts/filing-nisa-investment-advisors-llc-buys-8035-sh[0m
[2m2026-04-02T10:26:30.019731Z[0m [[32m[1minfo     [0m] [1mfetch                         [0m [36mstatus[0m=[35m403[0m [36murl[0m=[35mhttps://www.gurufocus.com/news/8765462/stz-ubs-maintains-buy-rating-and-raises-price-targe[0m
[2m2026-04-02T10:26:30.885686Z[0m [[32m[1minfo     [0m] [1mfetch                         [0m [36mstatus[0m=[35m200[0m [36murl[0m=[35mhttps://www.marketbeat.com/instant-alerts/jpmorgan-chase-co-issues-positive-forecast-for-c[0m
[2m2026-04-02T10:26:33.958223Z[0m [[32m[1minfo     [0m] [1mrun_complete                  [0m [36mfiltered[0m=[35m598[0m [36mlog_path[0m=[35mdata\runs\20260402T094638Z_nvda_avgo_mu_200\run.log[0m [36mnews_items[0m=[35m598[0m [36mraw[0m=[35m54917[0m [36mrun_dir[0m=[35mdata\runs\20260402T094638Z_nvda_avgo_mu_200[0m
