[2m2026-03-31T12:35:20.583765Z[0m [[32m[1minfo     [0m] [1mrun_start                     [0m [36mhours[0m=[35m48[0m [36mrun_dir[0m=[35mdata\runs\20260331T123520Z_nvda_avgo_mu_203[0m [36mtickers[0m=[35m['NVDA', 'AVGO', 'MU', 'AMD', 'AMAT', 'LRCX', 'KLAC', 'TXN', 'ADI', 'ANET', 'QCOM', 'WDC', 'SNDK', 'STX', 'CDNS', 'SNPS', 'NXPI', 'MPWR', 'TER', 'MCHP', 'ON', 'AAPL', 'BRK.B', 'WMT', 'JPM', 'JNJ', 'COST', 'ABBV', 'NFLX', 'PG', 'HD', 'BAC', 'KO', 'CSCO', 'MRK', 'PM', 'UNH', 'MS', 'GS', 'WFC', 'MCD', 'TMUS', 'LIN', 'PEP', 'INTC', 'VZ', 'AMGN', 'ABT', 'T', 'C', 'DIS', 'GILD', 'APH', 'TJX', 'SCHW', 'PFE', 'HON', 'LOW', 'WELL', 'NEM', 'CB', 'PLD', 'GLW', 'ACN', 'BMY', 'MDT', 'PGR', 'COF', 'MCK', 'HCA', 'MO', 'SBUX', 'CMCSA', 'CVS', 'UPS', 'EQIX', 'NKE', 'WMB', 'FDX', 'MRSH', 'SHW', 'AMT', 'BX', 'JCI', 'MMM', 'ECL', 'ADP', 'PNC', 'USB', 'EMR', 'ITW', 'MNST', 'CRH', 'CL', 'ORLY', 'MDLZ', 'CI', 'TDG', 'COR', 'AON', 'GM', 'ELV', 'WBD', 'TEL', 'TRV', 'ROST', 'SPG', 'SRE', 'TFC', 'AZO', 'O', 'APD', 'DLR', 'AJG', 'AFL', 'F', 'ALL', 'ZTS', 'AME', 'GWW', 'CAH', 'PSA', 'CTVA', 'CARR', 'KEYS', 'ADSK', 'TGT', 'BDX', 'EA', 'EW', 'CIEN', 'GRMN', 'HSY', 'CVNA', 'MET', 'YUM', 'DHI', 'FITB', 'SYY', 'CBRE', 'AIG', 'KR', 'AMP', 'DAL', 'KDP', 'VTR', 'EBAY', 'ED', 'EL', 'TTWO', 'CCI', 'HIG', 'GEHC', 'LVS', 'LYV', 'RMD', 'ROP', 'KMB', 'CPRT', 'IR', 'KVUE', 'TPL', 'OTIS', 'ACGL', 'STT', 'WDAY', 'DG', 'UAL', 'A', 'PRU', 'HBAN', 'PAYX', 'FICO', 'ADM', 'MTB', 'VICI', 'IRM', 'EXR', 'XYL', 'TDY', 'TPR', 'WAT', 'CTSH', 'DTE', 'DOV', 'ULTA', 'IQV', 'RJF', 'HAL', 'CHTR', 'FE', 'ROL', 'PPL', 'KHC', 'WTW', 'HPE', 'LEN', 'BIIB', 'JBL', 'MTD', 'PPG', 'TSCO', 'STZ'][0m
[2m2026-03-31T12:35:20.584874Z[0m [[32m[1minfo     [0m] [1mcrawling                      [0m [36mchannel[0m=[35mGoogle->Benzinga[0m [36mtag[0m=[35mgoogle_benzinga[0m
[2m2026-03-31T12:35:23.440338Z[0m [[32m[1minfo     [0m] [1mfetch                         [0m [36mstatus[0m=[35m200[0m [36murl[0m=[35m'https://news.google.com/rss/search?q=NVDA+site:benzinga.com&hl=en-US&gl=US&ceid=US:en'[0m
[2m2026-03-31T12:35:23.552938Z[0m [[32m[1minfo     [0m] [1mparsed                        [0m [36mchannel[0m=[35mgoogle_benzinga[0m [36mraw[0m=[35m100[0m
[2m2026-03-31T12:35:26.140639Z[0m [[32m[1minfo     [0m] [1mfetch                         [0m [36mstatus[0m=[35m200[0m [36murl[0m=[35m'https://news.google.com/rss/search?q=NVDA%2BNVIDIA+site:benzinga.com&hl=en-US&gl=US&ceid=U'[0m
[2m2026-03-31T12:35:26.248689Z[0m [[32m[1minfo     [0m] [1mparsed                        [0m [36mchannel[0m=[35mgoogle_benzinga[0m [36mraw[0m=[35m100[0m
[2m2026-03-31T12:35:26.248799Z[0m [[32m[1minfo     [0m] [1mcrawling                      [0m [36mchannel[0m=[35m'Google News (all)'[0m [36mtag[0m=[35mgoogle_broad[0m
[2m2026-03-31T12:35:28.826627Z[0m [[32m[1minfo     [0m] [1mfetch                         [0m [36mstatus[0m=[35m200[0m [36murl[0m=[35m'https://news.google.com/rss/search?q=NVDA%2BNVIDIA+stock+news&hl=en-US&gl=US&ceid=US:en'[0m
[2m2026-03-31T12:35:28.922921Z[0m [[32m[1minfo     [0m] [1mparsed                        [0m [36mchannel[0m=[35mgoogle_broad[0m [36mraw[0m=[35m100[0m
[2m2026-03-31T12:35:31.591100Z[0m [[32m[1minfo     [0m] [1mfetch                         [0m [36mstatus[0m=[35m200[0m [36murl[0m=[35m'https://news.google.com/rss/search?q=NVDA%2BNVIDIA+earnings+analysis&hl=en-US&gl=US&ceid=U'[0m
[2m2026-03-31T12:35:31.697257Z[0m [[32m[1minfo     [0m] [1mparsed                        [0m [36mchannel[0m=[35mgoogle_broad[0m [36mraw[0m=[35m100[0m
[2m2026-03-31T12:35:31.699422Z[0m [[32m[1minfo     [0m] [1mquality_filter                [0m [36minput[0m=[35m400[0m [36mpassed[0m=[35m20[0m
[2m2026-03-31T12:35:31.700729Z[0m [[32m[1minfo     [0m] [1mdedup                         [0m [36mafter[0m=[35m18[0m [36mbefore[0m=[35m20[0m
[2m2026-03-31T12:35:33.107020Z[0m [[32m[1minfo     [0m] [1mfetch                         [0m [36mstatus[0m=[35m200[0m [36murl[0m=[35mhttps://seekingalpha.com/news/4570171-nvidia-valuation-falls-to-sp-500-parity-for-first-ti[0m
[2m2026-03-31T12:35:33.410164Z[0m [[32m[1minfo     [0m] [1mfetch                         [0m [36mstatus[0m=[35m403[0m [36murl[0m=[35mhttps://www.tipranks.com/news/mu-vs-nvda-vs-amd-which-chip-stock-has-the-best-upside-poten[0m
[2m2026-03-31T12:35:33.508310Z[0m [[32m[1minfo     [0m] [1mfetch                         [0m [36mstatus[0m=[35m200[0m [36murl[0m=[35mhttps://www.fool.com/investing/2026/03/30/could-super-micro-computers-troubles-sink-nvidia[0m
[2m2026-03-31T12:35:33.544854Z[0m [[32m[1minfo     [0m] [1mfetch                         [0m [36mstatus[0m=[35m200[0m [36murl[0m=[35mhttps://seekingalpha.com/article/4887081-nvidia-stock-helium-shortage-problems-reiterate-s[0m
[2m2026-03-31T12:35:34.352182Z[0m [[32m[1minfo     [0m] [1mfetch                         [0m [36mstatus[0m=[35m200[0m [36murl[0m=[35mhttps://www.fool.com/investing/2026/03/30/nvidia-stock-just-did-something-for-the-first-ti[0m
[2m2026-03-31T12:35:34.839463Z[0m [[32m[1minfo     [0m] [1mfetch                         [0m [36mstatus[0m=[35m200[0m [36murl[0m=[35mhttps://www.fool.com/investing/2026/03/29/nvidia-vs-palantir-which-stock-will-make-you-ric[0m
[2m2026-03-31T12:35:35.045130Z[0m [[32m[1minfo     [0m] [1mfetch                         [0m [36mstatus[0m=[35m200[0m [36murl[0m=[35mhttps://www.marketbeat.com/instant-alerts/filing-nvidia-corporation-nvda-stock-position-tr[0m
[2m2026-03-31T12:35:35.050739Z[0m [[32m[1minfo     [0m] [1mfetch                         [0m [36mstatus[0m=[35m200[0m [36murl[0m=[35mhttps://www.marketbeat.com/instant-alerts/nvidia-nasdaqnvda-trading-down-14-heres-why-2026[0m
[2m2026-03-31T12:35:35.252328Z[0m [[32m[1minfo     [0m] [1mfetch                         [0m [36mstatus[0m=[35m200[0m [36murl[0m=[35mhttps://www.theglobeandmail.com/investing/markets/stocks/NVDA-Q/pressreleases/1060885/nvid[0m
[2m2026-03-31T12:35:35.843045Z[0m [[32m[1minfo     [0m] [1mfetch                         [0m [36mstatus[0m=[35m200[0m [36murl[0m=[35mhttps://www.investors.com/research/nvidia-stock-nvda-ai-data-center/[0m
[2m2026-03-31T12:35:36.189083Z[0m [[32m[1minfo     [0m] [1mfetch                         [0m [36mstatus[0m=[35m200[0m [36murl[0m=[35mhttps://meyka.com/blog/nvidia-stock-nasdaq-nvda-drops-21-from-peak-as-sell-off-continues-2[0m
[2m2026-03-31T12:35:36.386576Z[0m [[32m[1minfo     [0m] [1mfetch                         [0m [36mstatus[0m=[35m403[0m [36murl[0m=[35mhttps://www.thestreet.com/investing/stocks/nvidia-stock-sends-valuation-signal-for-first-t[0m
[2m2026-03-31T12:35:37.031273Z[0m [[31m[1merror    [0m] [1mfetch_error                   [0m [36merror[0m=[35m"400, message='Got more than 8190 bytes (8800) when reading Header value is too l"[0m [36murl[0m=[35mhttps://finance.yahoo.com/news/why-nvidia-has-the-important-stock-char[0m
[2m2026-03-31T12:35:37.203247Z[0m [[32m[1minfo     [0m] [1mfetch                         [0m [36mstatus[0m=[35m200[0m [36murl[0m=[35mhttps://www.stocktitan.net/news/NVDA/nvidia-ai-ecosystem-expands-as-marvell-joins-forces-t[0m
[2m2026-03-31T12:35:37.277401Z[0m [[32m[1minfo     [0m] [1mfetch                         [0m [36mstatus[0m=[35m200[0m [36murl[0m=[35mhttps://coincentral.com/nvidia-nvda-stock-pe-ratio-7-year-low-market-selloff-ai-spending/[0m
[2m2026-03-31T12:35:38.252670Z[0m [[32m[1minfo     [0m] [1mfetch                         [0m [36mstatus[0m=[35m200[0m [36murl[0m=[35mhttps://www.schaeffersresearch.com/content/analysis/2026/03/30/signal-time-to-buy-the-dip-[0m
[2m2026-03-31T12:35:38.457218Z[0m [[32m[1minfo     [0m] [1mcrawling                      [0m [36mchannel[0m=[35mGoogle->Benzinga[0m [36mtag[0m=[35mgoogle_benzinga[0m
[2m2026-03-31T12:35:41.259894Z[0m [[32m[1minfo     [0m] [1mfetch                         [0m [36mstatus[0m=[35m200[0m [36murl[0m=[35m'https://news.google.com/rss/search?q=AVGO+site:benzinga.com&hl=en-US&gl=US&ceid=US:en'[0m
[2m2026-03-31T12:35:41.349861Z[0m [[32m[1minfo     [0m] [1mparsed                        [0m [36mchannel[0m=[35mgoogle_benzinga[0m [36mraw[0m=[35m100[0m
[2m2026-03-31T12:35:43.363918Z[0m [[32m[1minfo     [0m] [1mfetch                         [0m [36mstatus[0m=[35m200[0m [36murl[0m=[35m'https://news.google.com/rss/search?q=AVGO+site:benzinga.com&hl=en-US&gl=US&ceid=US:en'[0m
[2m2026-03-31T12:35:43.398681Z[0m [[32m[1minfo     [0m] [1mparsed                        [0m [36mchannel[0m=[35mgoogle_benzinga[0m [36mraw[0m=[35m100[0m
[2m2026-03-31T12:35:43.398787Z[0m [[32m[1minfo     [0m] [1mcrawling                      [0m [36mchannel[0m=[35m'Google News (all)'[0m [36mtag[0m=[35mgoogle_broad[0m
[2m2026-03-31T12:35:45.952080Z[0m [[32m[1minfo     [0m] [1mfetch                         [0m [36mstatus[0m=[35m200[0m [36murl[0m=[35m'https://news.google.com/rss/search?q=AVGO+stock+news&hl=en-US&gl=US&ceid=US:en'[0m
[2m2026-03-31T12:35:46.055912Z[0m [[32m[1minfo     [0m] [1mparsed                        [0m [36mchannel[0m=[35mgoogle_broad[0m [36mraw[0m=[35m100[0m
[2m2026-03-31T12:35:48.599944Z[0m [[32m[1minfo     [0m] [1mfetch                         [0m [36mstatus[0m=[35m200[0m [36murl[0m=[35m'https://news.google.com/rss/search?q=AVGO+earnings+analysis&hl=en-US&gl=US&ceid=US:en'[0m
[2m2026-03-31T12:35:48.677668Z[0m [[32m[1minfo     [0m] [1mparsed                        [0m [36mchannel[0m=[35mgoogle_broad[0m [36mraw[0m=[35m100[0m
[2m2026-03-31T12:35:48.678554Z[0m [[32m[1minfo     [0m] [1mquality_filter                [0m [36minput[0m=[35m400[0m [36mpassed[0m=[35m3[0m
[2m2026-03-31T12:35:48.678778Z[0m [[32m[1minfo     [0m] [1mdedup                         [0m [36mafter[0m=[35m3[0m [36mbefore[0m=[35m3[0m
[2m2026-03-31T12:35:50.802555Z[0m [[32m[1minfo     [0m] [1mfetch                         [0m [36mstatus[0m=[35m200[0m [36murl[0m=[35mhttps://www.fxleaders.com/news/2026/03/30/broadcom-rally-reverses-avgo-stock-300-breakdown[0m
[2m2026-03-31T12:35:51.058918Z[0m [[31m[1merror    [0m] [1mfetch_error                   [0m [36merror[0m=[35m"400, message='Can not decode content-encoding: brotli (br). Please install `Brot"[0m [36murl[0m=[35mhttps://www.ad-hoc-news.de/boerse/news/ueberblick/broadcom-inc-stock-a[0m
[2m2026-03-31T12:35:51.224078Z[0m [[32m[1minfo     [0m] [1mfetch                         [0m [36mstatus[0m=[35m200[0m [36murl[0m=[35mhttps://finbold.com/monster-insider-alert-for-broadcom-stock-as-avgo-crashes-5-in-a-week/[0m
[2m2026-03-31T12:35:51.870578Z[0m [[32m[1minfo     [0m] [1mcrawling                      [0m [36mchannel[0m=[35mGoogle->Benzinga[0m [36mtag[0m=[35mgoogle_benzinga[0m
[2m2026-03-31T12:35:54.557336Z[0m [[32m[1minfo     [0m] [1mfetch                         [0m [36mstatus[0m=[35m200[0m [36murl[0m=[35m'https://news.google.com/rss/search?q=MU+site:benzinga.com&hl=en-US&gl=US&ceid=US:en'[0m
[2m2026-03-31T12:35:54.601704Z[0m [[32m[1minfo     [0m] [1mparsed                        [0m [36mchannel[0m=[35mgoogle_benzinga[0m [36mraw[0m=[35m100[0m
[2m2026-03-31T12:35:56.614620Z[0m [[32m[1minfo     [0m] [1mfetch                         [0m [36mstatus[0m=[35m200[0m [36murl[0m=[35m'https://news.google.com/rss/search?q=MU+site:benzinga.com&hl=en-US&gl=US&ceid=US:en'[0m
[2m2026-03-31T12:35:56.635782Z[0m [[32m[1minfo     [0m] [1mparsed                        [0m [36mchannel[0m=[35mgoogle_benzinga[0m [36mraw[0m=[35m100[0m
[2m2026-03-31T12:35:56.635895Z[0m [[32m[1minfo     [0m] [1mcrawling                      [0m [36mchannel[0m=[35m'Google News (all)'[0m [36mtag[0m=[35mgoogle_broad[0m
[2m2026-03-31T12:35:59.219821Z[0m [[32m[1minfo     [0m] [1mfetch                         [0m [36mstatus[0m=[35m200[0m [36murl[0m=[35m'https://news.google.com/rss/search?q=MU+stock+news&hl=en-US&gl=US&ceid=US:en'[0m
[2m2026-03-31T12:35:59.317703Z[0m [[32m[1minfo     [0m] [1mparsed                        [0m [36mchannel[0m=[35mgoogle_broad[0m [36mraw[0m=[35m92[0m
[2m2026-03-31T12:36:01.872689Z[0m [[32m[1minfo     [0m] [1mfetch                         [0m [36mstatus[0m=[35m200[0m [36murl[0m=[35m'https://news.google.com/rss/search?q=MU+earnings+analysis&hl=en-US&gl=US&ceid=US:en'[0m
[2m2026-03-31T12:36:01.978311Z[0m [[32m[1minfo     [0m] [1mparsed                        [0m [36mchannel[0m=[35mgoogle_broad[0m [36mraw[0m=[35m100[0m
[2m2026-03-31T12:36:01.979612Z[0m [[32m[1minfo     [0m] [1mquality_filter                [0m [36minput[0m=[35m392[0m [36mpassed[0m=[35m13[0m
[2m2026-03-31T12:36:01.980359Z[0m [[32m[1minfo     [0m] [1mdedup                         [0m [36mafter[0m=[35m8[0m [36mbefore[0m=[35m13[0m
[2m2026-03-31T12:36:03.231136Z[0m [[32m[1minfo     [0m] [1mfetch                         [0m [36mstatus[0m=[35m403[0m [36murl[0m=[35mhttps://www.tipranks.com/news/how-high-can-micron-stock-mu-go-after-the-crash-street-high-[0m
[2m2026-03-31T12:36:03.511095Z[0m [[32m[1minfo     [0m] [1mfetch                         [0m [36mstatus[0m=[35m200[0m [36murl[0m=[35mhttps://www.fool.com/investing/2026/03/30/google-just-announced-really-bad-news-for-micron[0m
[2m2026-03-31T12:36:04.461125Z[0m [[32m[1minfo     [0m] [1mfetch                         [0m [36mstatus[0m=[35m200[0m [36murl[0m=[35mhttps://www.cnbc.com/2026/03/30/micron-stock-earnings-sell-off-memory-shortage.html[0m
[2m2026-03-31T12:36:04.918450Z[0m [[32m[1minfo     [0m] [1mfetch                         [0m [36mstatus[0m=[35m200[0m [36murl[0m=[35mhttps://www.investors.com/market-trend/stock-market-today/dow-jones-sp500-nasdaq-trump-pow[0m
[2m2026-03-31T12:36:05.130385Z[0m [[32m[1minfo     [0m] [1mcrawling                      [0m [36mchannel[0m=[35m'AMD IR'[0m [36mtag[0m=[35mamd_ir[0m
[2m2026-03-31T12:36:07.331911Z[0m [[32m[1minfo     [0m] [1mfetch                         [0m [36mstatus[0m=[35m200[0m [36murl[0m=[35mhttps://ir.amd.com/news-events/press-releases/rss[0m
[2m2026-03-31T12:36:07.334880Z[0m [[32m[1minfo     [0m] [1mparsed                        [0m [36mchannel[0m=[35mamd_ir[0m [36mraw[0m=[35m10[0m
[2m2026-03-31T12:36:07.334963Z[0m [[32m[1minfo     [0m] [1mcrawling                      [0m [36mchannel[0m=[35mGoogle->Benzinga[0m [36mtag[0m=[35mgoogle_benzinga[0m
[2m2026-03-31T12:36:09.936924Z[0m [[32m[1minfo     [0m] [1mfetch                         [0m [36mstatus[0m=[35m200[0m [36murl[0m=[35m'https://news.google.com/rss/search?q=AMD+site:benzinga.com&hl=en-US&gl=US&ceid=US:en'[0m
[2m2026-03-31T12:36:10.041095Z[0m [[32m[1minfo     [0m] [1mparsed                        [0m [36mchannel[0m=[35mgoogle_benzinga[0m [36mraw[0m=[35m100[0m
[2m2026-03-31T12:36:12.671576Z[0m [[32m[1minfo     [0m] [1mfetch                         [0m [36mstatus[0m=[35m200[0m [36murl[0m=[35m'https://news.google.com/rss/search?q=AMD%2BAdvanced%2BMicro%2BDevices+site:benzinga.com&hl'[0m
[2m2026-03-31T12:36:12.782623Z[0m [[32m[1minfo     [0m] [1mparsed                        [0m [36mchannel[0m=[35mgoogle_benzinga[0m [36mraw[0m=[35m100[0m
[2m2026-03-31T12:36:12.782739Z[0m [[32m[1minfo     [0m] [1mcrawling                      [0m [36mchannel[0m=[35m'Google News (all)'[0m [36mtag[0m=[35mgoogle_broad[0m
[2m2026-03-31T12:36:15.387502Z[0m [[32m[1minfo     [0m] [1mfetch                         [0m [36mstatus[0m=[35m200[0m [36murl[0m=[35m'https://news.google.com/rss/search?q=AMD%2BAdvanced%2BMicro%2BDevices+stock+news&hl=en-US&'[0m
[2m2026-03-31T12:36:15.488849Z[0m [[32m[1minfo     [0m] [1mparsed                        [0m [36mchannel[0m=[35mgoogle_broad[0m [36mraw[0m=[35m100[0m
[2m2026-03-31T12:36:18.015997Z[0m [[32m[1minfo     [0m] [1mfetch                         [0m [36mstatus[0m=[35m200[0m [36murl[0m=[35m'https://news.google.com/rss/search?q=AMD%2BAdvanced%2BMicro%2BDevices+earnings+analysis&hl'[0m
[2m2026-03-31T12:36:18.127562Z[0m [[32m[1minfo     [0m] [1mparsed                        [0m [36mchannel[0m=[35mgoogle_broad[0m [36mraw[0m=[35m100[0m
[2m2026-03-31T12:36:18.129213Z[0m [[32m[1minfo     [0m] [1mquality_filter                [0m [36minput[0m=[35m410[0m [36mpassed[0m=[35m20[0m
[2m2026-03-31T12:36:18.130489Z[0m [[32m[1minfo     [0m] [1mdedup                         [0m [36mafter[0m=[35m18[0m [36mbefore[0m=[35m20[0m
[2m2026-03-31T12:36:19.565411Z[0m [[32m[1minfo     [0m] [1mfetch                         [0m [36mstatus[0m=[35m200[0m [36murl[0m=[35mhttps://www.tradingview.com/news/gurufocus:b08e88e2a094b:0-why-advanced-micro-devices-shar[0m
[2m2026-03-31T12:36:20.347220Z[0m [[32m[1minfo     [0m] [1mfetch                         [0m [36mstatus[0m=[35m200[0m [36murl[0m=[35mhttps://247wallst.com/investing/2026/03/30/intel-slides-5-amd-drops-3-the-semiconductor-se[0m
[2m2026-03-31T12:36:20.505344Z[0m [[32m[1minfo     [0m] [1mfetch                         [0m [36mstatus[0m=[35m200[0m [36murl[0m=[35mhttps://www.ad-hoc-news.de/boerse/news/ueberblick/advanced-micro-devices-poised-for-data-c[0m
[2m2026-03-31T12:36:20.532771Z[0m [[32m[1minfo     [0m] [1mfetch                         [0m [36mstatus[0m=[35m200[0m [36murl[0m=[35mhttps://247wallst.com/investing/2026/03/30/amd-vs-intel-which-stock-will-lead-in-2026/[0m
[2m2026-03-31T12:36:20.564806Z[0m [[32m[1minfo     [0m] [1mfetch                         [0m [36mstatus[0m=[35m200[0m [36murl[0m=[35mhttps://www.fool.com/investing/2026/03/30/why-the-second-half-of-2026-could-be-huge-for-am[0m
[2m2026-03-31T12:36:21.333598Z[0m [[32m[1minfo     [0m] [1mfetch                         [0m [36mstatus[0m=[35m200[0m [36murl[0m=[35mhttps://www.marketbeat.com/instant-alerts/filing-zevenbergen-capital-investments-llc-decre[0m
[2m2026-03-31T12:36:21.706471Z[0m [[32m[1minfo     [0m] [1mfetch                         [0m [36mstatus[0m=[35m200[0m [36murl[0m=[35mhttps://www.ad-hoc-news.de/boerse/news/ueberblick/advanced-micro-devices-inc-stock-ai-mome[0m
[2m2026-03-31T12:36:22.062570Z[0m [[32m[1minfo     [0m] [1mfetch                         [0m [36mstatus[0m=[35m200[0m [36murl[0m=[35mhttps://www.marketbeat.com/instant-alerts/filing-brookstone-capital-management-has-2156-mi[0m
[2m2026-03-31T12:36:22.179724Z[0m [[32m[1minfo     [0m] [1mfetch                         [0m [36mstatus[0m=[35m200[0m [36murl[0m=[35mhttps://www.marketbeat.com/instant-alerts/advanced-micro-devices-nasdaqamd-shares-down-29-[0m
[2m2026-03-31T12:36:22.520257Z[0m [[32m[1minfo     [0m] [1mfetch                         [0m [36mstatus[0m=[35m200[0m [36murl[0m=[35mhttps://www.marketbeat.com/instant-alerts/filing-mn-services-vermogensbeheer-bv-raises-sto[0m
[2m2026-03-31T12:36:22.719868Z[0m [[32m[1minfo     [0m] [1mfetch                         [0m [36mstatus[0m=[35m200[0m [36murl[0m=[35mhttps://www.marketbeat.com/instant-alerts/filing-beacon-investment-advisory-services-inc-d[0m
[2m2026-03-31T12:36:23.429898Z[0m [[32m[1minfo     [0m] [1mfetch                         [0m [36mstatus[0m=[35m403[0m [36murl[0m=[35mhttps://www.indmoney.com/us-stocks/advanced-micro-devices-inc-share-price-amd[0m
[2m2026-03-31T12:36:23.898533Z[0m [[32m[1minfo     [0m] [1mfetch                         [0m [36mstatus[0m=[35m200[0m [36murl[0m=[35mhttps://www.ad-hoc-news.de/boerse/ueberblick/advanced-micro-devices-inc-stock-ai-momentum-[0m
[2m2026-03-31T12:36:24.009400Z[0m [[32m[1minfo     [0m] [1mfetch                         [0m [36mstatus[0m=[35m200[0m [36murl[0m=[35mhttps://www.tikr.com/blog/amd-stock-is-holding-near-202-heres-whats-driving-the-next-move-[0m
[2m2026-03-31T12:36:24.051939Z[0m [[31m[1merror    [0m] [1mfetch_error                   [0m [36merror[0m=[35m"400, message='Got more than 8190 bytes (8800) when reading Header value is too l"[0m [36murl[0m=[35mhttps://finance.yahoo.com/markets/stocks/articles/why-advanced-micro-d[0m
[2m2026-03-31T12:36:24.141102Z[0m [[32m[1minfo     [0m] [1mfetch                         [0m [36mstatus[0m=[35m200[0m [36murl[0m=[35mhttps://nationaltoday.com/us/co/denver/news/2026/03/30/amd-stock-drops-2-9-amid-sector-vol[0m
[2m2026-03-31T12:36:24.488977Z[0m [[31m[1merror    [0m] [1mfetch_error                   [0m [36merror[0m=[35m"400, message='Got more than 8190 bytes (8704) when reading Header value is too l"[0m [36murl[0m=[35mhttps://ca.finance.yahoo.com/news/why-advanced-micro-devices-amd-21450[0m
[2m2026-03-31T12:36:24.692660Z[0m [[32m[1minfo     [0m] [1mcrawling                      [0m [36mchannel[0m=[35mGoogle->Benzinga[0m [36mtag[0m=[35mgoogle_benzinga[0m
[2m2026-03-31T12:36:27.220569Z[0m [[32m[1minfo     [0m] [1mfetch                         [0m [36mstatus[0m=[35m200[0m [36murl[0m=[35m'https://news.google.com/rss/search?q=AMAT+site:benzinga.com&hl=en-US&gl=US&ceid=US:en'[0m
[2m2026-03-31T12:36:27.331310Z[0m [[32m[1minfo     [0m] [1mparsed                        [0m [36mchannel[0m=[35mgoogle_benzinga[0m [36mraw[0m=[35m100[0m
[2m2026-03-31T12:36:29.338681Z[0m [[32m[1minfo     [0m] [1mfetch                         [0m [36mstatus[0m=[35m200[0m [36murl[0m=[35m'https://news.google.com/rss/search?q=AMAT+site:benzinga.com&hl=en-US&gl=US&ceid=US:en'[0m
[2m2026-03-31T12:36:29.362221Z[0m [[32m[1minfo     [0m] [1mparsed                        [0m [36mchannel[0m=[35mgoogle_benzinga[0m [36mraw[0m=[35m100[0m
[2m2026-03-31T12:36:29.362334Z[0m [[32m[1minfo     [0m] [1mcrawling                      [0m [36mchannel[0m=[35m'Google News (all)'[0m [36mtag[0m=[35mgoogle_broad[0m
[2m2026-03-31T12:36:31.912591Z[0m [[32m[1minfo     [0m] [1mfetch                         [0m [36mstatus[0m=[35m200[0m [36murl[0m=[35m'https://news.google.com/rss/search?q=AMAT+stock+news&hl=en-US&gl=US&ceid=US:en'[0m
[2m2026-03-31T12:36:32.017587Z[0m [[32m[1minfo     [0m] [1mparsed                        [0m [36mchannel[0m=[35mgoogle_broad[0m [36mraw[0m=[35m100[0m
[2m2026-03-31T12:36:34.483682Z[0m [[32m[1minfo     [0m] [1mfetch                         [0m [36mstatus[0m=[35m200[0m [36murl[0m=[35m'https://news.google.com/rss/search?q=AMAT+earnings+analysis&hl=en-US&gl=US&ceid=US:en'[0m
[2m2026-03-31T12:36:34.585530Z[0m [[32m[1minfo     [0m] [1mparsed                        [0m [36mchannel[0m=[35mgoogle_broad[0m [36mraw[0m=[35m78[0m
[2m2026-03-31T12:36:34.586593Z[0m [[32m[1minfo     [0m] [1mquality_filter                [0m [36minput[0m=[35m378[0m [36mpassed[0m=[35m5[0m
[2m2026-03-31T12:36:34.586931Z[0m [[32m[1minfo     [0m] [1mdedup                         [0m [36mafter[0m=[35m5[0m [36mbefore[0m=[35m5[0m
[2m2026-03-31T12:36:36.365219Z[0m [[32m[1minfo     [0m] [1mfetch                         [0m [36mstatus[0m=[35m200[0m [36murl[0m=[35mhttps://www.marketbeat.com/instant-alerts/filing-mn-services-vermogensbeheer-bv-has-8085-m[0m
[2m2026-03-31T12:36:36.482462Z[0m [[31m[1merror    [0m] [1mfetch_error                   [0m [36merror[0m=[35m"400, message='Got more than 8190 bytes (8800) when reading Header value is too l"[0m [36murl[0m=[35mhttps://finance.yahoo.com/markets/stocks/articles/seagate-applied-mate[0m
[2m2026-03-31T12:36:36.776347Z[0m [[32m[1minfo     [0m] [1mfetch                         [0m [36mstatus[0m=[35m200[0m [36murl[0m=[35mhttps://www.marketbeat.com/instant-alerts/filing-boston-common-asset-management-llc-has-85[0m
[2m2026-03-31T12:36:36.943193Z[0m [[32m[1minfo     [0m] [1mfetch                         [0m [36mstatus[0m=[35m200[0m [36murl[0m=[35mhttps://www.marketbeat.com/instant-alerts/filing-world-investment-advisors-raises-stock-po[0m
[2m2026-03-31T12:36:37.023368Z[0m [[32m[1minfo     [0m] [1mfetch                         [0m [36mstatus[0m=[35m200[0m [36murl[0m=[35mhttps://www.marketbeat.com/instant-alerts/applied-materials-nasdaqamat-shares-down-42-what[0m
[2m2026-03-31T12:36:37.236507Z[0m [[32m[1minfo     [0m] [1mcrawling                      [0m [36mchannel[0m=[35mGoogle->Benzinga[0m [36mtag[0m=[35mgoogle_benzinga[0m
[2m2026-03-31T12:36:39.668827Z[0m [[32m[1minfo     [0m] [1mfetch                         [0m [36mstatus[0m=[35m200[0m [36murl[0m=[35m'https://news.google.com/rss/search?q=LRCX+site:benzinga.com&hl=en-US&gl=US&ceid=US:en'[0m
[2m2026-03-31T12:36:39.702182Z[0m [[32m[1minfo     [0m] [1mparsed                        [0m [36mchannel[0m=[35mgoogle_benzinga[0m [36mraw[0m=[35m59[0m
[2m2026-03-31T12:36:41.710517Z[0m [[32m[1minfo     [0m] [1mfetch                         [0m [36mstatus[0m=[35m200[0m [36murl[0m=[35m'https://news.google.com/rss/search?q=LRCX+site:benzinga.com&hl=en-US&gl=US&ceid=US:en'[0m
[2m2026-03-31T12:36:41.723770Z[0m [[32m[1minfo     [0m] [1mparsed                        [0m [36mchannel[0m=[35mgoogle_benzinga[0m [36mraw[0m=[35m59[0m
[2m2026-03-31T12:36:41.723871Z[0m [[32m[1minfo     [0m] [1mcrawling                      [0m [36mchannel[0m=[35m'Google News (all)'[0m [36mtag[0m=[35mgoogle_broad[0m
[2m2026-03-31T12:36:44.333973Z[0m [[32m[1minfo     [0m] [1mfetch                         [0m [36mstatus[0m=[35m200[0m [36murl[0m=[35m'https://news.google.com/rss/search?q=LRCX+stock+news&hl=en-US&gl=US&ceid=US:en'[0m
[2m2026-03-31T12:36:44.444981Z[0m [[32m[1minfo     [0m] [1mparsed                        [0m [36mchannel[0m=[35mgoogle_broad[0m [36mraw[0m=[35m100[0m
[2m2026-03-31T12:36:46.916943Z[0m [[32m[1minfo     [0m] [1mfetch                         [0m [36mstatus[0m=[35m200[0m [36murl[0m=[35m'https://news.google.com/rss/search?q=LRCX+earnings+analysis&hl=en-US&gl=US&ceid=US:en'[0m
[2m2026-03-31T12:36:46.935462Z[0m [[32m[1minfo     [0m] [1mparsed                        [0m [36mchannel[0m=[35mgoogle_broad[0m [36mraw[0m=[35m47[0m
[2m2026-03-31T12:36:46.936114Z[0m [[32m[1minfo     [0m] [1mquality_filter                [0m [36minput[0m=[35m265[0m [36mpassed[0m=[35m2[0m
[2m2026-03-31T12:36:46.936322Z[0m [[32m[1minfo     [0m] [1mdedup                         [0m [36mafter[0m=[35m2[0m [36mbefore[0m=[35m2[0m
[2m2026-03-31T12:36:49.270636Z[0m [[32m[1minfo     [0m] [1mfetch                         [0m [36mstatus[0m=[35m200[0m [36murl[0m=[35mhttps://www.marketbeat.com/instant-alerts/filing-lam-research-corporation-lrcx-stock-posit[0m
[2m2026-03-31T12:36:49.490116Z[0m [[32m[1minfo     [0m] [1mfetch                         [0m [36mstatus[0m=[35m200[0m [36murl[0m=[35mhttps://markets.financialcontent.com/stocks/article/barchart-2026-3-30-what-to-expect-from[0m
[2m2026-03-31T12:36:49.979433Z[0m [[32m[1minfo     [0m] [1mcrawling                      [0m [36mchannel[0m=[35mGoogle->Benzinga[0m [36mtag[0m=[35mgoogle_benzinga[0m
[2m2026-03-31T12:36:52.450047Z[0m [[32m[1minfo     [0m] [1mfetch                         [0m [36mstatus[0m=[35m200[0m [36murl[0m=[35m'https://news.google.com/rss/search?q=KLAC+site:benzinga.com&hl=en-US&gl=US&ceid=US:en'[0m
[2m2026-03-31T12:36:52.468119Z[0m [[32m[1minfo     [0m] [1mparsed                        [0m [36mchannel[0m=[35mgoogle_benzinga[0m [36mraw[0m=[35m60[0m
[2m2026-03-31T12:36:54.474247Z[0m [[32m[1minfo     [0m] [1mfetch                         [0m [36mstatus[0m=[35m200[0m [36murl[0m=[35m'https://news.google.com/rss/search?q=KLAC+site:benzinga.com&hl=en-US&gl=US&ceid=US:en'[0m
[2m2026-03-31T12:36:54.489279Z[0m [[32m[1minfo     [0m] [1mparsed                        [0m [36mchannel[0m=[35mgoogle_benzinga[0m [36mraw[0m=[35m60[0m
[2m2026-03-31T12:36:54.489380Z[0m [[32m[1minfo     [0m] [1mcrawling                      [0m [36mchannel[0m=[35m'Google News (all)'[0m [36mtag[0m=[35mgoogle_broad[0m
[2m2026-03-31T12:36:57.145654Z[0m [[32m[1minfo     [0m] [1mfetch                         [0m [36mstatus[0m=[35m200[0m [36murl[0m=[35m'https://news.google.com/rss/search?q=KLAC+stock+news&hl=en-US&gl=US&ceid=US:en'[0m
[2m2026-03-31T12:36:57.250339Z[0m [[32m[1minfo     [0m] [1mparsed                        [0m [36mchannel[0m=[35mgoogle_broad[0m [36mraw[0m=[35m100[0m
[2m2026-03-31T12:36:59.635422Z[0m [[32m[1minfo     [0m] [1mfetch                         [0m [36mstatus[0m=[35m200[0m [36murl[0m=[35m'https://news.google.com/rss/search?q=KLAC+earnings+analysis&hl=en-US&gl=US&ceid=US:en'[0m
[2m2026-03-31T12:36:59.670020Z[0m [[32m[1minfo     [0m] [1mparsed                        [0m [36mchannel[0m=[35mgoogle_broad[0m [36mraw[0m=[35m57[0m
[2m2026-03-31T12:36:59.670541Z[0m [[32m[1minfo     [0m] [1mquality_filter                [0m [36minput[0m=[35m277[0m [36mpassed[0m=[35m0[0m
[2m2026-03-31T12:36:59.670602Z[0m [[32m[1minfo     [0m] [1mdedup                         [0m [36mafter[0m=[35m0[0m [36mbefore[0m=[35m0[0m
[2m2026-03-31T12:36:59.671347Z[0m [[32m[1minfo     [0m] [1mcrawling                      [0m [36mchannel[0m=[35mGoogle->Benzinga[0m [36mtag[0m=[35mgoogle_benzinga[0m
[2m2026-03-31T12:37:02.200305Z[0m [[32m[1minfo     [0m] [1mfetch                         [0m [36mstatus[0m=[35m200[0m [36murl[0m=[35m'https://news.google.com/rss/search?q=TXN+site:benzinga.com&hl=en-US&gl=US&ceid=US:en'[0m
[2m2026-03-31T12:37:02.300232Z[0m [[32m[1minfo     [0m] [1mparsed                        [0m [36mchannel[0m=[35mgoogle_benzinga[0m [36mraw[0m=[35m100[0m
[2m2026-03-31T12:37:04.306141Z[0m [[32m[1minfo     [0m] [1mfetch                         [0m [36mstatus[0m=[35m200[0m [36murl[0m=[35m'https://news.google.com/rss/search?q=TXN+site:benzinga.com&hl=en-US&gl=US&ceid=US:en'[0m
[2m2026-03-31T12:37:04.330053Z[0m [[32m[1minfo     [0m] [1mparsed                        [0m [36mchannel[0m=[35mgoogle_benzinga[0m [36mraw[0m=[35m100[0m
[2m2026-03-31T12:37:04.330174Z[0m [[32m[1minfo     [0m] [1mcrawling                      [0m [36mchannel[0m=[35m'Google News (all)'[0m [36mtag[0m=[35mgoogle_broad[0m
[2m2026-03-31T12:37:06.882737Z[0m [[32m[1minfo     [0m] [1mfetch                         [0m [36mstatus[0m=[35m200[0m [36murl[0m=[35m'https://news.google.com/rss/search?q=TXN+stock+news&hl=en-US&gl=US&ceid=US:en'[0m
[2m2026-03-31T12:37:06.981201Z[0m [[32m[1minfo     [0m] [1mparsed                        [0m [36mchannel[0m=[35mgoogle_broad[0m [36mraw[0m=[35m100[0m
[2m2026-03-31T12:37:09.491561Z[0m [[32m[1minfo     [0m] [1mfetch                         [0m [36mstatus[0m=[35m200[0m [36murl[0m=[35m'https://news.google.com/rss/search?q=TXN+earnings+analysis&hl=en-US&gl=US&ceid=US:en'[0m
[2m2026-03-31T12:37:09.526468Z[0m [[32m[1minfo     [0m] [1mparsed                        [0m [36mchannel[0m=[35mgoogle_broad[0m [36mraw[0m=[35m61[0m
[2m2026-03-31T12:37:09.527182Z[0m [[32m[1minfo     [0m] [1mquality_filter                [0m [36minput[0m=[35m361[0m [36mpassed[0m=[35m3[0m
[2m2026-03-31T12:37:09.527395Z[0m [[32m[1minfo     [0m] [1mdedup                         [0m [36mafter[0m=[35m3[0m [36mbefore[0m=[35m3[0m
[2m2026-03-31T12:37:11.478147Z[0m [[32m[1minfo     [0m] [1mfetch                         [0m [36mstatus[0m=[35m200[0m [36murl[0m=[35mhttps://www.tikr.com/blog/texas-instruments-stock-is-up-8-over-the-past-year-heres-what-co[0m
[2m2026-03-31T12:37:11.882468Z[0m [[32m[1minfo     [0m] [1mfetch                         [0m [36mstatus[0m=[35m200[0m [36murl[0m=[35mhttps://www.marketbeat.com/instant-alerts/filing-texas-instruments-incorporated-txn-stock-[0m
[2m2026-03-31T12:37:12.632892Z[0m [[32m[1minfo     [0m] [1mfetch                         [0m [36mstatus[0m=[35m200[0m [36murl[0m=[35mhttps://www.stocktitan.net/tools/stock-return-calculator/TXN[0m
[2m2026-03-31T12:37:12.876946Z[0m [[32m[1minfo     [0m] [1mcrawling                      [0m [36mchannel[0m=[35mGoogle->Benzinga[0m [36mtag[0m=[35mgoogle_benzinga[0m
[2m2026-03-31T12:37:15.607998Z[0m [[32m[1minfo     [0m] [1mfetch                         [0m [36mstatus[0m=[35m200[0m [36murl[0m=[35m'https://news.google.com/rss/search?q=ADI+site:benzinga.com&hl=en-US&gl=US&ceid=US:en'[0m
[2m2026-03-31T12:37:15.713585Z[0m [[32m[1minfo     [0m] [1mparsed                        [0m [36mchannel[0m=[35mgoogle_benzinga[0m [36mraw[0m=[35m100[0m
[2m2026-03-31T12:37:17.719308Z[0m [[32m[1minfo     [0m] [1mfetch                         [0m [36mstatus[0m=[35m200[0m [36murl[0m=[35m'https://news.google.com/rss/search?q=ADI+site:benzinga.com&hl=en-US&gl=US&ceid=US:en'[0m
[2m2026-03-31T12:37:17.742649Z[0m [[32m[1minfo     [0m] [1mparsed                        [0m [36mchannel[0m=[35mgoogle_benzinga[0m [36mraw[0m=[35m100[0m
[2m2026-03-31T12:37:17.742762Z[0m [[32m[1minfo     [0m] [1mcrawling                      [0m [36mchannel[0m=[35m'Google News (all)'[0m [36mtag[0m=[35mgoogle_broad[0m
[2m2026-03-31T12:37:20.414851Z[0m [[32m[1minfo     [0m] [1mfetch                         [0m [36mstatus[0m=[35m200[0m [36murl[0m=[35m'https://news.google.com/rss/search?q=ADI+stock+news&hl=en-US&gl=US&ceid=US:en'[0m
[2m2026-03-31T12:37:20.520771Z[0m [[32m[1minfo     [0m] [1mparsed                        [0m [36mchannel[0m=[35mgoogle_broad[0m [36mraw[0m=[35m100[0m
[2m2026-03-31T12:37:23.018733Z[0m [[32m[1minfo     [0m] [1mfetch                         [0m [36mstatus[0m=[35m200[0m [36murl[0m=[35m'https://news.google.com/rss/search?q=ADI+earnings+analysis&hl=en-US&gl=US&ceid=US:en'[0m
[2m2026-03-31T12:37:23.043973Z[0m [[32m[1minfo     [0m] [1mparsed                        [0m [36mchannel[0m=[35mgoogle_broad[0m [36mraw[0m=[35m49[0m
[2m2026-03-31T12:37:23.044748Z[0m [[32m[1minfo     [0m] [1mquality_filter                [0m [36minput[0m=[35m349[0m [36mpassed[0m=[35m0[0m
[2m2026-03-31T12:37:23.044818Z[0m [[32m[1minfo     [0m] [1mdedup                         [0m [36mafter[0m=[35m0[0m [36mbefore[0m=[35m0[0m
[2m2026-03-31T12:37:23.045431Z[0m [[32m[1minfo     [0m] [1mcrawling                      [0m [36mchannel[0m=[35mGoogle->Benzinga[0m [36mtag[0m=[35mgoogle_benzinga[0m
[2m2026-03-31T12:37:25.565968Z[0m [[32m[1minfo     [0m] [1mfetch                         [0m [36mstatus[0m=[35m200[0m [36murl[0m=[35m'https://news.google.com/rss/search?q=ANET+site:benzinga.com&hl=en-US&gl=US&ceid=US:en'[0m
[2m2026-03-31T12:37:25.600459Z[0m [[32m[1minfo     [0m] [1mparsed                        [0m [36mchannel[0m=[35mgoogle_benzinga[0m [36mraw[0m=[35m67[0m
[2m2026-03-31T12:37:27.606753Z[0m [[32m[1minfo     [0m] [1mfetch                         [0m [36mstatus[0m=[35m200[0m [36murl[0m=[35m'https://news.google.com/rss/search?q=ANET+site:benzinga.com&hl=en-US&gl=US&ceid=US:en'[0m
[2m2026-03-31T12:37:27.625599Z[0m [[32m[1minfo     [0m] [1mparsed                        [0m [36mchannel[0m=[35mgoogle_benzinga[0m [36mraw[0m=[35m67[0m
[2m2026-03-31T12:37:27.625705Z[0m [[32m[1minfo     [0m] [1mcrawling                      [0m [36mchannel[0m=[35m'Google News (all)'[0m [36mtag[0m=[35mgoogle_broad[0m
[2m2026-03-31T12:37:30.193003Z[0m [[32m[1minfo     [0m] [1mfetch                         [0m [36mstatus[0m=[35m200[0m [36murl[0m=[35m'https://news.google.com/rss/search?q=ANET+stock+news&hl=en-US&gl=US&ceid=US:en'[0m
[2m2026-03-31T12:37:30.287816Z[0m [[32m[1minfo     [0m] [1mparsed                        [0m [36mchannel[0m=[35mgoogle_broad[0m [36mraw[0m=[35m100[0m
[2m2026-03-31T12:37:32.780476Z[0m [[32m[1minfo     [0m] [1mfetch                         [0m [36mstatus[0m=[35m200[0m [36murl[0m=[35m'https://news.google.com/rss/search?q=ANET+earnings+analysis&hl=en-US&gl=US&ceid=US:en'[0m
[2m2026-03-31T12:37:32.807657Z[0m [[32m[1minfo     [0m] [1mparsed                        [0m [36mchannel[0m=[35mgoogle_broad[0m [36mraw[0m=[35m53[0m
[2m2026-03-31T12:37:32.808567Z[0m [[32m[1minfo     [0m] [1mquality_filter                [0m [36minput[0m=[35m287[0m [36mpassed[0m=[35m2[0m
[2m2026-03-31T12:37:32.808736Z[0m [[32m[1minfo     [0m] [1mdedup                         [0m [36mafter[0m=[35m2[0m [36mbefore[0m=[35m2[0m
[2m2026-03-31T12:37:34.885048Z[0m [[32m[1minfo     [0m] [1mfetch                         [0m [36mstatus[0m=[35m200[0m [36murl[0m=[35mhttps://www.marketbeat.com/instant-alerts/arista-networks-nyseanet-shares-down-41-time-to-[0m
[2m2026-03-31T12:37:35.385244Z[0m [[32m[1minfo     [0m] [1mfetch                         [0m [36mstatus[0m=[35m200[0m [36murl[0m=[35mhttps://www.marketbeat.com/instant-alerts/filing-private-advisory-group-llc-makes-new-inve[0m
[2m2026-03-31T12:37:35.601489Z[0m [[32m[1minfo     [0m] [1mcrawling                      [0m [36mchannel[0m=[35mGoogle->Benzinga[0m [36mtag[0m=[35mgoogle_benzinga[0m
[2m2026-03-31T12:37:38.788501Z[0m [[32m[1minfo     [0m] [1mfetch                         [0m [36mstatus[0m=[35m200[0m [36murl[0m=[35m'https://news.google.com/rss/search?q=QCOM+site:benzinga.com&hl=en-US&gl=US&ceid=US:en'[0m
[2m2026-03-31T12:37:38.884654Z[0m [[32m[1minfo     [0m] [1mparsed                        [0m [36mchannel[0m=[35mgoogle_benzinga[0m [36mraw[0m=[35m100[0m
[2m2026-03-31T12:37:40.890504Z[0m [[32m[1minfo     [0m] [1mfetch                         [0m [36mstatus[0m=[35m200[0m [36murl[0m=[35m'https://news.google.com/rss/search?q=QCOM+site:benzinga.com&hl=en-US&gl=US&ceid=US:en'[0m
[2m2026-03-31T12:37:40.911902Z[0m [[32m[1minfo     [0m] [1mparsed                        [0m [36mchannel[0m=[35mgoogle_benzinga[0m [36mraw[0m=[35m100[0m
[2m2026-03-31T12:37:40.912007Z[0m [[32m[1minfo     [0m] [1mcrawling                      [0m [36mchannel[0m=[35m'Google News (all)'[0m [36mtag[0m=[35mgoogle_broad[0m
[2m2026-03-31T12:37:43.456625Z[0m [[32m[1minfo     [0m] [1mfetch                         [0m [36mstatus[0m=[35m200[0m [36murl[0m=[35m'https://news.google.com/rss/search?q=QCOM+stock+news&hl=en-US&gl=US&ceid=US:en'[0m
[2m2026-03-31T12:37:43.561676Z[0m [[32m[1minfo     [0m] [1mparsed                        [0m [36mchannel[0m=[35mgoogle_broad[0m [36mraw[0m=[35m100[0m
[2m2026-03-31T12:37:46.118758Z[0m [[32m[1minfo     [0m] [1mfetch                         [0m [36mstatus[0m=[35m200[0m [36murl[0m=[35m'https://news.google.com/rss/search?q=QCOM+earnings+analysis&hl=en-US&gl=US&ceid=US:en'[0m
[2m2026-03-31T12:37:46.213914Z[0m [[32m[1minfo     [0m] [1mparsed                        [0m [36mchannel[0m=[35mgoogle_broad[0m [36mraw[0m=[35m86[0m
[2m2026-03-31T12:37:46.214654Z[0m [[32m[1minfo     [0m] [1mquality_filter                [0m [36minput[0m=[35m386[0m [36mpassed[0m=[35m4[0m
[2m2026-03-31T12:37:46.214886Z[0m [[32m[1minfo     [0m] [1mdedup                         [0m [36mafter[0m=[35m4[0m [36mbefore[0m=[35m4[0m
[2m2026-03-31T12:37:48.182442Z[0m [[32m[1minfo     [0m] [1mfetch                         [0m [36mstatus[0m=[35m403[0m [36murl[0m=[35mhttps://www.investing.com/news/analyst-ratings/goldman-sachs-initiates-qualcomm-stock-cove[0m
[2m2026-03-31T12:37:48.312054Z[0m [[32m[1minfo     [0m] [1mfetch                         [0m [36mstatus[0m=[35m200[0m [36murl[0m=[35mhttps://www.marketbeat.com/instant-alerts/filing-qualcomm-incorporated-qcom-shares-bought-[0m
[2m2026-03-31T12:37:48.378144Z[0m [[32m[1minfo     [0m] [1mfetch                         [0m [36mstatus[0m=[35m200[0m [36murl[0m=[35mhttps://247wallst.com/investing/2026/03/30/goldman-sachs-initiates-qualcomm-at-neutral-wit[0m
[2m2026-03-31T12:37:48.592141Z[0m [[32m[1minfo     [0m] [1mfetch                         [0m [36mstatus[0m=[35m403[0m [36murl[0m=[35mhttps://m.investing.com/news/analyst-ratings/raymond-james-reiterates-qualcomm-stock-ratin[0m
[2m2026-03-31T12:37:48.794464Z[0m [[32m[1minfo     [0m] [1mcrawling                      [0m [36mchannel[0m=[35mGoogle->Benzinga[0m [36mtag[0m=[35mgoogle_benzinga[0m
[2m2026-03-31T12:37:51.400774Z[0m [[32m[1minfo     [0m] [1mfetch                         [0m [36mstatus[0m=[35m200[0m [36murl[0m=[35m'https://news.google.com/rss/search?q=WDC+site:benzinga.com&hl=en-US&gl=US&ceid=US:en'[0m
[2m2026-03-31T12:37:51.498568Z[0m [[32m[1minfo     [0m] [1mparsed                        [0m [36mchannel[0m=[35mgoogle_benzinga[0m [36mraw[0m=[35m100[0m
[2m2026-03-31T12:37:53.506638Z[0m [[32m[1minfo     [0m] [1mfetch                         [0m [36mstatus[0m=[35m200[0m [36murl[0m=[35m'https://news.google.com/rss/search?q=WDC+site:benzinga.com&hl=en-US&gl=US&ceid=US:en'[0m
[2m2026-03-31T12:37:53.530933Z[0m [[32m[1minfo     [0m] [1mparsed                        [0m [36mchannel[0m=[35mgoogle_benzinga[0m [36mraw[0m=[35m100[0m
[2m2026-03-31T12:37:53.531039Z[0m [[32m[1minfo     [0m] [1mcrawling                      [0m [36mchannel[0m=[35m'Google News (all)'[0m [36mtag[0m=[35mgoogle_broad[0m
[2m2026-03-31T12:37:56.201531Z[0m [[32m[1minfo     [0m] [1mfetch                         [0m [36mstatus[0m=[35m200[0m [36murl[0m=[35m'https://news.google.com/rss/search?q=WDC+stock+news&hl=en-US&gl=US&ceid=US:en'[0m
[2m2026-03-31T12:37:56.305874Z[0m [[32m[1minfo     [0m] [1mparsed                        [0m [36mchannel[0m=[35mgoogle_broad[0m [36mraw[0m=[35m100[0m
[2m2026-03-31T12:37:58.721083Z[0m [[32m[1minfo     [0m] [1mfetch                         [0m [36mstatus[0m=[35m200[0m [36murl[0m=[35m'https://news.google.com/rss/search?q=WDC+earnings+analysis&hl=en-US&gl=US&ceid=US:en'[0m
[2m2026-03-31T12:37:58.753975Z[0m [[32m[1minfo     [0m] [1mparsed                        [0m [36mchannel[0m=[35mgoogle_broad[0m [36mraw[0m=[35m55[0m
[2m2026-03-31T12:37:58.754961Z[0m [[32m[1minfo     [0m] [1mquality_filter                [0m [36minput[0m=[35m355[0m [36mpassed[0m=[35m6[0m
[2m2026-03-31T12:37:58.755344Z[0m [[32m[1minfo     [0m] [1mdedup                         [0m [36mafter[0m=[35m5[0m [36mbefore[0m=[35m6[0m
[2m2026-03-31T12:38:00.775149Z[0m [[32m[1minfo     [0m] [1mfetch                         [0m [36mstatus[0m=[35m403[0m [36murl[0m=[35mhttps://www.fastcompany.com/91519078/micron-sandisk-western-digital-stocks-down-memory-chi[0m
[2m2026-03-31T12:38:01.073847Z[0m [[32m[1minfo     [0m] [1mfetch                         [0m [36mstatus[0m=[35m403[0m [36murl[0m=[35mhttps://stocktwits.com/news-articles/markets/equity/mu-sndk-wdc-stx-memory-chip-stocks-ret[0m
[2m2026-03-31T12:38:01.184949Z[0m [[32m[1minfo     [0m] [1mfetch                         [0m [36mstatus[0m=[35m200[0m [36murl[0m=[35mhttps://www.marketbeat.com/instant-alerts/filing-western-digital-corporation-wdc-stock-hol[0m
[2m2026-03-31T12:38:01.715781Z[0m [[32m[1minfo     [0m] [1mfetch                         [0m [36mstatus[0m=[35m200[0m [36murl[0m=[35mhttps://cryptorank.io/news/feed/8c648-sndk-mu-wdc-stock-forecast-as-google-turbo-quant-dis[0m
[2m2026-03-31T12:38:02.445229Z[0m [[32m[1minfo     [0m] [1mfetch                         [0m [36mstatus[0m=[35m200[0m [36murl[0m=[35mhttps://coincentral.com/western-digital-wdc-stock-recovers-as-bernstein-sees-buying-opport[0m
[2m2026-03-31T12:38:02.692370Z[0m [[32m[1minfo     [0m] [1mcrawling                      [0m [36mchannel[0m=[35mGoogle->Benzinga[0m [36mtag[0m=[35mgoogle_benzinga[0m
[2m2026-03-31T12:38:05.824996Z[0m [[32m[1minfo     [0m] [1mfetch                         [0m [36mstatus[0m=[35m200[0m [36murl[0m=[35m'https://news.google.com/rss/search?q=SNDK+site:benzinga.com&hl=en-US&gl=US&ceid=US:en'[0m
[2m2026-03-31T12:38:05.934827Z[0m [[32m[1minfo     [0m] [1mparsed                        [0m [36mchannel[0m=[35mgoogle_benzinga[0m [36mraw[0m=[35m100[0m
[2m2026-03-31T12:38:07.941312Z[0m [[32m[1minfo     [0m] [1mfetch                         [0m [36mstatus[0m=[35m200[0m [36murl[0m=[35m'https://news.google.com/rss/search?q=SNDK+site:benzinga.com&hl=en-US&gl=US&ceid=US:en'[0m
[2m2026-03-31T12:38:07.966126Z[0m [[32m[1minfo     [0m] [1mparsed                        [0m [36mchannel[0m=[35mgoogle_benzinga[0m [36mraw[0m=[35m100[0m
[2m2026-03-31T12:38:07.966232Z[0m [[32m[1minfo     [0m] [1mcrawling                      [0m [36mchannel[0m=[35m'Google News (all)'[0m [36mtag[0m=[35mgoogle_broad[0m
[2m2026-03-31T12:38:10.590712Z[0m [[32m[1minfo     [0m] [1mfetch                         [0m [36mstatus[0m=[35m200[0m [36murl[0m=[35m'https://news.google.com/rss/search?q=SNDK+stock+news&hl=en-US&gl=US&ceid=US:en'[0m
[2m2026-03-31T12:38:10.688778Z[0m [[32m[1minfo     [0m] [1mparsed                        [0m [36mchannel[0m=[35mgoogle_broad[0m [36mraw[0m=[35m100[0m
[2m2026-03-31T12:38:13.193348Z[0m [[32m[1minfo     [0m] [1mfetch                         [0m [36mstatus[0m=[35m200[0m [36murl[0m=[35m'https://news.google.com/rss/search?q=SNDK+earnings+analysis&hl=en-US&gl=US&ceid=US:en'[0m
[2m2026-03-31T12:38:13.282466Z[0m [[32m[1minfo     [0m] [1mparsed                        [0m [36mchannel[0m=[35mgoogle_broad[0m [36mraw[0m=[35m69[0m
[2m2026-03-31T12:38:13.283466Z[0m [[32m[1minfo     [0m] [1mquality_filter                [0m [36minput[0m=[35m369[0m [36mpassed[0m=[35m6[0m
[2m2026-03-31T12:38:13.283851Z[0m [[32m[1minfo     [0m] [1mdedup                         [0m [36mafter[0m=[35m6[0m [36mbefore[0m=[35m6[0m
[2m2026-03-31T12:38:14.752594Z[0m [[32m[1minfo     [0m] [1mfetch                         [0m [36mstatus[0m=[35m403[0m [36murl[0m=[35mhttps://www.tipranks.com/news/micron-mu-and-sandisk-sndk-stocks-are-rising-in-pre-market-t[0m
[2m2026-03-31T12:38:15.232307Z[0m [[32m[1minfo     [0m] [1mfetch                         [0m [36mstatus[0m=[35m403[0m [36murl[0m=[35mhttps://www.tipranks.com/news/who-is-tipranks-5-star-analyst-on-sandisk-stock-sndk[0m
[2m2026-03-31T12:38:15.280143Z[0m [[32m[1minfo     [0m] [1mfetch                         [0m [36mstatus[0m=[35m403[0m [36murl[0m=[35mhttps://stocktwits.com/news-articles/markets/equity/mu-sndk-wdc-stx-memory-chip-stocks-ret[0m
[2m2026-03-31T12:38:15.357073Z[0m [[32m[1minfo     [0m] [1mfetch                         [0m [36mstatus[0m=[35m403[0m [36murl[0m=[35mhttps://www.tipranks.com/news/why-micron-mu-and-sandisk-sndk-stocks-are-falling-today-and-[0m
[2m2026-03-31T12:38:17.145168Z[0m [[32m[1minfo     [0m] [1mfetch                         [0m [36mstatus[0m=[35m200[0m [36murl[0m=[35mhttps://coinpaper.com/15839/sndk-mu-wdc-stock-forecast-as-google-turbo-quant-disrupts-ai-d[0m
[2m2026-03-31T12:38:17.361495Z[0m [[32m[1minfo     [0m] [1mfetch                         [0m [36mstatus[0m=[35m200[0m [36murl[0m=[35mhttps://coincentral.com/sandisk-sndk-stock-surges-61-on-ai-storage-demand-but-can-the-rall[0m
[2m2026-03-31T12:38:17.920600Z[0m [[32m[1minfo     [0m] [1mcrawling                      [0m [36mchannel[0m=[35mGoogle->Benzinga[0m [36mtag[0m=[35mgoogle_benzinga[0m
[2m2026-03-31T12:38:20.463769Z[0m [[32m[1minfo     [0m] [1mfetch                         [0m [36mstatus[0m=[35m200[0m [36murl[0m=[35m'https://news.google.com/rss/search?q=STX+site:benzinga.com&hl=en-US&gl=US&ceid=US:en'[0m
[2m2026-03-31T12:38:20.566470Z[0m [[32m[1minfo     [0m] [1mparsed                        [0m [36mchannel[0m=[35mgoogle_benzinga[0m [36mraw[0m=[35m88[0m
[2m2026-03-31T12:38:22.573747Z[0m [[32m[1minfo     [0m] [1mfetch                         [0m [36mstatus[0m=[35m200[0m [36murl[0m=[35m'https://news.google.com/rss/search?q=STX+site:benzinga.com&hl=en-US&gl=US&ceid=US:en'[0m
[2m2026-03-31T12:38:22.595549Z[0m [[32m[1minfo     [0m] [1mparsed                        [0m [36mchannel[0m=[35mgoogle_benzinga[0m [36mraw[0m=[35m88[0m
[2m2026-03-31T12:38:22.595660Z[0m [[32m[1minfo     [0m] [1mcrawling                      [0m [36mchannel[0m=[35m'Google News (all)'[0m [36mtag[0m=[35mgoogle_broad[0m
[2m2026-03-31T12:38:25.140929Z[0m [[32m[1minfo     [0m] [1mfetch                         [0m [36mstatus[0m=[35m200[0m [36murl[0m=[35m'https://news.google.com/rss/search?q=STX+stock+news&hl=en-US&gl=US&ceid=US:en'[0m
[2m2026-03-31T12:38:25.245564Z[0m [[32m[1minfo     [0m] [1mparsed                        [0m [36mchannel[0m=[35mgoogle_broad[0m [36mraw[0m=[35m100[0m
[2m2026-03-31T12:38:27.777708Z[0m [[32m[1minfo     [0m] [1mfetch                         [0m [36mstatus[0m=[35m200[0m [36murl[0m=[35m'https://news.google.com/rss/search?q=STX+earnings+analysis&hl=en-US&gl=US&ceid=US:en'[0m
[2m2026-03-31T12:38:27.815132Z[0m [[32m[1minfo     [0m] [1mparsed                        [0m [36mchannel[0m=[35mgoogle_broad[0m [36mraw[0m=[35m67[0m
[2m2026-03-31T12:38:27.816011Z[0m [[32m[1minfo     [0m] [1mquality_filter                [0m [36minput[0m=[35m343[0m [36mpassed[0m=[35m3[0m
[2m2026-03-31T12:38:27.816265Z[0m [[32m[1minfo     [0m] [1mdedup                         [0m [36mafter[0m=[35m3[0m [36mbefore[0m=[35m3[0m
[2m2026-03-31T12:38:29.524296Z[0m [[32m[1minfo     [0m] [1mfetch                         [0m [36mstatus[0m=[35m403[0m [36murl[0m=[35mhttps://stocktwits.com/news-articles/markets/equity/mu-sndk-wdc-stx-memory-chip-stocks-ret[0m
[2m2026-03-31T12:38:29.736879Z[0m [[32m[1minfo     [0m] [1mfetch                         [0m [36mstatus[0m=[35m403[0m [36murl[0m=[35mhttps://www.gurufocus.com/news/8757082/seagate-technology-stx-jp-morgan-initiates-coverage[0m
[2m2026-03-31T12:38:32.224724Z[0m [[32m[1minfo     [0m] [1mfetch                         [0m [36mstatus[0m=[35m200[0m [36murl[0m=[35mhttps://coincentral.com/seagate-stx-stock-up-350-j-p-morgan-says-theres-still-more-to-come[0m
[2m2026-03-31T12:38:32.443833Z[0m [[32m[1minfo     [0m] [1mcrawling                      [0m [36mchannel[0m=[35mGoogle->Benzinga[0m [36mtag[0m=[35mgoogle_benzinga[0m
[2m2026-03-31T12:38:35.165305Z[0m [[32m[1minfo     [0m] [1mfetch                         [0m [36mstatus[0m=[35m200[0m [36murl[0m=[35m'https://news.google.com/rss/search?q=CDNS+site:benzinga.com&hl=en-US&gl=US&ceid=US:en'[0m
[2m2026-03-31T12:38:35.209922Z[0m [[32m[1minfo     [0m] [1mparsed                        [0m [36mchannel[0m=[35mgoogle_benzinga[0m [36mraw[0m=[35m100[0m
[2m2026-03-31T12:38:37.215788Z[0m [[32m[1minfo     [0m] [1mfetch                         [0m [36mstatus[0m=[35m200[0m [36murl[0m=[35m'https://news.google.com/rss/search?q=CDNS+site:benzinga.com&hl=en-US&gl=US&ceid=US:en'[0m
[2m2026-03-31T12:38:37.238996Z[0m [[32m[1minfo     [0m] [1mparsed                        [0m [36mchannel[0m=[35mgoogle_benzinga[0m [36mraw[0m=[35m100[0m
[2m2026-03-31T12:38:37.239107Z[0m [[32m[1minfo     [0m] [1mcrawling                      [0m [36mchannel[0m=[35m'Google News (all)'[0m [36mtag[0m=[35mgoogle_broad[0m
[2m2026-03-31T12:38:39.669965Z[0m [[32m[1minfo     [0m] [1mfetch                         [0m [36mstatus[0m=[35m200[0m [36murl[0m=[35m'https://news.google.com/rss/search?q=CDNS+stock+news&hl=en-US&gl=US&ceid=US:en'[0m
[2m2026-03-31T12:38:39.768606Z[0m [[32m[1minfo     [0m] [1mparsed                        [0m [36mchannel[0m=[35mgoogle_broad[0m [36mraw[0m=[35m100[0m
[2m2026-03-31T12:38:42.146142Z[0m [[32m[1minfo     [0m] [1mfetch                         [0m [36mstatus[0m=[35m200[0m [36murl[0m=[35m'https://news.google.com/rss/search?q=CDNS+earnings+analysis&hl=en-US&gl=US&ceid=US:en'[0m
[2m2026-03-31T12:38:42.162048Z[0m [[32m[1minfo     [0m] [1mparsed                        [0m [36mchannel[0m=[35mgoogle_broad[0m [36mraw[0m=[35m40[0m
[2m2026-03-31T12:38:42.162978Z[0m [[32m[1minfo     [0m] [1mquality_filter                [0m [36minput[0m=[35m340[0m [36mpassed[0m=[35m0[0m
[2m2026-03-31T12:38:42.163046Z[0m [[32m[1minfo     [0m] [1mdedup                         [0m [36mafter[0m=[35m0[0m [36mbefore[0m=[35m0[0m
[2m2026-03-31T12:38:42.163638Z[0m [[32m[1minfo     [0m] [1mcrawling                      [0m [36mchannel[0m=[35mGoogle->Benzinga[0m [36mtag[0m=[35mgoogle_benzinga[0m
[2m2026-03-31T12:38:44.960441Z[0m [[32m[1minfo     [0m] [1mfetch                         [0m [36mstatus[0m=[35m200[0m [36murl[0m=[35m'https://news.google.com/rss/search?q=SNPS+site:benzinga.com&hl=en-US&gl=US&ceid=US:en'[0m
[2m2026-03-31T12:38:45.071100Z[0m [[32m[1minfo     [0m] [1mparsed                        [0m [36mchannel[0m=[35mgoogle_benzinga[0m [36mraw[0m=[35m100[0m
[2m2026-03-31T12:38:47.076977Z[0m [[32m[1minfo     [0m] [1mfetch                         [0m [36mstatus[0m=[35m200[0m [36murl[0m=[35m'https://news.google.com/rss/search?q=SNPS+site:benzinga.com&hl=en-US&gl=US&ceid=US:en'[0m
[2m2026-03-31T12:38:47.100529Z[0m [[32m[1minfo     [0m] [1mparsed                        [0m [36mchannel[0m=[35mgoogle_benzinga[0m [36mraw[0m=[35m100[0m
[2m2026-03-31T12:38:47.100639Z[0m [[32m[1minfo     [0m] [1mcrawling                      [0m [36mchannel[0m=[35m'Google News (all)'[0m [36mtag[0m=[35mgoogle_broad[0m
[2m2026-03-31T12:38:49.587126Z[0m [[32m[1minfo     [0m] [1mfetch                         [0m [36mstatus[0m=[35m200[0m [36murl[0m=[35m'https://news.google.com/rss/search?q=SNPS+stock+news&hl=en-US&gl=US&ceid=US:en'[0m
[2m2026-03-31T12:38:49.691318Z[0m [[32m[1minfo     [0m] [1mparsed                        [0m [36mchannel[0m=[35mgoogle_broad[0m [36mraw[0m=[35m100[0m
[2m2026-03-31T12:38:52.126552Z[0m [[32m[1minfo     [0m] [1mfetch                         [0m [36mstatus[0m=[35m200[0m [36murl[0m=[35m'https://news.google.com/rss/search?q=SNPS+earnings+analysis&hl=en-US&gl=US&ceid=US:en'[0m
[2m2026-03-31T12:38:52.154968Z[0m [[32m[1minfo     [0m] [1mparsed                        [0m [36mchannel[0m=[35mgoogle_broad[0m [36mraw[0m=[35m55[0m
[2m2026-03-31T12:38:52.155659Z[0m [[32m[1minfo     [0m] [1mquality_filter                [0m [36minput[0m=[35m355[0m [36mpassed[0m=[35m0[0m
[2m2026-03-31T12:38:52.155723Z[0m [[32m[1minfo     [0m] [1mdedup                         [0m [36mafter[0m=[35m0[0m [36mbefore[0m=[35m0[0m
[2m2026-03-31T12:38:52.156300Z[0m [[32m[1minfo     [0m] [1mcrawling                      [0m [36mchannel[0m=[35mGoogle->Benzinga[0m [36mtag[0m=[35mgoogle_benzinga[0m
[2m2026-03-31T12:38:54.583799Z[0m [[32m[1minfo     [0m] [1mfetch                         [0m [36mstatus[0m=[35m200[0m [36murl[0m=[35m'https://news.google.com/rss/search?q=NXPI+site:benzinga.com&hl=en-US&gl=US&ceid=US:en'[0m
[2m2026-03-31T12:38:54.600190Z[0m [[32m[1minfo     [0m] [1mparsed                        [0m [36mchannel[0m=[35mgoogle_benzinga[0m [36mraw[0m=[35m39[0m
[2m2026-03-31T12:38:56.607631Z[0m [[32m[1minfo     [0m] [1mfetch                         [0m [36mstatus[0m=[35m200[0m [36murl[0m=[35m'https://news.google.com/rss/search?q=NXPI+site:benzinga.com&hl=en-US&gl=US&ceid=US:en'[0m
[2m2026-03-31T12:38:56.621450Z[0m [[32m[1minfo     [0m] [1mparsed                        [0m [36mchannel[0m=[35mgoogle_benzinga[0m [36mraw[0m=[35m39[0m
[2m2026-03-31T12:38:56.621560Z[0m [[32m[1minfo     [0m] [1mcrawling                      [0m [36mchannel[0m=[35m'Google News (all)'[0m [36mtag[0m=[35mgoogle_broad[0m
[2m2026-03-31T12:38:59.290952Z[0m [[32m[1minfo     [0m] [1mfetch                         [0m [36mstatus[0m=[35m200[0m [36murl[0m=[35m'https://news.google.com/rss/search?q=NXPI+stock+news&hl=en-US&gl=US&ceid=US:en'[0m
[2m2026-03-31T12:38:59.403125Z[0m [[32m[1minfo     [0m] [1mparsed                        [0m [36mchannel[0m=[35mgoogle_broad[0m [36mraw[0m=[35m100[0m
[2m2026-03-31T12:39:01.823190Z[0m [[32m[1minfo     [0m] [1mfetch                         [0m [36mstatus[0m=[35m200[0m [36murl[0m=[35m'https://news.google.com/rss/search?q=NXPI+earnings+analysis&hl=en-US&gl=US&ceid=US:en'[0m
[2m2026-03-31T12:39:01.832392Z[0m [[32m[1minfo     [0m] [1mparsed                        [0m [36mchannel[0m=[35mgoogle_broad[0m [36mraw[0m=[35m34[0m
[2m2026-03-31T12:39:01.833026Z[0m [[32m[1minfo     [0m] [1mquality_filter                [0m [36minput[0m=[35m212[0m [36mpassed[0m=[35m0[0m
[2m2026-03-31T12:39:01.833087Z[0m [[32m[1minfo     [0m] [1mdedup                         [0m [36mafter[0m=[35m0[0m [36mbefore[0m=[35m0[0m
[2m2026-03-31T12:39:01.833655Z[0m [[32m[1minfo     [0m] [1mcrawling                      [0m [36mchannel[0m=[35mGoogle->Benzinga[0m [36mtag[0m=[35mgoogle_benzinga[0m
[2m2026-03-31T12:39:04.271318Z[0m [[32m[1minfo     [0m] [1mfetch                         [0m [36mstatus[0m=[35m200[0m [36murl[0m=[35m'https://news.google.com/rss/search?q=MPWR+site:benzinga.com&hl=en-US&gl=US&ceid=US:en'[0m
[2m2026-03-31T12:39:04.277402Z[0m [[32m[1minfo     [0m] [1mparsed                        [0m [36mchannel[0m=[35mgoogle_benzinga[0m [36mraw[0m=[35m23[0m
[2m2026-03-31T12:39:06.282660Z[0m [[32m[1minfo     [0m] [1mfetch                         [0m [36mstatus[0m=[35m200[0m [36murl[0m=[35m'https://news.google.com/rss/search?q=MPWR+site:benzinga.com&hl=en-US&gl=US&ceid=US:en'[0m
[2m2026-03-31T12:39:06.288744Z[0m [[32m[1minfo     [0m] [1mparsed                        [0m [36mchannel[0m=[35mgoogle_benzinga[0m [36mraw[0m=[35m23[0m
[2m2026-03-31T12:39:06.288828Z[0m [[32m[1minfo     [0m] [1mcrawling                      [0m [36mchannel[0m=[35m'Google News (all)'[0m [36mtag[0m=[35mgoogle_broad[0m
[2m2026-03-31T12:39:09.172054Z[0m [[32m[1minfo     [0m] [1mfetch                         [0m [36mstatus[0m=[35m200[0m [36murl[0m=[35m'https://news.google.com/rss/search?q=MPWR+stock+news&hl=en-US&gl=US&ceid=US:en'[0m
[2m2026-03-31T12:39:09.277853Z[0m [[32m[1minfo     [0m] [1mparsed                        [0m [36mchannel[0m=[35mgoogle_broad[0m [36mraw[0m=[35m98[0m
[2m2026-03-31T12:39:11.695000Z[0m [[32m[1minfo     [0m] [1mfetch                         [0m [36mstatus[0m=[35m200[0m [36murl[0m=[35m'https://news.google.com/rss/search?q=MPWR+earnings+analysis&hl=en-US&gl=US&ceid=US:en'[0m
[2m2026-03-31T12:39:11.719613Z[0m [[32m[1minfo     [0m] [1mparsed                        [0m [36mchannel[0m=[35mgoogle_broad[0m [36mraw[0m=[35m45[0m
[2m2026-03-31T12:39:11.720238Z[0m [[32m[1minfo     [0m] [1mquality_filter                [0m [36minput[0m=[35m189[0m [36mpassed[0m=[35m0[0m
[2m2026-03-31T12:39:11.720305Z[0m [[32m[1minfo     [0m] [1mdedup                         [0m [36mafter[0m=[35m0[0m [36mbefore[0m=[35m0[0m
[2m2026-03-31T12:39:11.720865Z[0m [[32m[1minfo     [0m] [1mcrawling                      [0m [36mchannel[0m=[35mGoogle->Benzinga[0m [36mtag[0m=[35mgoogle_benzinga[0m
[2m2026-03-31T12:39:14.482630Z[0m [[32m[1minfo     [0m] [1mfetch                         [0m [36mstatus[0m=[35m200[0m [36murl[0m=[35m'https://news.google.com/rss/search?q=TER+site:benzinga.com&hl=en-US&gl=US&ceid=US:en'[0m
[2m2026-03-31T12:39:14.594170Z[0m [[32m[1minfo     [0m] [1mparsed                        [0m [36mchannel[0m=[35mgoogle_benzinga[0m [36mraw[0m=[35m100[0m
[2m2026-03-31T12:39:16.599770Z[0m [[32m[1minfo     [0m] [1mfetch                         [0m [36mstatus[0m=[35m200[0m [36murl[0m=[35m'https://news.google.com/rss/search?q=TER+site:benzinga.com&hl=en-US&gl=US&ceid=US:en'[0m
[2m2026-03-31T12:39:16.623655Z[0m [[32m[1minfo     [0m] [1mparsed                        [0m [36mchannel[0m=[35mgoogle_benzinga[0m [36mraw[0m=[35m100[0m
[2m2026-03-31T12:39:16.623768Z[0m [[32m[1minfo     [0m] [1mcrawling                      [0m [36mchannel[0m=[35m'Google News (all)'[0m [36mtag[0m=[35mgoogle_broad[0m
[2m2026-03-31T12:39:19.279554Z[0m [[32m[1minfo     [0m] [1mfetch                         [0m [36mstatus[0m=[35m200[0m [36murl[0m=[35m'https://news.google.com/rss/search?q=TER+stock+news&hl=en-US&gl=US&ceid=US:en'[0m
[2m2026-03-31T12:39:19.385243Z[0m [[32m[1minfo     [0m] [1mparsed                        [0m [36mchannel[0m=[35mgoogle_broad[0m [36mraw[0m=[35m99[0m
[2m2026-03-31T12:39:21.847473Z[0m [[32m[1minfo     [0m] [1mfetch                         [0m [36mstatus[0m=[35m200[0m [36murl[0m=[35m'https://news.google.com/rss/search?q=TER+earnings+analysis&hl=en-US&gl=US&ceid=US:en'[0m
[2m2026-03-31T12:39:21.873618Z[0m [[32m[1minfo     [0m] [1mparsed                        [0m [36mchannel[0m=[35mgoogle_broad[0m [36mraw[0m=[35m59[0m
[2m2026-03-31T12:39:21.874502Z[0m [[32m[1minfo     [0m] [1mquality_filter                [0m [36minput[0m=[35m358[0m [36mpassed[0m=[35m5[0m
[2m2026-03-31T12:39:21.874826Z[0m [[32m[1minfo     [0m] [1mdedup                         [0m [36mafter[0m=[35m4[0m [36mbefore[0m=[35m5[0m
[2m2026-03-31T12:39:23.790132Z[0m [[32m[1minfo     [0m] [1mfetch                         [0m [36mstatus[0m=[35m403[0m [36murl[0m=[35mhttps://www.gurufocus.com/news/8757099/ter-baird-maintains-outperform-rating-raises-price-[0m
[2m2026-03-31T12:39:24.034168Z[0m [[32m[1minfo     [0m] [1mfetch                         [0m [36mstatus[0m=[35m200[0m [36murl[0m=[35mhttps://meyka.com/blog/ter-teradyne-inc-nasdaq-pre-market-31-mar-2026-27635-ai-test-demand[0m
[2m2026-03-31T12:39:24.114024Z[0m [[32m[1minfo     [0m] [1mfetch                         [0m [36mstatus[0m=[35m200[0m [36murl[0m=[35mhttps://www.stocktitan.net/sec-filings/TER/form-4-teradyne-inc-insider-trading-activity-7b[0m
[2m2026-03-31T12:39:24.489183Z[0m [[32m[1minfo     [0m] [1mfetch                         [0m [36mstatus[0m=[35m200[0m [36murl[0m=[35mhttps://www.stocktitan.net/sec-filings/TER/form-4-teradyne-inc-insider-trading-activity-67[0m
[2m2026-03-31T12:39:24.708807Z[0m [[32m[1minfo     [0m] [1mcrawling                      [0m [36mchannel[0m=[35mGoogle->Benzinga[0m [36mtag[0m=[35mgoogle_benzinga[0m
[2m2026-03-31T12:39:27.137786Z[0m [[32m[1minfo     [0m] [1mfetch                         [0m [36mstatus[0m=[35m200[0m [36murl[0m=[35m'https://news.google.com/rss/search?q=MCHP+site:benzinga.com&hl=en-US&gl=US&ceid=US:en'[0m
[2m2026-03-31T12:39:27.154142Z[0m [[32m[1minfo     [0m] [1mparsed                        [0m [36mchannel[0m=[35mgoogle_benzinga[0m [36mraw[0m=[35m36[0m
[2m2026-03-31T12:39:29.160584Z[0m [[32m[1minfo     [0m] [1mfetch                         [0m [36mstatus[0m=[35m200[0m [36murl[0m=[35m'https://news.google.com/rss/search?q=MCHP+site:benzinga.com&hl=en-US&gl=US&ceid=US:en'[0m
[2m2026-03-31T12:39:29.170463Z[0m [[32m[1minfo     [0m] [1mparsed                        [0m [36mchannel[0m=[35mgoogle_benzinga[0m [36mraw[0m=[35m36[0m
[2m2026-03-31T12:39:29.170563Z[0m [[32m[1minfo     [0m] [1mcrawling                      [0m [36mchannel[0m=[35m'Google News (all)'[0m [36mtag[0m=[35mgoogle_broad[0m
[2m2026-03-31T12:39:31.667058Z[0m [[32m[1minfo     [0m] [1mfetch                         [0m [36mstatus[0m=[35m200[0m [36murl[0m=[35m'https://news.google.com/rss/search?q=MCHP+stock+news&hl=en-US&gl=US&ceid=US:en'[0m
[2m2026-03-31T12:39:31.771157Z[0m [[32m[1minfo     [0m] [1mparsed                        [0m [36mchannel[0m=[35mgoogle_broad[0m [36mraw[0m=[35m100[0m
[2m2026-03-31T12:39:34.212330Z[0m [[32m[1minfo     [0m] [1mfetch                         [0m [36mstatus[0m=[35m200[0m [36murl[0m=[35m'https://news.google.com/rss/search?q=MCHP+earnings+analysis&hl=en-US&gl=US&ceid=US:en'[0m
[2m2026-03-31T12:39:34.229191Z[0m [[32m[1minfo     [0m] [1mparsed                        [0m [36mchannel[0m=[35mgoogle_broad[0m [36mraw[0m=[35m40[0m
[2m2026-03-31T12:39:34.229920Z[0m [[32m[1minfo     [0m] [1mquality_filter                [0m [36minput[0m=[35m212[0m [36mpassed[0m=[35m1[0m
[2m2026-03-31T12:39:34.230033Z[0m [[32m[1minfo     [0m] [1mdedup                         [0m [36mafter[0m=[35m1[0m [36mbefore[0m=[35m1[0m
[2m2026-03-31T12:39:36.246209Z[0m [[32m[1minfo     [0m] [1mfetch                         [0m [36mstatus[0m=[35m403[0m [36murl[0m=[35mhttps://www.gurufocus.com/news/8756817/microchip-technology-inc-mchp-shares-down-343-on-ma[0m
[2m2026-03-31T12:39:36.448338Z[0m [[32m[1minfo     [0m] [1mcrawling                      [0m [36mchannel[0m=[35mGoogle->Benzinga[0m [36mtag[0m=[35mgoogle_benzinga[0m
[2m2026-03-31T12:39:39.177005Z[0m [[32m[1minfo     [0m] [1mfetch                         [0m [36mstatus[0m=[35m200[0m [36murl[0m=[35m'https://news.google.com/rss/search?q=ON+site:benzinga.com&hl=en-US&gl=US&ceid=US:en'[0m
[2m2026-03-31T12:39:39.286755Z[0m [[32m[1minfo     [0m] [1mparsed                        [0m [36mchannel[0m=[35mgoogle_benzinga[0m [36mraw[0m=[35m100[0m
[2m2026-03-31T12:39:41.294182Z[0m [[32m[1minfo     [0m] [1mfetch                         [0m [36mstatus[0m=[35m200[0m [36murl[0m=[35m'https://news.google.com/rss/search?q=ON+site:benzinga.com&hl=en-US&gl=US&ceid=US:en'[0m
[2m2026-03-31T12:39:41.317353Z[0m [[32m[1minfo     [0m] [1mparsed                        [0m [36mchannel[0m=[35mgoogle_benzinga[0m [36mraw[0m=[35m100[0m
[2m2026-03-31T12:39:41.317469Z[0m [[32m[1minfo     [0m] [1mcrawling                      [0m [36mchannel[0m=[35m'Google News (all)'[0m [36mtag[0m=[35mgoogle_broad[0m
[2m2026-03-31T12:39:43.829698Z[0m [[32m[1minfo     [0m] [1mfetch                         [0m [36mstatus[0m=[35m200[0m [36murl[0m=[35m'https://news.google.com/rss/search?q=ON+stock+news&hl=en-US&gl=US&ceid=US:en'[0m
[2m2026-03-31T12:39:43.924118Z[0m [[32m[1minfo     [0m] [1mparsed                        [0m [36mchannel[0m=[35mgoogle_broad[0m [36mraw[0m=[35m97[0m
[2m2026-03-31T12:39:46.423138Z[0m [[32m[1minfo     [0m] [1mfetch                         [0m [36mstatus[0m=[35m200[0m [36murl[0m=[35m'https://news.google.com/rss/search?q=ON+earnings+analysis&hl=en-US&gl=US&ceid=US:en'[0m
[2m2026-03-31T12:39:46.533727Z[0m [[32m[1minfo     [0m] [1mparsed                        [0m [36mchannel[0m=[35mgoogle_broad[0m [36mraw[0m=[35m100[0m
[2m2026-03-31T12:39:46.537402Z[0m [[32m[1minfo     [0m] [1mquality_filter                [0m [36minput[0m=[35m397[0m [36mpassed[0m=[35m83[0m
[2m2026-03-31T12:39:46.544789Z[0m [[32m[1minfo     [0m] [1mdedup                         [0m [36mafter[0m=[35m44[0m [36mbefore[0m=[35m83[0m
[2m2026-03-31T12:39:49.354571Z[0m [[32m[1minfo     [0m] [1mfetch                         [0m [36mstatus[0m=[35m200[0m [36murl[0m=[35mhttps://www.fool.com/investing/2026/03/31/amazon-stock-investors-great-news-openai-robotax[0m
[2m2026-03-31T12:39:54.835770Z[0m [[32m[1minfo     [0m] [1mfetch                         [0m [36mstatus[0m=[35m200[0m [36murl[0m=[35mhttps://www.fool.com/investing/2026/03/30/micron-incredible-news-ai-infrastructure-stock/[0m
[2m2026-03-31T12:40:01.489169Z[0m [[32m[1minfo     [0m] [1mfetch                         [0m [36mstatus[0m=[35m200[0m [36murl[0m=[35mhttps://www.nbcnews.com/business/business-news/oil-jumps-stocks-slide-ahead-us-stock-marke[0m
[2m2026-03-31T12:40:01.840054Z[0m [[32m[1minfo     [0m] [1mfetch                         [0m [36mstatus[0m=[35m200[0m [36murl[0m=[35mhttps://federalnewsnetwork.com/federal-newscast/2026/03/lawmakers-look-to-codify-limits-on[0m
[2m2026-03-31T12:40:03.745615Z[0m [[32m[1minfo     [0m] [1mfetch                         [0m [36mstatus[0m=[35m200[0m [36murl[0m=[35mhttps://www.bloomberg.com/news/articles/2026-03-30/stock-market-today-dow-s-p-live-updates[0m
[2m2026-03-31T12:40:03.955228Z[0m [[32m[1minfo     [0m] [1mcrawling                      [0m [36mchannel[0m=[35mGoogle->Benzinga[0m [36mtag[0m=[35mgoogle_benzinga[0m
[2m2026-03-31T12:40:07.028436Z[0m [[32m[1minfo     [0m] [1mfetch                         [0m [36mstatus[0m=[35m200[0m [36murl[0m=[35m'https://news.google.com/rss/search?q=AAPL+site:benzinga.com&hl=en-US&gl=US&ceid=US:en'[0m
[2m2026-03-31T12:40:07.132192Z[0m [[32m[1minfo     [0m] [1mparsed                        [0m [36mchannel[0m=[35mgoogle_benzinga[0m [36mraw[0m=[35m100[0m
[2m2026-03-31T12:40:09.673054Z[0m [[32m[1minfo     [0m] [1mfetch                         [0m [36mstatus[0m=[35m200[0m [36murl[0m=[35m'https://news.google.com/rss/search?q=AAPL%2BApple+site:benzinga.com&hl=en-US&gl=US&ceid=US'[0m
[2m2026-03-31T12:40:09.785607Z[0m [[32m[1minfo     [0m] [1mparsed                        [0m [36mchannel[0m=[35mgoogle_benzinga[0m [36mraw[0m=[35m100[0m
[2m2026-03-31T12:40:09.785721Z[0m [[32m[1minfo     [0m] [1mcrawling                      [0m [36mchannel[0m=[35m'Google News (all)'[0m [36mtag[0m=[35mgoogle_broad[0m
[2m2026-03-31T12:40:12.430995Z[0m [[32m[1minfo     [0m] [1mfetch                         [0m [36mstatus[0m=[35m200[0m [36murl[0m=[35m'https://news.google.com/rss/search?q=AAPL%2BApple+stock+news&hl=en-US&gl=US&ceid=US:en'[0m
[2m2026-03-31T12:40:12.529477Z[0m [[32m[1minfo     [0m] [1mparsed                        [0m [36mchannel[0m=[35mgoogle_broad[0m [36mraw[0m=[35m100[0m
[2m2026-03-31T12:40:15.192917Z[0m [[32m[1minfo     [0m] [1mfetch                         [0m [36mstatus[0m=[35m200[0m [36murl[0m=[35m'https://news.google.com/rss/search?q=AAPL%2BApple+earnings+analysis&hl=en-US&gl=US&ceid=US'[0m
[2m2026-03-31T12:40:15.298387Z[0m [[32m[1minfo     [0m] [1mparsed                        [0m [36mchannel[0m=[35mgoogle_broad[0m [36mraw[0m=[35m100[0m
[2m2026-03-31T12:40:15.299686Z[0m [[32m[1minfo     [0m] [1mquality_filter                [0m [36minput[0m=[35m400[0m [36mpassed[0m=[35m10[0m
[2m2026-03-31T12:40:15.300376Z[0m [[32m[1minfo     [0m] [1mdedup                         [0m [36mafter[0m=[35m9[0m [36mbefore[0m=[35m10[0m
[2m2026-03-31T12:40:17.255614Z[0m [[32m[1minfo     [0m] [1mfetch                         [0m [36mstatus[0m=[35m403[0m [36murl[0m=[35mhttps://www.tipranks.com/news/apple-stock-aapl-gets-a-rare-sell-rating-from-5-star-barclay[0m
[2m2026-03-31T12:40:17.378161Z[0m [[32m[1minfo     [0m] [1mfetch                         [0m [36mstatus[0m=[35m403[0m [36murl[0m=[35mhttps://tradersunion.com/news/financial-news/show/1822839-apple-drops-1-08percent-today-to[0m
[2m2026-03-31T12:40:18.828667Z[0m [[32m[1minfo     [0m] [1mfetch                         [0m [36mstatus[0m=[35m200[0m [36murl[0m=[35mhttps://seekingalpha.com/news/4570207-apple-in-focus-as-iphone-maker-reiterated-with-buy-a[0m
[2m2026-03-31T12:40:18.840518Z[0m [[32m[1minfo     [0m] [1mfetch                         [0m [36mstatus[0m=[35m200[0m [36murl[0m=[35mhttps://watcher.guru/news/threats-apple-stock-faces-that-can-push-aapl-prices-below-200[0m
[2m2026-03-31T12:40:19.823812Z[0m [[31m[1merror    [0m] [1mfetch_error                   [0m [36merror[0m=[35m"400, message='Got more than 8190 bytes (8800) when reading Header value is too l"[0m [36murl[0m=[35mhttps://finance.yahoo.com/markets/stocks/articles/prediction-apple-wor[0m
[2m2026-03-31T12:40:20.363378Z[0m [[32m[1minfo     [0m] [1mfetch                         [0m [36mstatus[0m=[35m200[0m [36murl[0m=[35mhttps://www.schaeffersresearch.com/content/options/2026/03/30/apple-stock-at-a-crossroads-[0m
[2m2026-03-31T12:40:20.567645Z[0m [[32m[1minfo     [0m] [1mcrawling                      [0m [36mchannel[0m=[35mGoogle->Benzinga[0m [36mtag[0m=[35mgoogle_benzinga[0m
[2m2026-03-31T12:40:23.179362Z[0m [[32m[1minfo     [0m] [1mfetch                         [0m [36mstatus[0m=[35m200[0m [36murl[0m=[35m'https://news.google.com/rss/search?q=BRK.B+site:benzinga.com&hl=en-US&gl=US&ceid=US:en'[0m
[2m2026-03-31T12:40:23.284291Z[0m [[32m[1minfo     [0m] [1mparsed                        [0m [36mchannel[0m=[35mgoogle_benzinga[0m [36mraw[0m=[35m100[0m
[2m2026-03-31T12:40:25.291258Z[0m [[32m[1minfo     [0m] [1mfetch                         [0m [36mstatus[0m=[35m200[0m [36murl[0m=[35m'https://news.google.com/rss/search?q=BRK.B+site:benzinga.com&hl=en-US&gl=US&ceid=US:en'[0m
[2m2026-03-31T12:40:25.315300Z[0m [[32m[1minfo     [0m] [1mparsed                        [0m [36mchannel[0m=[35mgoogle_benzinga[0m [36mraw[0m=[35m100[0m
[2m2026-03-31T12:40:25.315409Z[0m [[32m[1minfo     [0m] [1mcrawling                      [0m [36mchannel[0m=[35m'Google News (all)'[0m [36mtag[0m=[35mgoogle_broad[0m
[2m2026-03-31T12:40:27.960515Z[0m [[32m[1minfo     [0m] [1mfetch                         [0m [36mstatus[0m=[35m200[0m [36murl[0m=[35m'https://news.google.com/rss/search?q=BRK.B+stock+news&hl=en-US&gl=US&ceid=US:en'[0m
[2m2026-03-31T12:40:28.065228Z[0m [[32m[1minfo     [0m] [1mparsed                        [0m [36mchannel[0m=[35mgoogle_broad[0m [36mraw[0m=[35m100[0m
[2m2026-03-31T12:40:30.568071Z[0m [[32m[1minfo     [0m] [1mfetch                         [0m [36mstatus[0m=[35m200[0m [36murl[0m=[35m'https://news.google.com/rss/search?q=BRK.B+earnings+analysis&hl=en-US&gl=US&ceid=US:en'[0m
[2m2026-03-31T12:40:30.682132Z[0m [[32m[1minfo     [0m] [1mparsed                        [0m [36mchannel[0m=[35mgoogle_broad[0m [36mraw[0m=[35m100[0m
[2m2026-03-31T12:40:30.682790Z[0m [[32m[1minfo     [0m] [1mquality_filter                [0m [36minput[0m=[35m400[0m [36mpassed[0m=[35m3[0m
[2m2026-03-31T12:40:30.683017Z[0m [[32m[1minfo     [0m] [1mdedup                         [0m [36mafter[0m=[35m2[0m [36mbefore[0m=[35m3[0m
[2m2026-03-31T12:40:32.606646Z[0m [[32m[1minfo     [0m] [1mfetch                         [0m [36mstatus[0m=[35m200[0m [36murl[0m=[35mhttps://www.insidermonkey.com/blog/is-berkshire-hathaway-brk-b-the-best-safe-haven-stock-t[0m
[2m2026-03-31T12:40:34.030784Z[0m [[31m[1merror    [0m] [1mfetch_error                   [0m [36merror[0m=[35m"400, message='Got more than 8190 bytes (8704) when reading Header value is too l"[0m [36murl[0m=[35mhttps://sg.finance.yahoo.com/news/berkshire-hathaway-b-brk-b-153001021[0m
[2m2026-03-31T12:40:34.233069Z[0m [[32m[1minfo     [0m] [1mcrawling                      [0m [36mchannel[0m=[35mGoogle->Benzinga[0m [36mtag[0m=[35mgoogle_benzinga[0m
[2m2026-03-31T12:40:36.898121Z[0m [[32m[1minfo     [0m] [1mfetch                         [0m [36mstatus[0m=[35m200[0m [36murl[0m=[35m'https://news.google.com/rss/search?q=WMT+site:benzinga.com&hl=en-US&gl=US&ceid=US:en'[0m
[2m2026-03-31T12:40:37.002586Z[0m [[32m[1minfo     [0m] [1mparsed                        [0m [36mchannel[0m=[35mgoogle_benzinga[0m [36mraw[0m=[35m100[0m
[2m2026-03-31T12:40:39.009483Z[0m [[32m[1minfo     [0m] [1mfetch                         [0m [36mstatus[0m=[35m200[0m [36murl[0m=[35m'https://news.google.com/rss/search?q=WMT+site:benzinga.com&hl=en-US&gl=US&ceid=US:en'[0m
[2m2026-03-31T12:40:39.031753Z[0m [[32m[1minfo     [0m] [1mparsed                        [0m [36mchannel[0m=[35mgoogle_benzinga[0m [36mraw[0m=[35m100[0m
[2m2026-03-31T12:40:39.031873Z[0m [[32m[1minfo     [0m] [1mcrawling                      [0m [36mchannel[0m=[35m'Google News (all)'[0m [36mtag[0m=[35mgoogle_broad[0m
[2m2026-03-31T12:40:41.529534Z[0m [[32m[1minfo     [0m] [1mfetch                         [0m [36mstatus[0m=[35m200[0m [36murl[0m=[35m'https://news.google.com/rss/search?q=WMT+stock+news&hl=en-US&gl=US&ceid=US:en'[0m
[2m2026-03-31T12:40:41.631156Z[0m [[32m[1minfo     [0m] [1mparsed                        [0m [36mchannel[0m=[35mgoogle_broad[0m [36mraw[0m=[35m100[0m
[2m2026-03-31T12:40:44.196100Z[0m [[32m[1minfo     [0m] [1mfetch                         [0m [36mstatus[0m=[35m200[0m [36murl[0m=[35m'https://news.google.com/rss/search?q=WMT+earnings+analysis&hl=en-US&gl=US&ceid=US:en'[0m
[2m2026-03-31T12:40:44.307941Z[0m [[32m[1minfo     [0m] [1mparsed                        [0m [36mchannel[0m=[35mgoogle_broad[0m [36mraw[0m=[35m100[0m
[2m2026-03-31T12:40:44.308659Z[0m [[32m[1minfo     [0m] [1mquality_filter                [0m [36minput[0m=[35m400[0m [36mpassed[0m=[35m3[0m
[2m2026-03-31T12:40:44.308890Z[0m [[32m[1minfo     [0m] [1mdedup                         [0m [36mafter[0m=[35m3[0m [36mbefore[0m=[35m3[0m
[2m2026-03-31T12:40:46.810792Z[0m [[31m[1merror    [0m] [1mfetch_error                   [0m [36merror[0m=[35m"400, message='Got more than 8190 bytes (8800) when reading Header value is too l"[0m [36murl[0m=[35mhttps://finance.yahoo.com/markets/stocks/articles/walmart-wmt-best-sto[0m
[2m2026-03-31T12:40:47.707523Z[0m [[32m[1minfo     [0m] [1mfetch                         [0m [36mstatus[0m=[35m200[0m [36murl[0m=[35mhttps://www.marketbeat.com/instant-alerts/filing-nova-r-wealth-inc-buys-16360-shares-of-wa[0m
[2m2026-03-31T12:40:47.710307Z[0m [[32m[1minfo     [0m] [1mfetch                         [0m [36mstatus[0m=[35m200[0m [36murl[0m=[35mhttps://www.indexbox.io/blog/walmart-stock-wmt-growth-drivers-and-valuation-analysis/[0m
[2m2026-03-31T12:40:47.969015Z[0m [[32m[1minfo     [0m] [1mcrawling                      [0m [36mchannel[0m=[35mGoogle->Benzinga[0m [36mtag[0m=[35mgoogle_benzinga[0m
[2m2026-03-31T12:40:50.637444Z[0m [[32m[1minfo     [0m] [1mfetch                         [0m [36mstatus[0m=[35m200[0m [36murl[0m=[35m'https://news.google.com/rss/search?q=JPM+site:benzinga.com&hl=en-US&gl=US&ceid=US:en'[0m
[2m2026-03-31T12:40:50.728279Z[0m [[32m[1minfo     [0m] [1mparsed                        [0m [36mchannel[0m=[35mgoogle_benzinga[0m [36mraw[0m=[35m100[0m
[2m2026-03-31T12:40:52.734866Z[0m [[32m[1minfo     [0m] [1mfetch                         [0m [36mstatus[0m=[35m200[0m [36murl[0m=[35m'https://news.google.com/rss/search?q=JPM+site:benzinga.com&hl=en-US&gl=US&ceid=US:en'[0m
[2m2026-03-31T12:40:52.758074Z[0m [[32m[1minfo     [0m] [1mparsed                        [0m [36mchannel[0m=[35mgoogle_benzinga[0m [36mraw[0m=[35m100[0m
[2m2026-03-31T12:40:52.758178Z[0m [[32m[1minfo     [0m] [1mcrawling                      [0m [36mchannel[0m=[35m'Google News (all)'[0m [36mtag[0m=[35mgoogle_broad[0m
[2m2026-03-31T12:40:55.360230Z[0m [[32m[1minfo     [0m] [1mfetch                         [0m [36mstatus[0m=[35m200[0m [36murl[0m=[35m'https://news.google.com/rss/search?q=JPM+stock+news&hl=en-US&gl=US&ceid=US:en'[0m
[2m2026-03-31T12:40:55.451418Z[0m [[32m[1minfo     [0m] [1mparsed                        [0m [36mchannel[0m=[35mgoogle_broad[0m [36mraw[0m=[35m100[0m
[2m2026-03-31T12:40:58.072966Z[0m [[32m[1minfo     [0m] [1mfetch                         [0m [36mstatus[0m=[35m200[0m [36murl[0m=[35m'https://news.google.com/rss/search?q=JPM+earnings+analysis&hl=en-US&gl=US&ceid=US:en'[0m
[2m2026-03-31T12:40:58.100892Z[0m [[32m[1minfo     [0m] [1mparsed                        [0m [36mchannel[0m=[35mgoogle_broad[0m [36mraw[0m=[35m100[0m
[2m2026-03-31T12:40:58.101950Z[0m [[32m[1minfo     [0m] [1mquality_filter                [0m [36minput[0m=[35m400[0m [36mpassed[0m=[35m9[0m
[2m2026-03-31T12:40:58.102489Z[0m [[32m[1minfo     [0m] [1mdedup                         [0m [36mafter[0m=[35m9[0m [36mbefore[0m=[35m9[0m
[2m2026-03-31T12:40:59.979105Z[0m [[32m[1minfo     [0m] [1mfetch                         [0m [36mstatus[0m=[35m403[0m [36murl[0m=[35mhttps://www.investing.com/news/analyst-ratings/piper-sandler-cuts-jpmorgan-stock-price-tar[0m
[2m2026-03-31T12:41:00.019262Z[0m [[32m[1minfo     [0m] [1mfetch                         [0m [36mstatus[0m=[35m200[0m [36murl[0m=[35mhttps://www.marketbeat.com/instant-alerts/filing-jpmorgan-chase-co-jpm-stock-holdings-lift[0m
[2m2026-03-31T12:41:00.220037Z[0m [[32m[1minfo     [0m] [1mfetch                         [0m [36mstatus[0m=[35m403[0m [36murl[0m=[35mhttps://www.gurufocus.com/news/8757393/piper-sandler-lowers-price-target-for-jpmorgan-chas[0m
[2m2026-03-31T12:41:00.528049Z[0m [[32m[1minfo     [0m] [1mfetch                         [0m [36mstatus[0m=[35m200[0m [36murl[0m=[35mhttps://www.marketbeat.com/instant-alerts/filing-natwest-group-plc-raises-position-in-jpmo[0m
[2m2026-03-31T12:41:01.558295Z[0m [[32m[1minfo     [0m] [1mfetch                         [0m [36mstatus[0m=[35m200[0m [36murl[0m=[35mhttps://www.theglobeandmail.com/investing/markets/markets-news/Tipranks/1060585/wells-farg[0m
[2m2026-03-31T12:41:01.923530Z[0m [[32m[1minfo     [0m] [1mfetch                         [0m [36mstatus[0m=[35m403[0m [36murl[0m=[35mhttps://www.tipranks.com/news/article/jpmorgan-or-bank-of-america-jefferies-names-the-top-[0m
[2m2026-03-31T12:41:02.445320Z[0m [[32m[1minfo     [0m] [1mfetch                         [0m [36mstatus[0m=[35m200[0m [36murl[0m=[35mhttps://www.stocktitan.net/news/JPM/jp-morgan-chase-launches-american-dream-initiative-to-[0m
[2m2026-03-31T12:41:03.390446Z[0m [[32m[1minfo     [0m] [1mfetch                         [0m [36mstatus[0m=[35m200[0m [36murl[0m=[35mhttps://coincentral.com/jpmorgan-chase-jpm-stock-plans-80b-small-business-lending-push-her[0m
[2m2026-03-31T12:41:03.594993Z[0m [[32m[1minfo     [0m] [1mcrawling                      [0m [36mchannel[0m=[35mGoogle->Benzinga[0m [36mtag[0m=[35mgoogle_benzinga[0m
[2m2026-03-31T12:41:06.161185Z[0m [[32m[1minfo     [0m] [1mfetch                         [0m [36mstatus[0m=[35m200[0m [36murl[0m=[35m'https://news.google.com/rss/search?q=JNJ+site:benzinga.com&hl=en-US&gl=US&ceid=US:en'[0m
[2m2026-03-31T12:41:06.257892Z[0m [[32m[1minfo     [0m] [1mparsed                        [0m [36mchannel[0m=[35mgoogle_benzinga[0m [36mraw[0m=[35m100[0m
[2m2026-03-31T12:41:08.263244Z[0m [[32m[1minfo     [0m] [1mfetch                         [0m [36mstatus[0m=[35m200[0m [36murl[0m=[35m'https://news.google.com/rss/search?q=JNJ+site:benzinga.com&hl=en-US&gl=US&ceid=US:en'[0m
[2m2026-03-31T12:41:08.287511Z[0m [[32m[1minfo     [0m] [1mparsed                        [0m [36mchannel[0m=[35mgoogle_benzinga[0m [36mraw[0m=[35m100[0m
[2m2026-03-31T12:41:08.287612Z[0m [[32m[1minfo     [0m] [1mcrawling                      [0m [36mchannel[0m=[35m'Google News (all)'[0m [36mtag[0m=[35mgoogle_broad[0m
[2m2026-03-31T12:41:10.882188Z[0m [[32m[1minfo     [0m] [1mfetch                         [0m [36mstatus[0m=[35m200[0m [36murl[0m=[35m'https://news.google.com/rss/search?q=JNJ+stock+news&hl=en-US&gl=US&ceid=US:en'[0m
[2m2026-03-31T12:41:10.977445Z[0m [[32m[1minfo     [0m] [1mparsed                        [0m [36mchannel[0m=[35mgoogle_broad[0m [36mraw[0m=[35m100[0m
[2m2026-03-31T12:41:13.556890Z[0m [[32m[1minfo     [0m] [1mfetch                         [0m [36mstatus[0m=[35m200[0m [36murl[0m=[35m'https://news.google.com/rss/search?q=JNJ+earnings+analysis&hl=en-US&gl=US&ceid=US:en'[0m
[2m2026-03-31T12:41:13.653929Z[0m [[32m[1minfo     [0m] [1mparsed                        [0m [36mchannel[0m=[35mgoogle_broad[0m [36mraw[0m=[35m77[0m
[2m2026-03-31T12:41:13.654779Z[0m [[32m[1minfo     [0m] [1mquality_filter                [0m [36minput[0m=[35m377[0m [36mpassed[0m=[35m8[0m
[2m2026-03-31T12:41:13.655223Z[0m [[32m[1minfo     [0m] [1mdedup                         [0m [36mafter[0m=[35m8[0m [36mbefore[0m=[35m8[0m
[2m2026-03-31T12:41:15.514602Z[0m [[32m[1minfo     [0m] [1mfetch                         [0m [36mstatus[0m=[35m403[0m [36murl[0m=[35mhttps://www.gurufocus.com/news/8757226/rbc-capital-reiterates-outperform-rating-for-jnj-at[0m
[2m2026-03-31T12:41:15.619121Z[0m [[32m[1minfo     [0m] [1mfetch                         [0m [36mstatus[0m=[35m200[0m [36murl[0m=[35mhttps://seekingalpha.com/article/4887302-johnson-and-johnson-the-return-of-the-dividend-ki[0m
[2m2026-03-31T12:41:15.723618Z[0m [[32m[1minfo     [0m] [1mfetch                         [0m [36mstatus[0m=[35m200[0m [36murl[0m=[35mhttps://www.marketbeat.com/instant-alerts/johnson-johnson-nysejnj-earns-outperform-rating-[0m
[2m2026-03-31T12:41:15.995936Z[0m [[32m[1minfo     [0m] [1mfetch                         [0m [36mstatus[0m=[35m200[0m [36murl[0m=[35mhttps://www.marketbeat.com/instant-alerts/filing-exchange-traded-concepts-llc-decreases-st[0m
[2m2026-03-31T12:41:16.145447Z[0m [[32m[1minfo     [0m] [1mfetch                         [0m [36mstatus[0m=[35m200[0m [36murl[0m=[35mhttps://www.marketbeat.com/instant-alerts/filing-tabr-capital-management-llc-buys-new-shar[0m
[2m2026-03-31T12:41:17.101066Z[0m [[32m[1minfo     [0m] [1mfetch                         [0m [36mstatus[0m=[35m200[0m [36murl[0m=[35mhttps://www.marketbeat.com/instant-alerts/filing-capital-investment-advisors-llc-increases[0m
[2m2026-03-31T12:41:17.319310Z[0m [[31m[1merror    [0m] [1mfetch_error                   [0m [36merror[0m=[35m"400, message='Got more than 8190 bytes (8704) when reading Header value is too l"[0m [36murl[0m=[35mhttps://ca.finance.yahoo.com/news/why-johnson-johnson-jnj-great-154502[0m
[2m2026-03-31T12:41:17.368283Z[0m [[32m[1minfo     [0m] [1mfetch                         [0m [36mstatus[0m=[35m200[0m [36murl[0m=[35mhttps://www.marketbeat.com/instant-alerts/filing-johnson-johnson-jnj-stock-position-trimme[0m
[2m2026-03-31T12:41:17.629761Z[0m [[32m[1minfo     [0m] [1mcrawling                      [0m [36mchannel[0m=[35mGoogle->Benzinga[0m [36mtag[0m=[35mgoogle_benzinga[0m
[2m2026-03-31T12:41:20.964815Z[0m [[32m[1minfo     [0m] [1mfetch                         [0m [36mstatus[0m=[35m200[0m [36murl[0m=[35m'https://news.google.com/rss/search?q=COST+site:benzinga.com&hl=en-US&gl=US&ceid=US:en'[0m
[2m2026-03-31T12:41:21.074548Z[0m [[32m[1minfo     [0m] [1mparsed                        [0m [36mchannel[0m=[35mgoogle_benzinga[0m [36mraw[0m=[35m100[0m
[2m2026-03-31T12:41:23.085347Z[0m [[32m[1minfo     [0m] [1mfetch                         [0m [36mstatus[0m=[35m200[0m [36murl[0m=[35m'https://news.google.com/rss/search?q=COST+site:benzinga.com&hl=en-US&gl=US&ceid=US:en'[0m
[2m2026-03-31T12:41:23.110681Z[0m [[32m[1minfo     [0m] [1mparsed                        [0m [36mchannel[0m=[35mgoogle_benzinga[0m [36mraw[0m=[35m100[0m
[2m2026-03-31T12:41:23.110795Z[0m [[32m[1minfo     [0m] [1mcrawling                      [0m [36mchannel[0m=[35m'Google News (all)'[0m [36mtag[0m=[35mgoogle_broad[0m
[2m2026-03-31T12:41:25.572255Z[0m [[32m[1minfo     [0m] [1mfetch                         [0m [36mstatus[0m=[35m200[0m [36murl[0m=[35m'https://news.google.com/rss/search?q=COST+stock+news&hl=en-US&gl=US&ceid=US:en'[0m
[2m2026-03-31T12:41:25.667769Z[0m [[32m[1minfo     [0m] [1mparsed                        [0m [36mchannel[0m=[35mgoogle_broad[0m [36mraw[0m=[35m98[0m
[2m2026-03-31T12:41:28.349194Z[0m [[32m[1minfo     [0m] [1mfetch                         [0m [36mstatus[0m=[35m200[0m [36murl[0m=[35m'https://news.google.com/rss/search?q=COST+earnings+analysis&hl=en-US&gl=US&ceid=US:en'[0m
[2m2026-03-31T12:41:28.459939Z[0m [[32m[1minfo     [0m] [1mparsed                        [0m [36mchannel[0m=[35mgoogle_broad[0m [36mraw[0m=[35m100[0m
[2m2026-03-31T12:41:28.461003Z[0m [[32m[1minfo     [0m] [1mquality_filter                [0m [36minput[0m=[35m398[0m [36mpassed[0m=[35m6[0m
[2m2026-03-31T12:41:28.461414Z[0m [[32m[1minfo     [0m] [1mdedup                         [0m [36mafter[0m=[35m4[0m [36mbefore[0m=[35m6[0m
[2m2026-03-31T12:41:31.114176Z[0m [[32m[1minfo     [0m] [1mfetch                         [0m [36mstatus[0m=[35m200[0m [36murl[0m=[35mhttps://www.stocktitan.net/news/SMX/a-new-plastics-economy-how-smx-turns-recycling-into-s3[0m
[2m2026-03-31T12:41:31.832939Z[0m [[32m[1minfo     [0m] [1mfetch                         [0m [36mstatus[0m=[35m200[0m [36murl[0m=[35mhttps://www.ad-hoc-news.de/boerse/news/ueberblick/celcomdigi-bhd-stock-malaysia-s-leading-[0m
[2m2026-03-31T12:41:32.035724Z[0m [[32m[1minfo     [0m] [1mcrawling                      [0m [36mchannel[0m=[35mGoogle->Benzinga[0m [36mtag[0m=[35mgoogle_benzinga[0m
[2m2026-03-31T12:41:34.651144Z[0m [[32m[1minfo     [0m] [1mfetch                         [0m [36mstatus[0m=[35m200[0m [36murl[0m=[35m'https://news.google.com/rss/search?q=ABBV+site:benzinga.com&hl=en-US&gl=US&ceid=US:en'[0m
[2m2026-03-31T12:41:34.746600Z[0m [[32m[1minfo     [0m] [1mparsed                        [0m [36mchannel[0m=[35mgoogle_benzinga[0m [36mraw[0m=[35m84[0m
[2m2026-03-31T12:41:36.752754Z[0m [[32m[1minfo     [0m] [1mfetch                         [0m [36mstatus[0m=[35m200[0m [36murl[0m=[35m'https://news.google.com/rss/search?q=ABBV+site:benzinga.com&hl=en-US&gl=US&ceid=US:en'[0m
[2m2026-03-31T12:41:36.774544Z[0m [[32m[1minfo     [0m] [1mparsed                        [0m [36mchannel[0m=[35mgoogle_benzinga[0m [36mraw[0m=[35m84[0m
[2m2026-03-31T12:41:36.774647Z[0m [[32m[1minfo     [0m] [1mcrawling                      [0m [36mchannel[0m=[35m'Google News (all)'[0m [36mtag[0m=[35mgoogle_broad[0m
[2m2026-03-31T12:41:39.407441Z[0m [[32m[1minfo     [0m] [1mfetch                         [0m [36mstatus[0m=[35m200[0m [36murl[0m=[35m'https://news.google.com/rss/search?q=ABBV+stock+news&hl=en-US&gl=US&ceid=US:en'[0m
[2m2026-03-31T12:41:39.505648Z[0m [[32m[1minfo     [0m] [1mparsed                        [0m [36mchannel[0m=[35mgoogle_broad[0m [36mraw[0m=[35m100[0m
[2m2026-03-31T12:41:41.932727Z[0m [[32m[1minfo     [0m] [1mfetch                         [0m [36mstatus[0m=[35m200[0m [36murl[0m=[35m'https://news.google.com/rss/search?q=ABBV+earnings+analysis&hl=en-US&gl=US&ceid=US:en'[0m
[2m2026-03-31T12:41:41.966404Z[0m [[32m[1minfo     [0m] [1mparsed                        [0m [36mchannel[0m=[35mgoogle_broad[0m [36mraw[0m=[35m58[0m
[2m2026-03-31T12:41:41.967125Z[0m [[32m[1minfo     [0m] [1mquality_filter                [0m [36minput[0m=[35m326[0m [36mpassed[0m=[35m4[0m
[2m2026-03-31T12:41:41.967391Z[0m [[32m[1minfo     [0m] [1mdedup                         [0m [36mafter[0m=[35m4[0m [36mbefore[0m=[35m4[0m
[2m2026-03-31T12:41:43.702618Z[0m [[32m[1minfo     [0m] [1mfetch                         [0m [36mstatus[0m=[35m403[0m [36murl[0m=[35mhttps://tradersunion.com/news/companies/show/1821199-abbvie-slips-0-83percent-today/[0m
[2m2026-03-31T12:41:43.935768Z[0m [[32m[1minfo     [0m] [1mfetch                         [0m [36mstatus[0m=[35m200[0m [36murl[0m=[35mhttps://www.marketbeat.com/instant-alerts/filing-financial-planning-hawaii-inc-invests-290[0m
[2m2026-03-31T12:41:44.171200Z[0m [[32m[1minfo     [0m] [1mfetch                         [0m [36mstatus[0m=[35m403[0m [36murl[0m=[35mhttps://tradersunion.com/news/companies/show/1821132-abbvie-down-0-83percent-today-at/[0m
[2m2026-03-31T12:41:44.203790Z[0m [[32m[1minfo     [0m] [1mfetch                         [0m [36mstatus[0m=[35m200[0m [36murl[0m=[35mhttps://www.marketbeat.com/instant-alerts/filing-abbvie-inc-abbv-stock-position-raised-by-[0m
[2m2026-03-31T12:41:44.551080Z[0m [[32m[1minfo     [0m] [1mcrawling                      [0m [36mchannel[0m=[35mGoogle->Benzinga[0m [36mtag[0m=[35mgoogle_benzinga[0m
[2m2026-03-31T12:41:47.254063Z[0m [[32m[1minfo     [0m] [1mfetch                         [0m [36mstatus[0m=[35m200[0m [36murl[0m=[35m'https://news.google.com/rss/search?q=NFLX+site:benzinga.com&hl=en-US&gl=US&ceid=US:en'[0m
[2m2026-03-31T12:41:47.360876Z[0m [[32m[1minfo     [0m] [1mparsed                        [0m [36mchannel[0m=[35mgoogle_benzinga[0m [36mraw[0m=[35m100[0m
[2m2026-03-31T12:41:49.366763Z[0m [[32m[1minfo     [0m] [1mfetch                         [0m [36mstatus[0m=[35m200[0m [36murl[0m=[35m'https://news.google.com/rss/search?q=NFLX+site:benzinga.com&hl=en-US&gl=US&ceid=US:en'[0m
[2m2026-03-31T12:41:49.387978Z[0m [[32m[1minfo     [0m] [1mparsed                        [0m [36mchannel[0m=[35mgoogle_benzinga[0m [36mraw[0m=[35m100[0m
[2m2026-03-31T12:41:49.388083Z[0m [[32m[1minfo     [0m] [1mcrawling                      [0m [36mchannel[0m=[35m'Google News (all)'[0m [36mtag[0m=[35mgoogle_broad[0m
[2m2026-03-31T12:41:52.027732Z[0m [[32m[1minfo     [0m] [1mfetch                         [0m [36mstatus[0m=[35m200[0m [36murl[0m=[35m'https://news.google.com/rss/search?q=NFLX+stock+news&hl=en-US&gl=US&ceid=US:en'[0m
[2m2026-03-31T12:41:52.124732Z[0m [[32m[1minfo     [0m] [1mparsed                        [0m [36mchannel[0m=[35mgoogle_broad[0m [36mraw[0m=[35m100[0m
[2m2026-03-31T12:41:54.644344Z[0m [[32m[1minfo     [0m] [1mfetch                         [0m [36mstatus[0m=[35m200[0m [36murl[0m=[35m'https://news.google.com/rss/search?q=NFLX+earnings+analysis&hl=en-US&gl=US&ceid=US:en'[0m
[2m2026-03-31T12:41:54.755415Z[0m [[32m[1minfo     [0m] [1mparsed                        [0m [36mchannel[0m=[35mgoogle_broad[0m [36mraw[0m=[35m100[0m
[2m2026-03-31T12:41:54.756308Z[0m [[32m[1minfo     [0m] [1mquality_filter                [0m [36minput[0m=[35m400[0m [36mpassed[0m=[35m10[0m
[2m2026-03-31T12:41:54.756870Z[0m [[32m[1minfo     [0m] [1mdedup                         [0m [36mafter[0m=[35m10[0m [36mbefore[0m=[35m10[0m
[2m2026-03-31T12:41:56.699689Z[0m [[32m[1minfo     [0m] [1mfetch                         [0m [36mstatus[0m=[35m200[0m [36murl[0m=[35mhttps://www.tradingview.com/news/zacks:4c277ecc0094b:0-nflx-vs-roku-which-ad-supported-str[0m
[2m2026-03-31T12:41:56.812372Z[0m [[32m[1minfo     [0m] [1mfetch                         [0m [36mstatus[0m=[35m403[0m [36murl[0m=[35mhttps://www.gurufocus.com/news/8757055/netflix-nflx-receives-market-perform-rating-in-late[0m
[2m2026-03-31T12:41:56.842003Z[0m [[32m[1minfo     [0m] [1mfetch                         [0m [36mstatus[0m=[35m200[0m [36murl[0m=[35mhttps://www.marketbeat.com/instant-alerts/filing-netflix-inc-nflx-stock-holdings-increased[0m
[2m2026-03-31T12:41:56.982620Z[0m [[32m[1minfo     [0m] [1mfetch                         [0m [36mstatus[0m=[35m403[0m [36murl[0m=[35mhttps://www.mexc.com/news/992502[0m
[2m2026-03-31T12:41:57.176960Z[0m [[32m[1minfo     [0m] [1mfetch                         [0m [36mstatus[0m=[35m200[0m [36murl[0m=[35mhttps://www.marketbeat.com/instant-alerts/filing-allspring-global-investments-holdings-llc[0m
[2m2026-03-31T12:41:57.389080Z[0m [[32m[1minfo     [0m] [1mfetch                         [0m [36mstatus[0m=[35m200[0m [36murl[0m=[35mhttps://seekingalpha.com/news/4570437-netflix-eyes-bigger-nfl-package-with-more-live-games[0m
[2m2026-03-31T12:41:58.708715Z[0m [[32m[1minfo     [0m] [1mfetch                         [0m [36mstatus[0m=[35m403[0m [36murl[0m=[35mhttps://www.tipranks.com/news/customers-react-to-netflix-price-hikes-netflix-stock-nasdaqn[0m
[2m2026-03-31T12:41:58.820134Z[0m [[32m[1minfo     [0m] [1mfetch                         [0m [36mstatus[0m=[35m200[0m [36murl[0m=[35mhttps://stockstory.org/us/stocks/nasdaq/nflx/news/buy-or-sell/3-reasons-were-fans-of-netfl[0m
[2m2026-03-31T12:41:58.840555Z[0m [[32m[1minfo     [0m] [1mfetch                         [0m [36mstatus[0m=[35m403[0m [36murl[0m=[35mhttps://www.tipranks.com/news/heres-why-citizens-is-cautious-on-netflix-stock-nflx-while-n[0m
[2m2026-03-31T12:42:00.967524Z[0m [[32m[1minfo     [0m] [1mfetch                         [0m [36mstatus[0m=[35m200[0m [36murl[0m=[35mhttps://coincentral.com/netflix-nflx-stock-wall-street-weighs-in-after-march-price-increas[0m
[2m2026-03-31T12:42:01.217211Z[0m [[32m[1minfo     [0m] [1mcrawling                      [0m [36mchannel[0m=[35mGoogle->Benzinga[0m [36mtag[0m=[35mgoogle_benzinga[0m
[2m2026-03-31T12:42:03.910731Z[0m [[32m[1minfo     [0m] [1mfetch                         [0m [36mstatus[0m=[35m200[0m [36murl[0m=[35m'https://news.google.com/rss/search?q=PG+site:benzinga.com&hl=en-US&gl=US&ceid=US:en'[0m
[2m2026-03-31T12:42:04.015116Z[0m [[32m[1minfo     [0m] [1mparsed                        [0m [36mchannel[0m=[35mgoogle_benzinga[0m [36mraw[0m=[35m98[0m
[2m2026-03-31T12:42:06.022357Z[0m [[32m[1minfo     [0m] [1mfetch                         [0m [36mstatus[0m=[35m200[0m [36murl[0m=[35m'https://news.google.com/rss/search?q=PG+site:benzinga.com&hl=en-US&gl=US&ceid=US:en'[0m
[2m2026-03-31T12:42:06.044841Z[0m [[32m[1minfo     [0m] [1mparsed                        [0m [36mchannel[0m=[35mgoogle_benzinga[0m [36mraw[0m=[35m98[0m
[2m2026-03-31T12:42:06.044949Z[0m [[32m[1minfo     [0m] [1mcrawling                      [0m [36mchannel[0m=[35m'Google News (all)'[0m [36mtag[0m=[35mgoogle_broad[0m
[2m2026-03-31T12:42:08.517134Z[0m [[32m[1minfo     [0m] [1mfetch                         [0m [36mstatus[0m=[35m200[0m [36murl[0m=[35m'https://news.google.com/rss/search?q=PG+stock+news&hl=en-US&gl=US&ceid=US:en'[0m
[2m2026-03-31T12:42:08.629088Z[0m [[32m[1minfo     [0m] [1mparsed                        [0m [36mchannel[0m=[35mgoogle_broad[0m [36mraw[0m=[35m100[0m
[2m2026-03-31T12:42:11.166390Z[0m [[32m[1minfo     [0m] [1mfetch                         [0m [36mstatus[0m=[35m200[0m [36murl[0m=[35m'https://news.google.com/rss/search?q=PG+earnings+analysis&hl=en-US&gl=US&ceid=US:en'[0m
[2m2026-03-31T12:42:11.254777Z[0m [[32m[1minfo     [0m] [1mparsed                        [0m [36mchannel[0m=[35mgoogle_broad[0m [36mraw[0m=[35m67[0m
[2m2026-03-31T12:42:11.255702Z[0m [[32m[1minfo     [0m] [1mquality_filter                [0m [36minput[0m=[35m363[0m [36mpassed[0m=[35m4[0m
[2m2026-03-31T12:42:11.255977Z[0m [[32m[1minfo     [0m] [1mdedup                         [0m [36mafter[0m=[35m4[0m [36mbefore[0m=[35m4[0m
[2m2026-03-31T12:42:13.207962Z[0m [[32m[1minfo     [0m] [1mfetch                         [0m [36mstatus[0m=[35m403[0m [36murl[0m=[35mhttps://www.gurufocus.com/news/8757372/pg-deutsche-bank-lowers-price-target-to-162-maintai[0m
[2m2026-03-31T12:42:13.613942Z[0m [[32m[1minfo     [0m] [1mfetch                         [0m [36mstatus[0m=[35m200[0m [36murl[0m=[35mhttps://www.marketbeat.com/instant-alerts/procter-gamble-nysepg-stock-price-up-14-time-to-[0m
[2m2026-03-31T12:42:13.664194Z[0m [[32m[1minfo     [0m] [1mfetch                         [0m [36mstatus[0m=[35m403[0m [36murl[0m=[35mhttps://www.gurufocus.com/news/8757371/procter-gamble-pg-analyst-rating-deutsche-bank-lowe[0m
[2m2026-03-31T12:42:14.160738Z[0m [[32m[1minfo     [0m] [1mfetch                         [0m [36mstatus[0m=[35m200[0m [36murl[0m=[35mhttps://www.indexbox.io/blog/procter-gamble-a-steady-performer-in-economic-uncertainty/[0m
[2m2026-03-31T12:42:14.364239Z[0m [[32m[1minfo     [0m] [1mcrawling                      [0m [36mchannel[0m=[35mGoogle->Benzinga[0m [36mtag[0m=[35mgoogle_benzinga[0m
[2m2026-03-31T12:42:17.024079Z[0m [[32m[1minfo     [0m] [1mfetch                         [0m [36mstatus[0m=[35m200[0m [36murl[0m=[35m'https://news.google.com/rss/search?q=HD+site:benzinga.com&hl=en-US&gl=US&ceid=US:en'[0m
[2m2026-03-31T12:42:17.122057Z[0m [[32m[1minfo     [0m] [1mparsed                        [0m [36mchannel[0m=[35mgoogle_benzinga[0m [36mraw[0m=[35m100[0m
[2m2026-03-31T12:42:19.129134Z[0m [[32m[1minfo     [0m] [1mfetch                         [0m [36mstatus[0m=[35m200[0m [36murl[0m=[35m'https://news.google.com/rss/search?q=HD+site:benzinga.com&hl=en-US&gl=US&ceid=US:en'[0m
[2m2026-03-31T12:42:19.151774Z[0m [[32m[1minfo     [0m] [1mparsed                        [0m [36mchannel[0m=[35mgoogle_benzinga[0m [36mraw[0m=[35m100[0m
[2m2026-03-31T12:42:19.151889Z[0m [[32m[1minfo     [0m] [1mcrawling                      [0m [36mchannel[0m=[35m'Google News (all)'[0m [36mtag[0m=[35mgoogle_broad[0m
[2m2026-03-31T12:42:21.619937Z[0m [[32m[1minfo     [0m] [1mfetch                         [0m [36mstatus[0m=[35m200[0m [36murl[0m=[35m'https://news.google.com/rss/search?q=HD+stock+news&hl=en-US&gl=US&ceid=US:en'[0m
[2m2026-03-31T12:42:21.722873Z[0m [[32m[1minfo     [0m] [1mparsed                        [0m [36mchannel[0m=[35mgoogle_broad[0m [36mraw[0m=[35m100[0m
[2m2026-03-31T12:42:24.206829Z[0m [[32m[1minfo     [0m] [1mfetch                         [0m [36mstatus[0m=[35m200[0m [36murl[0m=[35m'https://news.google.com/rss/search?q=HD+earnings+analysis&hl=en-US&gl=US&ceid=US:en'[0m
[2m2026-03-31T12:42:24.323254Z[0m [[32m[1minfo     [0m] [1mparsed                        [0m [36mchannel[0m=[35mgoogle_broad[0m [36mraw[0m=[35m97[0m
[2m2026-03-31T12:42:24.324093Z[0m [[32m[1minfo     [0m] [1mquality_filter                [0m [36minput[0m=[35m397[0m [36mpassed[0m=[35m1[0m
[2m2026-03-31T12:42:24.324206Z[0m [[32m[1minfo     [0m] [1mdedup                         [0m [36mafter[0m=[35m1[0m [36mbefore[0m=[35m1[0m
[2m2026-03-31T12:42:28.229242Z[0m [[32m[1minfo     [0m] [1mfetch                         [0m [36mstatus[0m=[35m200[0m [36murl[0m=[35mhttps://www.24newshd.tv/31-Mar-2026/share-prices-rebound-pakistan-stock-exchange[0m
[2m2026-03-31T12:42:28.431372Z[0m [[32m[1minfo     [0m] [1mcrawling                      [0m [36mchannel[0m=[35mGoogle->Benzinga[0m [36mtag[0m=[35mgoogle_benzinga[0m
[2m2026-03-31T12:42:31.039905Z[0m [[32m[1minfo     [0m] [1mfetch                         [0m [36mstatus[0m=[35m200[0m [36murl[0m=[35m'https://news.google.com/rss/search?q=BAC+site:benzinga.com&hl=en-US&gl=US&ceid=US:en'[0m
[2m2026-03-31T12:42:31.144571Z[0m [[32m[1minfo     [0m] [1mparsed                        [0m [36mchannel[0m=[35mgoogle_benzinga[0m [36mraw[0m=[35m100[0m
[2m2026-03-31T12:42:33.150147Z[0m [[32m[1minfo     [0m] [1mfetch                         [0m [36mstatus[0m=[35m200[0m [36murl[0m=[35m'https://news.google.com/rss/search?q=BAC+site:benzinga.com&hl=en-US&gl=US&ceid=US:en'[0m
[2m2026-03-31T12:42:33.174486Z[0m [[32m[1minfo     [0m] [1mparsed                        [0m [36mchannel[0m=[35mgoogle_benzinga[0m [36mraw[0m=[35m100[0m
[2m2026-03-31T12:42:33.174589Z[0m [[32m[1minfo     [0m] [1mcrawling                      [0m [36mchannel[0m=[35m'Google News (all)'[0m [36mtag[0m=[35mgoogle_broad[0m
[2m2026-03-31T12:42:35.689828Z[0m [[32m[1minfo     [0m] [1mfetch                         [0m [36mstatus[0m=[35m200[0m [36murl[0m=[35m'https://news.google.com/rss/search?q=BAC+stock+news&hl=en-US&gl=US&ceid=US:en'[0m
[2m2026-03-31T12:42:35.794131Z[0m [[32m[1minfo     [0m] [1mparsed                        [0m [36mchannel[0m=[35mgoogle_broad[0m [36mraw[0m=[35m100[0m
[2m2026-03-31T12:42:38.226293Z[0m [[32m[1minfo     [0m] [1mfetch                         [0m [36mstatus[0m=[35m200[0m [36murl[0m=[35m'https://news.google.com/rss/search?q=BAC+earnings+analysis&hl=en-US&gl=US&ceid=US:en'[0m
[2m2026-03-31T12:42:38.260405Z[0m [[32m[1minfo     [0m] [1mparsed                        [0m [36mchannel[0m=[35mgoogle_broad[0m [36mraw[0m=[35m65[0m
[2m2026-03-31T12:42:38.261227Z[0m [[32m[1minfo     [0m] [1mquality_filter                [0m [36minput[0m=[35m365[0m [36mpassed[0m=[35m1[0m
[2m2026-03-31T12:42:38.261361Z[0m [[32m[1minfo     [0m] [1mdedup                         [0m [36mafter[0m=[35m1[0m [36mbefore[0m=[35m1[0m
[2m2026-03-31T12:42:40.444006Z[0m [[32m[1minfo     [0m] [1mfetch                         [0m [36mstatus[0m=[35m200[0m [36murl[0m=[35mhttps://www.marketbeat.com/instant-alerts/filing-bank-of-america-corporation-bac-stock-hol[0m
[2m2026-03-31T12:42:40.700763Z[0m [[32m[1minfo     [0m] [1mcrawling                      [0m [36mchannel[0m=[35mGoogle->Benzinga[0m [36mtag[0m=[35mgoogle_benzinga[0m
[2m2026-03-31T12:42:43.211930Z[0m [[32m[1minfo     [0m] [1mfetch                         [0m [36mstatus[0m=[35m200[0m [36murl[0m=[35m'https://news.google.com/rss/search?q=KO+site:benzinga.com&hl=en-US&gl=US&ceid=US:en'[0m
[2m2026-03-31T12:42:43.316442Z[0m [[32m[1minfo     [0m] [1mparsed                        [0m [36mchannel[0m=[35mgoogle_benzinga[0m [36mraw[0m=[35m100[0m
[2m2026-03-31T12:42:45.331064Z[0m [[32m[1minfo     [0m] [1mfetch                         [0m [36mstatus[0m=[35m200[0m [36murl[0m=[35m'https://news.google.com/rss/search?q=KO+site:benzinga.com&hl=en-US&gl=US&ceid=US:en'[0m
[2m2026-03-31T12:42:45.366391Z[0m [[32m[1minfo     [0m] [1mparsed                        [0m [36mchannel[0m=[35mgoogle_benzinga[0m [36mraw[0m=[35m100[0m
[2m2026-03-31T12:42:45.366523Z[0m [[32m[1minfo     [0m] [1mcrawling                      [0m [36mchannel[0m=[35m'Google News (all)'[0m [36mtag[0m=[35mgoogle_broad[0m
[2m2026-03-31T12:42:47.877222Z[0m [[32m[1minfo     [0m] [1mfetch                         [0m [36mstatus[0m=[35m200[0m [36murl[0m=[35m'https://news.google.com/rss/search?q=KO+stock+news&hl=en-US&gl=US&ceid=US:en'[0m
[2m2026-03-31T12:42:47.973725Z[0m [[32m[1minfo     [0m] [1mparsed                        [0m [36mchannel[0m=[35mgoogle_broad[0m [36mraw[0m=[35m100[0m
[2m2026-03-31T12:42:50.542613Z[0m [[32m[1minfo     [0m] [1mfetch                         [0m [36mstatus[0m=[35m200[0m [36murl[0m=[35m'https://news.google.com/rss/search?q=KO+earnings+analysis&hl=en-US&gl=US&ceid=US:en'[0m
[2m2026-03-31T12:42:50.581996Z[0m [[32m[1minfo     [0m] [1mparsed                        [0m [36mchannel[0m=[35mgoogle_broad[0m [36mraw[0m=[35m65[0m
[2m2026-03-31T12:42:50.582875Z[0m [[32m[1minfo     [0m] [1mquality_filter                [0m [36minput[0m=[35m365[0m [36mpassed[0m=[35m3[0m
[2m2026-03-31T12:42:50.583099Z[0m [[32m[1minfo     [0m] [1mdedup                         [0m [36mafter[0m=[35m3[0m [36mbefore[0m=[35m3[0m
[2m2026-03-31T12:42:52.506185Z[0m [[32m[1minfo     [0m] [1mfetch                         [0m [36mstatus[0m=[35m403[0m [36murl[0m=[35mhttps://www.gurufocus.com/news/8757240/cocacola-ko-deutsche-bank-raises-price-target-to-86[0m
[2m2026-03-31T12:42:53.362350Z[0m [[32m[1minfo     [0m] [1mfetch                         [0m [36mstatus[0m=[35m200[0m [36murl[0m=[35mhttps://stockstory.org/us/stocks/nyse/ko/news/buy-or-sell/2-reasons-to-watch-ko-and-1-to-s[0m
[2m2026-03-31T12:42:54.985142Z[0m [[32m[1minfo     [0m] [1mfetch                         [0m [36mstatus[0m=[35m200[0m [36murl[0m=[35mhttps://coincentral.com/coca-cola-ko-stock-rises-despite-wall-street-rout-as-investors-bra[0m
[2m2026-03-31T12:42:55.237677Z[0m [[32m[1minfo     [0m] [1mcrawling                      [0m [36mchannel[0m=[35mGoogle->Benzinga[0m [36mtag[0m=[35mgoogle_benzinga[0m
[2m2026-03-31T12:42:58.251804Z[0m [[32m[1minfo     [0m] [1mfetch                         [0m [36mstatus[0m=[35m200[0m [36murl[0m=[35m'https://news.google.com/rss/search?q=CSCO+site:benzinga.com&hl=en-US&gl=US&ceid=US:en'[0m
[2m2026-03-31T12:42:58.363599Z[0m [[32m[1minfo     [0m] [1mparsed                        [0m [36mchannel[0m=[35mgoogle_benzinga[0m [36mraw[0m=[35m100[0m
[2m2026-03-31T12:43:00.374899Z[0m [[32m[1minfo     [0m] [1mfetch                         [0m [36mstatus[0m=[35m200[0m [36murl[0m=[35m'https://news.google.com/rss/search?q=CSCO+site:benzinga.com&hl=en-US&gl=US&ceid=US:en'[0m
[2m2026-03-31T12:43:00.407915Z[0m [[32m[1minfo     [0m] [1mparsed                        [0m [36mchannel[0m=[35mgoogle_benzinga[0m [36mraw[0m=[35m100[0m
[2m2026-03-31T12:43:00.408037Z[0m [[32m[1minfo     [0m] [1mcrawling                      [0m [36mchannel[0m=[35m'Google News (all)'[0m [36mtag[0m=[35mgoogle_broad[0m
[2m2026-03-31T12:43:02.941164Z[0m [[32m[1minfo     [0m] [1mfetch                         [0m [36mstatus[0m=[35m200[0m [36murl[0m=[35m'https://news.google.com/rss/search?q=CSCO+stock+news&hl=en-US&gl=US&ceid=US:en'[0m
[2m2026-03-31T12:43:03.043151Z[0m [[32m[1minfo     [0m] [1mparsed                        [0m [36mchannel[0m=[35mgoogle_broad[0m [36mraw[0m=[35m100[0m
[2m2026-03-31T12:43:05.675278Z[0m [[32m[1minfo     [0m] [1mfetch                         [0m [36mstatus[0m=[35m200[0m [36murl[0m=[35m'https://news.google.com/rss/search?q=CSCO+earnings+analysis&hl=en-US&gl=US&ceid=US:en'[0m
[2m2026-03-31T12:43:05.786197Z[0m [[32m[1minfo     [0m] [1mparsed                        [0m [36mchannel[0m=[35mgoogle_broad[0m [36mraw[0m=[35m100[0m
[2m2026-03-31T12:43:05.786760Z[0m [[32m[1minfo     [0m] [1mquality_filter                [0m [36minput[0m=[35m400[0m [36mpassed[0m=[35m0[0m
[2m2026-03-31T12:43:05.786820Z[0m [[32m[1minfo     [0m] [1mdedup                         [0m [36mafter[0m=[35m0[0m [36mbefore[0m=[35m0[0m
[2m2026-03-31T12:43:05.787510Z[0m [[32m[1minfo     [0m] [1mcrawling                      [0m [36mchannel[0m=[35mGoogle->Benzinga[0m [36mtag[0m=[35mgoogle_benzinga[0m
[2m2026-03-31T12:43:08.341107Z[0m [[32m[1minfo     [0m] [1mfetch                         [0m [36mstatus[0m=[35m200[0m [36murl[0m=[35m'https://news.google.com/rss/search?q=MRK+site:benzinga.com&hl=en-US&gl=US&ceid=US:en'[0m
[2m2026-03-31T12:43:08.447173Z[0m [[32m[1minfo     [0m] [1mparsed                        [0m [36mchannel[0m=[35mgoogle_benzinga[0m [36mraw[0m=[35m100[0m
[2m2026-03-31T12:43:10.454729Z[0m [[32m[1minfo     [0m] [1mfetch                         [0m [36mstatus[0m=[35m200[0m [36murl[0m=[35m'https://news.google.com/rss/search?q=MRK+site:benzinga.com&hl=en-US&gl=US&ceid=US:en'[0m
[2m2026-03-31T12:43:10.490531Z[0m [[32m[1minfo     [0m] [1mparsed                        [0m [36mchannel[0m=[35mgoogle_benzinga[0m [36mraw[0m=[35m100[0m
[2m2026-03-31T12:43:10.490648Z[0m [[32m[1minfo     [0m] [1mcrawling                      [0m [36mchannel[0m=[35m'Google News (all)'[0m [36mtag[0m=[35mgoogle_broad[0m
[2m2026-03-31T12:43:13.073175Z[0m [[32m[1minfo     [0m] [1mfetch                         [0m [36mstatus[0m=[35m200[0m [36murl[0m=[35m'https://news.google.com/rss/search?q=MRK+stock+news&hl=en-US&gl=US&ceid=US:en'[0m
[2m2026-03-31T12:43:13.176107Z[0m [[32m[1minfo     [0m] [1mparsed                        [0m [36mchannel[0m=[35mgoogle_broad[0m [36mraw[0m=[35m100[0m
[2m2026-03-31T12:43:15.613104Z[0m [[32m[1minfo     [0m] [1mfetch                         [0m [36mstatus[0m=[35m200[0m [36murl[0m=[35m'https://news.google.com/rss/search?q=MRK+earnings+analysis&hl=en-US&gl=US&ceid=US:en'[0m
[2m2026-03-31T12:43:15.648792Z[0m [[32m[1minfo     [0m] [1mparsed                        [0m [36mchannel[0m=[35mgoogle_broad[0m [36mraw[0m=[35m66[0m
[2m2026-03-31T12:43:15.649558Z[0m [[32m[1minfo     [0m] [1mquality_filter                [0m [36minput[0m=[35m366[0m [36mpassed[0m=[35m1[0m
[2m2026-03-31T12:43:15.649691Z[0m [[32m[1minfo     [0m] [1mdedup                         [0m [36mafter[0m=[35m1[0m [36mbefore[0m=[35m1[0m
[2m2026-03-31T12:43:18.832573Z[0m [[31m[1merror    [0m] [1mfetch_error                   [0m [36merror[0m=[35m"400, message='Got more than 8190 bytes (8800) when reading Header value is too l"[0m [36murl[0m=[35mhttps://finance.yahoo.com/markets/stocks/articles/merck-mrk-shares-sig[0m
[2m2026-03-31T12:43:19.034065Z[0m [[32m[1minfo     [0m] [1mcrawling                      [0m [36mchannel[0m=[35mGoogle->Benzinga[0m [36mtag[0m=[35mgoogle_benzinga[0m
[2m2026-03-31T12:43:21.760486Z[0m [[32m[1minfo     [0m] [1mfetch                         [0m [36mstatus[0m=[35m200[0m [36murl[0m=[35m'https://news.google.com/rss/search?q=PM+site:benzinga.com&hl=en-US&gl=US&ceid=US:en'[0m
[2m2026-03-31T12:43:21.863026Z[0m [[32m[1minfo     [0m] [1mparsed                        [0m [36mchannel[0m=[35mgoogle_benzinga[0m [36mraw[0m=[35m100[0m
[2m2026-03-31T12:43:23.886895Z[0m [[32m[1minfo     [0m] [1mfetch                         [0m [36mstatus[0m=[35m200[0m [36murl[0m=[35m'https://news.google.com/rss/search?q=PM+site:benzinga.com&hl=en-US&gl=US&ceid=US:en'[0m
[2m2026-03-31T12:43:23.908509Z[0m [[32m[1minfo     [0m] [1mparsed                        [0m [36mchannel[0m=[35mgoogle_benzinga[0m [36mraw[0m=[35m100[0m
[2m2026-03-31T12:43:23.908618Z[0m [[32m[1minfo     [0m] [1mcrawling                      [0m [36mchannel[0m=[35m'Google News (all)'[0m [36mtag[0m=[35mgoogle_broad[0m
[2m2026-03-31T12:43:26.306484Z[0m [[32m[1minfo     [0m] [1mfetch                         [0m [36mstatus[0m=[35m200[0m [36murl[0m=[35m'https://news.google.com/rss/search?q=PM+stock+news&hl=en-US&gl=US&ceid=US:en'[0m
[2m2026-03-31T12:43:26.338146Z[0m [[32m[1minfo     [0m] [1mparsed                        [0m [36mchannel[0m=[35mgoogle_broad[0m [36mraw[0m=[35m66[0m
[2m2026-03-31T12:43:28.683244Z[0m [[32m[1minfo     [0m] [1mfetch                         [0m [36mstatus[0m=[35m200[0m [36murl[0m=[35m'https://news.google.com/rss/search?q=PM+earnings+analysis&hl=en-US&gl=US&ceid=US:en'[0m
[2m2026-03-31T12:43:28.691159Z[0m [[32m[1minfo     [0m] [1mparsed                        [0m [36mchannel[0m=[35mgoogle_broad[0m [36mraw[0m=[35m28[0m
[2m2026-03-31T12:43:28.691785Z[0m [[32m[1minfo     [0m] [1mquality_filter                [0m [36minput[0m=[35m294[0m [36mpassed[0m=[35m0[0m
[2m2026-03-31T12:43:28.691854Z[0m [[32m[1minfo     [0m] [1mdedup                         [0m [36mafter[0m=[35m0[0m [36mbefore[0m=[35m0[0m
[2m2026-03-31T12:43:28.692538Z[0m [[32m[1minfo     [0m] [1mcrawling                      [0m [36mchannel[0m=[35mGoogle->Benzinga[0m [36mtag[0m=[35mgoogle_benzinga[0m
[2m2026-03-31T12:43:31.605748Z[0m [[32m[1minfo     [0m] [1mfetch                         [0m [36mstatus[0m=[35m200[0m [36murl[0m=[35m'https://news.google.com/rss/search?q=UNH+site:benzinga.com&hl=en-US&gl=US&ceid=US:en'[0m
[2m2026-03-31T12:43:31.903296Z[0m [[32m[1minfo     [0m] [1mparsed                        [0m [36mchannel[0m=[35mgoogle_benzinga[0m [36mraw[0m=[35m100[0m
[2m2026-03-31T12:43:33.952977Z[0m [[32m[1minfo     [0m] [1mfetch                         [0m [36mstatus[0m=[35m200[0m [36murl[0m=[35m'https://news.google.com/rss/search?q=UNH+site:benzinga.com&hl=en-US&gl=US&ceid=US:en'[0m
[2m2026-03-31T12:43:34.000314Z[0m [[32m[1minfo     [0m] [1mparsed                        [0m [36mchannel[0m=[35mgoogle_benzinga[0m [36mraw[0m=[35m100[0m
[2m2026-03-31T12:43:34.000426Z[0m [[32m[1minfo     [0m] [1mcrawling                      [0m [36mchannel[0m=[35m'Google News (all)'[0m [36mtag[0m=[35mgoogle_broad[0m
[2m2026-03-31T12:43:36.514126Z[0m [[32m[1minfo     [0m] [1mfetch                         [0m [36mstatus[0m=[35m200[0m [36murl[0m=[35m'https://news.google.com/rss/search?q=UNH+stock+news&hl=en-US&gl=US&ceid=US:en'[0m
[2m2026-03-31T12:43:36.611498Z[0m [[32m[1minfo     [0m] [1mparsed                        [0m [36mchannel[0m=[35mgoogle_broad[0m [36mraw[0m=[35m100[0m
[2m2026-03-31T12:43:39.195571Z[0m [[32m[1minfo     [0m] [1mfetch                         [0m [36mstatus[0m=[35m200[0m [36murl[0m=[35m'https://news.google.com/rss/search?q=UNH+earnings+analysis&hl=en-US&gl=US&ceid=US:en'[0m
[2m2026-03-31T12:43:39.301710Z[0m [[32m[1minfo     [0m] [1mparsed                        [0m [36mchannel[0m=[35mgoogle_broad[0m [36mraw[0m=[35m100[0m
[2m2026-03-31T12:43:39.302461Z[0m [[32m[1minfo     [0m] [1mquality_filter                [0m [36minput[0m=[35m400[0m [36mpassed[0m=[35m2[0m
[2m2026-03-31T12:43:39.302694Z[0m [[32m[1minfo     [0m] [1mdedup                         [0m [36mafter[0m=[35m2[0m [36mbefore[0m=[35m2[0m
[2m2026-03-31T12:43:41.047899Z[0m [[32m[1minfo     [0m] [1mfetch                         [0m [36mstatus[0m=[35m403[0m [36murl[0m=[35mhttps://www.tipranks.com/news/unitedhealth-unh-joins-the-schd-dividend-club-after-a-45-dro[0m
[2m2026-03-31T12:43:41.397781Z[0m [[32m[1minfo     [0m] [1mfetch                         [0m [36mstatus[0m=[35m403[0m [36murl[0m=[35mhttps://stocktwits.com/news-articles/markets/equity/unh-stock-below-buffett-entry-price-fi[0m
[2m2026-03-31T12:43:41.599743Z[0m [[32m[1minfo     [0m] [1mcrawling                      [0m [36mchannel[0m=[35mGoogle->Benzinga[0m [36mtag[0m=[35mgoogle_benzinga[0m
[2m2026-03-31T12:43:44.252736Z[0m [[32m[1minfo     [0m] [1mfetch                         [0m [36mstatus[0m=[35m200[0m [36murl[0m=[35m'https://news.google.com/rss/search?q=MS+site:benzinga.com&hl=en-US&gl=US&ceid=US:en'[0m
[2m2026-03-31T12:43:44.355414Z[0m [[32m[1minfo     [0m] [1mparsed                        [0m [36mchannel[0m=[35mgoogle_benzinga[0m [36mraw[0m=[35m100[0m
[2m2026-03-31T12:43:46.362086Z[0m [[32m[1minfo     [0m] [1mfetch                         [0m [36mstatus[0m=[35m200[0m [36murl[0m=[35m'https://news.google.com/rss/search?q=MS+site:benzinga.com&hl=en-US&gl=US&ceid=US:en'[0m
[2m2026-03-31T12:43:46.389192Z[0m [[32m[1minfo     [0m] [1mparsed                        [0m [36mchannel[0m=[35mgoogle_benzinga[0m [36mraw[0m=[35m100[0m
[2m2026-03-31T12:43:46.389317Z[0m [[32m[1minfo     [0m] [1mcrawling                      [0m [36mchannel[0m=[35m'Google News (all)'[0m [36mtag[0m=[35mgoogle_broad[0m
[2m2026-03-31T12:43:48.836073Z[0m [[32m[1minfo     [0m] [1mfetch                         [0m [36mstatus[0m=[35m200[0m [36murl[0m=[35m'https://news.google.com/rss/search?q=MS+stock+news&hl=en-US&gl=US&ceid=US:en'[0m
[2m2026-03-31T12:43:48.876740Z[0m [[32m[1minfo     [0m] [1mparsed                        [0m [36mchannel[0m=[35mgoogle_broad[0m [36mraw[0m=[35m61[0m
[2m2026-03-31T12:43:51.481570Z[0m [[32m[1minfo     [0m] [1mfetch                         [0m [36mstatus[0m=[35m200[0m [36murl[0m=[35m'https://news.google.com/rss/search?q=MS+earnings+analysis&hl=en-US&gl=US&ceid=US:en'[0m
[2m2026-03-31T12:43:51.607098Z[0m [[32m[1minfo     [0m] [1mparsed                        [0m [36mchannel[0m=[35mgoogle_broad[0m [36mraw[0m=[35m100[0m
[2m2026-03-31T12:43:51.607895Z[0m [[32m[1minfo     [0m] [1mquality_filter                [0m [36minput[0m=[35m361[0m [36mpassed[0m=[35m0[0m
[2m2026-03-31T12:43:51.607981Z[0m [[32m[1minfo     [0m] [1mdedup                         [0m [36mafter[0m=[35m0[0m [36mbefore[0m=[35m0[0m
[2m2026-03-31T12:43:51.608961Z[0m [[32m[1minfo     [0m] [1mcrawling                      [0m [36mchannel[0m=[35mGoogle->Benzinga[0m [36mtag[0m=[35mgoogle_benzinga[0m
[2m2026-03-31T12:43:54.420424Z[0m [[32m[1minfo     [0m] [1mfetch                         [0m [36mstatus[0m=[35m200[0m [36murl[0m=[35m'https://news.google.com/rss/search?q=GS+site:benzinga.com&hl=en-US&gl=US&ceid=US:en'[0m
[2m2026-03-31T12:43:54.532597Z[0m [[32m[1minfo     [0m] [1mparsed                        [0m [36mchannel[0m=[35mgoogle_benzinga[0m [36mraw[0m=[35m100[0m
[2m2026-03-31T12:43:56.538290Z[0m [[32m[1minfo     [0m] [1mfetch                         [0m [36mstatus[0m=[35m200[0m [36murl[0m=[35m'https://news.google.com/rss/search?q=GS+site:benzinga.com&hl=en-US&gl=US&ceid=US:en'[0m
[2m2026-03-31T12:43:56.569009Z[0m [[32m[1minfo     [0m] [1mparsed                        [0m [36mchannel[0m=[35mgoogle_benzinga[0m [36mraw[0m=[35m100[0m
[2m2026-03-31T12:43:56.569131Z[0m [[32m[1minfo     [0m] [1mcrawling                      [0m [36mchannel[0m=[35m'Google News (all)'[0m [36mtag[0m=[35mgoogle_broad[0m
[2m2026-03-31T12:43:59.072297Z[0m [[32m[1minfo     [0m] [1mfetch                         [0m [36mstatus[0m=[35m200[0m [36murl[0m=[35m'https://news.google.com/rss/search?q=GS+stock+news&hl=en-US&gl=US&ceid=US:en'[0m
[2m2026-03-31T12:43:59.185244Z[0m [[32m[1minfo     [0m] [1mparsed                        [0m [36mchannel[0m=[35mgoogle_broad[0m [36mraw[0m=[35m100[0m
[2m2026-03-31T12:44:01.636350Z[0m [[32m[1minfo     [0m] [1mfetch                         [0m [36mstatus[0m=[35m200[0m [36murl[0m=[35m'https://news.google.com/rss/search?q=GS+earnings+analysis&hl=en-US&gl=US&ceid=US:en'[0m
[2m2026-03-31T12:44:01.728848Z[0m [[32m[1minfo     [0m] [1mparsed                        [0m [36mchannel[0m=[35mgoogle_broad[0m [36mraw[0m=[35m68[0m
[2m2026-03-31T12:44:01.729731Z[0m [[32m[1minfo     [0m] [1mquality_filter                [0m [36minput[0m=[35m368[0m [36mpassed[0m=[35m2[0m
[2m2026-03-31T12:44:01.729974Z[0m [[32m[1minfo     [0m] [1mdedup                         [0m [36mafter[0m=[35m2[0m [36mbefore[0m=[35m2[0m
[2m2026-03-31T12:44:03.566957Z[0m [[32m[1minfo     [0m] [1mfetch                         [0m [36mstatus[0m=[35m403[0m [36murl[0m=[35mhttps://tradersunion.com/news/companies/show/1822650-goldman-sachs-gains-0-47percent-today[0m
[2m2026-03-31T12:44:04.081381Z[0m [[31m[1merror    [0m] [1mfetch_error                   [0m [36merror[0m=[35m"400, message='Got more than 8190 bytes (8800) when reading Header value is too l"[0m [36murl[0m=[35mhttps://finance.yahoo.com/markets/stocks/articles/why-goldman-sachs-gs[0m
[2m2026-03-31T12:44:04.283043Z[0m [[32m[1minfo     [0m] [1mcrawling                      [0m [36mchannel[0m=[35mGoogle->Benzinga[0m [36mtag[0m=[35mgoogle_benzinga[0m
[2m2026-03-31T12:44:06.796975Z[0m [[32m[1minfo     [0m] [1mfetch                         [0m [36mstatus[0m=[35m200[0m [36murl[0m=[35m'https://news.google.com/rss/search?q=WFC+site:benzinga.com&hl=en-US&gl=US&ceid=US:en'[0m
[2m2026-03-31T12:44:06.902638Z[0m [[32m[1minfo     [0m] [1mparsed                        [0m [36mchannel[0m=[35mgoogle_benzinga[0m [36mraw[0m=[35m91[0m
[2m2026-03-31T12:44:08.907847Z[0m [[32m[1minfo     [0m] [1mfetch                         [0m [36mstatus[0m=[35m200[0m [36murl[0m=[35m'https://news.google.com/rss/search?q=WFC+site:benzinga.com&hl=en-US&gl=US&ceid=US:en'[0m
[2m2026-03-31T12:44:08.931307Z[0m [[32m[1minfo     [0m] [1mparsed                        [0m [36mchannel[0m=[35mgoogle_benzinga[0m [36mraw[0m=[35m91[0m
[2m2026-03-31T12:44:08.931412Z[0m [[32m[1minfo     [0m] [1mcrawling                      [0m [36mchannel[0m=[35m'Google News (all)'[0m [36mtag[0m=[35mgoogle_broad[0m
[2m2026-03-31T12:44:11.614342Z[0m [[32m[1minfo     [0m] [1mfetch                         [0m [36mstatus[0m=[35m200[0m [36murl[0m=[35m'https://news.google.com/rss/search?q=WFC+stock+news&hl=en-US&gl=US&ceid=US:en'[0m
[2m2026-03-31T12:44:11.722367Z[0m [[32m[1minfo     [0m] [1mparsed                        [0m [36mchannel[0m=[35mgoogle_broad[0m [36mraw[0m=[35m100[0m
[2m2026-03-31T12:44:14.239828Z[0m [[32m[1minfo     [0m] [1mfetch                         [0m [36mstatus[0m=[35m200[0m [36murl[0m=[35m'https://news.google.com/rss/search?q=WFC+earnings+analysis&hl=en-US&gl=US&ceid=US:en'[0m
[2m2026-03-31T12:44:14.330741Z[0m [[32m[1minfo     [0m] [1mparsed                        [0m [36mchannel[0m=[35mgoogle_broad[0m [36mraw[0m=[35m74[0m
[2m2026-03-31T12:44:14.331334Z[0m [[32m[1minfo     [0m] [1mquality_filter                [0m [36minput[0m=[35m356[0m [36mpassed[0m=[35m1[0m
[2m2026-03-31T12:44:14.331453Z[0m [[32m[1minfo     [0m] [1mdedup                         [0m [36mafter[0m=[35m1[0m [36mbefore[0m=[35m1[0m
[2m2026-03-31T12:44:17.036096Z[0m [[32m[1minfo     [0m] [1mfetch                         [0m [36mstatus[0m=[35m200[0m [36murl[0m=[35mhttps://seekingalpha.com/article/4887212-wells-fargo-5-percent-capital-appreciation-potent[0m
[2m2026-03-31T12:44:17.249276Z[0m [[32m[1minfo     [0m] [1mcrawling                      [0m [36mchannel[0m=[35mGoogle->Benzinga[0m [36mtag[0m=[35mgoogle_benzinga[0m
[2m2026-03-31T12:44:19.916911Z[0m [[32m[1minfo     [0m] [1mfetch                         [0m [36mstatus[0m=[35m200[0m [36murl[0m=[35m'https://news.google.com/rss/search?q=MCD+site:benzinga.com&hl=en-US&gl=US&ceid=US:en'[0m
[2m2026-03-31T12:44:20.028841Z[0m [[32m[1minfo     [0m] [1mparsed                        [0m [36mchannel[0m=[35mgoogle_benzinga[0m [36mraw[0m=[35m100[0m
[2m2026-03-31T12:44:22.033635Z[0m [[32m[1minfo     [0m] [1mfetch                         [0m [36mstatus[0m=[35m200[0m [36murl[0m=[35m'https://news.google.com/rss/search?q=MCD+site:benzinga.com&hl=en-US&gl=US&ceid=US:en'[0m
[2m2026-03-31T12:44:22.057980Z[0m [[32m[1minfo     [0m] [1mparsed                        [0m [36mchannel[0m=[35mgoogle_benzinga[0m [36mraw[0m=[35m100[0m
[2m2026-03-31T12:44:22.058084Z[0m [[32m[1minfo     [0m] [1mcrawling                      [0m [36mchannel[0m=[35m'Google News (all)'[0m [36mtag[0m=[35mgoogle_broad[0m
[2m2026-03-31T12:44:24.603239Z[0m [[32m[1minfo     [0m] [1mfetch                         [0m [36mstatus[0m=[35m200[0m [36murl[0m=[35m'https://news.google.com/rss/search?q=MCD+stock+news&hl=en-US&gl=US&ceid=US:en'[0m
[2m2026-03-31T12:44:24.707274Z[0m [[32m[1minfo     [0m] [1mparsed                        [0m [36mchannel[0m=[35mgoogle_broad[0m [36mraw[0m=[35m100[0m
[2m2026-03-31T12:44:27.233139Z[0m [[32m[1minfo     [0m] [1mfetch                         [0m [36mstatus[0m=[35m200[0m [36murl[0m=[35m'https://news.google.com/rss/search?q=MCD+earnings+analysis&hl=en-US&gl=US&ceid=US:en'[0m
[2m2026-03-31T12:44:27.348017Z[0m [[32m[1minfo     [0m] [1mparsed                        [0m [36mchannel[0m=[35mgoogle_broad[0m [36mraw[0m=[35m100[0m
[2m2026-03-31T12:44:27.349097Z[0m [[32m[1minfo     [0m] [1mquality_filter                [0m [36minput[0m=[35m400[0m [36mpassed[0m=[35m7[0m
[2m2026-03-31T12:44:27.349517Z[0m [[32m[1minfo     [0m] [1mdedup                         [0m [36mafter[0m=[35m7[0m [36mbefore[0m=[35m7[0m
[2m2026-03-31T12:44:29.795261Z[0m [[32m[1minfo     [0m] [1mfetch                         [0m [36mstatus[0m=[35m200[0m [36murl[0m=[35mhttps://www.mexc.co/en-IN/news/991539[0m
[2m2026-03-31T12:44:30.071460Z[0m [[32m[1minfo     [0m] [1mfetch                         [0m [36mstatus[0m=[35m200[0m [36murl[0m=[35mhttps://www.marketbeat.com/instant-alerts/filing-mn-services-vermogensbeheer-bv-buys-5599-[0m
[2m2026-03-31T12:44:30.114937Z[0m [[32m[1minfo     [0m] [1mfetch                         [0m [36mstatus[0m=[35m200[0m [36murl[0m=[35mhttps://stockstory.org/us/stocks/nyse/mcd/news/buy-or-sell/2-reasons-to-watch-mcd-and-1-to[0m
[2m2026-03-31T12:44:30.589329Z[0m [[32m[1minfo     [0m] [1mfetch                         [0m [36mstatus[0m=[35m200[0m [36murl[0m=[35mhttps://www.ad-hoc-news.de/boerse/news/ueberblick/mcdonald-s-corporation-stock-analyzing-t[0m
[2m2026-03-31T12:44:30.778431Z[0m [[32m[1minfo     [0m] [1mfetch                         [0m [36mstatus[0m=[35m200[0m [36murl[0m=[35mhttps://www.ad-hoc-news.de/boerse/news/ueberblick/mcdonald-s-corp-stock-resilient-business[0m
[2m2026-03-31T12:44:31.644132Z[0m [[32m[1minfo     [0m] [1mfetch                         [0m [36mstatus[0m=[35m200[0m [36murl[0m=[35mhttps://coincentral.com/mcdonalds-mcd-stock-falls-as-iran-war-hits-fast-food-demand-and-co[0m
[2m2026-03-31T12:44:32.732799Z[0m [[31m[1merror    [0m] [1mfetch_error                   [0m [36merror[0m=[35m"400, message='Got more than 8190 bytes (8800) when reading Header value is too l"[0m [36murl[0m=[35mhttps://finance.yahoo.com/video/why-portfolio-manager-prefers-mcdonald[0m
[2m2026-03-31T12:44:32.935277Z[0m [[32m[1minfo     [0m] [1mcrawling                      [0m [36mchannel[0m=[35mGoogle->Benzinga[0m [36mtag[0m=[35mgoogle_benzinga[0m
[2m2026-03-31T12:44:35.469489Z[0m [[32m[1minfo     [0m] [1mfetch                         [0m [36mstatus[0m=[35m200[0m [36murl[0m=[35m'https://news.google.com/rss/search?q=TMUS+site:benzinga.com&hl=en-US&gl=US&ceid=US:en'[0m
[2m2026-03-31T12:44:35.572672Z[0m [[32m[1minfo     [0m] [1mparsed                        [0m [36mchannel[0m=[35mgoogle_benzinga[0m [36mraw[0m=[35m92[0m
[2m2026-03-31T12:44:37.578870Z[0m [[32m[1minfo     [0m] [1mfetch                         [0m [36mstatus[0m=[35m200[0m [36murl[0m=[35m'https://news.google.com/rss/search?q=TMUS+site:benzinga.com&hl=en-US&gl=US&ceid=US:en'[0m
[2m2026-03-31T12:44:37.600292Z[0m [[32m[1minfo     [0m] [1mparsed                        [0m [36mchannel[0m=[35mgoogle_benzinga[0m [36mraw[0m=[35m92[0m
[2m2026-03-31T12:44:37.600395Z[0m [[32m[1minfo     [0m] [1mcrawling                      [0m [36mchannel[0m=[35m'Google News (all)'[0m [36mtag[0m=[35mgoogle_broad[0m
[2m2026-03-31T12:44:40.371344Z[0m [[32m[1minfo     [0m] [1mfetch                         [0m [36mstatus[0m=[35m200[0m [36murl[0m=[35m'https://news.google.com/rss/search?q=TMUS+stock+news&hl=en-US&gl=US&ceid=US:en'[0m
[2m2026-03-31T12:44:40.476297Z[0m [[32m[1minfo     [0m] [1mparsed                        [0m [36mchannel[0m=[35mgoogle_broad[0m [36mraw[0m=[35m100[0m
[2m2026-03-31T12:44:42.919042Z[0m [[32m[1minfo     [0m] [1mfetch                         [0m [36mstatus[0m=[35m200[0m [36murl[0m=[35m'https://news.google.com/rss/search?q=TMUS+earnings+analysis&hl=en-US&gl=US&ceid=US:en'[0m
[2m2026-03-31T12:44:42.943996Z[0m [[32m[1minfo     [0m] [1mparsed                        [0m [36mchannel[0m=[35mgoogle_broad[0m [36mraw[0m=[35m51[0m
[2m2026-03-31T12:44:42.944722Z[0m [[32m[1minfo     [0m] [1mquality_filter                [0m [36minput[0m=[35m335[0m [36mpassed[0m=[35m0[0m
[2m2026-03-31T12:44:42.944815Z[0m [[32m[1minfo     [0m] [1mdedup                         [0m [36mafter[0m=[35m0[0m [36mbefore[0m=[35m0[0m
[2m2026-03-31T12:44:42.945438Z[0m [[32m[1minfo     [0m] [1mcrawling                      [0m [36mchannel[0m=[35mGoogle->Benzinga[0m [36mtag[0m=[35mgoogle_benzinga[0m
[2m2026-03-31T12:44:45.435822Z[0m [[32m[1minfo     [0m] [1mfetch                         [0m [36mstatus[0m=[35m200[0m [36murl[0m=[35m'https://news.google.com/rss/search?q=LIN+site:benzinga.com&hl=en-US&gl=US&ceid=US:en'[0m
[2m2026-03-31T12:44:45.530476Z[0m [[32m[1minfo     [0m] [1mparsed                        [0m [36mchannel[0m=[35mgoogle_benzinga[0m [36mraw[0m=[35m82[0m
[2m2026-03-31T12:44:47.536857Z[0m [[32m[1minfo     [0m] [1mfetch                         [0m [36mstatus[0m=[35m200[0m [36murl[0m=[35m'https://news.google.com/rss/search?q=LIN+site:benzinga.com&hl=en-US&gl=US&ceid=US:en'[0m
[2m2026-03-31T12:44:47.558872Z[0m [[32m[1minfo     [0m] [1mparsed                        [0m [36mchannel[0m=[35mgoogle_benzinga[0m [36mraw[0m=[35m82[0m
[2m2026-03-31T12:44:47.558990Z[0m [[32m[1minfo     [0m] [1mcrawling                      [0m [36mchannel[0m=[35m'Google News (all)'[0m [36mtag[0m=[35mgoogle_broad[0m
[2m2026-03-31T12:44:50.021200Z[0m [[32m[1minfo     [0m] [1mfetch                         [0m [36mstatus[0m=[35m200[0m [36murl[0m=[35m'https://news.google.com/rss/search?q=LIN+stock+news&hl=en-US&gl=US&ceid=US:en'[0m
[2m2026-03-31T12:44:50.109544Z[0m [[32m[1minfo     [0m] [1mparsed                        [0m [36mchannel[0m=[35mgoogle_broad[0m [36mraw[0m=[35m71[0m
[2m2026-03-31T12:44:52.578031Z[0m [[32m[1minfo     [0m] [1mfetch                         [0m [36mstatus[0m=[35m200[0m [36murl[0m=[35m'https://news.google.com/rss/search?q=LIN+earnings+analysis&hl=en-US&gl=US&ceid=US:en'[0m
[2m2026-03-31T12:44:52.618079Z[0m [[32m[1minfo     [0m] [1mparsed                        [0m [36mchannel[0m=[35mgoogle_broad[0m [36mraw[0m=[35m59[0m
[2m2026-03-31T12:44:52.618915Z[0m [[32m[1minfo     [0m] [1mquality_filter                [0m [36minput[0m=[35m294[0m [36mpassed[0m=[35m3[0m
[2m2026-03-31T12:44:52.619196Z[0m [[32m[1minfo     [0m] [1mdedup                         [0m [36mafter[0m=[35m2[0m [36mbefore[0m=[35m3[0m
[2m2026-03-31T12:44:55.187150Z[0m [[32m[1minfo     [0m] [1mfetch                         [0m [36mstatus[0m=[35m200[0m [36murl[0m=[35mhttps://www.defenseworld.net/2026/03/31/linde-plc-lin-stock-position-increased-by-exchange[0m
[2m2026-03-31T12:44:55.783726Z[0m [[32m[1minfo     [0m] [1mcrawling                      [0m [36mchannel[0m=[35mGoogle->Benzinga[0m [36mtag[0m=[35mgoogle_benzinga[0m
[2m2026-03-31T12:44:58.321310Z[0m [[32m[1minfo     [0m] [1mfetch                         [0m [36mstatus[0m=[35m200[0m [36murl[0m=[35m'https://news.google.com/rss/search?q=PEP+site:benzinga.com&hl=en-US&gl=US&ceid=US:en'[0m
[2m2026-03-31T12:44:58.434508Z[0m [[32m[1minfo     [0m] [1mparsed                        [0m [36mchannel[0m=[35mgoogle_benzinga[0m [36mraw[0m=[35m88[0m
[2m2026-03-31T12:45:00.442827Z[0m [[32m[1minfo     [0m] [1mfetch                         [0m [36mstatus[0m=[35m200[0m [36murl[0m=[35m'https://news.google.com/rss/search?q=PEP+site:benzinga.com&hl=en-US&gl=US&ceid=US:en'[0m
[2m2026-03-31T12:45:00.469372Z[0m [[32m[1minfo     [0m] [1mparsed                        [0m [36mchannel[0m=[35mgoogle_benzinga[0m [36mraw[0m=[35m88[0m
[2m2026-03-31T12:45:00.469517Z[0m [[32m[1minfo     [0m] [1mcrawling                      [0m [36mchannel[0m=[35m'Google News (all)'[0m [36mtag[0m=[35mgoogle_broad[0m
[2m2026-03-31T12:45:03.063943Z[0m [[32m[1minfo     [0m] [1mfetch                         [0m [36mstatus[0m=[35m200[0m [36murl[0m=[35m'https://news.google.com/rss/search?q=PEP+stock+news&hl=en-US&gl=US&ceid=US:en'[0m
[2m2026-03-31T12:45:03.132407Z[0m [[32m[1minfo     [0m] [1mparsed                        [0m [36mchannel[0m=[35mgoogle_broad[0m [36mraw[0m=[35m100[0m
[2m2026-03-31T12:45:05.647835Z[0m [[32m[1minfo     [0m] [1mfetch                         [0m [36mstatus[0m=[35m200[0m [36murl[0m=[35m'https://news.google.com/rss/search?q=PEP+earnings+analysis&hl=en-US&gl=US&ceid=US:en'[0m
[2m2026-03-31T12:45:05.682800Z[0m [[32m[1minfo     [0m] [1mparsed                        [0m [36mchannel[0m=[35mgoogle_broad[0m [36mraw[0m=[35m65[0m
[2m2026-03-31T12:45:05.683923Z[0m [[32m[1minfo     [0m] [1mquality_filter                [0m [36minput[0m=[35m341[0m [36mpassed[0m=[35m4[0m
[2m2026-03-31T12:45:05.684296Z[0m [[32m[1minfo     [0m] [1mdedup                         [0m [36mafter[0m=[35m4[0m [36mbefore[0m=[35m4[0m
[2m2026-03-31T12:45:07.554507Z[0m [[32m[1minfo     [0m] [1mfetch                         [0m [36mstatus[0m=[35m200[0m [36murl[0m=[35mhttps://www.tikr.com/blog/can-pepsico-nasdaq-stock-deliver-better-returns-after-flat-perfo[0m
[2m2026-03-31T12:45:07.761450Z[0m [[32m[1minfo     [0m] [1mfetch                         [0m [36mstatus[0m=[35m200[0m [36murl[0m=[35mhttps://247wallst.com/investing/2026/03/30/pepsico-could-climb-10-to-169-as-deutsche-bank-[0m
[2m2026-03-31T12:45:07.824597Z[0m [[32m[1minfo     [0m] [1mfetch                         [0m [36mstatus[0m=[35m200[0m [36murl[0m=[35mhttps://247wallst.com/investing/2026/03/30/pepsico-vs-coca-cola-the-better-dividend-stock/[0m
[2m2026-03-31T12:45:07.838001Z[0m [[32m[1minfo     [0m] [1mfetch                         [0m [36mstatus[0m=[35m403[0m [36murl[0m=[35mhttps://www.investing.com/news/stock-market-news/exxon-mobil-pepsico-among-market-cap-stoc[0m
[2m2026-03-31T12:45:08.043840Z[0m [[32m[1minfo     [0m] [1mcrawling                      [0m [36mchannel[0m=[35mGoogle->Benzinga[0m [36mtag[0m=[35mgoogle_benzinga[0m
[2m2026-03-31T12:45:10.751106Z[0m [[32m[1minfo     [0m] [1mfetch                         [0m [36mstatus[0m=[35m200[0m [36murl[0m=[35m'https://news.google.com/rss/search?q=INTC+site:benzinga.com&hl=en-US&gl=US&ceid=US:en'[0m
[2m2026-03-31T12:45:10.881885Z[0m [[32m[1minfo     [0m] [1mparsed                        [0m [36mchannel[0m=[35mgoogle_benzinga[0m [36mraw[0m=[35m100[0m
[2m2026-03-31T12:45:13.493649Z[0m [[32m[1minfo     [0m] [1mfetch                         [0m [36mstatus[0m=[35m200[0m [36murl[0m=[35m'https://news.google.com/rss/search?q=INTC%2BIntel+site:benzinga.com&hl=en-US&gl=US&ceid=US'[0m
[2m2026-03-31T12:45:13.616516Z[0m [[32m[1minfo     [0m] [1mparsed                        [0m [36mchannel[0m=[35mgoogle_benzinga[0m [36mraw[0m=[35m100[0m
[2m2026-03-31T12:45:13.616694Z[0m [[32m[1minfo     [0m] [1mcrawling                      [0m [36mchannel[0m=[35m'Google News (all)'[0m [36mtag[0m=[35mgoogle_broad[0m
[2m2026-03-31T12:45:16.235474Z[0m [[32m[1minfo     [0m] [1mfetch                         [0m [36mstatus[0m=[35m200[0m [36murl[0m=[35m'https://news.google.com/rss/search?q=INTC%2BIntel+stock+news&hl=en-US&gl=US&ceid=US:en'[0m
[2m2026-03-31T12:45:16.356009Z[0m [[32m[1minfo     [0m] [1mparsed                        [0m [36mchannel[0m=[35mgoogle_broad[0m [36mraw[0m=[35m100[0m
[2m2026-03-31T12:45:18.933163Z[0m [[32m[1minfo     [0m] [1mfetch                         [0m [36mstatus[0m=[35m200[0m [36murl[0m=[35m'https://news.google.com/rss/search?q=INTC%2BIntel+earnings+analysis&hl=en-US&gl=US&ceid=US'[0m
[2m2026-03-31T12:45:19.044512Z[0m [[32m[1minfo     [0m] [1mparsed                        [0m [36mchannel[0m=[35mgoogle_broad[0m [36mraw[0m=[35m100[0m
[2m2026-03-31T12:45:19.045485Z[0m [[32m[1minfo     [0m] [1mquality_filter                [0m [36minput[0m=[35m400[0m [36mpassed[0m=[35m7[0m
[2m2026-03-31T12:45:19.045832Z[0m [[32m[1minfo     [0m] [1mdedup                         [0m [36mafter[0m=[35m6[0m [36mbefore[0m=[35m7[0m
[2m2026-03-31T12:45:20.800562Z[0m [[32m[1minfo     [0m] [1mfetch                         [0m [36mstatus[0m=[35m200[0m [36murl[0m=[35mhttps://www.insidermonkey.com/blog/heres-what-the-crowdstrike-crwd-partnership-means-for-i[0m
[2m2026-03-31T12:45:21.088785Z[0m [[32m[1minfo     [0m] [1mfetch                         [0m [36mstatus[0m=[35m403[0m [36murl[0m=[35mhttps://www.tipranks.com/news/intel-stock-nasdaqintc-plunges-as-ibot-gets-road-tested[0m
[2m2026-03-31T12:45:21.363568Z[0m [[32m[1minfo     [0m] [1mfetch                         [0m [36mstatus[0m=[35m200[0m [36murl[0m=[35mhttps://247wallst.com/investing/2026/03/30/intel-slides-5-amd-drops-3-the-semiconductor-se[0m
[2m2026-03-31T12:45:21.415910Z[0m [[32m[1minfo     [0m] [1mfetch                         [0m [36mstatus[0m=[35m200[0m [36murl[0m=[35mhttps://seekingalpha.com/article/4887027-intel-this-is-my-highest-conviction-buy-right-now[0m
[2m2026-03-31T12:45:21.485895Z[0m [[32m[1minfo     [0m] [1mfetch                         [0m [36mstatus[0m=[35m200[0m [36murl[0m=[35mhttps://247wallst.com/investing/2026/03/30/amd-vs-intel-which-stock-will-lead-in-2026/[0m
[2m2026-03-31T12:45:22.448755Z[0m [[32m[1minfo     [0m] [1mcrawling                      [0m [36mchannel[0m=[35mGoogle->Benzinga[0m [36mtag[0m=[35mgoogle_benzinga[0m
[2m2026-03-31T12:45:25.133692Z[0m [[32m[1minfo     [0m] [1mfetch                         [0m [36mstatus[0m=[35m200[0m [36murl[0m=[35m'https://news.google.com/rss/search?q=VZ+site:benzinga.com&hl=en-US&gl=US&ceid=US:en'[0m
[2m2026-03-31T12:45:25.252352Z[0m [[32m[1minfo     [0m] [1mparsed                        [0m [36mchannel[0m=[35mgoogle_benzinga[0m [36mraw[0m=[35m100[0m
[2m2026-03-31T12:45:27.257867Z[0m [[32m[1minfo     [0m] [1mfetch                         [0m [36mstatus[0m=[35m200[0m [36murl[0m=[35m'https://news.google.com/rss/search?q=VZ+site:benzinga.com&hl=en-US&gl=US&ceid=US:en'[0m
[2m2026-03-31T12:45:27.287804Z[0m [[32m[1minfo     [0m] [1mparsed                        [0m [36mchannel[0m=[35mgoogle_benzinga[0m [36mraw[0m=[35m100[0m
[2m2026-03-31T12:45:27.287933Z[0m [[32m[1minfo     [0m] [1mcrawling                      [0m [36mchannel[0m=[35m'Google News (all)'[0m [36mtag[0m=[35mgoogle_broad[0m
[2m2026-03-31T12:45:29.904226Z[0m [[32m[1minfo     [0m] [1mfetch                         [0m [36mstatus[0m=[35m200[0m [36murl[0m=[35m'https://news.google.com/rss/search?q=VZ+stock+news&hl=en-US&gl=US&ceid=US:en'[0m
[2m2026-03-31T12:45:30.017348Z[0m [[32m[1minfo     [0m] [1mparsed                        [0m [36mchannel[0m=[35mgoogle_broad[0m [36mraw[0m=[35m100[0m
[2m2026-03-31T12:45:32.432615Z[0m [[32m[1minfo     [0m] [1mfetch                         [0m [36mstatus[0m=[35m200[0m [36murl[0m=[35m'https://news.google.com/rss/search?q=VZ+earnings+analysis&hl=en-US&gl=US&ceid=US:en'[0m
[2m2026-03-31T12:45:32.473687Z[0m [[32m[1minfo     [0m] [1mparsed                        [0m [36mchannel[0m=[35mgoogle_broad[0m [36mraw[0m=[35m59[0m
[2m2026-03-31T12:45:32.475019Z[0m [[32m[1minfo     [0m] [1mquality_filter                [0m [36minput[0m=[35m359[0m [36mpassed[0m=[35m10[0m
[2m2026-03-31T12:45:32.475731Z[0m [[32m[1minfo     [0m] [1mdedup                         [0m [36mafter[0m=[35m10[0m [36mbefore[0m=[35m10[0m
[2m2026-03-31T12:45:34.629658Z[0m [[32m[1minfo     [0m] [1mfetch                         [0m [36mstatus[0m=[35m200[0m [36murl[0m=[35mhttps://www.marketbeat.com/instant-alerts/filing-verizon-communications-inc-vz-stock-holdi[0m
[2m2026-03-31T12:45:34.968755Z[0m [[32m[1minfo     [0m] [1mfetch                         [0m [36mstatus[0m=[35m200[0m [36murl[0m=[35mhttps://www.stocktitan.net/sec-filings/VZ/form-4-verizon-communications-inc-insider-tradin[0m
[2m2026-03-31T12:45:35.212397Z[0m [[32m[1minfo     [0m] [1mfetch                         [0m [36mstatus[0m=[35m200[0m [36murl[0m=[35mhttps://www.stocktitan.net/sec-filings/VZ/form-4-verizon-communications-inc-insider-tradin[0m
[2m2026-03-31T12:45:35.235315Z[0m [[32m[1minfo     [0m] [1mfetch                         [0m [36mstatus[0m=[35m429[0m [36murl[0m=[35mhttps://www.stocktitan.net/sec-filings/VZ/form-4-verizon-communications-inc-insider-tradin[0m
[2m2026-03-31T12:45:35.434092Z[0m [[32m[1minfo     [0m] [1mfetch                         [0m [36mstatus[0m=[35m429[0m [36murl[0m=[35mhttps://www.stocktitan.net/sec-filings/VZ/form-4-verizon-communications-inc-insider-tradin[0m
[2m2026-03-31T12:45:35.798785Z[0m [[31m[1merror    [0m] [1mfetch_error                   [0m [36merror[0m=[35m"400, message='Can not decode content-encoding: brotli (br). Please install `Brot"[0m [36murl[0m=[35mhttps://www.ad-hoc-news.de/boerse/ueberblick/volkswagen-ag-vz-stock-st[0m
[2m2026-03-31T12:45:36.494926Z[0m [[32m[1minfo     [0m] [1mfetch                         [0m [36mstatus[0m=[35m429[0m [36murl[0m=[35mhttps://www.stocktitan.net/sec-filings/VZ/form-4-verizon-communications-inc-insider-tradin[0m
[2m2026-03-31T12:45:37.035868Z[0m [[32m[1minfo     [0m] [1mfetch                         [0m [36mstatus[0m=[35m429[0m [36murl[0m=[35mhttps://www.stocktitan.net/sec-filings/VZ/form-4-verizon-communications-inc-insider-tradin[0m
[2m2026-03-31T12:45:37.186212Z[0m [[32m[1minfo     [0m] [1mfetch                         [0m [36mstatus[0m=[35m429[0m [36murl[0m=[35mhttps://www.stocktitan.net/sec-filings/VZ/form-4-verizon-communications-inc-insider-tradin[0m
[2m2026-03-31T12:45:37.198417Z[0m [[32m[1minfo     [0m] [1mfetch                         [0m [36mstatus[0m=[35m429[0m [36murl[0m=[35mhttps://www.stocktitan.net/sec-filings/VZ/form-4-verizon-communications-inc-insider-tradin[0m
[2m2026-03-31T12:45:37.401412Z[0m [[32m[1minfo     [0m] [1mcrawling                      [0m [36mchannel[0m=[35mGoogle->Benzinga[0m [36mtag[0m=[35mgoogle_benzinga[0m
[2m2026-03-31T12:45:39.883015Z[0m [[32m[1minfo     [0m] [1mfetch                         [0m [36mstatus[0m=[35m200[0m [36murl[0m=[35m'https://news.google.com/rss/search?q=AMGN+site:benzinga.com&hl=en-US&gl=US&ceid=US:en'[0m
[2m2026-03-31T12:45:39.977823Z[0m [[32m[1minfo     [0m] [1mparsed                        [0m [36mchannel[0m=[35mgoogle_benzinga[0m [36mraw[0m=[35m76[0m
[2m2026-03-31T12:45:41.986222Z[0m [[32m[1minfo     [0m] [1mfetch                         [0m [36mstatus[0m=[35m200[0m [36murl[0m=[35m'https://news.google.com/rss/search?q=AMGN+site:benzinga.com&hl=en-US&gl=US&ceid=US:en'[0m
[2m2026-03-31T12:45:42.009085Z[0m [[32m[1minfo     [0m] [1mparsed                        [0m [36mchannel[0m=[35mgoogle_benzinga[0m [36mraw[0m=[35m76[0m
[2m2026-03-31T12:45:42.009204Z[0m [[32m[1minfo     [0m] [1mcrawling                      [0m [36mchannel[0m=[35m'Google News (all)'[0m [36mtag[0m=[35mgoogle_broad[0m
[2m2026-03-31T12:45:44.484063Z[0m [[32m[1minfo     [0m] [1mfetch                         [0m [36mstatus[0m=[35m200[0m [36murl[0m=[35m'https://news.google.com/rss/search?q=AMGN+stock+news&hl=en-US&gl=US&ceid=US:en'[0m
[2m2026-03-31T12:45:44.590255Z[0m [[32m[1minfo     [0m] [1mparsed                        [0m [36mchannel[0m=[35mgoogle_broad[0m [36mraw[0m=[35m100[0m
[2m2026-03-31T12:45:47.000523Z[0m [[32m[1minfo     [0m] [1mfetch                         [0m [36mstatus[0m=[35m200[0m [36murl[0m=[35m'https://news.google.com/rss/search?q=AMGN+earnings+analysis&hl=en-US&gl=US&ceid=US:en'[0m
[2m2026-03-31T12:45:47.031655Z[0m [[32m[1minfo     [0m] [1mparsed                        [0m [36mchannel[0m=[35mgoogle_broad[0m [36mraw[0m=[35m56[0m
[2m2026-03-31T12:45:47.033014Z[0m [[32m[1minfo     [0m] [1mquality_filter                [0m [36minput[0m=[35m308[0m [36mpassed[0m=[35m2[0m
[2m2026-03-31T12:45:47.033244Z[0m [[32m[1minfo     [0m] [1mdedup                         [0m [36mafter[0m=[35m2[0m [36mbefore[0m=[35m2[0m
[2m2026-03-31T12:45:49.265520Z[0m [[32m[1minfo     [0m] [1mfetch                         [0m [36mstatus[0m=[35m200[0m [36murl[0m=[35mhttps://www.marketbeat.com/instant-alerts/filing-amgen-inc-amgn-shares-purchased-by-hofer-[0m
[2m2026-03-31T12:45:49.534730Z[0m [[31m[1merror    [0m] [1mfetch_error                   [0m [36merror[0m=[35m"400, message='Got more than 8190 bytes (8800) when reading Header value is too l"[0m [36murl[0m=[35mhttps://finance.yahoo.com/markets/stocks/articles/amgen-amgn-stock-sin[0m
[2m2026-03-31T12:45:49.738079Z[0m [[32m[1minfo     [0m] [1mcrawling                      [0m [36mchannel[0m=[35mGoogle->Benzinga[0m [36mtag[0m=[35mgoogle_benzinga[0m
[2m2026-03-31T12:45:52.233673Z[0m [[32m[1minfo     [0m] [1mfetch                         [0m [36mstatus[0m=[35m200[0m [36murl[0m=[35m'https://news.google.com/rss/search?q=ABT+site:benzinga.com&hl=en-US&gl=US&ceid=US:en'[0m
[2m2026-03-31T12:45:52.264810Z[0m [[32m[1minfo     [0m] [1mparsed                        [0m [36mchannel[0m=[35mgoogle_benzinga[0m [36mraw[0m=[35m52[0m
[2m2026-03-31T12:45:54.274419Z[0m [[32m[1minfo     [0m] [1mfetch                         [0m [36mstatus[0m=[35m200[0m [36murl[0m=[35m'https://news.google.com/rss/search?q=ABT+site:benzinga.com&hl=en-US&gl=US&ceid=US:en'[0m
[2m2026-03-31T12:45:54.304146Z[0m [[32m[1minfo     [0m] [1mparsed                        [0m [36mchannel[0m=[35mgoogle_benzinga[0m [36mraw[0m=[35m52[0m
[2m2026-03-31T12:45:54.304260Z[0m [[32m[1minfo     [0m] [1mcrawling                      [0m [36mchannel[0m=[35m'Google News (all)'[0m [36mtag[0m=[35mgoogle_broad[0m
[2m2026-03-31T12:45:56.855483Z[0m [[32m[1minfo     [0m] [1mfetch                         [0m [36mstatus[0m=[35m200[0m [36murl[0m=[35m'https://news.google.com/rss/search?q=ABT+stock+news&hl=en-US&gl=US&ceid=US:en'[0m
[2m2026-03-31T12:45:56.967698Z[0m [[32m[1minfo     [0m] [1mparsed                        [0m [36mchannel[0m=[35mgoogle_broad[0m [36mraw[0m=[35m100[0m
[2m2026-03-31T12:45:59.408837Z[0m [[32m[1minfo     [0m] [1mfetch                         [0m [36mstatus[0m=[35m200[0m [36murl[0m=[35m'https://news.google.com/rss/search?q=ABT+earnings+analysis&hl=en-US&gl=US&ceid=US:en'[0m
[2m2026-03-31T12:45:59.462621Z[0m [[32m[1minfo     [0m] [1mparsed                        [0m [36mchannel[0m=[35mgoogle_broad[0m [36mraw[0m=[35m61[0m
[2m2026-03-31T12:45:59.463318Z[0m [[32m[1minfo     [0m] [1mquality_filter                [0m [36minput[0m=[35m265[0m [36mpassed[0m=[35m0[0m
[2m2026-03-31T12:45:59.463404Z[0m [[32m[1minfo     [0m] [1mdedup                         [0m [36mafter[0m=[35m0[0m [36mbefore[0m=[35m0[0m
[2m2026-03-31T12:45:59.464405Z[0m [[32m[1minfo     [0m] [1mcrawling                      [0m [36mchannel[0m=[35mGoogle->Benzinga[0m [36mtag[0m=[35mgoogle_benzinga[0m
[2m2026-03-31T12:46:02.334716Z[0m [[32m[1minfo     [0m] [1mfetch                         [0m [36mstatus[0m=[35m200[0m [36murl[0m=[35m'https://news.google.com/rss/search?q=T+site:benzinga.com&hl=en-US&gl=US&ceid=US:en'[0m
[2m2026-03-31T12:46:02.444505Z[0m [[32m[1minfo     [0m] [1mparsed                        [0m [36mchannel[0m=[35mgoogle_benzinga[0m [36mraw[0m=[35m100[0m
[2m2026-03-31T12:46:04.461724Z[0m [[32m[1minfo     [0m] [1mfetch                         [0m [36mstatus[0m=[35m200[0m [36murl[0m=[35m'https://news.google.com/rss/search?q=T+site:benzinga.com&hl=en-US&gl=US&ceid=US:en'[0m
[2m2026-03-31T12:46:04.492467Z[0m [[32m[1minfo     [0m] [1mparsed                        [0m [36mchannel[0m=[35mgoogle_benzinga[0m [36mraw[0m=[35m100[0m
[2m2026-03-31T12:46:04.492579Z[0m [[32m[1minfo     [0m] [1mcrawling                      [0m [36mchannel[0m=[35m'Google News (all)'[0m [36mtag[0m=[35mgoogle_broad[0m
[2m2026-03-31T12:46:07.032816Z[0m [[32m[1minfo     [0m] [1mfetch                         [0m [36mstatus[0m=[35m200[0m [36murl[0m=[35m'https://news.google.com/rss/search?q=T+stock+news&hl=en-US&gl=US&ceid=US:en'[0m
[2m2026-03-31T12:46:07.064404Z[0m [[32m[1minfo     [0m] [1mparsed                        [0m [36mchannel[0m=[35mgoogle_broad[0m [36mraw[0m=[35m64[0m
[2m2026-03-31T12:46:10.237095Z[0m [[32m[1minfo     [0m] [1mfetch                         [0m [36mstatus[0m=[35m200[0m [36murl[0m=[35m'https://news.google.com/rss/search?q=T+earnings+analysis&hl=en-US&gl=US&ceid=US:en'[0m
[2m2026-03-31T12:46:10.240875Z[0m [[32m[1minfo     [0m] [1mparsed                        [0m [36mchannel[0m=[35mgoogle_broad[0m [36mraw[0m=[35m0[0m
[2m2026-03-31T12:46:10.243779Z[0m [[32m[1minfo     [0m] [1mquality_filter                [0m [36minput[0m=[35m264[0m [36mpassed[0m=[35m39[0m
[2m2026-03-31T12:46:10.248650Z[0m [[32m[1minfo     [0m] [1mdedup                         [0m [36mafter[0m=[35m21[0m [36mbefore[0m=[35m39[0m
[2m2026-03-31T12:46:17.227149Z[0m [[32m[1minfo     [0m] [1mfetch                         [0m [36mstatus[0m=[35m403[0m [36murl[0m=[35mhttps://247wallst.com/companies/week/[0m
[2m2026-03-31T12:46:18.271618Z[0m [[32m[1minfo     [0m] [1mfetch                         [0m [36mstatus[0m=[35m200[0m [36murl[0m=[35mhttps://www.stocktitan.net/news/T/at-t-launches-one-connect-the-first-ever-single-subscrip[0m
[2m2026-03-31T12:46:18.540933Z[0m [[31m[1merror    [0m] [1mfetch_error                   [0m [36merror[0m=[35m"400, message='Got more than 8190 bytes (8800) when reading Header value is too l"[0m [36murl[0m=[35mhttps://finance.yahoo.com/news/stock-market-bulls-dont-forget-this-one[0m
[2m2026-03-31T12:46:18.743456Z[0m [[32m[1minfo     [0m] [1mcrawling                      [0m [36mchannel[0m=[35mGoogle->Benzinga[0m [36mtag[0m=[35mgoogle_benzinga[0m
[2m2026-03-31T12:46:21.484697Z[0m [[32m[1minfo     [0m] [1mfetch                         [0m [36mstatus[0m=[35m200[0m [36murl[0m=[35m'https://news.google.com/rss/search?q=C+site:benzinga.com&hl=en-US&gl=US&ceid=US:en'[0m
[2m2026-03-31T12:46:21.584758Z[0m [[32m[1minfo     [0m] [1mparsed                        [0m [36mchannel[0m=[35mgoogle_benzinga[0m [36mraw[0m=[35m100[0m
[2m2026-03-31T12:46:23.605027Z[0m [[32m[1minfo     [0m] [1mfetch                         [0m [36mstatus[0m=[35m200[0m [36murl[0m=[35m'https://news.google.com/rss/search?q=C+site:benzinga.com&hl=en-US&gl=US&ceid=US:en'[0m
[2m2026-03-31T12:46:23.633595Z[0m [[32m[1minfo     [0m] [1mparsed                        [0m [36mchannel[0m=[35mgoogle_benzinga[0m [36mraw[0m=[35m100[0m
[2m2026-03-31T12:46:23.633725Z[0m [[32m[1minfo     [0m] [1mcrawling                      [0m [36mchannel[0m=[35m'Google News (all)'[0m [36mtag[0m=[35mgoogle_broad[0m
[2m2026-03-31T12:46:26.160845Z[0m [[32m[1minfo     [0m] [1mfetch                         [0m [36mstatus[0m=[35m200[0m [36murl[0m=[35m'https://news.google.com/rss/search?q=C+stock+news&hl=en-US&gl=US&ceid=US:en'[0m
[2m2026-03-31T12:46:26.288107Z[0m [[32m[1minfo     [0m] [1mparsed                        [0m [36mchannel[0m=[35mgoogle_broad[0m [36mraw[0m=[35m100[0m
[2m2026-03-31T12:46:28.746338Z[0m [[32m[1minfo     [0m] [1mfetch                         [0m [36mstatus[0m=[35m200[0m [36murl[0m=[35m'https://news.google.com/rss/search?q=C+earnings+analysis&hl=en-US&gl=US&ceid=US:en'[0m
[2m2026-03-31T12:46:28.783290Z[0m [[32m[1minfo     [0m] [1mparsed                        [0m [36mchannel[0m=[35mgoogle_broad[0m [36mraw[0m=[35m64[0m
[2m2026-03-31T12:46:28.784714Z[0m [[32m[1minfo     [0m] [1mquality_filter                [0m [36minput[0m=[35m364[0m [36mpassed[0m=[35m10[0m
[2m2026-03-31T12:46:28.785626Z[0m [[32m[1minfo     [0m] [1mdedup                         [0m [36mafter[0m=[35m7[0m [36mbefore[0m=[35m10[0m
[2m2026-03-31T12:46:30.809102Z[0m [[32m[1minfo     [0m] [1mfetch                         [0m [36mstatus[0m=[35m200[0m [36murl[0m=[35mhttps://www.marketwatch.com/data-news/dell-technologies-inc-cl-c-stock-falls-monday-underp[0m
[2m2026-03-31T12:46:31.152851Z[0m [[32m[1minfo     [0m] [1mfetch                         [0m [36mstatus[0m=[35m200[0m [36murl[0m=[35mhttp://baoquankhu1.vn/tin-tuc/252/Can-ARDT-reach-all-time-highs-this-year[0m
[2m2026-03-31T12:46:31.529007Z[0m [[32m[1minfo     [0m] [1mfetch                         [0m [36mstatus[0m=[35m403[0m [36murl[0m=[35mhttps://www.tipranks.com/news/catalyst/why-liberty-global-c-stock-is-sliding-now[0m
[2m2026-03-31T12:46:32.460779Z[0m [[32m[1minfo     [0m] [1mfetch                         [0m [36mstatus[0m=[35m200[0m [36murl[0m=[35m'https://www.msn.com/en-us/money/markets?id=a1pq7w&tab=TopGainers&ocid=NEFLS000'[0m
[2m2026-03-31T12:46:32.938412Z[0m [[32m[1minfo     [0m] [1mcrawling                      [0m [36mchannel[0m=[35mGoogle->Benzinga[0m [36mtag[0m=[35mgoogle_benzinga[0m
[2m2026-03-31T12:46:35.700228Z[0m [[32m[1minfo     [0m] [1mfetch                         [0m [36mstatus[0m=[35m200[0m [36murl[0m=[35m'https://news.google.com/rss/search?q=DIS+site:benzinga.com&hl=en-US&gl=US&ceid=US:en'[0m
[2m2026-03-31T12:46:35.798172Z[0m [[32m[1minfo     [0m] [1mparsed                        [0m [36mchannel[0m=[35mgoogle_benzinga[0m [36mraw[0m=[35m100[0m
[2m2026-03-31T12:46:37.802594Z[0m [[32m[1minfo     [0m] [1mfetch                         [0m [36mstatus[0m=[35m200[0m [36murl[0m=[35m'https://news.google.com/rss/search?q=DIS+site:benzinga.com&hl=en-US&gl=US&ceid=US:en'[0m
[2m2026-03-31T12:46:37.828546Z[0m [[32m[1minfo     [0m] [1mparsed                        [0m [36mchannel[0m=[35mgoogle_benzinga[0m [36mraw[0m=[35m100[0m
[2m2026-03-31T12:46:37.828669Z[0m [[32m[1minfo     [0m] [1mcrawling                      [0m [36mchannel[0m=[35m'Google News (all)'[0m [36mtag[0m=[35mgoogle_broad[0m
[2m2026-03-31T12:46:40.446430Z[0m [[32m[1minfo     [0m] [1mfetch                         [0m [36mstatus[0m=[35m200[0m [36murl[0m=[35m'https://news.google.com/rss/search?q=DIS+stock+news&hl=en-US&gl=US&ceid=US:en'[0m
[2m2026-03-31T12:46:40.547433Z[0m [[32m[1minfo     [0m] [1mparsed                        [0m [36mchannel[0m=[35mgoogle_broad[0m [36mraw[0m=[35m100[0m
[2m2026-03-31T12:46:43.145771Z[0m [[32m[1minfo     [0m] [1mfetch                         [0m [36mstatus[0m=[35m200[0m [36murl[0m=[35m'https://news.google.com/rss/search?q=DIS+earnings+analysis&hl=en-US&gl=US&ceid=US:en'[0m
[2m2026-03-31T12:46:43.256124Z[0m [[32m[1minfo     [0m] [1mparsed                        [0m [36mchannel[0m=[35mgoogle_broad[0m [36mraw[0m=[35m100[0m
[2m2026-03-31T12:46:43.257029Z[0m [[32m[1minfo     [0m] [1mquality_filter                [0m [36minput[0m=[35m400[0m [36mpassed[0m=[35m4[0m
[2m2026-03-31T12:46:43.257262Z[0m [[32m[1minfo     [0m] [1mdedup                         [0m [36mafter[0m=[35m2[0m [36mbefore[0m=[35m4[0m
[2m2026-03-31T12:46:45.771465Z[0m [[31m[1merror    [0m] [1mfetch_error                   [0m [36merror[0m=[35m"400, message='Got more than 8190 bytes (8800) when reading Header value is too l"[0m [36murl[0m=[35mhttps://finance.yahoo.com/markets/stocks/articles/disney-dis-stock-kno[0m
[2m2026-03-31T12:46:45.973660Z[0m [[32m[1minfo     [0m] [1mcrawling                      [0m [36mchannel[0m=[35mGoogle->Benzinga[0m [36mtag[0m=[35mgoogle_benzinga[0m
[2m2026-03-31T12:46:48.420305Z[0m [[32m[1minfo     [0m] [1mfetch                         [0m [36mstatus[0m=[35m200[0m [36murl[0m=[35m'https://news.google.com/rss/search?q=GILD+site:benzinga.com&hl=en-US&gl=US&ceid=US:en'[0m
[2m2026-03-31T12:46:48.436831Z[0m [[32m[1minfo     [0m] [1mparsed                        [0m [36mchannel[0m=[35mgoogle_benzinga[0m [36mraw[0m=[35m41[0m
[2m2026-03-31T12:46:50.442399Z[0m [[32m[1minfo     [0m] [1mfetch                         [0m [36mstatus[0m=[35m200[0m [36murl[0m=[35m'https://news.google.com/rss/search?q=GILD+site:benzinga.com&hl=en-US&gl=US&ceid=US:en'[0m
[2m2026-03-31T12:46:50.453430Z[0m [[32m[1minfo     [0m] [1mparsed                        [0m [36mchannel[0m=[35mgoogle_benzinga[0m [36mraw[0m=[35m41[0m
[2m2026-03-31T12:46:50.453537Z[0m [[32m[1minfo     [0m] [1mcrawling                      [0m [36mchannel[0m=[35m'Google News (all)'[0m [36mtag[0m=[35mgoogle_broad[0m
[2m2026-03-31T12:46:53.076454Z[0m [[32m[1minfo     [0m] [1mfetch                         [0m [36mstatus[0m=[35m200[0m [36murl[0m=[35m'https://news.google.com/rss/search?q=GILD+stock+news&hl=en-US&gl=US&ceid=US:en'[0m
[2m2026-03-31T12:46:53.167203Z[0m [[32m[1minfo     [0m] [1mparsed                        [0m [36mchannel[0m=[35mgoogle_broad[0m [36mraw[0m=[35m100[0m
[2m2026-03-31T12:46:55.879375Z[0m [[32m[1minfo     [0m] [1mfetch                         [0m [36mstatus[0m=[35m200[0m [36murl[0m=[35m'https://news.google.com/rss/search?q=GILD+earnings+analysis&hl=en-US&gl=US&ceid=US:en'[0m
[2m2026-03-31T12:46:55.974571Z[0m [[32m[1minfo     [0m] [1mparsed                        [0m [36mchannel[0m=[35mgoogle_broad[0m [36mraw[0m=[35m73[0m
[2m2026-03-31T12:46:55.975132Z[0m [[32m[1minfo     [0m] [1mquality_filter                [0m [36minput[0m=[35m255[0m [36mpassed[0m=[35m1[0m
[2m2026-03-31T12:46:55.975255Z[0m [[32m[1minfo     [0m] [1mdedup                         [0m [36mafter[0m=[35m1[0m [36mbefore[0m=[35m1[0m
[2m2026-03-31T12:46:58.607861Z[0m [[32m[1minfo     [0m] [1mfetch                         [0m [36mstatus[0m=[35m200[0m [36murl[0m=[35mhttps://www.stocktitan.net/sec-filings/GILD/form-4-gilead-sciences-inc-insider-trading-act[0m
[2m2026-03-31T12:46:58.821231Z[0m [[32m[1minfo     [0m] [1mcrawling                      [0m [36mchannel[0m=[35mGoogle->Benzinga[0m [36mtag[0m=[35mgoogle_benzinga[0m
[2m2026-03-31T12:47:01.415598Z[0m [[32m[1minfo     [0m] [1mfetch                         [0m [36mstatus[0m=[35m200[0m [36murl[0m=[35m'https://news.google.com/rss/search?q=APH+site:benzinga.com&hl=en-US&gl=US&ceid=US:en'[0m
[2m2026-03-31T12:47:01.449759Z[0m [[32m[1minfo     [0m] [1mparsed                        [0m [36mchannel[0m=[35mgoogle_benzinga[0m [36mraw[0m=[35m63[0m
[2m2026-03-31T12:47:03.454362Z[0m [[32m[1minfo     [0m] [1mfetch                         [0m [36mstatus[0m=[35m200[0m [36murl[0m=[35m'https://news.google.com/rss/search?q=APH+site:benzinga.com&hl=en-US&gl=US&ceid=US:en'[0m
[2m2026-03-31T12:47:03.470326Z[0m [[32m[1minfo     [0m] [1mparsed                        [0m [36mchannel[0m=[35mgoogle_benzinga[0m [36mraw[0m=[35m63[0m
[2m2026-03-31T12:47:03.470426Z[0m [[32m[1minfo     [0m] [1mcrawling                      [0m [36mchannel[0m=[35m'Google News (all)'[0m [36mtag[0m=[35mgoogle_broad[0m
[2m2026-03-31T12:47:05.967395Z[0m [[32m[1minfo     [0m] [1mfetch                         [0m [36mstatus[0m=[35m200[0m [36murl[0m=[35m'https://news.google.com/rss/search?q=APH+stock+news&hl=en-US&gl=US&ceid=US:en'[0m
[2m2026-03-31T12:47:06.073208Z[0m [[32m[1minfo     [0m] [1mparsed                        [0m [36mchannel[0m=[35mgoogle_broad[0m [36mraw[0m=[35m100[0m
[2m2026-03-31T12:47:08.509350Z[0m [[32m[1minfo     [0m] [1mfetch                         [0m [36mstatus[0m=[35m200[0m [36murl[0m=[35m'https://news.google.com/rss/search?q=APH+earnings+analysis&hl=en-US&gl=US&ceid=US:en'[0m
[2m2026-03-31T12:47:08.537426Z[0m [[32m[1minfo     [0m] [1mparsed                        [0m [36mchannel[0m=[35mgoogle_broad[0m [36mraw[0m=[35m55[0m
[2m2026-03-31T12:47:08.538030Z[0m [[32m[1minfo     [0m] [1mquality_filter                [0m [36minput[0m=[35m281[0m [36mpassed[0m=[35m1[0m
[2m2026-03-31T12:47:08.538133Z[0m [[32m[1minfo     [0m] [1mdedup                         [0m [36mafter[0m=[35m1[0m [36mbefore[0m=[35m1[0m
[2m2026-03-31T12:47:11.239944Z[0m [[31m[1merror    [0m] [1mfetch_error                   [0m [36merror[0m=[35m"400, message='Got more than 8190 bytes (8800) when reading Header value is too l"[0m [36murl[0m=[35mhttps://finance.yahoo.com/markets/stocks/articles/recent-pullback-crea[0m
[2m2026-03-31T12:47:11.441820Z[0m [[32m[1minfo     [0m] [1mcrawling                      [0m [36mchannel[0m=[35mGoogle->Benzinga[0m [36mtag[0m=[35mgoogle_benzinga[0m
[2m2026-03-31T12:47:13.949335Z[0m [[32m[1minfo     [0m] [1mfetch                         [0m [36mstatus[0m=[35m200[0m [36murl[0m=[35m'https://news.google.com/rss/search?q=TJX+site:benzinga.com&hl=en-US&gl=US&ceid=US:en'[0m
[2m2026-03-31T12:47:13.974893Z[0m [[32m[1minfo     [0m] [1mparsed                        [0m [36mchannel[0m=[35mgoogle_benzinga[0m [36mraw[0m=[35m58[0m
[2m2026-03-31T12:47:15.982739Z[0m [[32m[1minfo     [0m] [1mfetch                         [0m [36mstatus[0m=[35m200[0m [36murl[0m=[35m'https://news.google.com/rss/search?q=TJX+site:benzinga.com&hl=en-US&gl=US&ceid=US:en'[0m
[2m2026-03-31T12:47:16.005993Z[0m [[32m[1minfo     [0m] [1mparsed                        [0m [36mchannel[0m=[35mgoogle_benzinga[0m [36mraw[0m=[35m58[0m
[2m2026-03-31T12:47:16.006108Z[0m [[32m[1minfo     [0m] [1mcrawling                      [0m [36mchannel[0m=[35m'Google News (all)'[0m [36mtag[0m=[35mgoogle_broad[0m
[2m2026-03-31T12:47:18.752465Z[0m [[32m[1minfo     [0m] [1mfetch                         [0m [36mstatus[0m=[35m200[0m [36murl[0m=[35m'https://news.google.com/rss/search?q=TJX+stock+news&hl=en-US&gl=US&ceid=US:en'[0m
[2m2026-03-31T12:47:18.858439Z[0m [[32m[1minfo     [0m] [1mparsed                        [0m [36mchannel[0m=[35mgoogle_broad[0m [36mraw[0m=[35m100[0m
[2m2026-03-31T12:47:21.324994Z[0m [[32m[1minfo     [0m] [1mfetch                         [0m [36mstatus[0m=[35m200[0m [36murl[0m=[35m'https://news.google.com/rss/search?q=TJX+earnings+analysis&hl=en-US&gl=US&ceid=US:en'[0m
[2m2026-03-31T12:47:21.358455Z[0m [[32m[1minfo     [0m] [1mparsed                        [0m [36mchannel[0m=[35mgoogle_broad[0m [36mraw[0m=[35m58[0m
[2m2026-03-31T12:47:21.359104Z[0m [[32m[1minfo     [0m] [1mquality_filter                [0m [36minput[0m=[35m274[0m [36mpassed[0m=[35m3[0m
[2m2026-03-31T12:47:21.359295Z[0m [[32m[1minfo     [0m] [1mdedup                         [0m [36mafter[0m=[35m2[0m [36mbefore[0m=[35m3[0m
[2m2026-03-31T12:47:23.446918Z[0m [[32m[1minfo     [0m] [1mfetch                         [0m [36mstatus[0m=[35m200[0m [36murl[0m=[35m'https://www.barrons.com/articles/tjx-stock-dividend-raise-capital-plan-eccb0536?gaa_at=eaf'[0m
[2m2026-03-31T12:47:23.674452Z[0m [[32m[1minfo     [0m] [1mfetch                         [0m [36mstatus[0m=[35m403[0m [36murl[0m=[35mhttps://www.businesswire.com/news/home/20260330045632/en/The-TJX-Companies-Inc.-Announces-[0m
[2m2026-03-31T12:47:23.876496Z[0m [[32m[1minfo     [0m] [1mcrawling                      [0m [36mchannel[0m=[35mGoogle->Benzinga[0m [36mtag[0m=[35mgoogle_benzinga[0m
[2m2026-03-31T12:47:26.371163Z[0m [[32m[1minfo     [0m] [1mfetch                         [0m [36mstatus[0m=[35m200[0m [36murl[0m=[35m'https://news.google.com/rss/search?q=SCHW+site:benzinga.com&hl=en-US&gl=US&ceid=US:en'[0m
[2m2026-03-31T12:47:26.402564Z[0m [[32m[1minfo     [0m] [1mparsed                        [0m [36mchannel[0m=[35mgoogle_benzinga[0m [36mraw[0m=[35m59[0m
[2m2026-03-31T12:47:28.409066Z[0m [[32m[1minfo     [0m] [1mfetch                         [0m [36mstatus[0m=[35m200[0m [36murl[0m=[35m'https://news.google.com/rss/search?q=SCHW+site:benzinga.com&hl=en-US&gl=US&ceid=US:en'[0m
[2m2026-03-31T12:47:28.423306Z[0m [[32m[1minfo     [0m] [1mparsed                        [0m [36mchannel[0m=[35mgoogle_benzinga[0m [36mraw[0m=[35m59[0m
[2m2026-03-31T12:47:28.423403Z[0m [[32m[1minfo     [0m] [1mcrawling                      [0m [36mchannel[0m=[35m'Google News (all)'[0m [36mtag[0m=[35mgoogle_broad[0m
[2m2026-03-31T12:47:30.961572Z[0m [[32m[1minfo     [0m] [1mfetch                         [0m [36mstatus[0m=[35m200[0m [36murl[0m=[35m'https://news.google.com/rss/search?q=SCHW+stock+news&hl=en-US&gl=US&ceid=US:en'[0m
[2m2026-03-31T12:47:31.064324Z[0m [[32m[1minfo     [0m] [1mparsed                        [0m [36mchannel[0m=[35mgoogle_broad[0m [36mraw[0m=[35m100[0m
[2m2026-03-31T12:47:33.555600Z[0m [[32m[1minfo     [0m] [1mfetch                         [0m [36mstatus[0m=[35m200[0m [36murl[0m=[35m'https://news.google.com/rss/search?q=SCHW+earnings+analysis&hl=en-US&gl=US&ceid=US:en'[0m
[2m2026-03-31T12:47:33.572736Z[0m [[32m[1minfo     [0m] [1mparsed                        [0m [36mchannel[0m=[35mgoogle_broad[0m [36mraw[0m=[35m41[0m
[2m2026-03-31T12:47:33.573205Z[0m [[32m[1minfo     [0m] [1mquality_filter                [0m [36minput[0m=[35m259[0m [36mpassed[0m=[35m0[0m
[2m2026-03-31T12:47:33.573261Z[0m [[32m[1minfo     [0m] [1mdedup                         [0m [36mafter[0m=[35m0[0m [36mbefore[0m=[35m0[0m
[2m2026-03-31T12:47:33.574003Z[0m [[32m[1minfo     [0m] [1mcrawling                      [0m [36mchannel[0m=[35mGoogle->Benzinga[0m [36mtag[0m=[35mgoogle_benzinga[0m
[2m2026-03-31T12:47:36.670770Z[0m [[32m[1minfo     [0m] [1mfetch                         [0m [36mstatus[0m=[35m200[0m [36murl[0m=[35m'https://news.google.com/rss/search?q=PFE+site:benzinga.com&hl=en-US&gl=US&ceid=US:en'[0m
[2m2026-03-31T12:47:36.767302Z[0m [[32m[1minfo     [0m] [1mparsed                        [0m [36mchannel[0m=[35mgoogle_benzinga[0m [36mraw[0m=[35m100[0m
[2m2026-03-31T12:47:38.772219Z[0m [[32m[1minfo     [0m] [1mfetch                         [0m [36mstatus[0m=[35m200[0m [36murl[0m=[35m'https://news.google.com/rss/search?q=PFE+site:benzinga.com&hl=en-US&gl=US&ceid=US:en'[0m
[2m2026-03-31T12:47:38.797423Z[0m [[32m[1minfo     [0m] [1mparsed                        [0m [36mchannel[0m=[35mgoogle_benzinga[0m [36mraw[0m=[35m100[0m
[2m2026-03-31T12:47:38.797531Z[0m [[32m[1minfo     [0m] [1mcrawling                      [0m [36mchannel[0m=[35m'Google News (all)'[0m [36mtag[0m=[35mgoogle_broad[0m
[2m2026-03-31T12:47:41.331398Z[0m [[32m[1minfo     [0m] [1mfetch                         [0m [36mstatus[0m=[35m200[0m [36murl[0m=[35m'https://news.google.com/rss/search?q=PFE+stock+news&hl=en-US&gl=US&ceid=US:en'[0m
[2m2026-03-31T12:47:41.427793Z[0m [[32m[1minfo     [0m] [1mparsed                        [0m [36mchannel[0m=[35mgoogle_broad[0m [36mraw[0m=[35m100[0m
[2m2026-03-31T12:47:44.063721Z[0m [[32m[1minfo     [0m] [1mfetch                         [0m [36mstatus[0m=[35m200[0m [36murl[0m=[35m'https://news.google.com/rss/search?q=PFE+earnings+analysis&hl=en-US&gl=US&ceid=US:en'[0m
[2m2026-03-31T12:47:44.183419Z[0m [[32m[1minfo     [0m] [1mparsed                        [0m [36mchannel[0m=[35mgoogle_broad[0m [36mraw[0m=[35m100[0m
[2m2026-03-31T12:47:44.184192Z[0m [[32m[1minfo     [0m] [1mquality_filter                [0m [36minput[0m=[35m400[0m [36mpassed[0m=[35m6[0m
[2m2026-03-31T12:47:44.184545Z[0m [[32m[1minfo     [0m] [1mdedup                         [0m [36mafter[0m=[35m6[0m [36mbefore[0m=[35m6[0m
[2m2026-03-31T12:47:46.766827Z[0m [[32m[1minfo     [0m] [1mfetch                         [0m [36mstatus[0m=[35m429[0m [36murl[0m=[35mhttps://www.stocktitan.net/sec-filings/PFE/form-4-pfizer-inc-insider-trading-activity-3942[0m
[2m2026-03-31T12:47:46.793278Z[0m [[32m[1minfo     [0m] [1mfetch                         [0m [36mstatus[0m=[35m429[0m [36murl[0m=[35mhttps://www.stocktitan.net/sec-filings/PFE/form-4-pfizer-inc-insider-trading-activity-176a[0m
[2m2026-03-31T12:47:46.822043Z[0m [[32m[1minfo     [0m] [1mfetch                         [0m [36mstatus[0m=[35m429[0m [36murl[0m=[35mhttps://www.stocktitan.net/sec-filings/PFE/form-4-pfizer-inc-insider-trading-activity-6bcc[0m
[2m2026-03-31T12:47:46.863628Z[0m [[32m[1minfo     [0m] [1mfetch                         [0m [36mstatus[0m=[35m200[0m [36murl[0m=[35mhttps://www.stocktitan.net/sec-filings/PFE/form-4-pfizer-inc-insider-trading-activity-0afc[0m
[2m2026-03-31T12:47:46.870859Z[0m [[32m[1minfo     [0m] [1mfetch                         [0m [36mstatus[0m=[35m200[0m [36murl[0m=[35mhttps://www.stocktitan.net/sec-filings/PFE/form-4-pfizer-inc-insider-trading-activity-2e1b[0m
[2m2026-03-31T12:47:47.104250Z[0m [[32m[1minfo     [0m] [1mfetch                         [0m [36mstatus[0m=[35m429[0m [36murl[0m=[35mhttps://www.stocktitan.net/sec-filings/PFE/form-4-pfizer-inc-insider-trading-activity-ade4[0m
[2m2026-03-31T12:47:47.307205Z[0m [[32m[1minfo     [0m] [1mcrawling                      [0m [36mchannel[0m=[35mGoogle->Benzinga[0m [36mtag[0m=[35mgoogle_benzinga[0m
[2m2026-03-31T12:47:50.078922Z[0m [[32m[1minfo     [0m] [1mfetch                         [0m [36mstatus[0m=[35m200[0m [36murl[0m=[35m'https://news.google.com/rss/search?q=HON+site:benzinga.com&hl=en-US&gl=US&ceid=US:en'[0m
[2m2026-03-31T12:47:50.173807Z[0m [[32m[1minfo     [0m] [1mparsed                        [0m [36mchannel[0m=[35mgoogle_benzinga[0m [36mraw[0m=[35m100[0m
[2m2026-03-31T12:47:52.179557Z[0m [[32m[1minfo     [0m] [1mfetch                         [0m [36mstatus[0m=[35m200[0m [36murl[0m=[35m'https://news.google.com/rss/search?q=HON+site:benzinga.com&hl=en-US&gl=US&ceid=US:en'[0m
[2m2026-03-31T12:47:52.203582Z[0m [[32m[1minfo     [0m] [1mparsed                        [0m [36mchannel[0m=[35mgoogle_benzinga[0m [36mraw[0m=[35m100[0m
[2m2026-03-31T12:47:52.203693Z[0m [[32m[1minfo     [0m] [1mcrawling                      [0m [36mchannel[0m=[35m'Google News (all)'[0m [36mtag[0m=[35mgoogle_broad[0m
[2m2026-03-31T12:47:54.713631Z[0m [[32m[1minfo     [0m] [1mfetch                         [0m [36mstatus[0m=[35m200[0m [36murl[0m=[35m'https://news.google.com/rss/search?q=HON+stock+news&hl=en-US&gl=US&ceid=US:en'[0m
[2m2026-03-31T12:47:54.767759Z[0m [[32m[1minfo     [0m] [1mparsed                        [0m [36mchannel[0m=[35mgoogle_broad[0m [36mraw[0m=[35m85[0m
[2m2026-03-31T12:47:57.240325Z[0m [[32m[1minfo     [0m] [1mfetch                         [0m [36mstatus[0m=[35m200[0m [36murl[0m=[35m'https://news.google.com/rss/search?q=HON+earnings+analysis&hl=en-US&gl=US&ceid=US:en'[0m
[2m2026-03-31T12:47:57.280042Z[0m [[32m[1minfo     [0m] [1mparsed                        [0m [36mchannel[0m=[35mgoogle_broad[0m [36mraw[0m=[35m64[0m
[2m2026-03-31T12:47:57.281099Z[0m [[32m[1minfo     [0m] [1mquality_filter                [0m [36minput[0m=[35m349[0m [36mpassed[0m=[35m3[0m
[2m2026-03-31T12:47:57.281343Z[0m [[32m[1minfo     [0m] [1mdedup                         [0m [36mafter[0m=[35m2[0m [36mbefore[0m=[35m3[0m
[2m2026-03-31T12:47:59.614642Z[0m [[32m[1minfo     [0m] [1mfetch                         [0m [36mstatus[0m=[35m200[0m [36murl[0m=[35mhttps://www.insidermonkey.com/blog/bmo-capital-just-initiated-coverage-of-honeywell-hon-st[0m
[2m2026-03-31T12:47:59.826003Z[0m [[32m[1minfo     [0m] [1mcrawling                      [0m [36mchannel[0m=[35mGoogle->Benzinga[0m [36mtag[0m=[35mgoogle_benzinga[0m
[2m2026-03-31T12:48:02.700138Z[0m [[32m[1minfo     [0m] [1mfetch                         [0m [36mstatus[0m=[35m200[0m [36murl[0m=[35m'https://news.google.com/rss/search?q=LOW+site:benzinga.com&hl=en-US&gl=US&ceid=US:en'[0m
[2m2026-03-31T12:48:02.812200Z[0m [[32m[1minfo     [0m] [1mparsed                        [0m [36mchannel[0m=[35mgoogle_benzinga[0m [36mraw[0m=[35m100[0m
[2m2026-03-31T12:48:04.819519Z[0m [[32m[1minfo     [0m] [1mfetch                         [0m [36mstatus[0m=[35m200[0m [36murl[0m=[35m'https://news.google.com/rss/search?q=LOW+site:benzinga.com&hl=en-US&gl=US&ceid=US:en'[0m
[2m2026-03-31T12:48:04.842235Z[0m [[32m[1minfo     [0m] [1mparsed                        [0m [36mchannel[0m=[35mgoogle_benzinga[0m [36mraw[0m=[35m100[0m
[2m2026-03-31T12:48:04.842342Z[0m [[32m[1minfo     [0m] [1mcrawling                      [0m [36mchannel[0m=[35m'Google News (all)'[0m [36mtag[0m=[35mgoogle_broad[0m
[2m2026-03-31T12:48:07.494843Z[0m [[32m[1minfo     [0m] [1mfetch                         [0m [36mstatus[0m=[35m200[0m [36murl[0m=[35m'https://news.google.com/rss/search?q=LOW+stock+news&hl=en-US&gl=US&ceid=US:en'[0m
[2m2026-03-31T12:48:07.599515Z[0m [[32m[1minfo     [0m] [1mparsed                        [0m [36mchannel[0m=[35mgoogle_broad[0m [36mraw[0m=[35m100[0m
[2m2026-03-31T12:48:10.160876Z[0m [[32m[1minfo     [0m] [1mfetch                         [0m [36mstatus[0m=[35m200[0m [36murl[0m=[35m'https://news.google.com/rss/search?q=LOW+earnings+analysis&hl=en-US&gl=US&ceid=US:en'[0m
[2m2026-03-31T12:48:10.270839Z[0m [[32m[1minfo     [0m] [1mparsed                        [0m [36mchannel[0m=[35mgoogle_broad[0m [36mraw[0m=[35m100[0m
[2m2026-03-31T12:48:10.272395Z[0m [[32m[1minfo     [0m] [1mquality_filter                [0m [36minput[0m=[35m400[0m [36mpassed[0m=[35m26[0m
[2m2026-03-31T12:48:10.274009Z[0m [[32m[1minfo     [0m] [1mdedup                         [0m [36mafter[0m=[35m22[0m [36mbefore[0m=[35m26[0m
[2m2026-03-31T12:48:12.691638Z[0m [[32m[1minfo     [0m] [1mfetch                         [0m [36mstatus[0m=[35m403[0m [36murl[0m=[35mhttps://www.investing.com/news/company-news/soundhound-ai-stock-hits-52week-low-at-586-93C[0m
[2m2026-03-31T12:48:12.692907Z[0m [[32m[1minfo     [0m] [1mfetch                         [0m [36mstatus[0m=[35m401[0m [36murl[0m=[35mhttps://www.reuters.com/business/nvidias-pe-sinks-seven-year-low-war-ai-angst-weigh-2026-0[0m
[2m2026-03-31T12:48:13.192591Z[0m [[32m[1minfo     [0m] [1mfetch                         [0m [36mstatus[0m=[35m200[0m [36murl[0m=[35mhttps://www.fool.com/investing/2026/03/30/amazon-stock-is-trading-at-a-historically-low-va[0m
[2m2026-03-31T12:48:13.966668Z[0m [[32m[1minfo     [0m] [1mfetch                         [0m [36mstatus[0m=[35m403[0m [36murl[0m=[35mhttps://www.investing.com/news/company-news/lennar-corporation-stock-hits-52week-low-at-89[0m
[2m2026-03-31T12:48:14.024085Z[0m [[32m[1minfo     [0m] [1mfetch                         [0m [36mstatus[0m=[35m403[0m [36murl[0m=[35mhttps://www.investing.com/news/company-news/abbott-laboratories-stock-hits-52week-low-at-1[0m
[2m2026-03-31T12:48:14.483300Z[0m [[32m[1minfo     [0m] [1mfetch                         [0m [36mstatus[0m=[35m403[0m [36murl[0m=[35mhttps://www.investing.com/news/company-news/kimberlyclark-stock-hits-52week-low-at-9621-us[0m
[2m2026-03-31T12:48:14.583211Z[0m [[32m[1minfo     [0m] [1mfetch                         [0m [36mstatus[0m=[35m403[0m [36murl[0m=[35mhttps://www.investing.com/news/company-news/builders-firstsource-inc-stock-hits-52week-low[0m
[2m2026-03-31T12:48:14.845474Z[0m [[32m[1minfo     [0m] [1mfetch                         [0m [36mstatus[0m=[35m403[0m [36murl[0m=[35mhttps://www.investing.com/news/company-news/loar-holdings-stock-hits-52week-low-at-5531-us[0m
[2m2026-03-31T12:48:15.121086Z[0m [[32m[1minfo     [0m] [1mfetch                         [0m [36mstatus[0m=[35m403[0m [36murl[0m=[35mhttps://www.investing.com/news/company-news/kyivstar-group-stock-hits-52week-low-at-997-us[0m
[2m2026-03-31T12:48:15.911753Z[0m [[32m[1minfo     [0m] [1mfetch                         [0m [36mstatus[0m=[35m403[0m [36murl[0m=[35mhttps://www.investing.com/news/company-news/wendys-stock-hits-52week-low-at-673-usd-93CH-4[0m
[2m2026-03-31T12:48:16.034309Z[0m [[32m[1minfo     [0m] [1mfetch                         [0m [36mstatus[0m=[35m403[0m [36murl[0m=[35mhttps://www.investing.com/news/company-news/inspire-medical-systems-stock-hits-52week-low-[0m
[2m2026-03-31T12:48:16.556782Z[0m [[32m[1minfo     [0m] [1mfetch                         [0m [36mstatus[0m=[35m403[0m [36murl[0m=[35mhttps://stocktwits.com/news-articles/markets/equity/tesla-stock-6-month-low-analysts-flag-[0m
[2m2026-03-31T12:48:16.733275Z[0m [[32m[1minfo     [0m] [1mfetch                         [0m [36mstatus[0m=[35m403[0m [36murl[0m=[35mhttps://nai500.com/blog/2026/03/impressive-performance-yet-low-stock-price-can-eli-lilly-u[0m
[2m2026-03-31T12:48:16.808604Z[0m [[32m[1minfo     [0m] [1mfetch                         [0m [36mstatus[0m=[35m200[0m [36murl[0m=[35mhttps://nationaltoday.com/us/ny/new-york/news/2026/03/30/stub-stock-plunges-to-new-12-mont[0m
[2m2026-03-31T12:48:16.845752Z[0m [[32m[1minfo     [0m] [1mfetch                         [0m [36mstatus[0m=[35m403[0m [36murl[0m=[35mhttps://www.tipranks.com/news/bernstein-analyst-sees-big-discounts-in-robinhood-stock-as-c[0m
[2m2026-03-31T12:48:17.506634Z[0m [[32m[1minfo     [0m] [1mfetch                         [0m [36mstatus[0m=[35m403[0m [36murl[0m=[35mhttps://australiainstitute.org.au/post/vital-wage-rise-would-be-a-lifeline-to-low-income-e[0m
[2m2026-03-31T12:48:17.785401Z[0m [[32m[1minfo     [0m] [1mfetch                         [0m [36mstatus[0m=[35m403[0m [36murl[0m=[35mhttps://www.japantimes.co.jp/business/2026/03/30/markets/tse-stocks-fall-yen-oil/[0m
[2m2026-03-31T12:48:18.493765Z[0m [[32m[1minfo     [0m] [1mfetch                         [0m [36mstatus[0m=[35m200[0m [36murl[0m=[35mhttps://www.barrons.com/articles/boston-scientific-stock-sinks-to-2-year-low-why-wall-stre[0m
[2m2026-03-31T12:48:19.278138Z[0m [[32m[1minfo     [0m] [1mfetch                         [0m [36mstatus[0m=[35m200[0m [36murl[0m=[35m'https://decrypt.co/news-explorer?pinned=1363648&title=american-bitcoin-stock-hits-post-ipo'[0m
[2m2026-03-31T12:48:19.886635Z[0m [[32m[1minfo     [0m] [1mcrawling                      [0m [36mchannel[0m=[35mGoogle->Benzinga[0m [36mtag[0m=[35mgoogle_benzinga[0m
[2m2026-03-31T12:48:22.589463Z[0m [[32m[1minfo     [0m] [1mfetch                         [0m [36mstatus[0m=[35m200[0m [36murl[0m=[35m'https://news.google.com/rss/search?q=WELL+site:benzinga.com&hl=en-US&gl=US&ceid=US:en'[0m
[2m2026-03-31T12:48:22.692559Z[0m [[32m[1minfo     [0m] [1mparsed                        [0m [36mchannel[0m=[35mgoogle_benzinga[0m [36mraw[0m=[35m100[0m
[2m2026-03-31T12:48:24.697803Z[0m [[32m[1minfo     [0m] [1mfetch                         [0m [36mstatus[0m=[35m200[0m [36murl[0m=[35m'https://news.google.com/rss/search?q=WELL+site:benzinga.com&hl=en-US&gl=US&ceid=US:en'[0m
[2m2026-03-31T12:48:24.722999Z[0m [[32m[1minfo     [0m] [1mparsed                        [0m [36mchannel[0m=[35mgoogle_benzinga[0m [36mraw[0m=[35m100[0m
[2m2026-03-31T12:48:24.723103Z[0m [[32m[1minfo     [0m] [1mcrawling                      [0m [36mchannel[0m=[35m'Google News (all)'[0m [36mtag[0m=[35mgoogle_broad[0m
[2m2026-03-31T12:48:27.250970Z[0m [[32m[1minfo     [0m] [1mfetch                         [0m [36mstatus[0m=[35m200[0m [36murl[0m=[35m'https://news.google.com/rss/search?q=WELL+stock+news&hl=en-US&gl=US&ceid=US:en'[0m
[2m2026-03-31T12:48:27.278968Z[0m [[32m[1minfo     [0m] [1mparsed                        [0m [36mchannel[0m=[35mgoogle_broad[0m [36mraw[0m=[35m57[0m
[2m2026-03-31T12:48:29.804038Z[0m [[32m[1minfo     [0m] [1mfetch                         [0m [36mstatus[0m=[35m200[0m [36murl[0m=[35m'https://news.google.com/rss/search?q=WELL+earnings+analysis&hl=en-US&gl=US&ceid=US:en'[0m
[2m2026-03-31T12:48:29.838793Z[0m [[32m[1minfo     [0m] [1mparsed                        [0m [36mchannel[0m=[35mgoogle_broad[0m [36mraw[0m=[35m60[0m
[2m2026-03-31T12:48:29.839541Z[0m [[32m[1minfo     [0m] [1mquality_filter                [0m [36minput[0m=[35m317[0m [36mpassed[0m=[35m0[0m
[2m2026-03-31T12:48:29.839604Z[0m [[32m[1minfo     [0m] [1mdedup                         [0m [36mafter[0m=[35m0[0m [36mbefore[0m=[35m0[0m
[2m2026-03-31T12:48:29.840156Z[0m [[32m[1minfo     [0m] [1mcrawling                      [0m [36mchannel[0m=[35mGoogle->Benzinga[0m [36mtag[0m=[35mgoogle_benzinga[0m
[2m2026-03-31T12:48:32.367723Z[0m [[32m[1minfo     [0m] [1mfetch                         [0m [36mstatus[0m=[35m200[0m [36murl[0m=[35m'https://news.google.com/rss/search?q=NEM+site:benzinga.com&hl=en-US&gl=US&ceid=US:en'[0m
[2m2026-03-31T12:48:32.481549Z[0m [[32m[1minfo     [0m] [1mparsed                        [0m [36mchannel[0m=[35mgoogle_benzinga[0m [36mraw[0m=[35m100[0m
[2m2026-03-31T12:48:34.488080Z[0m [[32m[1minfo     [0m] [1mfetch                         [0m [36mstatus[0m=[35m200[0m [36murl[0m=[35m'https://news.google.com/rss/search?q=NEM+site:benzinga.com&hl=en-US&gl=US&ceid=US:en'[0m
[2m2026-03-31T12:48:34.513275Z[0m [[32m[1minfo     [0m] [1mparsed                        [0m [36mchannel[0m=[35mgoogle_benzinga[0m [36mraw[0m=[35m100[0m
[2m2026-03-31T12:48:34.513382Z[0m [[32m[1minfo     [0m] [1mcrawling                      [0m [36mchannel[0m=[35m'Google News (all)'[0m [36mtag[0m=[35mgoogle_broad[0m
[2m2026-03-31T12:48:37.267969Z[0m [[32m[1minfo     [0m] [1mfetch                         [0m [36mstatus[0m=[35m200[0m [36murl[0m=[35m'https://news.google.com/rss/search?q=NEM+stock+news&hl=en-US&gl=US&ceid=US:en'[0m
[2m2026-03-31T12:48:37.366664Z[0m [[32m[1minfo     [0m] [1mparsed                        [0m [36mchannel[0m=[35mgoogle_broad[0m [36mraw[0m=[35m100[0m
[2m2026-03-31T12:48:39.913337Z[0m [[32m[1minfo     [0m] [1mfetch                         [0m [36mstatus[0m=[35m200[0m [36murl[0m=[35m'https://news.google.com/rss/search?q=NEM+earnings+analysis&hl=en-US&gl=US&ceid=US:en'[0m
[2m2026-03-31T12:48:39.954826Z[0m [[32m[1minfo     [0m] [1mparsed                        [0m [36mchannel[0m=[35mgoogle_broad[0m [36mraw[0m=[35m67[0m
[2m2026-03-31T12:48:39.955799Z[0m [[32m[1minfo     [0m] [1mquality_filter                [0m [36minput[0m=[35m367[0m [36mpassed[0m=[35m1[0m
[2m2026-03-31T12:48:39.955945Z[0m [[32m[1minfo     [0m] [1mdedup                         [0m [36mafter[0m=[35m1[0m [36mbefore[0m=[35m1[0m
[2m2026-03-31T12:48:42.286487Z[0m [[32m[1minfo     [0m] [1mfetch                         [0m [36mstatus[0m=[35m200[0m [36murl[0m=[35mhttps://seekingalpha.com/article/4887148-newmont-ground-your-expectations-for-2026[0m
[2m2026-03-31T12:48:42.499867Z[0m [[32m[1minfo     [0m] [1mcrawling                      [0m [36mchannel[0m=[35mGoogle->Benzinga[0m [36mtag[0m=[35mgoogle_benzinga[0m
[2m2026-03-31T12:48:45.408973Z[0m [[32m[1minfo     [0m] [1mfetch                         [0m [36mstatus[0m=[35m200[0m [36murl[0m=[35m'https://news.google.com/rss/search?q=CB+site:benzinga.com&hl=en-US&gl=US&ceid=US:en'[0m
[2m2026-03-31T12:48:45.447568Z[0m [[32m[1minfo     [0m] [1mparsed                        [0m [36mchannel[0m=[35mgoogle_benzinga[0m [36mraw[0m=[35m57[0m
[2m2026-03-31T12:48:47.454784Z[0m [[32m[1minfo     [0m] [1mfetch                         [0m [36mstatus[0m=[35m200[0m [36murl[0m=[35m'https://news.google.com/rss/search?q=CB+site:benzinga.com&hl=en-US&gl=US&ceid=US:en'[0m
[2m2026-03-31T12:48:47.473916Z[0m [[32m[1minfo     [0m] [1mparsed                        [0m [36mchannel[0m=[35mgoogle_benzinga[0m [36mraw[0m=[35m57[0m
[2m2026-03-31T12:48:47.474048Z[0m [[32m[1minfo     [0m] [1mcrawling                      [0m [36mchannel[0m=[35m'Google News (all)'[0m [36mtag[0m=[35mgoogle_broad[0m
[2m2026-03-31T12:48:49.881281Z[0m [[32m[1minfo     [0m] [1mfetch                         [0m [36mstatus[0m=[35m200[0m [36murl[0m=[35m'https://news.google.com/rss/search?q=CB+stock+news&hl=en-US&gl=US&ceid=US:en'[0m
[2m2026-03-31T12:48:49.920671Z[0m [[32m[1minfo     [0m] [1mparsed                        [0m [36mchannel[0m=[35mgoogle_broad[0m [36mraw[0m=[35m63[0m
[2m2026-03-31T12:48:52.334511Z[0m [[32m[1minfo     [0m] [1mfetch                         [0m [36mstatus[0m=[35m200[0m [36murl[0m=[35m'https://news.google.com/rss/search?q=CB+earnings+analysis&hl=en-US&gl=US&ceid=US:en'[0m
[2m2026-03-31T12:48:52.374753Z[0m [[32m[1minfo     [0m] [1mparsed                        [0m [36mchannel[0m=[35mgoogle_broad[0m [36mraw[0m=[35m64[0m
[2m2026-03-31T12:48:52.375475Z[0m [[32m[1minfo     [0m] [1mquality_filter                [0m [36minput[0m=[35m241[0m [36mpassed[0m=[35m0[0m
[2m2026-03-31T12:48:52.375572Z[0m [[32m[1minfo     [0m] [1mdedup                         [0m [36mafter[0m=[35m0[0m [36mbefore[0m=[35m0[0m
[2m2026-03-31T12:48:52.376676Z[0m [[32m[1minfo     [0m] [1mcrawling                      [0m [36mchannel[0m=[35mGoogle->Benzinga[0m [36mtag[0m=[35mgoogle_benzinga[0m
[2m2026-03-31T12:48:54.807327Z[0m [[32m[1minfo     [0m] [1mfetch                         [0m [36mstatus[0m=[35m200[0m [36murl[0m=[35m'https://news.google.com/rss/search?q=PLD+site:benzinga.com&hl=en-US&gl=US&ceid=US:en'[0m
[2m2026-03-31T12:48:54.821099Z[0m [[32m[1minfo     [0m] [1mparsed                        [0m [36mchannel[0m=[35mgoogle_benzinga[0m [36mraw[0m=[35m25[0m
[2m2026-03-31T12:48:56.826165Z[0m [[32m[1minfo     [0m] [1mfetch                         [0m [36mstatus[0m=[35m200[0m [36murl[0m=[35m'https://news.google.com/rss/search?q=PLD+site:benzinga.com&hl=en-US&gl=US&ceid=US:en'[0m
[2m2026-03-31T12:48:56.834419Z[0m [[32m[1minfo     [0m] [1mparsed                        [0m [36mchannel[0m=[35mgoogle_benzinga[0m [36mraw[0m=[35m25[0m
[2m2026-03-31T12:48:56.834524Z[0m [[32m[1minfo     [0m] [1mcrawling                      [0m [36mchannel[0m=[35m'Google News (all)'[0m [36mtag[0m=[35mgoogle_broad[0m
[2m2026-03-31T12:48:59.496382Z[0m [[32m[1minfo     [0m] [1mfetch                         [0m [36mstatus[0m=[35m200[0m [36murl[0m=[35m'https://news.google.com/rss/search?q=PLD+stock+news&hl=en-US&gl=US&ceid=US:en'[0m
[2m2026-03-31T12:48:59.527625Z[0m [[32m[1minfo     [0m] [1mparsed                        [0m [36mchannel[0m=[35mgoogle_broad[0m [36mraw[0m=[35m59[0m
[2m2026-03-31T12:49:01.925073Z[0m [[32m[1minfo     [0m] [1mfetch                         [0m [36mstatus[0m=[35m200[0m [36murl[0m=[35m'https://news.google.com/rss/search?q=PLD+earnings+analysis&hl=en-US&gl=US&ceid=US:en'[0m
[2m2026-03-31T12:49:01.956512Z[0m [[32m[1minfo     [0m] [1mparsed                        [0m [36mchannel[0m=[35mgoogle_broad[0m [36mraw[0m=[35m50[0m
[2m2026-03-31T12:49:01.957134Z[0m [[32m[1minfo     [0m] [1mquality_filter                [0m [36minput[0m=[35m159[0m [36mpassed[0m=[35m1[0m
[2m2026-03-31T12:49:01.957285Z[0m [[32m[1minfo     [0m] [1mdedup                         [0m [36mafter[0m=[35m1[0m [36mbefore[0m=[35m1[0m
[2m2026-03-31T12:49:04.300120Z[0m [[32m[1minfo     [0m] [1mfetch                         [0m [36mstatus[0m=[35m200[0m [36murl[0m=[35mhttps://www.marketbeat.com/instant-alerts/filing-prologis-inc-pld-stock-position-reduced-b[0m
[2m2026-03-31T12:49:04.550304Z[0m [[32m[1minfo     [0m] [1mcrawling                      [0m [36mchannel[0m=[35mGoogle->Benzinga[0m [36mtag[0m=[35mgoogle_benzinga[0m
[2m2026-03-31T12:49:07.021619Z[0m [[32m[1minfo     [0m] [1mfetch                         [0m [36mstatus[0m=[35m200[0m [36murl[0m=[35m'https://news.google.com/rss/search?q=GLW+site:benzinga.com&hl=en-US&gl=US&ceid=US:en'[0m
[2m2026-03-31T12:49:07.057894Z[0m [[32m[1minfo     [0m] [1mparsed                        [0m [36mchannel[0m=[35mgoogle_benzinga[0m [36mraw[0m=[35m55[0m
[2m2026-03-31T12:49:09.064004Z[0m [[32m[1minfo     [0m] [1mfetch                         [0m [36mstatus[0m=[35m200[0m [36murl[0m=[35m'https://news.google.com/rss/search?q=GLW+site:benzinga.com&hl=en-US&gl=US&ceid=US:en'[0m
[2m2026-03-31T12:49:09.080615Z[0m [[32m[1minfo     [0m] [1mparsed                        [0m [36mchannel[0m=[35mgoogle_benzinga[0m [36mraw[0m=[35m55[0m
[2m2026-03-31T12:49:09.080730Z[0m [[32m[1minfo     [0m] [1mcrawling                      [0m [36mchannel[0m=[35m'Google News (all)'[0m [36mtag[0m=[35mgoogle_broad[0m
[2m2026-03-31T12:49:11.652991Z[0m [[32m[1minfo     [0m] [1mfetch                         [0m [36mstatus[0m=[35m200[0m [36murl[0m=[35m'https://news.google.com/rss/search?q=GLW+stock+news&hl=en-US&gl=US&ceid=US:en'[0m
[2m2026-03-31T12:49:11.766597Z[0m [[32m[1minfo     [0m] [1mparsed                        [0m [36mchannel[0m=[35mgoogle_broad[0m [36mraw[0m=[35m100[0m
[2m2026-03-31T12:49:14.237097Z[0m [[32m[1minfo     [0m] [1mfetch                         [0m [36mstatus[0m=[35m200[0m [36murl[0m=[35m'https://news.google.com/rss/search?q=GLW+earnings+analysis&hl=en-US&gl=US&ceid=US:en'[0m
[2m2026-03-31T12:49:14.269494Z[0m [[32m[1minfo     [0m] [1mparsed                        [0m [36mchannel[0m=[35mgoogle_broad[0m [36mraw[0m=[35m58[0m
[2m2026-03-31T12:49:14.270340Z[0m [[32m[1minfo     [0m] [1mquality_filter                [0m [36minput[0m=[35m268[0m [36mpassed[0m=[35m2[0m
[2m2026-03-31T12:49:14.270610Z[0m [[32m[1minfo     [0m] [1mdedup                         [0m [36mafter[0m=[35m2[0m [36mbefore[0m=[35m2[0m
[2m2026-03-31T12:49:16.094801Z[0m [[32m[1minfo     [0m] [1mfetch                         [0m [36mstatus[0m=[35m200[0m [36murl[0m=[35mhttps://www.quiverquant.com/news/Corning+%28GLW%29+slides+4.9%25+as+investors+digest+risk-[0m
[2m2026-03-31T12:49:16.534244Z[0m [[32m[1minfo     [0m] [1mfetch                         [0m [36mstatus[0m=[35m200[0m [36murl[0m=[35mhttps://www.marketbeat.com/instant-alerts/corning-nyseglw-shares-down-62-heres-what-happen[0m
[2m2026-03-31T12:49:17.090893Z[0m [[32m[1minfo     [0m] [1mcrawling                      [0m [36mchannel[0m=[35mGoogle->Benzinga[0m [36mtag[0m=[35mgoogle_benzinga[0m
[2m2026-03-31T12:49:19.666835Z[0m [[32m[1minfo     [0m] [1mfetch                         [0m [36mstatus[0m=[35m200[0m [36murl[0m=[35m'https://news.google.com/rss/search?q=ACN+site:benzinga.com&hl=en-US&gl=US&ceid=US:en'[0m
[2m2026-03-31T12:49:19.774215Z[0m [[32m[1minfo     [0m] [1mparsed                        [0m [36mchannel[0m=[35mgoogle_benzinga[0m [36mraw[0m=[35m88[0m
[2m2026-03-31T12:49:21.780721Z[0m [[32m[1minfo     [0m] [1mfetch                         [0m [36mstatus[0m=[35m200[0m [36murl[0m=[35m'https://news.google.com/rss/search?q=ACN+site:benzinga.com&hl=en-US&gl=US&ceid=US:en'[0m
[2m2026-03-31T12:49:21.809425Z[0m [[32m[1minfo     [0m] [1mparsed                        [0m [36mchannel[0m=[35mgoogle_benzinga[0m [36mraw[0m=[35m88[0m
[2m2026-03-31T12:49:21.809532Z[0m [[32m[1minfo     [0m] [1mcrawling                      [0m [36mchannel[0m=[35m'Google News (all)'[0m [36mtag[0m=[35mgoogle_broad[0m
[2m2026-03-31T12:49:24.299377Z[0m [[32m[1minfo     [0m] [1mfetch                         [0m [36mstatus[0m=[35m200[0m [36murl[0m=[35m'https://news.google.com/rss/search?q=ACN+stock+news&hl=en-US&gl=US&ceid=US:en'[0m
[2m2026-03-31T12:49:24.411860Z[0m [[32m[1minfo     [0m] [1mparsed                        [0m [36mchannel[0m=[35mgoogle_broad[0m [36mraw[0m=[35m100[0m
[2m2026-03-31T12:49:26.847658Z[0m [[32m[1minfo     [0m] [1mfetch                         [0m [36mstatus[0m=[35m200[0m [36murl[0m=[35m'https://news.google.com/rss/search?q=ACN+earnings+analysis&hl=en-US&gl=US&ceid=US:en'[0m
[2m2026-03-31T12:49:26.885560Z[0m [[32m[1minfo     [0m] [1mparsed                        [0m [36mchannel[0m=[35mgoogle_broad[0m [36mraw[0m=[35m59[0m
[2m2026-03-31T12:49:26.886383Z[0m [[32m[1minfo     [0m] [1mquality_filter                [0m [36minput[0m=[35m335[0m [36mpassed[0m=[35m1[0m
[2m2026-03-31T12:49:26.886557Z[0m [[32m[1minfo     [0m] [1mdedup                         [0m [36mafter[0m=[35m1[0m [36mbefore[0m=[35m1[0m
[2m2026-03-31T12:49:29.129415Z[0m [[32m[1minfo     [0m] [1mfetch                         [0m [36mstatus[0m=[35m200[0m [36murl[0m=[35mhttps://www.marketbeat.com/instant-alerts/filing-accenture-plc-acn-shares-bought-by-bright[0m
[2m2026-03-31T12:49:29.386854Z[0m [[32m[1minfo     [0m] [1mcrawling                      [0m [36mchannel[0m=[35mGoogle->Benzinga[0m [36mtag[0m=[35mgoogle_benzinga[0m
[2m2026-03-31T12:49:32.061522Z[0m [[32m[1minfo     [0m] [1mfetch                         [0m [36mstatus[0m=[35m200[0m [36murl[0m=[35m'https://news.google.com/rss/search?q=BMY+site:benzinga.com&hl=en-US&gl=US&ceid=US:en'[0m
[2m2026-03-31T12:49:32.173002Z[0m [[32m[1minfo     [0m] [1mparsed                        [0m [36mchannel[0m=[35mgoogle_benzinga[0m [36mraw[0m=[35m97[0m
[2m2026-03-31T12:49:34.181856Z[0m [[32m[1minfo     [0m] [1mfetch                         [0m [36mstatus[0m=[35m200[0m [36murl[0m=[35m'https://news.google.com/rss/search?q=BMY+site:benzinga.com&hl=en-US&gl=US&ceid=US:en'[0m
[2m2026-03-31T12:49:34.215715Z[0m [[32m[1minfo     [0m] [1mparsed                        [0m [36mchannel[0m=[35mgoogle_benzinga[0m [36mraw[0m=[35m97[0m
[2m2026-03-31T12:49:34.215842Z[0m [[32m[1minfo     [0m] [1mcrawling                      [0m [36mchannel[0m=[35m'Google News (all)'[0m [36mtag[0m=[35mgoogle_broad[0m
[2m2026-03-31T12:49:36.959811Z[0m [[32m[1minfo     [0m] [1mfetch                         [0m [36mstatus[0m=[35m200[0m [36murl[0m=[35m'https://news.google.com/rss/search?q=BMY+stock+news&hl=en-US&gl=US&ceid=US:en'[0m
[2m2026-03-31T12:49:37.072942Z[0m [[32m[1minfo     [0m] [1mparsed                        [0m [36mchannel[0m=[35mgoogle_broad[0m [36mraw[0m=[35m100[0m
[2m2026-03-31T12:49:39.526301Z[0m [[32m[1minfo     [0m] [1mfetch                         [0m [36mstatus[0m=[35m200[0m [36murl[0m=[35m'https://news.google.com/rss/search?q=BMY+earnings+analysis&hl=en-US&gl=US&ceid=US:en'[0m
[2m2026-03-31T12:49:39.564622Z[0m [[32m[1minfo     [0m] [1mparsed                        [0m [36mchannel[0m=[35mgoogle_broad[0m [36mraw[0m=[35m59[0m
[2m2026-03-31T12:49:39.565740Z[0m [[32m[1minfo     [0m] [1mquality_filter                [0m [36minput[0m=[35m353[0m [36mpassed[0m=[35m3[0m
[2m2026-03-31T12:49:39.566123Z[0m [[32m[1minfo     [0m] [1mdedup                         [0m [36mafter[0m=[35m3[0m [36mbefore[0m=[35m3[0m
[2m2026-03-31T12:49:41.832197Z[0m [[32m[1minfo     [0m] [1mfetch                         [0m [36mstatus[0m=[35m200[0m [36murl[0m=[35mhttps://www.marketbeat.com/instant-alerts/filing-mn-services-vermogensbeheer-bv-increases-[0m
[2m2026-03-31T12:49:42.015434Z[0m [[32m[1minfo     [0m] [1mfetch                         [0m [36mstatus[0m=[35m200[0m [36murl[0m=[35mhttps://www.insidermonkey.com/blog/ariel-global-fund-re-added-bristol-myers-squibb-company[0m
[2m2026-03-31T12:49:42.050235Z[0m [[31m[1merror    [0m] [1mfetch_error                   [0m [36merror[0m=[35m"400, message='Got more than 8190 bytes (8800) when reading Header value is too l"[0m [36murl[0m=[35mhttps://finance.yahoo.com/markets/stocks/articles/bristol-myers-squibb[0m
[2m2026-03-31T12:49:42.252635Z[0m [[32m[1minfo     [0m] [1mcrawling                      [0m [36mchannel[0m=[35mGoogle->Benzinga[0m [36mtag[0m=[35mgoogle_benzinga[0m
[2m2026-03-31T12:49:44.771390Z[0m [[32m[1minfo     [0m] [1mfetch                         [0m [36mstatus[0m=[35m200[0m [36murl[0m=[35m'https://news.google.com/rss/search?q=MDT+site:benzinga.com&hl=en-US&gl=US&ceid=US:en'[0m
[2m2026-03-31T12:49:44.792181Z[0m [[32m[1minfo     [0m] [1mparsed                        [0m [36mchannel[0m=[35mgoogle_benzinga[0m [36mraw[0m=[35m43[0m
[2m2026-03-31T12:49:46.799075Z[0m [[32m[1minfo     [0m] [1mfetch                         [0m [36mstatus[0m=[35m200[0m [36murl[0m=[35m'https://news.google.com/rss/search?q=MDT+site:benzinga.com&hl=en-US&gl=US&ceid=US:en'[0m
[2m2026-03-31T12:49:46.818063Z[0m [[32m[1minfo     [0m] [1mparsed                        [0m [36mchannel[0m=[35mgoogle_benzinga[0m [36mraw[0m=[35m43[0m
[2m2026-03-31T12:49:46.818232Z[0m [[32m[1minfo     [0m] [1mcrawling                      [0m [36mchannel[0m=[35m'Google News (all)'[0m [36mtag[0m=[35mgoogle_broad[0m
[2m2026-03-31T12:49:49.502652Z[0m [[32m[1minfo     [0m] [1mfetch                         [0m [36mstatus[0m=[35m200[0m [36murl[0m=[35m'https://news.google.com/rss/search?q=MDT+stock+news&hl=en-US&gl=US&ceid=US:en'[0m
[2m2026-03-31T12:49:49.618998Z[0m [[32m[1minfo     [0m] [1mparsed                        [0m [36mchannel[0m=[35mgoogle_broad[0m [36mraw[0m=[35m100[0m
[2m2026-03-31T12:49:52.180276Z[0m [[32m[1minfo     [0m] [1mfetch                         [0m [36mstatus[0m=[35m200[0m [36murl[0m=[35m'https://news.google.com/rss/search?q=MDT+earnings+analysis&hl=en-US&gl=US&ceid=US:en'[0m
[2m2026-03-31T12:49:52.211228Z[0m [[32m[1minfo     [0m] [1mparsed                        [0m [36mchannel[0m=[35mgoogle_broad[0m [36mraw[0m=[35m47[0m
[2m2026-03-31T12:49:52.212004Z[0m [[32m[1minfo     [0m] [1mquality_filter                [0m [36minput[0m=[35m233[0m [36mpassed[0m=[35m1[0m
[2m2026-03-31T12:49:52.212187Z[0m [[32m[1minfo     [0m] [1mdedup                         [0m [36mafter[0m=[35m1[0m [36mbefore[0m=[35m1[0m
[2m2026-03-31T12:49:54.134611Z[0m [[32m[1minfo     [0m] [1mfetch                         [0m [36mstatus[0m=[35m403[0m [36murl[0m=[35mhttps://www.bitget.com/news/detail/12560605319234[0m
[2m2026-03-31T12:49:54.337062Z[0m [[32m[1minfo     [0m] [1mcrawling                      [0m [36mchannel[0m=[35mGoogle->Benzinga[0m [36mtag[0m=[35mgoogle_benzinga[0m
[2m2026-03-31T12:49:57.365213Z[0m [[32m[1minfo     [0m] [1mfetch                         [0m [36mstatus[0m=[35m200[0m [36murl[0m=[35m'https://news.google.com/rss/search?q=PGR+site:benzinga.com&hl=en-US&gl=US&ceid=US:en'[0m
[2m2026-03-31T12:49:57.375356Z[0m [[32m[1minfo     [0m] [1mparsed                        [0m [36mchannel[0m=[35mgoogle_benzinga[0m [36mraw[0m=[35m30[0m
[2m2026-03-31T12:49:59.381709Z[0m [[32m[1minfo     [0m] [1mfetch                         [0m [36mstatus[0m=[35m200[0m [36murl[0m=[35m'https://news.google.com/rss/search?q=PGR+site:benzinga.com&hl=en-US&gl=US&ceid=US:en'[0m
[2m2026-03-31T12:49:59.391949Z[0m [[32m[1minfo     [0m] [1mparsed                        [0m [36mchannel[0m=[35mgoogle_benzinga[0m [36mraw[0m=[35m30[0m
[2m2026-03-31T12:49:59.392065Z[0m [[32m[1minfo     [0m] [1mcrawling                      [0m [36mchannel[0m=[35m'Google News (all)'[0m [36mtag[0m=[35mgoogle_broad[0m
[2m2026-03-31T12:50:01.989888Z[0m [[32m[1minfo     [0m] [1mfetch                         [0m [36mstatus[0m=[35m200[0m [36murl[0m=[35m'https://news.google.com/rss/search?q=PGR+stock+news&hl=en-US&gl=US&ceid=US:en'[0m
[2m2026-03-31T12:50:02.110386Z[0m [[32m[1minfo     [0m] [1mparsed                        [0m [36mchannel[0m=[35mgoogle_broad[0m [36mraw[0m=[35m100[0m
[2m2026-03-31T12:50:04.553846Z[0m [[32m[1minfo     [0m] [1mfetch                         [0m [36mstatus[0m=[35m200[0m [36murl[0m=[35m'https://news.google.com/rss/search?q=PGR+earnings+analysis&hl=en-US&gl=US&ceid=US:en'[0m
[2m2026-03-31T12:50:04.589972Z[0m [[32m[1minfo     [0m] [1mparsed                        [0m [36mchannel[0m=[35mgoogle_broad[0m [36mraw[0m=[35m50[0m
[2m2026-03-31T12:50:04.590470Z[0m [[32m[1minfo     [0m] [1mquality_filter                [0m [36minput[0m=[35m210[0m [36mpassed[0m=[35m0[0m
[2m2026-03-31T12:50:04.590532Z[0m [[32m[1minfo     [0m] [1mdedup                         [0m [36mafter[0m=[35m0[0m [36mbefore[0m=[35m0[0m
[2m2026-03-31T12:50:04.591195Z[0m [[32m[1minfo     [0m] [1mcrawling                      [0m [36mchannel[0m=[35mGoogle->Benzinga[0m [36mtag[0m=[35mgoogle_benzinga[0m
[2m2026-03-31T12:50:07.066994Z[0m [[32m[1minfo     [0m] [1mfetch                         [0m [36mstatus[0m=[35m200[0m [36murl[0m=[35m'https://news.google.com/rss/search?q=COF+site:benzinga.com&hl=en-US&gl=US&ceid=US:en'[0m
[2m2026-03-31T12:50:07.156433Z[0m [[32m[1minfo     [0m] [1mparsed                        [0m [36mchannel[0m=[35mgoogle_benzinga[0m [36mraw[0m=[35m70[0m
[2m2026-03-31T12:50:09.166580Z[0m [[32m[1minfo     [0m] [1mfetch                         [0m [36mstatus[0m=[35m200[0m [36murl[0m=[35m'https://news.google.com/rss/search?q=COF+site:benzinga.com&hl=en-US&gl=US&ceid=US:en'[0m
[2m2026-03-31T12:50:09.184702Z[0m [[32m[1minfo     [0m] [1mparsed                        [0m [36mchannel[0m=[35mgoogle_benzinga[0m [36mraw[0m=[35m70[0m
[2m2026-03-31T12:50:09.184816Z[0m [[32m[1minfo     [0m] [1mcrawling                      [0m [36mchannel[0m=[35m'Google News (all)'[0m [36mtag[0m=[35mgoogle_broad[0m
[2m2026-03-31T12:50:11.663931Z[0m [[32m[1minfo     [0m] [1mfetch                         [0m [36mstatus[0m=[35m200[0m [36murl[0m=[35m'https://news.google.com/rss/search?q=COF+stock+news&hl=en-US&gl=US&ceid=US:en'[0m
[2m2026-03-31T12:50:11.776133Z[0m [[32m[1minfo     [0m] [1mparsed                        [0m [36mchannel[0m=[35mgoogle_broad[0m [36mraw[0m=[35m100[0m
[2m2026-03-31T12:50:14.261360Z[0m [[32m[1minfo     [0m] [1mfetch                         [0m [36mstatus[0m=[35m200[0m [36murl[0m=[35m'https://news.google.com/rss/search?q=COF+earnings+analysis&hl=en-US&gl=US&ceid=US:en'[0m
[2m2026-03-31T12:50:14.279384Z[0m [[32m[1minfo     [0m] [1mparsed                        [0m [36mchannel[0m=[35mgoogle_broad[0m [36mraw[0m=[35m48[0m
[2m2026-03-31T12:50:14.280129Z[0m [[32m[1minfo     [0m] [1mquality_filter                [0m [36minput[0m=[35m288[0m [36mpassed[0m=[35m0[0m
[2m2026-03-31T12:50:14.280195Z[0m [[32m[1minfo     [0m] [1mdedup                         [0m [36mafter[0m=[35m0[0m [36mbefore[0m=[35m0[0m
[2m2026-03-31T12:50:14.280782Z[0m [[32m[1minfo     [0m] [1mcrawling                      [0m [36mchannel[0m=[35mGoogle->Benzinga[0m [36mtag[0m=[35mgoogle_benzinga[0m
[2m2026-03-31T12:50:17.170902Z[0m [[32m[1minfo     [0m] [1mfetch                         [0m [36mstatus[0m=[35m200[0m [36murl[0m=[35m'https://news.google.com/rss/search?q=MCK+site:benzinga.com&hl=en-US&gl=US&ceid=US:en'[0m
[2m2026-03-31T12:50:17.176708Z[0m [[32m[1minfo     [0m] [1mparsed                        [0m [36mchannel[0m=[35mgoogle_benzinga[0m [36mraw[0m=[35m18[0m
[2m2026-03-31T12:50:19.186778Z[0m [[32m[1minfo     [0m] [1mfetch                         [0m [36mstatus[0m=[35m200[0m [36murl[0m=[35m'https://news.google.com/rss/search?q=MCK+site:benzinga.com&hl=en-US&gl=US&ceid=US:en'[0m
[2m2026-03-31T12:50:19.196892Z[0m [[32m[1minfo     [0m] [1mparsed                        [0m [36mchannel[0m=[35mgoogle_benzinga[0m [36mraw[0m=[35m18[0m
[2m2026-03-31T12:50:19.197001Z[0m [[32m[1minfo     [0m] [1mcrawling                      [0m [36mchannel[0m=[35m'Google News (all)'[0m [36mtag[0m=[35mgoogle_broad[0m
[2m2026-03-31T12:50:21.783635Z[0m [[32m[1minfo     [0m] [1mfetch                         [0m [36mstatus[0m=[35m200[0m [36murl[0m=[35m'https://news.google.com/rss/search?q=MCK+stock+news&hl=en-US&gl=US&ceid=US:en'[0m
[2m2026-03-31T12:50:21.885795Z[0m [[32m[1minfo     [0m] [1mparsed                        [0m [36mchannel[0m=[35mgoogle_broad[0m [36mraw[0m=[35m100[0m
[2m2026-03-31T12:50:24.509274Z[0m [[32m[1minfo     [0m] [1mfetch                         [0m [36mstatus[0m=[35m200[0m [36murl[0m=[35m'https://news.google.com/rss/search?q=MCK+earnings+analysis&hl=en-US&gl=US&ceid=US:en'[0m
[2m2026-03-31T12:50:24.526874Z[0m [[32m[1minfo     [0m] [1mparsed                        [0m [36mchannel[0m=[35mgoogle_broad[0m [36mraw[0m=[35m46[0m
[2m2026-03-31T12:50:24.527543Z[0m [[32m[1minfo     [0m] [1mquality_filter                [0m [36minput[0m=[35m182[0m [36mpassed[0m=[35m0[0m
[2m2026-03-31T12:50:24.527609Z[0m [[32m[1minfo     [0m] [1mdedup                         [0m [36mafter[0m=[35m0[0m [36mbefore[0m=[35m0[0m
[2m2026-03-31T12:50:24.528248Z[0m [[32m[1minfo     [0m] [1mcrawling                      [0m [36mchannel[0m=[35mGoogle->Benzinga[0m [36mtag[0m=[35mgoogle_benzinga[0m
[2m2026-03-31T12:50:27.043320Z[0m [[32m[1minfo     [0m] [1mfetch                         [0m [36mstatus[0m=[35m200[0m [36murl[0m=[35m'https://news.google.com/rss/search?q=HCA+site:benzinga.com&hl=en-US&gl=US&ceid=US:en'[0m
[2m2026-03-31T12:50:27.083283Z[0m [[32m[1minfo     [0m] [1mparsed                        [0m [36mchannel[0m=[35mgoogle_benzinga[0m [36mraw[0m=[35m72[0m
[2m2026-03-31T12:50:29.093478Z[0m [[32m[1minfo     [0m] [1mfetch                         [0m [36mstatus[0m=[35m200[0m [36murl[0m=[35m'https://news.google.com/rss/search?q=HCA+site:benzinga.com&hl=en-US&gl=US&ceid=US:en'[0m
[2m2026-03-31T12:50:29.113945Z[0m [[32m[1minfo     [0m] [1mparsed                        [0m [36mchannel[0m=[35mgoogle_benzinga[0m [36mraw[0m=[35m72[0m
[2m2026-03-31T12:50:29.114048Z[0m [[32m[1minfo     [0m] [1mcrawling                      [0m [36mchannel[0m=[35m'Google News (all)'[0m [36mtag[0m=[35mgoogle_broad[0m
[2m2026-03-31T12:50:31.675811Z[0m [[32m[1minfo     [0m] [1mfetch                         [0m [36mstatus[0m=[35m200[0m [36murl[0m=[35m'https://news.google.com/rss/search?q=HCA+stock+news&hl=en-US&gl=US&ceid=US:en'[0m
[2m2026-03-31T12:50:31.773244Z[0m [[32m[1minfo     [0m] [1mparsed                        [0m [36mchannel[0m=[35mgoogle_broad[0m [36mraw[0m=[35m100[0m
[2m2026-03-31T12:50:34.172406Z[0m [[32m[1minfo     [0m] [1mfetch                         [0m [36mstatus[0m=[35m200[0m [36murl[0m=[35m'https://news.google.com/rss/search?q=HCA+earnings+analysis&hl=en-US&gl=US&ceid=US:en'[0m
[2m2026-03-31T12:50:34.199320Z[0m [[32m[1minfo     [0m] [1mparsed                        [0m [36mchannel[0m=[35mgoogle_broad[0m [36mraw[0m=[35m46[0m
[2m2026-03-31T12:50:34.199928Z[0m [[32m[1minfo     [0m] [1mquality_filter                [0m [36minput[0m=[35m290[0m [36mpassed[0m=[35m1[0m
[2m2026-03-31T12:50:34.200046Z[0m [[32m[1minfo     [0m] [1mdedup                         [0m [36mafter[0m=[35m1[0m [36mbefore[0m=[35m1[0m
[2m2026-03-31T12:50:36.835996Z[0m [[32m[1minfo     [0m] [1mfetch                         [0m [36mstatus[0m=[35m200[0m [36murl[0m=[35mhttps://stockstory.org/us/stocks/nyse/hca/news/earnings/reflecting-on-hospital-chains-stoc[0m
[2m2026-03-31T12:50:37.042052Z[0m [[32m[1minfo     [0m] [1mcrawling                      [0m [36mchannel[0m=[35mGoogle->Benzinga[0m [36mtag[0m=[35mgoogle_benzinga[0m
[2m2026-03-31T12:50:40.275316Z[0m [[32m[1minfo     [0m] [1mfetch                         [0m [36mstatus[0m=[35m200[0m [36murl[0m=[35m'https://news.google.com/rss/search?q=MO+site:benzinga.com&hl=en-US&gl=US&ceid=US:en'[0m
[2m2026-03-31T12:50:40.372887Z[0m [[32m[1minfo     [0m] [1mparsed                        [0m [36mchannel[0m=[35mgoogle_benzinga[0m [36mraw[0m=[35m100[0m
[2m2026-03-31T12:50:42.380039Z[0m [[32m[1minfo     [0m] [1mfetch                         [0m [36mstatus[0m=[35m200[0m [36murl[0m=[35m'https://news.google.com/rss/search?q=MO+site:benzinga.com&hl=en-US&gl=US&ceid=US:en'[0m
[2m2026-03-31T12:50:42.410301Z[0m [[32m[1minfo     [0m] [1mparsed                        [0m [36mchannel[0m=[35mgoogle_benzinga[0m [36mraw[0m=[35m100[0m
[2m2026-03-31T12:50:42.410428Z[0m [[32m[1minfo     [0m] [1mcrawling                      [0m [36mchannel[0m=[35m'Google News (all)'[0m [36mtag[0m=[35mgoogle_broad[0m
[2m2026-03-31T12:50:44.904203Z[0m [[32m[1minfo     [0m] [1mfetch                         [0m [36mstatus[0m=[35m200[0m [36murl[0m=[35m'https://news.google.com/rss/search?q=MO+stock+news&hl=en-US&gl=US&ceid=US:en'[0m
[2m2026-03-31T12:50:45.039731Z[0m [[32m[1minfo     [0m] [1mparsed                        [0m [36mchannel[0m=[35mgoogle_broad[0m [36mraw[0m=[35m100[0m
[2m2026-03-31T12:50:47.506650Z[0m [[32m[1minfo     [0m] [1mfetch                         [0m [36mstatus[0m=[35m200[0m [36murl[0m=[35m'https://news.google.com/rss/search?q=MO+earnings+analysis&hl=en-US&gl=US&ceid=US:en'[0m
[2m2026-03-31T12:50:47.534798Z[0m [[32m[1minfo     [0m] [1mparsed                        [0m [36mchannel[0m=[35mgoogle_broad[0m [36mraw[0m=[35m61[0m
[2m2026-03-31T12:50:47.535365Z[0m [[32m[1minfo     [0m] [1mquality_filter                [0m [36minput[0m=[35m361[0m [36mpassed[0m=[35m0[0m
[2m2026-03-31T12:50:47.535425Z[0m [[32m[1minfo     [0m] [1mdedup                         [0m [36mafter[0m=[35m0[0m [36mbefore[0m=[35m0[0m
[2m2026-03-31T12:50:47.536137Z[0m [[32m[1minfo     [0m] [1mcrawling                      [0m [36mchannel[0m=[35mGoogle->Benzinga[0m [36mtag[0m=[35mgoogle_benzinga[0m
[2m2026-03-31T12:50:50.094367Z[0m [[32m[1minfo     [0m] [1mfetch                         [0m [36mstatus[0m=[35m200[0m [36murl[0m=[35m'https://news.google.com/rss/search?q=SBUX+site:benzinga.com&hl=en-US&gl=US&ceid=US:en'[0m
[2m2026-03-31T12:50:50.203155Z[0m [[32m[1minfo     [0m] [1mparsed                        [0m [36mchannel[0m=[35mgoogle_benzinga[0m [36mraw[0m=[35m100[0m
[2m2026-03-31T12:50:52.209273Z[0m [[32m[1minfo     [0m] [1mfetch                         [0m [36mstatus[0m=[35m200[0m [36murl[0m=[35m'https://news.google.com/rss/search?q=SBUX+site:benzinga.com&hl=en-US&gl=US&ceid=US:en'[0m
[2m2026-03-31T12:50:52.238244Z[0m [[32m[1minfo     [0m] [1mparsed                        [0m [36mchannel[0m=[35mgoogle_benzinga[0m [36mraw[0m=[35m100[0m
[2m2026-03-31T12:50:52.238374Z[0m [[32m[1minfo     [0m] [1mcrawling                      [0m [36mchannel[0m=[35m'Google News (all)'[0m [36mtag[0m=[35mgoogle_broad[0m
[2m2026-03-31T12:50:55.096594Z[0m [[32m[1minfo     [0m] [1mfetch                         [0m [36mstatus[0m=[35m200[0m [36murl[0m=[35m'https://news.google.com/rss/search?q=SBUX+stock+news&hl=en-US&gl=US&ceid=US:en'[0m
[2m2026-03-31T12:50:55.200038Z[0m [[32m[1minfo     [0m] [1mparsed                        [0m [36mchannel[0m=[35mgoogle_broad[0m [36mraw[0m=[35m100[0m
[2m2026-03-31T12:50:57.892057Z[0m [[32m[1minfo     [0m] [1mfetch                         [0m [36mstatus[0m=[35m200[0m [36murl[0m=[35m'https://news.google.com/rss/search?q=SBUX+earnings+analysis&hl=en-US&gl=US&ceid=US:en'[0m
[2m2026-03-31T12:50:57.999239Z[0m [[32m[1minfo     [0m] [1mparsed                        [0m [36mchannel[0m=[35mgoogle_broad[0m [36mraw[0m=[35m97[0m
[2m2026-03-31T12:50:57.999940Z[0m [[32m[1minfo     [0m] [1mquality_filter                [0m [36minput[0m=[35m397[0m [36mpassed[0m=[35m2[0m
[2m2026-03-31T12:50:58.000131Z[0m [[32m[1minfo     [0m] [1mdedup                         [0m [36mafter[0m=[35m2[0m [36mbefore[0m=[35m2[0m
[2m2026-03-31T12:50:59.914844Z[0m [[32m[1minfo     [0m] [1mfetch                         [0m [36mstatus[0m=[35m403[0m [36murl[0m=[35mhttps://www.gurufocus.com/news/8756786/starbucks-corp-sbux-stock-price-down-483-on-mar-30?[0m
[2m2026-03-31T12:51:00.551012Z[0m [[32m[1minfo     [0m] [1mfetch                         [0m [36mstatus[0m=[35m403[0m [36murl[0m=[35mhttps://www.tipranks.com/news/necessary-skills-and-experience-starbucks-stock-nasdaqsbux-g[0m
[2m2026-03-31T12:51:00.753718Z[0m [[32m[1minfo     [0m] [1mcrawling                      [0m [36mchannel[0m=[35mGoogle->Benzinga[0m [36mtag[0m=[35mgoogle_benzinga[0m
[2m2026-03-31T12:51:03.393500Z[0m [[32m[1minfo     [0m] [1mfetch                         [0m [36mstatus[0m=[35m200[0m [36murl[0m=[35m'https://news.google.com/rss/search?q=CMCSA+site:benzinga.com&hl=en-US&gl=US&ceid=US:en'[0m
[2m2026-03-31T12:51:03.504458Z[0m [[32m[1minfo     [0m] [1mparsed                        [0m [36mchannel[0m=[35mgoogle_benzinga[0m [36mraw[0m=[35m100[0m
[2m2026-03-31T12:51:05.513400Z[0m [[32m[1minfo     [0m] [1mfetch                         [0m [36mstatus[0m=[35m200[0m [36murl[0m=[35m'https://news.google.com/rss/search?q=CMCSA+site:benzinga.com&hl=en-US&gl=US&ceid=US:en'[0m
[2m2026-03-31T12:51:05.547882Z[0m [[32m[1minfo     [0m] [1mparsed                        [0m [36mchannel[0m=[35mgoogle_benzinga[0m [36mraw[0m=[35m100[0m
[2m2026-03-31T12:51:05.548012Z[0m [[32m[1minfo     [0m] [1mcrawling                      [0m [36mchannel[0m=[35m'Google News (all)'[0m [36mtag[0m=[35mgoogle_broad[0m
[2m2026-03-31T12:51:08.038099Z[0m [[32m[1minfo     [0m] [1mfetch                         [0m [36mstatus[0m=[35m200[0m [36murl[0m=[35m'https://news.google.com/rss/search?q=CMCSA+stock+news&hl=en-US&gl=US&ceid=US:en'[0m
[2m2026-03-31T12:51:08.154537Z[0m [[32m[1minfo     [0m] [1mparsed                        [0m [36mchannel[0m=[35mgoogle_broad[0m [36mraw[0m=[35m100[0m
[2m2026-03-31T12:51:10.613956Z[0m [[32m[1minfo     [0m] [1mfetch                         [0m [36mstatus[0m=[35m200[0m [36murl[0m=[35m'https://news.google.com/rss/search?q=CMCSA+earnings+analysis&hl=en-US&gl=US&ceid=US:en'[0m
[2m2026-03-31T12:51:10.701717Z[0m [[32m[1minfo     [0m] [1mparsed                        [0m [36mchannel[0m=[35mgoogle_broad[0m [36mraw[0m=[35m64[0m
[2m2026-03-31T12:51:10.702336Z[0m [[32m[1minfo     [0m] [1mquality_filter                [0m [36minput[0m=[35m364[0m [36mpassed[0m=[35m1[0m
[2m2026-03-31T12:51:10.702435Z[0m [[32m[1minfo     [0m] [1mdedup                         [0m [36mafter[0m=[35m1[0m [36mbefore[0m=[35m1[0m
[2m2026-03-31T12:51:12.857373Z[0m [[32m[1minfo     [0m] [1mfetch                         [0m [36mstatus[0m=[35m200[0m [36murl[0m=[35mhttps://stockstory.org/us/stocks/nasdaq/cmcsa/news/why-up-down/why-comcast-cmcsa-stock-is-[0m
[2m2026-03-31T12:51:13.059710Z[0m [[32m[1minfo     [0m] [1mcrawling                      [0m [36mchannel[0m=[35mGoogle->Benzinga[0m [36mtag[0m=[35mgoogle_benzinga[0m
[2m2026-03-31T12:51:15.944996Z[0m [[32m[1minfo     [0m] [1mfetch                         [0m [36mstatus[0m=[35m200[0m [36murl[0m=[35m'https://news.google.com/rss/search?q=CVS+site:benzinga.com&hl=en-US&gl=US&ceid=US:en'[0m
[2m2026-03-31T12:51:16.055739Z[0m [[32m[1minfo     [0m] [1mparsed                        [0m [36mchannel[0m=[35mgoogle_benzinga[0m [36mraw[0m=[35m100[0m
[2m2026-03-31T12:51:18.063528Z[0m [[32m[1minfo     [0m] [1mfetch                         [0m [36mstatus[0m=[35m200[0m [36murl[0m=[35m'https://news.google.com/rss/search?q=CVS+site:benzinga.com&hl=en-US&gl=US&ceid=US:en'[0m
[2m2026-03-31T12:51:18.092329Z[0m [[32m[1minfo     [0m] [1mparsed                        [0m [36mchannel[0m=[35mgoogle_benzinga[0m [36mraw[0m=[35m100[0m
[2m2026-03-31T12:51:18.092464Z[0m [[32m[1minfo     [0m] [1mcrawling                      [0m [36mchannel[0m=[35m'Google News (all)'[0m [36mtag[0m=[35mgoogle_broad[0m
[2m2026-03-31T12:51:20.705577Z[0m [[32m[1minfo     [0m] [1mfetch                         [0m [36mstatus[0m=[35m200[0m [36murl[0m=[35m'https://news.google.com/rss/search?q=CVS+stock+news&hl=en-US&gl=US&ceid=US:en'[0m
[2m2026-03-31T12:51:20.830026Z[0m [[32m[1minfo     [0m] [1mparsed                        [0m [36mchannel[0m=[35mgoogle_broad[0m [36mraw[0m=[35m100[0m
[2m2026-03-31T12:51:23.344412Z[0m [[32m[1minfo     [0m] [1mfetch                         [0m [36mstatus[0m=[35m200[0m [36murl[0m=[35m'https://news.google.com/rss/search?q=CVS+earnings+analysis&hl=en-US&gl=US&ceid=US:en'[0m
[2m2026-03-31T12:51:23.446003Z[0m [[32m[1minfo     [0m] [1mparsed                        [0m [36mchannel[0m=[35mgoogle_broad[0m [36mraw[0m=[35m69[0m
[2m2026-03-31T12:51:23.446857Z[0m [[32m[1minfo     [0m] [1mquality_filter                [0m [36minput[0m=[35m369[0m [36mpassed[0m=[35m4[0m
[2m2026-03-31T12:51:23.447168Z[0m [[32m[1minfo     [0m] [1mdedup                         [0m [36mafter[0m=[35m4[0m [36mbefore[0m=[35m4[0m
[2m2026-03-31T12:51:25.579543Z[0m [[32m[1minfo     [0m] [1mfetch                         [0m [36mstatus[0m=[35m200[0m [36murl[0m=[35mhttps://www.marketbeat.com/instant-alerts/filing-spire-wealth-management-has-209-million-p[0m
[2m2026-03-31T12:51:25.781579Z[0m [[31m[1merror    [0m] [1mfetch_error                   [0m [36merror[0m=[35m"400, message='Got more than 8190 bytes (8800) when reading Header value is too l"[0m [36murl[0m=[35mhttps://finance.yahoo.com/sectors/healthcare/articles/cvs-health-cvs-r[0m
[2m2026-03-31T12:51:26.079256Z[0m [[32m[1minfo     [0m] [1mfetch                         [0m [36mstatus[0m=[35m200[0m [36murl[0m=[35mhttps://www.stocktitan.net/news/CVS/cvs-pharmacy-celebrates-opening-of-first-pharmacy-only[0m
[2m2026-03-31T12:51:26.647487Z[0m [[32m[1minfo     [0m] [1mfetch                         [0m [36mstatus[0m=[35m200[0m [36murl[0m=[35mhttps://adage.com/agencies/accounts-in-review/aa-cvs-health-in-review/[0m
[2m2026-03-31T12:51:26.885440Z[0m [[32m[1minfo     [0m] [1mcrawling                      [0m [36mchannel[0m=[35mGoogle->Benzinga[0m [36mtag[0m=[35mgoogle_benzinga[0m
[2m2026-03-31T12:51:30.099214Z[0m [[32m[1minfo     [0m] [1mfetch                         [0m [36mstatus[0m=[35m200[0m [36murl[0m=[35m'https://news.google.com/rss/search?q=UPS+site:benzinga.com&hl=en-US&gl=US&ceid=US:en'[0m
[2m2026-03-31T12:51:30.200845Z[0m [[32m[1minfo     [0m] [1mparsed                        [0m [36mchannel[0m=[35mgoogle_benzinga[0m [36mraw[0m=[35m100[0m
[2m2026-03-31T12:51:32.206942Z[0m [[32m[1minfo     [0m] [1mfetch                         [0m [36mstatus[0m=[35m200[0m [36murl[0m=[35m'https://news.google.com/rss/search?q=UPS+site:benzinga.com&hl=en-US&gl=US&ceid=US:en'[0m
[2m2026-03-31T12:51:32.235523Z[0m [[32m[1minfo     [0m] [1mparsed                        [0m [36mchannel[0m=[35mgoogle_benzinga[0m [36mraw[0m=[35m100[0m
[2m2026-03-31T12:51:32.235655Z[0m [[32m[1minfo     [0m] [1mcrawling                      [0m [36mchannel[0m=[35m'Google News (all)'[0m [36mtag[0m=[35mgoogle_broad[0m
[2m2026-03-31T12:51:34.987131Z[0m [[32m[1minfo     [0m] [1mfetch                         [0m [36mstatus[0m=[35m200[0m [36murl[0m=[35m'https://news.google.com/rss/search?q=UPS+stock+news&hl=en-US&gl=US&ceid=US:en'[0m
[2m2026-03-31T12:51:35.088639Z[0m [[32m[1minfo     [0m] [1mparsed                        [0m [36mchannel[0m=[35mgoogle_broad[0m [36mraw[0m=[35m100[0m
[2m2026-03-31T12:51:37.901083Z[0m [[32m[1minfo     [0m] [1mfetch                         [0m [36mstatus[0m=[35m200[0m [36murl[0m=[35m'https://news.google.com/rss/search?q=UPS+earnings+analysis&hl=en-US&gl=US&ceid=US:en'[0m
[2m2026-03-31T12:51:38.018197Z[0m [[32m[1minfo     [0m] [1mparsed                        [0m [36mchannel[0m=[35mgoogle_broad[0m [36mraw[0m=[35m100[0m
[2m2026-03-31T12:51:38.018919Z[0m [[32m[1minfo     [0m] [1mquality_filter                [0m [36minput[0m=[35m400[0m [36mpassed[0m=[35m1[0m
[2m2026-03-31T12:51:38.019041Z[0m [[32m[1minfo     [0m] [1mdedup                         [0m [36mafter[0m=[35m1[0m [36mbefore[0m=[35m1[0m
[2m2026-03-31T12:51:40.325572Z[0m [[32m[1minfo     [0m] [1mfetch                         [0m [36mstatus[0m=[35m200[0m [36murl[0m=[35mhttps://seekingalpha.com/news/4570123-ups-is-viewed-favorably-by-barrons[0m
[2m2026-03-31T12:51:40.560927Z[0m [[32m[1minfo     [0m] [1mcrawling                      [0m [36mchannel[0m=[35mGoogle->Benzinga[0m [36mtag[0m=[35mgoogle_benzinga[0m
[2m2026-03-31T12:51:43.532156Z[0m [[32m[1minfo     [0m] [1mfetch                         [0m [36mstatus[0m=[35m200[0m [36murl[0m=[35m'https://news.google.com/rss/search?q=EQIX+site:benzinga.com&hl=en-US&gl=US&ceid=US:en'[0m
[2m2026-03-31T12:51:43.577458Z[0m [[32m[1minfo     [0m] [1mparsed                        [0m [36mchannel[0m=[35mgoogle_benzinga[0m [36mraw[0m=[35m68[0m
[2m2026-03-31T12:51:45.584844Z[0m [[32m[1minfo     [0m] [1mfetch                         [0m [36mstatus[0m=[35m200[0m [36murl[0m=[35m'https://news.google.com/rss/search?q=EQIX+site:benzinga.com&hl=en-US&gl=US&ceid=US:en'[0m
[2m2026-03-31T12:51:45.606082Z[0m [[32m[1minfo     [0m] [1mparsed                        [0m [36mchannel[0m=[35mgoogle_benzinga[0m [36mraw[0m=[35m68[0m
[2m2026-03-31T12:51:45.606211Z[0m [[32m[1minfo     [0m] [1mcrawling                      [0m [36mchannel[0m=[35m'Google News (all)'[0m [36mtag[0m=[35mgoogle_broad[0m
[2m2026-03-31T12:51:48.076045Z[0m [[32m[1minfo     [0m] [1mfetch                         [0m [36mstatus[0m=[35m200[0m [36murl[0m=[35m'https://news.google.com/rss/search?q=EQIX+stock+news&hl=en-US&gl=US&ceid=US:en'[0m
[2m2026-03-31T12:51:48.188581Z[0m [[32m[1minfo     [0m] [1mparsed                        [0m [36mchannel[0m=[35mgoogle_broad[0m [36mraw[0m=[35m100[0m
[2m2026-03-31T12:51:50.737461Z[0m [[32m[1minfo     [0m] [1mfetch                         [0m [36mstatus[0m=[35m200[0m [36murl[0m=[35m'https://news.google.com/rss/search?q=EQIX+earnings+analysis&hl=en-US&gl=US&ceid=US:en'[0m
[2m2026-03-31T12:51:50.759868Z[0m [[32m[1minfo     [0m] [1mparsed                        [0m [36mchannel[0m=[35mgoogle_broad[0m [36mraw[0m=[35m49[0m
[2m2026-03-31T12:51:50.760489Z[0m [[32m[1minfo     [0m] [1mquality_filter                [0m [36minput[0m=[35m285[0m [36mpassed[0m=[35m1[0m
[2m2026-03-31T12:51:50.760611Z[0m [[32m[1minfo     [0m] [1mdedup                         [0m [36mafter[0m=[35m1[0m [36mbefore[0m=[35m1[0m
[2m2026-03-31T12:51:52.877097Z[0m [[32m[1minfo     [0m] [1mfetch                         [0m [36mstatus[0m=[35m403[0m [36murl[0m=[35mhttps://tradersunion.com/news/companies/show/1819093-equinix-down-0-04percent-today-at/[0m
[2m2026-03-31T12:51:53.078869Z[0m [[32m[1minfo     [0m] [1mcrawling                      [0m [36mchannel[0m=[35mGoogle->Benzinga[0m [36mtag[0m=[35mgoogle_benzinga[0m
[2m2026-03-31T12:51:55.750964Z[0m [[32m[1minfo     [0m] [1mfetch                         [0m [36mstatus[0m=[35m200[0m [36murl[0m=[35m'https://news.google.com/rss/search?q=NKE+site:benzinga.com&hl=en-US&gl=US&ceid=US:en'[0m
[2m2026-03-31T12:51:55.815037Z[0m [[32m[1minfo     [0m] [1mparsed                        [0m [36mchannel[0m=[35mgoogle_benzinga[0m [36mraw[0m=[35m100[0m
[2m2026-03-31T12:51:57.821962Z[0m [[32m[1minfo     [0m] [1mfetch                         [0m [36mstatus[0m=[35m200[0m [36murl[0m=[35m'https://news.google.com/rss/search?q=NKE+site:benzinga.com&hl=en-US&gl=US&ceid=US:en'[0m
[2m2026-03-31T12:51:57.854124Z[0m [[32m[1minfo     [0m] [1mparsed                        [0m [36mchannel[0m=[35mgoogle_benzinga[0m [36mraw[0m=[35m100[0m
[2m2026-03-31T12:51:57.854243Z[0m [[32m[1minfo     [0m] [1mcrawling                      [0m [36mchannel[0m=[35m'Google News (all)'[0m [36mtag[0m=[35mgoogle_broad[0m
[2m2026-03-31T12:52:00.405891Z[0m [[32m[1minfo     [0m] [1mfetch                         [0m [36mstatus[0m=[35m200[0m [36murl[0m=[35m'https://news.google.com/rss/search?q=NKE+stock+news&hl=en-US&gl=US&ceid=US:en'[0m
[2m2026-03-31T12:52:00.511563Z[0m [[32m[1minfo     [0m] [1mparsed                        [0m [36mchannel[0m=[35mgoogle_broad[0m [36mraw[0m=[35m100[0m
[2m2026-03-31T12:52:03.037518Z[0m [[32m[1minfo     [0m] [1mfetch                         [0m [36mstatus[0m=[35m200[0m [36murl[0m=[35m'https://news.google.com/rss/search?q=NKE+earnings+analysis&hl=en-US&gl=US&ceid=US:en'[0m
[2m2026-03-31T12:52:03.153788Z[0m [[32m[1minfo     [0m] [1mparsed                        [0m [36mchannel[0m=[35mgoogle_broad[0m [36mraw[0m=[35m100[0m
[2m2026-03-31T12:52:03.154878Z[0m [[32m[1minfo     [0m] [1mquality_filter                [0m [36minput[0m=[35m400[0m [36mpassed[0m=[35m6[0m
[2m2026-03-31T12:52:03.155419Z[0m [[32m[1minfo     [0m] [1mdedup                         [0m [36mafter[0m=[35m5[0m [36mbefore[0m=[35m6[0m
[2m2026-03-31T12:52:04.663459Z[0m [[32m[1minfo     [0m] [1mfetch                         [0m [36mstatus[0m=[35m403[0m [36murl[0m=[35mhttps://www.tipranks.com/news/nike-is-about-to-report-q3-earnings-options-traders-expects-[0m
[2m2026-03-31T12:52:05.050370Z[0m [[32m[1minfo     [0m] [1mfetch                         [0m [36mstatus[0m=[35m403[0m [36murl[0m=[35mhttps://www.mexc.com/news/992095[0m
[2m2026-03-31T12:52:05.148856Z[0m [[32m[1minfo     [0m] [1mfetch                         [0m [36mstatus[0m=[35m200[0m [36murl[0m=[35mhttps://www.tradingview.com/news/tradingview:7ad73c171094b:0-nke-nike-stock-is-off-20-this[0m
[2m2026-03-31T12:52:05.517693Z[0m [[32m[1minfo     [0m] [1mfetch                         [0m [36mstatus[0m=[35m200[0m [36murl[0m=[35mhttps://seekingalpha.com/news/4570020-nike-earnings-preview-investors-look-for-signs-of-a-[0m
[2m2026-03-31T12:52:06.195500Z[0m [[31m[1merror    [0m] [1mfetch_error                   [0m [36merror[0m=[35m"400, message='Got more than 8190 bytes (8800) when reading Header value is too l"[0m [36murl[0m=[35mhttps://finance.yahoo.com/markets/stocks/articles/nike-nke-report-earn[0m
[2m2026-03-31T12:52:06.398936Z[0m [[32m[1minfo     [0m] [1mcrawling                      [0m [36mchannel[0m=[35mGoogle->Benzinga[0m [36mtag[0m=[35mgoogle_benzinga[0m
[2m2026-03-31T12:52:08.837517Z[0m [[32m[1minfo     [0m] [1mfetch                         [0m [36mstatus[0m=[35m200[0m [36murl[0m=[35m'https://news.google.com/rss/search?q=WMB+site:benzinga.com&hl=en-US&gl=US&ceid=US:en'[0m
[2m2026-03-31T12:52:08.847454Z[0m [[32m[1minfo     [0m] [1mparsed                        [0m [36mchannel[0m=[35mgoogle_benzinga[0m [36mraw[0m=[35m25[0m
[2m2026-03-31T12:52:10.853499Z[0m [[32m[1minfo     [0m] [1mfetch                         [0m [36mstatus[0m=[35m200[0m [36murl[0m=[35m'https://news.google.com/rss/search?q=WMB+site:benzinga.com&hl=en-US&gl=US&ceid=US:en'[0m
[2m2026-03-31T12:52:10.860262Z[0m [[32m[1minfo     [0m] [1mparsed                        [0m [36mchannel[0m=[35mgoogle_benzinga[0m [36mraw[0m=[35m25[0m
[2m2026-03-31T12:52:10.860389Z[0m [[32m[1minfo     [0m] [1mcrawling                      [0m [36mchannel[0m=[35m'Google News (all)'[0m [36mtag[0m=[35mgoogle_broad[0m
[2m2026-03-31T12:52:13.316974Z[0m [[32m[1minfo     [0m] [1mfetch                         [0m [36mstatus[0m=[35m200[0m [36murl[0m=[35m'https://news.google.com/rss/search?q=WMB+stock+news&hl=en-US&gl=US&ceid=US:en'[0m
[2m2026-03-31T12:52:13.411668Z[0m [[32m[1minfo     [0m] [1mparsed                        [0m [36mchannel[0m=[35mgoogle_broad[0m [36mraw[0m=[35m82[0m
[2m2026-03-31T12:52:15.775091Z[0m [[32m[1minfo     [0m] [1mfetch                         [0m [36mstatus[0m=[35m200[0m [36murl[0m=[35m'https://news.google.com/rss/search?q=WMB+earnings+analysis&hl=en-US&gl=US&ceid=US:en'[0m
[2m2026-03-31T12:52:15.800491Z[0m [[32m[1minfo     [0m] [1mparsed                        [0m [36mchannel[0m=[35mgoogle_broad[0m [36mraw[0m=[35m45[0m
[2m2026-03-31T12:52:15.800957Z[0m [[32m[1minfo     [0m] [1mquality_filter                [0m [36minput[0m=[35m177[0m [36mpassed[0m=[35m0[0m
[2m2026-03-31T12:52:15.801017Z[0m [[32m[1minfo     [0m] [1mdedup                         [0m [36mafter[0m=[35m0[0m [36mbefore[0m=[35m0[0m
[2m2026-03-31T12:52:15.801637Z[0m [[32m[1minfo     [0m] [1mcrawling                      [0m [36mchannel[0m=[35mGoogle->Benzinga[0m [36mtag[0m=[35mgoogle_benzinga[0m
[2m2026-03-31T12:52:18.464609Z[0m [[32m[1minfo     [0m] [1mfetch                         [0m [36mstatus[0m=[35m200[0m [36murl[0m=[35m'https://news.google.com/rss/search?q=FDX+site:benzinga.com&hl=en-US&gl=US&ceid=US:en'[0m
[2m2026-03-31T12:52:18.574637Z[0m [[32m[1minfo     [0m] [1mparsed                        [0m [36mchannel[0m=[35mgoogle_benzinga[0m [36mraw[0m=[35m100[0m
[2m2026-03-31T12:52:20.581223Z[0m [[32m[1minfo     [0m] [1mfetch                         [0m [36mstatus[0m=[35m200[0m [36murl[0m=[35m'https://news.google.com/rss/search?q=FDX+site:benzinga.com&hl=en-US&gl=US&ceid=US:en'[0m
[2m2026-03-31T12:52:20.603526Z[0m [[32m[1minfo     [0m] [1mparsed                        [0m [36mchannel[0m=[35mgoogle_benzinga[0m [36mraw[0m=[35m100[0m
[2m2026-03-31T12:52:20.603637Z[0m [[32m[1minfo     [0m] [1mcrawling                      [0m [36mchannel[0m=[35m'Google News (all)'[0m [36mtag[0m=[35mgoogle_broad[0m
[2m2026-03-31T12:52:23.164316Z[0m [[32m[1minfo     [0m] [1mfetch                         [0m [36mstatus[0m=[35m200[0m [36murl[0m=[35m'https://news.google.com/rss/search?q=FDX+stock+news&hl=en-US&gl=US&ceid=US:en'[0m
[2m2026-03-31T12:52:23.272155Z[0m [[32m[1minfo     [0m] [1mparsed                        [0m [36mchannel[0m=[35mgoogle_broad[0m [36mraw[0m=[35m100[0m
[2m2026-03-31T12:52:25.819531Z[0m [[32m[1minfo     [0m] [1mfetch                         [0m [36mstatus[0m=[35m200[0m [36murl[0m=[35m'https://news.google.com/rss/search?q=FDX+earnings+analysis&hl=en-US&gl=US&ceid=US:en'[0m
[2m2026-03-31T12:52:25.932155Z[0m [[32m[1minfo     [0m] [1mparsed                        [0m [36mchannel[0m=[35mgoogle_broad[0m [36mraw[0m=[35m100[0m
[2m2026-03-31T12:52:25.932875Z[0m [[32m[1minfo     [0m] [1mquality_filter                [0m [36minput[0m=[35m400[0m [36mpassed[0m=[35m1[0m
[2m2026-03-31T12:52:25.933018Z[0m [[32m[1minfo     [0m] [1mdedup                         [0m [36mafter[0m=[35m1[0m [36mbefore[0m=[35m1[0m
[2m2026-03-31T12:52:27.993740Z[0m [[32m[1minfo     [0m] [1mfetch                         [0m [36mstatus[0m=[35m200[0m [36murl[0m=[35mhttps://www.insidermonkey.com/blog/bill-gates-latest-portfolio-is-fedex-fdx-the-best-stock[0m
[2m2026-03-31T12:52:28.204080Z[0m [[32m[1minfo     [0m] [1mcrawling                      [0m [36mchannel[0m=[35mGoogle->Benzinga[0m [36mtag[0m=[35mgoogle_benzinga[0m
[2m2026-03-31T12:52:30.687068Z[0m [[32m[1minfo     [0m] [1mfetch                         [0m [36mstatus[0m=[35m200[0m [36murl[0m=[35m'https://news.google.com/rss/search?q=MRSH+site:benzinga.com&hl=en-US&gl=US&ceid=US:en'[0m
[2m2026-03-31T12:52:30.693778Z[0m [[32m[1minfo     [0m] [1mparsed                        [0m [36mchannel[0m=[35mgoogle_benzinga[0m [36mraw[0m=[35m8[0m
[2m2026-03-31T12:52:32.699455Z[0m [[32m[1minfo     [0m] [1mfetch                         [0m [36mstatus[0m=[35m200[0m [36murl[0m=[35m'https://news.google.com/rss/search?q=MRSH+site:benzinga.com&hl=en-US&gl=US&ceid=US:en'[0m
[2m2026-03-31T12:52:32.703131Z[0m [[32m[1minfo     [0m] [1mparsed                        [0m [36mchannel[0m=[35mgoogle_benzinga[0m [36mraw[0m=[35m8[0m
[2m2026-03-31T12:52:32.703216Z[0m [[32m[1minfo     [0m] [1mcrawling                      [0m [36mchannel[0m=[35m'Google News (all)'[0m [36mtag[0m=[35mgoogle_broad[0m
[2m2026-03-31T12:52:35.225071Z[0m [[32m[1minfo     [0m] [1mfetch                         [0m [36mstatus[0m=[35m200[0m [36murl[0m=[35m'https://news.google.com/rss/search?q=MRSH+stock+news&hl=en-US&gl=US&ceid=US:en'[0m
[2m2026-03-31T12:52:35.337014Z[0m [[32m[1minfo     [0m] [1mparsed                        [0m [36mchannel[0m=[35mgoogle_broad[0m [36mraw[0m=[35m100[0m
[2m2026-03-31T12:52:37.694391Z[0m [[32m[1minfo     [0m] [1mfetch                         [0m [36mstatus[0m=[35m200[0m [36murl[0m=[35m'https://news.google.com/rss/search?q=MRSH+earnings+analysis&hl=en-US&gl=US&ceid=US:en'[0m
[2m2026-03-31T12:52:37.714002Z[0m [[32m[1minfo     [0m] [1mparsed                        [0m [36mchannel[0m=[35mgoogle_broad[0m [36mraw[0m=[35m36[0m
[2m2026-03-31T12:52:37.714712Z[0m [[32m[1minfo     [0m] [1mquality_filter                [0m [36minput[0m=[35m152[0m [36mpassed[0m=[35m1[0m
[2m2026-03-31T12:52:37.714858Z[0m [[32m[1minfo     [0m] [1mdedup                         [0m [36mafter[0m=[35m1[0m [36mbefore[0m=[35m1[0m
[2m2026-03-31T12:52:39.647541Z[0m [[32m[1minfo     [0m] [1mfetch                         [0m [36mstatus[0m=[35m403[0m [36murl[0m=[35m'https://www.gurufocus.com/news/8756565/marsh-mrsh-shares-up-312-on-mar-30?mobile=true'[0m
[2m2026-03-31T12:52:39.850615Z[0m [[32m[1minfo     [0m] [1mcrawling                      [0m [36mchannel[0m=[35mGoogle->Benzinga[0m [36mtag[0m=[35mgoogle_benzinga[0m
[2m2026-03-31T12:52:42.237808Z[0m [[32m[1minfo     [0m] [1mfetch                         [0m [36mstatus[0m=[35m200[0m [36murl[0m=[35m'https://news.google.com/rss/search?q=SHW+site:benzinga.com&hl=en-US&gl=US&ceid=US:en'[0m
[2m2026-03-31T12:52:42.246614Z[0m [[32m[1minfo     [0m] [1mparsed                        [0m [36mchannel[0m=[35mgoogle_benzinga[0m [36mraw[0m=[35m17[0m
[2m2026-03-31T12:52:44.252528Z[0m [[32m[1minfo     [0m] [1mfetch                         [0m [36mstatus[0m=[35m200[0m [36murl[0m=[35m'https://news.google.com/rss/search?q=SHW+site:benzinga.com&hl=en-US&gl=US&ceid=US:en'[0m
[2m2026-03-31T12:52:44.258594Z[0m [[32m[1minfo     [0m] [1mparsed                        [0m [36mchannel[0m=[35mgoogle_benzinga[0m [36mraw[0m=[35m17[0m
[2m2026-03-31T12:52:44.258701Z[0m [[32m[1minfo     [0m] [1mcrawling                      [0m [36mchannel[0m=[35m'Google News (all)'[0m [36mtag[0m=[35mgoogle_broad[0m
[2m2026-03-31T12:52:46.801648Z[0m [[32m[1minfo     [0m] [1mfetch                         [0m [36mstatus[0m=[35m200[0m [36murl[0m=[35m'https://news.google.com/rss/search?q=SHW+stock+news&hl=en-US&gl=US&ceid=US:en'[0m
[2m2026-03-31T12:52:46.910573Z[0m [[32m[1minfo     [0m] [1mparsed                        [0m [36mchannel[0m=[35mgoogle_broad[0m [36mraw[0m=[35m89[0m
[2m2026-03-31T12:52:49.386158Z[0m [[32m[1minfo     [0m] [1mfetch                         [0m [36mstatus[0m=[35m200[0m [36murl[0m=[35m'https://news.google.com/rss/search?q=SHW+earnings+analysis&hl=en-US&gl=US&ceid=US:en'[0m
[2m2026-03-31T12:52:49.424393Z[0m [[32m[1minfo     [0m] [1mparsed                        [0m [36mchannel[0m=[35mgoogle_broad[0m [36mraw[0m=[35m60[0m
[2m2026-03-31T12:52:49.424858Z[0m [[32m[1minfo     [0m] [1mquality_filter                [0m [36minput[0m=[35m183[0m [36mpassed[0m=[35m0[0m
[2m2026-03-31T12:52:49.424917Z[0m [[32m[1minfo     [0m] [1mdedup                         [0m [36mafter[0m=[35m0[0m [36mbefore[0m=[35m0[0m
[2m2026-03-31T12:52:49.425865Z[0m [[32m[1minfo     [0m] [1mcrawling                      [0m [36mchannel[0m=[35mGoogle->Benzinga[0m [36mtag[0m=[35mgoogle_benzinga[0m
[2m2026-03-31T12:52:51.891261Z[0m [[32m[1minfo     [0m] [1mfetch                         [0m [36mstatus[0m=[35m200[0m [36murl[0m=[35m'https://news.google.com/rss/search?q=AMT+site:benzinga.com&hl=en-US&gl=US&ceid=US:en'[0m
[2m2026-03-31T12:52:51.925549Z[0m [[32m[1minfo     [0m] [1mparsed                        [0m [36mchannel[0m=[35mgoogle_benzinga[0m [36mraw[0m=[35m60[0m
[2m2026-03-31T12:52:53.932227Z[0m [[32m[1minfo     [0m] [1mfetch                         [0m [36mstatus[0m=[35m200[0m [36murl[0m=[35m'https://news.google.com/rss/search?q=AMT+site:benzinga.com&hl=en-US&gl=US&ceid=US:en'[0m
[2m2026-03-31T12:52:53.953948Z[0m [[32m[1minfo     [0m] [1mparsed                        [0m [36mchannel[0m=[35mgoogle_benzinga[0m [36mraw[0m=[35m60[0m
[2m2026-03-31T12:52:53.954069Z[0m [[32m[1minfo     [0m] [1mcrawling                      [0m [36mchannel[0m=[35m'Google News (all)'[0m [36mtag[0m=[35mgoogle_broad[0m
[2m2026-03-31T12:52:56.460277Z[0m [[32m[1minfo     [0m] [1mfetch                         [0m [36mstatus[0m=[35m200[0m [36murl[0m=[35m'https://news.google.com/rss/search?q=AMT+stock+news&hl=en-US&gl=US&ceid=US:en'[0m
[2m2026-03-31T12:52:56.572187Z[0m [[32m[1minfo     [0m] [1mparsed                        [0m [36mchannel[0m=[35mgoogle_broad[0m [36mraw[0m=[35m100[0m
[2m2026-03-31T12:52:58.981879Z[0m [[32m[1minfo     [0m] [1mfetch                         [0m [36mstatus[0m=[35m200[0m [36murl[0m=[35m'https://news.google.com/rss/search?q=AMT+earnings+analysis&hl=en-US&gl=US&ceid=US:en'[0m
[2m2026-03-31T12:52:59.020933Z[0m [[32m[1minfo     [0m] [1mparsed                        [0m [36mchannel[0m=[35mgoogle_broad[0m [36mraw[0m=[35m63[0m
[2m2026-03-31T12:52:59.021714Z[0m [[32m[1minfo     [0m] [1mquality_filter                [0m [36minput[0m=[35m283[0m [36mpassed[0m=[35m1[0m
[2m2026-03-31T12:52:59.021891Z[0m [[32m[1minfo     [0m] [1mdedup                         [0m [36mafter[0m=[35m1[0m [36mbefore[0m=[35m1[0m
[2m2026-03-31T12:53:00.999876Z[0m [[32m[1minfo     [0m] [1mfetch                         [0m [36mstatus[0m=[35m403[0m [36murl[0m=[35mhttps://www.marketbeat.com/stocks/CVE/AMT/forecast/[0m
[2m2026-03-31T12:53:01.202085Z[0m [[32m[1minfo     [0m] [1mcrawling                      [0m [36mchannel[0m=[35mGoogle->Benzinga[0m [36mtag[0m=[35mgoogle_benzinga[0m
[2m2026-03-31T12:53:03.814197Z[0m [[32m[1minfo     [0m] [1mfetch                         [0m [36mstatus[0m=[35m200[0m [36murl[0m=[35m'https://news.google.com/rss/search?q=BX+site:benzinga.com&hl=en-US&gl=US&ceid=US:en'[0m
[2m2026-03-31T12:53:03.928880Z[0m [[32m[1minfo     [0m] [1mparsed                        [0m [36mchannel[0m=[35mgoogle_benzinga[0m [36mraw[0m=[35m100[0m
[2m2026-03-31T12:53:05.937561Z[0m [[32m[1minfo     [0m] [1mfetch                         [0m [36mstatus[0m=[35m200[0m [36murl[0m=[35m'https://news.google.com/rss/search?q=BX+site:benzinga.com&hl=en-US&gl=US&ceid=US:en'[0m
[2m2026-03-31T12:53:05.965577Z[0m [[32m[1minfo     [0m] [1mparsed                        [0m [36mchannel[0m=[35mgoogle_benzinga[0m [36mraw[0m=[35m100[0m
[2m2026-03-31T12:53:05.965694Z[0m [[32m[1minfo     [0m] [1mcrawling                      [0m [36mchannel[0m=[35m'Google News (all)'[0m [36mtag[0m=[35mgoogle_broad[0m
[2m2026-03-31T12:53:08.438805Z[0m [[32m[1minfo     [0m] [1mfetch                         [0m [36mstatus[0m=[35m200[0m [36murl[0m=[35m'https://news.google.com/rss/search?q=BX+stock+news&hl=en-US&gl=US&ceid=US:en'[0m
[2m2026-03-31T12:53:08.558479Z[0m [[32m[1minfo     [0m] [1mparsed                        [0m [36mchannel[0m=[35mgoogle_broad[0m [36mraw[0m=[35m100[0m
[2m2026-03-31T12:53:11.034918Z[0m [[32m[1minfo     [0m] [1mfetch                         [0m [36mstatus[0m=[35m200[0m [36murl[0m=[35m'https://news.google.com/rss/search?q=BX+earnings+analysis&hl=en-US&gl=US&ceid=US:en'[0m
[2m2026-03-31T12:53:11.072550Z[0m [[32m[1minfo     [0m] [1mparsed                        [0m [36mchannel[0m=[35mgoogle_broad[0m [36mraw[0m=[35m62[0m
[2m2026-03-31T12:53:11.073748Z[0m [[32m[1minfo     [0m] [1mquality_filter                [0m [36minput[0m=[35m362[0m [36mpassed[0m=[35m3[0m
[2m2026-03-31T12:53:11.073929Z[0m [[32m[1minfo     [0m] [1mdedup                         [0m [36mafter[0m=[35m2[0m [36mbefore[0m=[35m3[0m
[2m2026-03-31T12:53:12.840671Z[0m [[32m[1minfo     [0m] [1mfetch                         [0m [36mstatus[0m=[35m200[0m [36murl[0m=[35mhttps://www.quiverquant.com/news/%24BX+stock+is+up+2%25+today.+Here%27s+what+we+see+in+our[0m
[2m2026-03-31T12:53:14.228088Z[0m [[32m[1minfo     [0m] [1mfetch                         [0m [36mstatus[0m=[35m200[0m [36murl[0m=[35mhttps://www.theglobeandmail.com/investing/markets/stocks/BX-N/pressreleases/1045814/why-bl[0m
[2m2026-03-31T12:53:14.644588Z[0m [[32m[1minfo     [0m] [1mcrawling                      [0m [36mchannel[0m=[35mGoogle->Benzinga[0m [36mtag[0m=[35mgoogle_benzinga[0m
[2m2026-03-31T12:53:17.101142Z[0m [[32m[1minfo     [0m] [1mfetch                         [0m [36mstatus[0m=[35m200[0m [36murl[0m=[35m'https://news.google.com/rss/search?q=JCI+site:benzinga.com&hl=en-US&gl=US&ceid=US:en'[0m
[2m2026-03-31T12:53:17.124806Z[0m [[32m[1minfo     [0m] [1mparsed                        [0m [36mchannel[0m=[35mgoogle_benzinga[0m [36mraw[0m=[35m44[0m
[2m2026-03-31T12:53:19.130553Z[0m [[32m[1minfo     [0m] [1mfetch                         [0m [36mstatus[0m=[35m200[0m [36murl[0m=[35m'https://news.google.com/rss/search?q=JCI+site:benzinga.com&hl=en-US&gl=US&ceid=US:en'[0m
[2m2026-03-31T12:53:19.142506Z[0m [[32m[1minfo     [0m] [1mparsed                        [0m [36mchannel[0m=[35mgoogle_benzinga[0m [36mraw[0m=[35m44[0m
[2m2026-03-31T12:53:19.142607Z[0m [[32m[1minfo     [0m] [1mcrawling                      [0m [36mchannel[0m=[35m'Google News (all)'[0m [36mtag[0m=[35mgoogle_broad[0m
[2m2026-03-31T12:53:21.718277Z[0m [[32m[1minfo     [0m] [1mfetch                         [0m [36mstatus[0m=[35m200[0m [36murl[0m=[35m'https://news.google.com/rss/search?q=JCI+stock+news&hl=en-US&gl=US&ceid=US:en'[0m
[2m2026-03-31T12:53:21.828156Z[0m [[32m[1minfo     [0m] [1mparsed                        [0m [36mchannel[0m=[35mgoogle_broad[0m [36mraw[0m=[35m100[0m
[2m2026-03-31T12:53:24.285261Z[0m [[32m[1minfo     [0m] [1mfetch                         [0m [36mstatus[0m=[35m200[0m [36murl[0m=[35m'https://news.google.com/rss/search?q=JCI+earnings+analysis&hl=en-US&gl=US&ceid=US:en'[0m
[2m2026-03-31T12:53:24.313828Z[0m [[32m[1minfo     [0m] [1mparsed                        [0m [36mchannel[0m=[35mgoogle_broad[0m [36mraw[0m=[35m45[0m
[2m2026-03-31T12:53:24.314633Z[0m [[32m[1minfo     [0m] [1mquality_filter                [0m [36minput[0m=[35m233[0m [36mpassed[0m=[35m3[0m
[2m2026-03-31T12:53:24.314830Z[0m [[32m[1minfo     [0m] [1mdedup                         [0m [36mafter[0m=[35m3[0m [36mbefore[0m=[35m3[0m
[2m2026-03-31T12:53:26.410240Z[0m [[32m[1minfo     [0m] [1mfetch                         [0m [36mstatus[0m=[35m200[0m [36murl[0m=[35mhttps://en.tempo.co/amp/2095206/jci-ends-first-session-lower-by-0-38[0m
[2m2026-03-31T12:53:26.635805Z[0m [[32m[1minfo     [0m] [1mfetch                         [0m [36mstatus[0m=[35m403[0m [36murl[0m=[35mhttps://www.idnfinancials.com/news/62585/jci-down-on-bank-stocks-usd-hits-idr17-002[0m
[2m2026-03-31T12:53:27.115454Z[0m [[32m[1minfo     [0m] [1mfetch                         [0m [36mstatus[0m=[35m200[0m [36murl[0m=[35mhttps://www.marketbeat.com/instant-alerts/filing-johnson-controls-international-plc-jci-ho[0m
[2m2026-03-31T12:53:27.331716Z[0m [[32m[1minfo     [0m] [1mcrawling                      [0m [36mchannel[0m=[35mGoogle->Benzinga[0m [36mtag[0m=[35mgoogle_benzinga[0m
[2m2026-03-31T12:53:29.878340Z[0m [[32m[1minfo     [0m] [1mfetch                         [0m [36mstatus[0m=[35m200[0m [36murl[0m=[35m'https://news.google.com/rss/search?q=MMM+site:benzinga.com&hl=en-US&gl=US&ceid=US:en'[0m
[2m2026-03-31T12:53:29.893564Z[0m [[32m[1minfo     [0m] [1mparsed                        [0m [36mchannel[0m=[35mgoogle_benzinga[0m [36mraw[0m=[35m37[0m
[2m2026-03-31T12:53:31.900822Z[0m [[32m[1minfo     [0m] [1mfetch                         [0m [36mstatus[0m=[35m200[0m [36murl[0m=[35m'https://news.google.com/rss/search?q=MMM+site:benzinga.com&hl=en-US&gl=US&ceid=US:en'[0m
[2m2026-03-31T12:53:31.910683Z[0m [[32m[1minfo     [0m] [1mparsed                        [0m [36mchannel[0m=[35mgoogle_benzinga[0m [36mraw[0m=[35m37[0m
[2m2026-03-31T12:53:31.910810Z[0m [[32m[1minfo     [0m] [1mcrawling                      [0m [36mchannel[0m=[35m'Google News (all)'[0m [36mtag[0m=[35mgoogle_broad[0m
[2m2026-03-31T12:53:34.486972Z[0m [[32m[1minfo     [0m] [1mfetch                         [0m [36mstatus[0m=[35m200[0m [36murl[0m=[35m'https://news.google.com/rss/search?q=MMM+stock+news&hl=en-US&gl=US&ceid=US:en'[0m
[2m2026-03-31T12:53:34.543325Z[0m [[32m[1minfo     [0m] [1mparsed                        [0m [36mchannel[0m=[35mgoogle_broad[0m [36mraw[0m=[35m96[0m
[2m2026-03-31T12:53:37.029302Z[0m [[32m[1minfo     [0m] [1mfetch                         [0m [36mstatus[0m=[35m200[0m [36murl[0m=[35m'https://news.google.com/rss/search?q=MMM+earnings+analysis&hl=en-US&gl=US&ceid=US:en'[0m
[2m2026-03-31T12:53:37.046155Z[0m [[32m[1minfo     [0m] [1mparsed                        [0m [36mchannel[0m=[35mgoogle_broad[0m [36mraw[0m=[35m39[0m
[2m2026-03-31T12:53:37.046688Z[0m [[32m[1minfo     [0m] [1mquality_filter                [0m [36minput[0m=[35m209[0m [36mpassed[0m=[35m0[0m
[2m2026-03-31T12:53:37.046753Z[0m [[32m[1minfo     [0m] [1mdedup                         [0m [36mafter[0m=[35m0[0m [36mbefore[0m=[35m0[0m
[2m2026-03-31T12:53:37.047583Z[0m [[32m[1minfo     [0m] [1mcrawling                      [0m [36mchannel[0m=[35mGoogle->Benzinga[0m [36mtag[0m=[35mgoogle_benzinga[0m
[2m2026-03-31T12:53:39.500889Z[0m [[32m[1minfo     [0m] [1mfetch                         [0m [36mstatus[0m=[35m200[0m [36murl[0m=[35m'https://news.google.com/rss/search?q=ECL+site:benzinga.com&hl=en-US&gl=US&ceid=US:en'[0m
[2m2026-03-31T12:53:39.508654Z[0m [[32m[1minfo     [0m] [1mparsed                        [0m [36mchannel[0m=[35mgoogle_benzinga[0m [36mraw[0m=[35m29[0m
[2m2026-03-31T12:53:41.513344Z[0m [[32m[1minfo     [0m] [1mfetch                         [0m [36mstatus[0m=[35m200[0m [36murl[0m=[35m'https://news.google.com/rss/search?q=ECL+site:benzinga.com&hl=en-US&gl=US&ceid=US:en'[0m
[2m2026-03-31T12:53:41.520802Z[0m [[32m[1minfo     [0m] [1mparsed                        [0m [36mchannel[0m=[35mgoogle_benzinga[0m [36mraw[0m=[35m29[0m
[2m2026-03-31T12:53:41.520915Z[0m [[32m[1minfo     [0m] [1mcrawling                      [0m [36mchannel[0m=[35m'Google News (all)'[0m [36mtag[0m=[35mgoogle_broad[0m
[2m2026-03-31T12:53:44.460099Z[0m [[32m[1minfo     [0m] [1mfetch                         [0m [36mstatus[0m=[35m200[0m [36murl[0m=[35m'https://news.google.com/rss/search?q=ECL+stock+news&hl=en-US&gl=US&ceid=US:en'[0m
[2m2026-03-31T12:53:44.548493Z[0m [[32m[1minfo     [0m] [1mparsed                        [0m [36mchannel[0m=[35mgoogle_broad[0m [36mraw[0m=[35m67[0m
[2m2026-03-31T12:53:46.955899Z[0m [[32m[1minfo     [0m] [1mfetch                         [0m [36mstatus[0m=[35m200[0m [36murl[0m=[35m'https://news.google.com/rss/search?q=ECL+earnings+analysis&hl=en-US&gl=US&ceid=US:en'[0m
[2m2026-03-31T12:53:46.981770Z[0m [[32m[1minfo     [0m] [1mparsed                        [0m [36mchannel[0m=[35mgoogle_broad[0m [36mraw[0m=[35m50[0m
[2m2026-03-31T12:53:46.982382Z[0m [[32m[1minfo     [0m] [1mquality_filter                [0m [36minput[0m=[35m175[0m [36mpassed[0m=[35m2[0m
[2m2026-03-31T12:53:46.982541Z[0m [[32m[1minfo     [0m] [1mdedup                         [0m [36mafter[0m=[35m2[0m [36mbefore[0m=[35m2[0m
[2m2026-03-31T12:53:49.032331Z[0m [[32m[1minfo     [0m] [1mfetch                         [0m [36mstatus[0m=[35m200[0m [36murl[0m=[35mhttps://www.msn.com/en-us/money/markets/is-ecolab-ecl-the-best-under-the-radar-ai-stock-to[0m
[2m2026-03-31T12:53:50.107127Z[0m [[32m[1minfo     [0m] [1mfetch                         [0m [36mstatus[0m=[35m200[0m [36murl[0m=[35mhttps://www.stocktitan.net/sec-filings/ECL/form-4-ecolab-inc-insider-trading-activity-80be[0m
[2m2026-03-31T12:53:50.331324Z[0m [[32m[1minfo     [0m] [1mcrawling                      [0m [36mchannel[0m=[35mGoogle->Benzinga[0m [36mtag[0m=[35mgoogle_benzinga[0m
[2m2026-03-31T12:53:52.914777Z[0m [[32m[1minfo     [0m] [1mfetch                         [0m [36mstatus[0m=[35m200[0m [36murl[0m=[35m'https://news.google.com/rss/search?q=ADP+site:benzinga.com&hl=en-US&gl=US&ceid=US:en'[0m
[2m2026-03-31T12:53:53.035828Z[0m [[32m[1minfo     [0m] [1mparsed                        [0m [36mchannel[0m=[35mgoogle_benzinga[0m [36mraw[0m=[35m100[0m
[2m2026-03-31T12:53:55.041700Z[0m [[32m[1minfo     [0m] [1mfetch                         [0m [36mstatus[0m=[35m200[0m [36murl[0m=[35m'https://news.google.com/rss/search?q=ADP+site:benzinga.com&hl=en-US&gl=US&ceid=US:en'[0m
[2m2026-03-31T12:53:55.072656Z[0m [[32m[1minfo     [0m] [1mparsed                        [0m [36mchannel[0m=[35mgoogle_benzinga[0m [36mraw[0m=[35m100[0m
[2m2026-03-31T12:53:55.072770Z[0m [[32m[1minfo     [0m] [1mcrawling                      [0m [36mchannel[0m=[35m'Google News (all)'[0m [36mtag[0m=[35mgoogle_broad[0m
[2m2026-03-31T12:53:57.790712Z[0m [[32m[1minfo     [0m] [1mfetch                         [0m [36mstatus[0m=[35m200[0m [36murl[0m=[35m'https://news.google.com/rss/search?q=ADP+stock+news&hl=en-US&gl=US&ceid=US:en'[0m
[2m2026-03-31T12:53:57.893847Z[0m [[32m[1minfo     [0m] [1mparsed                        [0m [36mchannel[0m=[35mgoogle_broad[0m [36mraw[0m=[35m100[0m
[2m2026-03-31T12:54:00.364947Z[0m [[32m[1minfo     [0m] [1mfetch                         [0m [36mstatus[0m=[35m200[0m [36murl[0m=[35m'https://news.google.com/rss/search?q=ADP+earnings+analysis&hl=en-US&gl=US&ceid=US:en'[0m
[2m2026-03-31T12:54:00.448983Z[0m [[32m[1minfo     [0m] [1mparsed                        [0m [36mchannel[0m=[35mgoogle_broad[0m [36mraw[0m=[35m67[0m
[2m2026-03-31T12:54:00.449856Z[0m [[32m[1minfo     [0m] [1mquality_filter                [0m [36minput[0m=[35m367[0m [36mpassed[0m=[35m1[0m
[2m2026-03-31T12:54:00.450005Z[0m [[32m[1minfo     [0m] [1mdedup                         [0m [36mafter[0m=[35m1[0m [36mbefore[0m=[35m1[0m
[2m2026-03-31T12:54:02.933518Z[0m [[32m[1minfo     [0m] [1mfetch                         [0m [36mstatus[0m=[35m403[0m [36murl[0m=[35mhttps://tradersunion.com/news/companies/show/1823050-adp-rises-2-10percent-to-usd205-48/[0m
[2m2026-03-31T12:54:03.135298Z[0m [[32m[1minfo     [0m] [1mcrawling                      [0m [36mchannel[0m=[35mGoogle->Benzinga[0m [36mtag[0m=[35mgoogle_benzinga[0m
[2m2026-03-31T12:54:05.740019Z[0m [[32m[1minfo     [0m] [1mfetch                         [0m [36mstatus[0m=[35m200[0m [36murl[0m=[35m'https://news.google.com/rss/search?q=PNC+site:benzinga.com&hl=en-US&gl=US&ceid=US:en'[0m
[2m2026-03-31T12:54:05.843367Z[0m [[32m[1minfo     [0m] [1mparsed                        [0m [36mchannel[0m=[35mgoogle_benzinga[0m [36mraw[0m=[35m92[0m
[2m2026-03-31T12:54:07.850385Z[0m [[32m[1minfo     [0m] [1mfetch                         [0m [36mstatus[0m=[35m200[0m [36murl[0m=[35m'https://news.google.com/rss/search?q=PNC+site:benzinga.com&hl=en-US&gl=US&ceid=US:en'[0m
[2m2026-03-31T12:54:07.870696Z[0m [[32m[1minfo     [0m] [1mparsed                        [0m [36mchannel[0m=[35mgoogle_benzinga[0m [36mraw[0m=[35m92[0m
[2m2026-03-31T12:54:07.870799Z[0m [[32m[1minfo     [0m] [1mcrawling                      [0m [36mchannel[0m=[35m'Google News (all)'[0m [36mtag[0m=[35mgoogle_broad[0m
[2m2026-03-31T12:54:10.414921Z[0m [[32m[1minfo     [0m] [1mfetch                         [0m [36mstatus[0m=[35m200[0m [36murl[0m=[35m'https://news.google.com/rss/search?q=PNC+stock+news&hl=en-US&gl=US&ceid=US:en'[0m
[2m2026-03-31T12:54:10.517823Z[0m [[32m[1minfo     [0m] [1mparsed                        [0m [36mchannel[0m=[35mgoogle_broad[0m [36mraw[0m=[35m100[0m
[2m2026-03-31T12:54:13.109936Z[0m [[32m[1minfo     [0m] [1mfetch                         [0m [36mstatus[0m=[35m200[0m [36murl[0m=[35m'https://news.google.com/rss/search?q=PNC+earnings+analysis&hl=en-US&gl=US&ceid=US:en'[0m
[2m2026-03-31T12:54:13.142977Z[0m [[32m[1minfo     [0m] [1mparsed                        [0m [36mchannel[0m=[35mgoogle_broad[0m [36mraw[0m=[35m58[0m
[2m2026-03-31T12:54:13.143765Z[0m [[32m[1minfo     [0m] [1mquality_filter                [0m [36minput[0m=[35m342[0m [36mpassed[0m=[35m1[0m
[2m2026-03-31T12:54:13.143893Z[0m [[32m[1minfo     [0m] [1mdedup                         [0m [36mafter[0m=[35m1[0m [36mbefore[0m=[35m1[0m
[2m2026-03-31T12:54:16.235766Z[0m [[31m[1merror    [0m] [1mfetch_error                   [0m [36merror[0m=[35m"400, message='Got more than 8190 bytes (8704) when reading Header value is too l"[0m [36murl[0m=[35mhttps://au.finance.yahoo.com/news/john-mcdonald-lowers-pnc-price-05301[0m
[2m2026-03-31T12:54:16.438047Z[0m [[32m[1minfo     [0m] [1mcrawling                      [0m [36mchannel[0m=[35mGoogle->Benzinga[0m [36mtag[0m=[35mgoogle_benzinga[0m
[2m2026-03-31T12:54:18.969975Z[0m [[32m[1minfo     [0m] [1mfetch                         [0m [36mstatus[0m=[35m200[0m [36murl[0m=[35m'https://news.google.com/rss/search?q=USB+site:benzinga.com&hl=en-US&gl=US&ceid=US:en'[0m
[2m2026-03-31T12:54:19.067324Z[0m [[32m[1minfo     [0m] [1mparsed                        [0m [36mchannel[0m=[35mgoogle_benzinga[0m [36mraw[0m=[35m81[0m
[2m2026-03-31T12:54:21.073300Z[0m [[32m[1minfo     [0m] [1mfetch                         [0m [36mstatus[0m=[35m200[0m [36murl[0m=[35m'https://news.google.com/rss/search?q=USB+site:benzinga.com&hl=en-US&gl=US&ceid=US:en'[0m
[2m2026-03-31T12:54:21.091264Z[0m [[32m[1minfo     [0m] [1mparsed                        [0m [36mchannel[0m=[35mgoogle_benzinga[0m [36mraw[0m=[35m81[0m
[2m2026-03-31T12:54:21.091365Z[0m [[32m[1minfo     [0m] [1mcrawling                      [0m [36mchannel[0m=[35m'Google News (all)'[0m [36mtag[0m=[35mgoogle_broad[0m
[2m2026-03-31T12:54:23.633446Z[0m [[32m[1minfo     [0m] [1mfetch                         [0m [36mstatus[0m=[35m200[0m [36murl[0m=[35m'https://news.google.com/rss/search?q=USB+stock+news&hl=en-US&gl=US&ceid=US:en'[0m
[2m2026-03-31T12:54:23.671840Z[0m [[32m[1minfo     [0m] [1mparsed                        [0m [36mchannel[0m=[35mgoogle_broad[0m [36mraw[0m=[35m68[0m
[2m2026-03-31T12:54:26.215017Z[0m [[32m[1minfo     [0m] [1mfetch                         [0m [36mstatus[0m=[35m200[0m [36murl[0m=[35m'https://news.google.com/rss/search?q=USB+earnings+analysis&hl=en-US&gl=US&ceid=US:en'[0m
[2m2026-03-31T12:54:26.255822Z[0m [[32m[1minfo     [0m] [1mparsed                        [0m [36mchannel[0m=[35mgoogle_broad[0m [36mraw[0m=[35m63[0m
[2m2026-03-31T12:54:26.256365Z[0m [[32m[1minfo     [0m] [1mquality_filter                [0m [36minput[0m=[35m293[0m [36mpassed[0m=[35m0[0m
[2m2026-03-31T12:54:26.256426Z[0m [[32m[1minfo     [0m] [1mdedup                         [0m [36mafter[0m=[35m0[0m [36mbefore[0m=[35m0[0m
[2m2026-03-31T12:54:26.257033Z[0m [[32m[1minfo     [0m] [1mcrawling                      [0m [36mchannel[0m=[35mGoogle->Benzinga[0m [36mtag[0m=[35mgoogle_benzinga[0m
[2m2026-03-31T12:54:28.660095Z[0m [[32m[1minfo     [0m] [1mfetch                         [0m [36mstatus[0m=[35m200[0m [36murl[0m=[35m'https://news.google.com/rss/search?q=EMR+site:benzinga.com&hl=en-US&gl=US&ceid=US:en'[0m
[2m2026-03-31T12:54:28.671694Z[0m [[32m[1minfo     [0m] [1mparsed                        [0m [36mchannel[0m=[35mgoogle_benzinga[0m [36mraw[0m=[35m22[0m
[2m2026-03-31T12:54:30.677083Z[0m [[32m[1minfo     [0m] [1mfetch                         [0m [36mstatus[0m=[35m200[0m [36murl[0m=[35m'https://news.google.com/rss/search?q=EMR+site:benzinga.com&hl=en-US&gl=US&ceid=US:en'[0m
[2m2026-03-31T12:54:30.683497Z[0m [[32m[1minfo     [0m] [1mparsed                        [0m [36mchannel[0m=[35mgoogle_benzinga[0m [36mraw[0m=[35m22[0m
[2m2026-03-31T12:54:30.683587Z[0m [[32m[1minfo     [0m] [1mcrawling                      [0m [36mchannel[0m=[35m'Google News (all)'[0m [36mtag[0m=[35mgoogle_broad[0m
[2m2026-03-31T12:54:33.112932Z[0m [[32m[1minfo     [0m] [1mfetch                         [0m [36mstatus[0m=[35m200[0m [36murl[0m=[35m'https://news.google.com/rss/search?q=EMR+stock+news&hl=en-US&gl=US&ceid=US:en'[0m
[2m2026-03-31T12:54:33.145837Z[0m [[32m[1minfo     [0m] [1mparsed                        [0m [36mchannel[0m=[35mgoogle_broad[0m [36mraw[0m=[35m59[0m
[2m2026-03-31T12:54:35.581441Z[0m [[32m[1minfo     [0m] [1mfetch                         [0m [36mstatus[0m=[35m200[0m [36murl[0m=[35m'https://news.google.com/rss/search?q=EMR+earnings+analysis&hl=en-US&gl=US&ceid=US:en'[0m
[2m2026-03-31T12:54:35.614621Z[0m [[32m[1minfo     [0m] [1mparsed                        [0m [36mchannel[0m=[35mgoogle_broad[0m [36mraw[0m=[35m49[0m
[2m2026-03-31T12:54:35.615148Z[0m [[32m[1minfo     [0m] [1mquality_filter                [0m [36minput[0m=[35m152[0m [36mpassed[0m=[35m0[0m
[2m2026-03-31T12:54:35.615216Z[0m [[32m[1minfo     [0m] [1mdedup                         [0m [36mafter[0m=[35m0[0m [36mbefore[0m=[35m0[0m
[2m2026-03-31T12:54:35.616118Z[0m [[32m[1minfo     [0m] [1mcrawling                      [0m [36mchannel[0m=[35mGoogle->Benzinga[0m [36mtag[0m=[35mgoogle_benzinga[0m
[2m2026-03-31T12:54:38.007330Z[0m [[32m[1minfo     [0m] [1mfetch                         [0m [36mstatus[0m=[35m200[0m [36murl[0m=[35m'https://news.google.com/rss/search?q=ITW+site:benzinga.com&hl=en-US&gl=US&ceid=US:en'[0m
[2m2026-03-31T12:54:38.017917Z[0m [[32m[1minfo     [0m] [1mparsed                        [0m [36mchannel[0m=[35mgoogle_benzinga[0m [36mraw[0m=[35m13[0m
[2m2026-03-31T12:54:40.022821Z[0m [[32m[1minfo     [0m] [1mfetch                         [0m [36mstatus[0m=[35m200[0m [36murl[0m=[35m'https://news.google.com/rss/search?q=ITW+site:benzinga.com&hl=en-US&gl=US&ceid=US:en'[0m
[2m2026-03-31T12:54:40.027106Z[0m [[32m[1minfo     [0m] [1mparsed                        [0m [36mchannel[0m=[35mgoogle_benzinga[0m [36mraw[0m=[35m13[0m
[2m2026-03-31T12:54:40.027197Z[0m [[32m[1minfo     [0m] [1mcrawling                      [0m [36mchannel[0m=[35m'Google News (all)'[0m [36mtag[0m=[35mgoogle_broad[0m
[2m2026-03-31T12:54:42.481039Z[0m [[32m[1minfo     [0m] [1mfetch                         [0m [36mstatus[0m=[35m200[0m [36murl[0m=[35m'https://news.google.com/rss/search?q=ITW+stock+news&hl=en-US&gl=US&ceid=US:en'[0m
[2m2026-03-31T12:54:42.586807Z[0m [[32m[1minfo     [0m] [1mparsed                        [0m [36mchannel[0m=[35mgoogle_broad[0m [36mraw[0m=[35m84[0m
[2m2026-03-31T12:54:45.039635Z[0m [[32m[1minfo     [0m] [1mfetch                         [0m [36mstatus[0m=[35m200[0m [36murl[0m=[35m'https://news.google.com/rss/search?q=ITW+earnings+analysis&hl=en-US&gl=US&ceid=US:en'[0m
[2m2026-03-31T12:54:45.057159Z[0m [[32m[1minfo     [0m] [1mparsed                        [0m [36mchannel[0m=[35mgoogle_broad[0m [36mraw[0m=[35m45[0m
[2m2026-03-31T12:54:45.057668Z[0m [[32m[1minfo     [0m] [1mquality_filter                [0m [36minput[0m=[35m155[0m [36mpassed[0m=[35m2[0m
[2m2026-03-31T12:54:45.057837Z[0m [[32m[1minfo     [0m] [1mdedup                         [0m [36mafter[0m=[35m2[0m [36mbefore[0m=[35m2[0m
[2m2026-03-31T12:54:47.800414Z[0m [[32m[1minfo     [0m] [1mfetch                         [0m [36mstatus[0m=[35m403[0m [36murl[0m=[35mhttps://www.bitget.com/amp/news/detail/12560605319442[0m
[2m2026-03-31T12:54:48.249659Z[0m [[32m[1minfo     [0m] [1mfetch                         [0m [36mstatus[0m=[35m200[0m [36murl[0m=[35mhttps://www.chartmill.com/news/ITW/Chartmill-44789-Illinois-Tool-Works-NYSEITW-Emerges-as-[0m
[2m2026-03-31T12:54:48.452399Z[0m [[32m[1minfo     [0m] [1mcrawling                      [0m [36mchannel[0m=[35mGoogle->Benzinga[0m [36mtag[0m=[35mgoogle_benzinga[0m
[2m2026-03-31T12:54:50.900621Z[0m [[32m[1minfo     [0m] [1mfetch                         [0m [36mstatus[0m=[35m200[0m [36murl[0m=[35m'https://news.google.com/rss/search?q=MNST+site:benzinga.com&hl=en-US&gl=US&ceid=US:en'[0m
[2m2026-03-31T12:54:50.909271Z[0m [[32m[1minfo     [0m] [1mparsed                        [0m [36mchannel[0m=[35mgoogle_benzinga[0m [36mraw[0m=[35m31[0m
[2m2026-03-31T12:54:52.914022Z[0m [[32m[1minfo     [0m] [1mfetch                         [0m [36mstatus[0m=[35m200[0m [36murl[0m=[35m'https://news.google.com/rss/search?q=MNST+site:benzinga.com&hl=en-US&gl=US&ceid=US:en'[0m
[2m2026-03-31T12:54:52.923201Z[0m [[32m[1minfo     [0m] [1mparsed                        [0m [36mchannel[0m=[35mgoogle_benzinga[0m [36mraw[0m=[35m31[0m
[2m2026-03-31T12:54:52.923291Z[0m [[32m[1minfo     [0m] [1mcrawling                      [0m [36mchannel[0m=[35m'Google News (all)'[0m [36mtag[0m=[35mgoogle_broad[0m
[2m2026-03-31T12:54:55.389140Z[0m [[32m[1minfo     [0m] [1mfetch                         [0m [36mstatus[0m=[35m200[0m [36murl[0m=[35m'https://news.google.com/rss/search?q=MNST+stock+news&hl=en-US&gl=US&ceid=US:en'[0m
[2m2026-03-31T12:54:55.490867Z[0m [[32m[1minfo     [0m] [1mparsed                        [0m [36mchannel[0m=[35mgoogle_broad[0m [36mraw[0m=[35m88[0m
[2m2026-03-31T12:54:57.935406Z[0m [[32m[1minfo     [0m] [1mfetch                         [0m [36mstatus[0m=[35m200[0m [36murl[0m=[35m'https://news.google.com/rss/search?q=MNST+earnings+analysis&hl=en-US&gl=US&ceid=US:en'[0m
[2m2026-03-31T12:54:57.953864Z[0m [[32m[1minfo     [0m] [1mparsed                        [0m [36mchannel[0m=[35mgoogle_broad[0m [36mraw[0m=[35m39[0m
[2m2026-03-31T12:54:57.954605Z[0m [[32m[1minfo     [0m] [1mquality_filter                [0m [36minput[0m=[35m189[0m [36mpassed[0m=[35m2[0m
[2m2026-03-31T12:54:57.954882Z[0m [[32m[1minfo     [0m] [1mdedup                         [0m [36mafter[0m=[35m2[0m [36mbefore[0m=[35m2[0m
[2m2026-03-31T12:55:00.156115Z[0m [[32m[1minfo     [0m] [1mfetch                         [0m [36mstatus[0m=[35m200[0m [36murl[0m=[35mhttps://www.marketbeat.com/instant-alerts/deutsche-bank-aktiengesellschaft-has-lowered-exp[0m
[2m2026-03-31T12:55:00.465585Z[0m [[32m[1minfo     [0m] [1mfetch                         [0m [36mstatus[0m=[35m403[0m [36murl[0m=[35mhttps://www.gurufocus.com/news/8757246/mnst-deutsche-bank-lowers-price-target-maintains-bu[0m
[2m2026-03-31T12:55:00.667433Z[0m [[32m[1minfo     [0m] [1mcrawling                      [0m [36mchannel[0m=[35mGoogle->Benzinga[0m [36mtag[0m=[35mgoogle_benzinga[0m
[2m2026-03-31T12:55:03.081181Z[0m [[32m[1minfo     [0m] [1mfetch                         [0m [36mstatus[0m=[35m200[0m [36murl[0m=[35m'https://news.google.com/rss/search?q=CRH+site:benzinga.com&hl=en-US&gl=US&ceid=US:en'[0m
[2m2026-03-31T12:55:03.089867Z[0m [[32m[1minfo     [0m] [1mparsed                        [0m [36mchannel[0m=[35mgoogle_benzinga[0m [36mraw[0m=[35m24[0m
[2m2026-03-31T12:55:05.097517Z[0m [[32m[1minfo     [0m] [1mfetch                         [0m [36mstatus[0m=[35m200[0m [36murl[0m=[35m'https://news.google.com/rss/search?q=CRH+site:benzinga.com&hl=en-US&gl=US&ceid=US:en'[0m
[2m2026-03-31T12:55:05.105446Z[0m [[32m[1minfo     [0m] [1mparsed                        [0m [36mchannel[0m=[35mgoogle_benzinga[0m [36mraw[0m=[35m24[0m
[2m2026-03-31T12:55:05.105560Z[0m [[32m[1minfo     [0m] [1mcrawling                      [0m [36mchannel[0m=[35m'Google News (all)'[0m [36mtag[0m=[35mgoogle_broad[0m
[2m2026-03-31T12:55:07.729683Z[0m [[32m[1minfo     [0m] [1mfetch                         [0m [36mstatus[0m=[35m200[0m [36murl[0m=[35m'https://news.google.com/rss/search?q=CRH+stock+news&hl=en-US&gl=US&ceid=US:en'[0m
[2m2026-03-31T12:55:07.849514Z[0m [[32m[1minfo     [0m] [1mparsed                        [0m [36mchannel[0m=[35mgoogle_broad[0m [36mraw[0m=[35m100[0m
[2m2026-03-31T12:55:10.272124Z[0m [[32m[1minfo     [0m] [1mfetch                         [0m [36mstatus[0m=[35m200[0m [36murl[0m=[35m'https://news.google.com/rss/search?q=CRH+earnings+analysis&hl=en-US&gl=US&ceid=US:en'[0m
[2m2026-03-31T12:55:10.306477Z[0m [[32m[1minfo     [0m] [1mparsed                        [0m [36mchannel[0m=[35mgoogle_broad[0m [36mraw[0m=[35m52[0m
[2m2026-03-31T12:55:10.307374Z[0m [[32m[1minfo     [0m] [1mquality_filter                [0m [36minput[0m=[35m200[0m [36mpassed[0m=[35m3[0m
[2m2026-03-31T12:55:10.307693Z[0m [[32m[1minfo     [0m] [1mdedup                         [0m [36mafter[0m=[35m3[0m [36mbefore[0m=[35m3[0m
[2m2026-03-31T12:55:12.169304Z[0m [[32m[1minfo     [0m] [1mfetch                         [0m [36mstatus[0m=[35m403[0m [36murl[0m=[35mhttps://www.tipranks.com/news/company-announcements/crh-continues-300-million-u-s-share-bu[0m
[2m2026-03-31T12:55:12.355857Z[0m [[32m[1minfo     [0m] [1mfetch                         [0m [36mstatus[0m=[35m403[0m [36murl[0m=[35mhttps://www.tipranks.com/news/company-announcements/crh-cancels-newly-repurchased-shares-a[0m
[2m2026-03-31T12:55:12.700162Z[0m [[32m[1minfo     [0m] [1mfetch                         [0m [36mstatus[0m=[35m200[0m [36murl[0m=[35mhttps://www.marketbeat.com/instant-alerts/filing-crh-plc-crh-stock-position-increased-by-p[0m
[2m2026-03-31T12:55:13.302382Z[0m [[32m[1minfo     [0m] [1mcrawling                      [0m [36mchannel[0m=[35mGoogle->Benzinga[0m [36mtag[0m=[35mgoogle_benzinga[0m
[2m2026-03-31T12:55:16.083981Z[0m [[32m[1minfo     [0m] [1mfetch                         [0m [36mstatus[0m=[35m200[0m [36murl[0m=[35m'https://news.google.com/rss/search?q=CL+site:benzinga.com&hl=en-US&gl=US&ceid=US:en'[0m
[2m2026-03-31T12:55:16.192776Z[0m [[32m[1minfo     [0m] [1mparsed                        [0m [36mchannel[0m=[35mgoogle_benzinga[0m [36mraw[0m=[35m100[0m
[2m2026-03-31T12:55:18.198342Z[0m [[32m[1minfo     [0m] [1mfetch                         [0m [36mstatus[0m=[35m200[0m [36murl[0m=[35m'https://news.google.com/rss/search?q=CL+site:benzinga.com&hl=en-US&gl=US&ceid=US:en'[0m
[2m2026-03-31T12:55:18.231223Z[0m [[32m[1minfo     [0m] [1mparsed                        [0m [36mchannel[0m=[35mgoogle_benzinga[0m [36mraw[0m=[35m100[0m
[2m2026-03-31T12:55:18.231354Z[0m [[32m[1minfo     [0m] [1mcrawling                      [0m [36mchannel[0m=[35m'Google News (all)'[0m [36mtag[0m=[35mgoogle_broad[0m
[2m2026-03-31T12:55:20.825320Z[0m [[32m[1minfo     [0m] [1mfetch                         [0m [36mstatus[0m=[35m200[0m [36murl[0m=[35m'https://news.google.com/rss/search?q=CL+stock+news&hl=en-US&gl=US&ceid=US:en'[0m
[2m2026-03-31T12:55:20.865729Z[0m [[32m[1minfo     [0m] [1mparsed                        [0m [36mchannel[0m=[35mgoogle_broad[0m [36mraw[0m=[35m66[0m
[2m2026-03-31T12:55:23.335813Z[0m [[32m[1minfo     [0m] [1mfetch                         [0m [36mstatus[0m=[35m200[0m [36murl[0m=[35m'https://news.google.com/rss/search?q=CL+earnings+analysis&hl=en-US&gl=US&ceid=US:en'[0m
[2m2026-03-31T12:55:23.355164Z[0m [[32m[1minfo     [0m] [1mparsed                        [0m [36mchannel[0m=[35mgoogle_broad[0m [36mraw[0m=[35m39[0m
[2m2026-03-31T12:55:23.356468Z[0m [[32m[1minfo     [0m] [1mquality_filter                [0m [36minput[0m=[35m305[0m [36mpassed[0m=[35m13[0m
[2m2026-03-31T12:55:23.357666Z[0m [[32m[1minfo     [0m] [1mdedup                         [0m [36mafter[0m=[35m11[0m [36mbefore[0m=[35m13[0m
[2m2026-03-31T12:55:25.414889Z[0m [[32m[1minfo     [0m] [1mfetch                         [0m [36mstatus[0m=[35m200[0m [36murl[0m=[35mhttps://www.marketwatch.com/data-news/amphenol-corp-cl-a-stock-outperforms-competitors-des[0m
[2m2026-03-31T12:55:25.430910Z[0m [[32m[1minfo     [0m] [1mfetch                         [0m [36mstatus[0m=[35m403[0m [36murl[0m=[35mhttps://www.gurufocus.com/news/8757178/deutsche-bank-upgrades-colgatepalmolive-cl-raises-t[0m
[2m2026-03-31T12:55:25.659537Z[0m [[32m[1minfo     [0m] [1mfetch                         [0m [36mstatus[0m=[35m200[0m [36murl[0m=[35mhttps://www.marketwatch.com/data-news/amc-entertainment-holdings-inc-cl-a-stock-outperform[0m
[2m2026-03-31T12:55:25.749509Z[0m [[32m[1minfo     [0m] [1mfetch                         [0m [36mstatus[0m=[35m200[0m [36murl[0m=[35mhttps://www.marketwatch.com/data-news/ccl-industries-inc-cl-b-stock-falls-monday-underperf[0m
[2m2026-03-31T12:55:26.993818Z[0m [[32m[1minfo     [0m] [1mfetch                         [0m [36mstatus[0m=[35m200[0m [36murl[0m=[35mhttps://www.marketwatch.com/data-news/shopify-inc-cl-a-stock-rises-monday-outperforms-mark[0m
[2m2026-03-31T12:55:27.428277Z[0m [[32m[1minfo     [0m] [1mfetch                         [0m [36mstatus[0m=[35m200[0m [36murl[0m=[35mhttps://www.marketwatch.com/data-news/cme-group-inc-cl-a-stock-underperforms-monday-when-c[0m
[2m2026-03-31T12:55:27.581771Z[0m [[32m[1minfo     [0m] [1mfetch                         [0m [36mstatus[0m=[35m200[0m [36murl[0m=[35mhttps://www.marketwatch.com/data-news/lennar-corp-cl-a-stock-underperforms-monday-when-com[0m
[2m2026-03-31T12:55:27.669147Z[0m [[32m[1minfo     [0m] [1mfetch                         [0m [36mstatus[0m=[35m200[0m [36murl[0m=[35mhttps://www.marketwatch.com/data-news/rogers-communications-inc-cl-b-stock-falls-monday-un[0m
[2m2026-03-31T12:55:27.772374Z[0m [[32m[1minfo     [0m] [1mfetch                         [0m [36mstatus[0m=[35m200[0m [36murl[0m=[35mhttps://www.marketwatch.com/data-news/teck-resources-ltd-cl-b-stock-falls-monday-underperf[0m
[2m2026-03-31T12:55:28.050434Z[0m [[32m[1minfo     [0m] [1mcrawling                      [0m [36mchannel[0m=[35mGoogle->Benzinga[0m [36mtag[0m=[35mgoogle_benzinga[0m
[2m2026-03-31T12:55:30.509861Z[0m [[32m[1minfo     [0m] [1mfetch                         [0m [36mstatus[0m=[35m200[0m [36murl[0m=[35m'https://news.google.com/rss/search?q=ORLY+site:benzinga.com&hl=en-US&gl=US&ceid=US:en'[0m
[2m2026-03-31T12:55:30.517667Z[0m [[32m[1minfo     [0m] [1mparsed                        [0m [36mchannel[0m=[35mgoogle_benzinga[0m [36mraw[0m=[35m24[0m
[2m2026-03-31T12:55:32.523874Z[0m [[32m[1minfo     [0m] [1mfetch                         [0m [36mstatus[0m=[35m200[0m [36murl[0m=[35m'https://news.google.com/rss/search?q=ORLY+site:benzinga.com&hl=en-US&gl=US&ceid=US:en'[0m
[2m2026-03-31T12:55:32.531572Z[0m [[32m[1minfo     [0m] [1mparsed                        [0m [36mchannel[0m=[35mgoogle_benzinga[0m [36mraw[0m=[35m24[0m
[2m2026-03-31T12:55:32.531668Z[0m [[32m[1minfo     [0m] [1mcrawling                      [0m [36mchannel[0m=[35m'Google News (all)'[0m [36mtag[0m=[35mgoogle_broad[0m
[2m2026-03-31T12:55:35.008003Z[0m [[32m[1minfo     [0m] [1mfetch                         [0m [36mstatus[0m=[35m200[0m [36murl[0m=[35m'https://news.google.com/rss/search?q=ORLY+stock+news&hl=en-US&gl=US&ceid=US:en'[0m
[2m2026-03-31T12:55:35.103374Z[0m [[32m[1minfo     [0m] [1mparsed                        [0m [36mchannel[0m=[35mgoogle_broad[0m [36mraw[0m=[35m72[0m
[2m2026-03-31T12:55:37.603514Z[0m [[32m[1minfo     [0m] [1mfetch                         [0m [36mstatus[0m=[35m200[0m [36murl[0m=[35m'https://news.google.com/rss/search?q=ORLY+earnings+analysis&hl=en-US&gl=US&ceid=US:en'[0m
[2m2026-03-31T12:55:37.625195Z[0m [[32m[1minfo     [0m] [1mparsed                        [0m [36mchannel[0m=[35mgoogle_broad[0m [36mraw[0m=[35m43[0m
[2m2026-03-31T12:55:37.625804Z[0m [[32m[1minfo     [0m] [1mquality_filter                [0m [36minput[0m=[35m163[0m [36mpassed[0m=[35m0[0m
[2m2026-03-31T12:55:37.625896Z[0m [[32m[1minfo     [0m] [1mdedup                         [0m [36mafter[0m=[35m0[0m [36mbefore[0m=[35m0[0m
[2m2026-03-31T12:55:37.626716Z[0m [[32m[1minfo     [0m] [1mcrawling                      [0m [36mchannel[0m=[35mGoogle->Benzinga[0m [36mtag[0m=[35mgoogle_benzinga[0m
[2m2026-03-31T12:55:40.109274Z[0m [[32m[1minfo     [0m] [1mfetch                         [0m [36mstatus[0m=[35m200[0m [36murl[0m=[35m'https://news.google.com/rss/search?q=MDLZ+site:benzinga.com&hl=en-US&gl=US&ceid=US:en'[0m
[2m2026-03-31T12:55:40.137222Z[0m [[32m[1minfo     [0m] [1mparsed                        [0m [36mchannel[0m=[35mgoogle_benzinga[0m [36mraw[0m=[35m50[0m
[2m2026-03-31T12:55:42.147614Z[0m [[32m[1minfo     [0m] [1mfetch                         [0m [36mstatus[0m=[35m200[0m [36murl[0m=[35m'https://news.google.com/rss/search?q=MDLZ+site:benzinga.com&hl=en-US&gl=US&ceid=US:en'[0m
[2m2026-03-31T12:55:42.163520Z[0m [[32m[1minfo     [0m] [1mparsed                        [0m [36mchannel[0m=[35mgoogle_benzinga[0m [36mraw[0m=[35m50[0m
[2m2026-03-31T12:55:42.163647Z[0m [[32m[1minfo     [0m] [1mcrawling                      [0m [36mchannel[0m=[35m'Google News (all)'[0m [36mtag[0m=[35mgoogle_broad[0m
[2m2026-03-31T12:55:44.631100Z[0m [[32m[1minfo     [0m] [1mfetch                         [0m [36mstatus[0m=[35m200[0m [36murl[0m=[35m'https://news.google.com/rss/search?q=MDLZ+stock+news&hl=en-US&gl=US&ceid=US:en'[0m
[2m2026-03-31T12:55:44.733856Z[0m [[32m[1minfo     [0m] [1mparsed                        [0m [36mchannel[0m=[35mgoogle_broad[0m [36mraw[0m=[35m90[0m
[2m2026-03-31T12:55:47.216173Z[0m [[32m[1minfo     [0m] [1mfetch                         [0m [36mstatus[0m=[35m200[0m [36murl[0m=[35m'https://news.google.com/rss/search?q=MDLZ+earnings+analysis&hl=en-US&gl=US&ceid=US:en'[0m
[2m2026-03-31T12:55:47.236200Z[0m [[32m[1minfo     [0m] [1mparsed                        [0m [36mchannel[0m=[35mgoogle_broad[0m [36mraw[0m=[35m42[0m
[2m2026-03-31T12:55:47.236869Z[0m [[32m[1minfo     [0m] [1mquality_filter                [0m [36minput[0m=[35m232[0m [36mpassed[0m=[35m1[0m
[2m2026-03-31T12:55:47.236995Z[0m [[32m[1minfo     [0m] [1mdedup                         [0m [36mafter[0m=[35m1[0m [36mbefore[0m=[35m1[0m
[2m2026-03-31T12:55:49.825625Z[0m [[32m[1minfo     [0m] [1mfetch                         [0m [36mstatus[0m=[35m403[0m [36murl[0m=[35mhttps://www.gurufocus.com/news/8757243/mdlz-deutsche-bank-lowers-price-target-maintains-ho[0m
[2m2026-03-31T12:55:50.028880Z[0m [[32m[1minfo     [0m] [1mcrawling                      [0m [36mchannel[0m=[35mGoogle->Benzinga[0m [36mtag[0m=[35mgoogle_benzinga[0m
[2m2026-03-31T12:55:52.647882Z[0m [[32m[1minfo     [0m] [1mfetch                         [0m [36mstatus[0m=[35m200[0m [36murl[0m=[35m'https://news.google.com/rss/search?q=CI+site:benzinga.com&hl=en-US&gl=US&ceid=US:en'[0m
[2m2026-03-31T12:55:52.766571Z[0m [[32m[1minfo     [0m] [1mparsed                        [0m [36mchannel[0m=[35mgoogle_benzinga[0m [36mraw[0m=[35m100[0m
[2m2026-03-31T12:55:54.776115Z[0m [[32m[1minfo     [0m] [1mfetch                         [0m [36mstatus[0m=[35m200[0m [36murl[0m=[35m'https://news.google.com/rss/search?q=CI+site:benzinga.com&hl=en-US&gl=US&ceid=US:en'[0m
[2m2026-03-31T12:55:54.802548Z[0m [[32m[1minfo     [0m] [1mparsed                        [0m [36mchannel[0m=[35mgoogle_benzinga[0m [36mraw[0m=[35m100[0m
[2m2026-03-31T12:55:54.802666Z[0m [[32m[1minfo     [0m] [1mcrawling                      [0m [36mchannel[0m=[35m'Google News (all)'[0m [36mtag[0m=[35mgoogle_broad[0m
[2m2026-03-31T12:55:57.276284Z[0m [[32m[1minfo     [0m] [1mfetch                         [0m [36mstatus[0m=[35m200[0m [36murl[0m=[35m'https://news.google.com/rss/search?q=CI+stock+news&hl=en-US&gl=US&ceid=US:en'[0m
[2m2026-03-31T12:55:57.374153Z[0m [[32m[1minfo     [0m] [1mparsed                        [0m [36mchannel[0m=[35mgoogle_broad[0m [36mraw[0m=[35m76[0m
[2m2026-03-31T12:55:59.848253Z[0m [[32m[1minfo     [0m] [1mfetch                         [0m [36mstatus[0m=[35m200[0m [36murl[0m=[35m'https://news.google.com/rss/search?q=CI+earnings+analysis&hl=en-US&gl=US&ceid=US:en'[0m
[2m2026-03-31T12:55:59.888002Z[0m [[32m[1minfo     [0m] [1mparsed                        [0m [36mchannel[0m=[35mgoogle_broad[0m [36mraw[0m=[35m63[0m
[2m2026-03-31T12:55:59.888897Z[0m [[32m[1minfo     [0m] [1mquality_filter                [0m [36minput[0m=[35m339[0m [36mpassed[0m=[35m2[0m
[2m2026-03-31T12:55:59.889065Z[0m [[32m[1minfo     [0m] [1mdedup                         [0m [36mafter[0m=[35m1[0m [36mbefore[0m=[35m2[0m
[2m2026-03-31T12:56:02.208834Z[0m [[32m[1minfo     [0m] [1mcrawling                      [0m [36mchannel[0m=[35mGoogle->Benzinga[0m [36mtag[0m=[35mgoogle_benzinga[0m
[2m2026-03-31T12:56:04.599825Z[0m [[32m[1minfo     [0m] [1mfetch                         [0m [36mstatus[0m=[35m200[0m [36murl[0m=[35m'https://news.google.com/rss/search?q=TDG+site:benzinga.com&hl=en-US&gl=US&ceid=US:en'[0m
[2m2026-03-31T12:56:04.611296Z[0m [[32m[1minfo     [0m] [1mparsed                        [0m [36mchannel[0m=[35mgoogle_benzinga[0m [36mraw[0m=[35m15[0m
[2m2026-03-31T12:56:06.617300Z[0m [[32m[1minfo     [0m] [1mfetch                         [0m [36mstatus[0m=[35m200[0m [36murl[0m=[35m'https://news.google.com/rss/search?q=TDG+site:benzinga.com&hl=en-US&gl=US&ceid=US:en'[0m
[2m2026-03-31T12:56:06.623265Z[0m [[32m[1minfo     [0m] [1mparsed                        [0m [36mchannel[0m=[35mgoogle_benzinga[0m [36mraw[0m=[35m15[0m
[2m2026-03-31T12:56:06.623390Z[0m [[32m[1minfo     [0m] [1mcrawling                      [0m [36mchannel[0m=[35m'Google News (all)'[0m [36mtag[0m=[35mgoogle_broad[0m
[2m2026-03-31T12:56:09.123419Z[0m [[32m[1minfo     [0m] [1mfetch                         [0m [36mstatus[0m=[35m200[0m [36murl[0m=[35m'https://news.google.com/rss/search?q=TDG+stock+news&hl=en-US&gl=US&ceid=US:en'[0m
[2m2026-03-31T12:56:09.164775Z[0m [[32m[1minfo     [0m] [1mparsed                        [0m [36mchannel[0m=[35mgoogle_broad[0m [36mraw[0m=[35m68[0m
[2m2026-03-31T12:56:11.608263Z[0m [[32m[1minfo     [0m] [1mfetch                         [0m [36mstatus[0m=[35m200[0m [36murl[0m=[35m'https://news.google.com/rss/search?q=TDG+earnings+analysis&hl=en-US&gl=US&ceid=US:en'[0m
[2m2026-03-31T12:56:11.627464Z[0m [[32m[1minfo     [0m] [1mparsed                        [0m [36mchannel[0m=[35mgoogle_broad[0m [36mraw[0m=[35m40[0m
[2m2026-03-31T12:56:11.628238Z[0m [[32m[1minfo     [0m] [1mquality_filter                [0m [36minput[0m=[35m138[0m [36mpassed[0m=[35m3[0m
[2m2026-03-31T12:56:11.628475Z[0m [[32m[1minfo     [0m] [1mdedup                         [0m [36mafter[0m=[35m2[0m [36mbefore[0m=[35m3[0m
[2m2026-03-31T12:56:14.263201Z[0m [[31m[1merror    [0m] [1mfetch_error                   [0m [36merror[0m=[35m"400, message='Got more than 8190 bytes (8800) when reading Header value is too l"[0m [36murl[0m=[35mhttps://finance.yahoo.com/markets/stocks/articles/aerospace-stocks-q4-[0m
[2m2026-03-31T12:56:14.629192Z[0m [[32m[1minfo     [0m] [1mfetch                         [0m [36mstatus[0m=[35m200[0m [36murl[0m=[35mhttps://www.tikr.com/blog/transdigm-3-16-billion-acquisition-spree-why-analysts-still-pric[0m
[2m2026-03-31T12:56:14.836696Z[0m [[32m[1minfo     [0m] [1mcrawling                      [0m [36mchannel[0m=[35mGoogle->Benzinga[0m [36mtag[0m=[35mgoogle_benzinga[0m
[2m2026-03-31T12:56:17.742994Z[0m [[32m[1minfo     [0m] [1mfetch                         [0m [36mstatus[0m=[35m200[0m [36murl[0m=[35m'https://news.google.com/rss/search?q=COR+site:benzinga.com&hl=en-US&gl=US&ceid=US:en'[0m
[2m2026-03-31T12:56:17.768454Z[0m [[32m[1minfo     [0m] [1mparsed                        [0m [36mchannel[0m=[35mgoogle_benzinga[0m [36mraw[0m=[35m45[0m
[2m2026-03-31T12:56:19.777940Z[0m [[32m[1minfo     [0m] [1mfetch                         [0m [36mstatus[0m=[35m200[0m [36murl[0m=[35m'https://news.google.com/rss/search?q=COR+site:benzinga.com&hl=en-US&gl=US&ceid=US:en'[0m
[2m2026-03-31T12:56:19.792774Z[0m [[32m[1minfo     [0m] [1mparsed                        [0m [36mchannel[0m=[35mgoogle_benzinga[0m [36mraw[0m=[35m45[0m
[2m2026-03-31T12:56:19.792876Z[0m [[32m[1minfo     [0m] [1mcrawling                      [0m [36mchannel[0m=[35m'Google News (all)'[0m [36mtag[0m=[35mgoogle_broad[0m
[2m2026-03-31T12:56:22.638803Z[0m [[32m[1minfo     [0m] [1mfetch                         [0m [36mstatus[0m=[35m200[0m [36murl[0m=[35m'https://news.google.com/rss/search?q=COR+stock+news&hl=en-US&gl=US&ceid=US:en'[0m
[2m2026-03-31T12:56:22.736220Z[0m [[32m[1minfo     [0m] [1mparsed                        [0m [36mchannel[0m=[35mgoogle_broad[0m [36mraw[0m=[35m78[0m
[2m2026-03-31T12:56:25.257677Z[0m [[32m[1minfo     [0m] [1mfetch                         [0m [36mstatus[0m=[35m200[0m [36murl[0m=[35m'https://news.google.com/rss/search?q=COR+earnings+analysis&hl=en-US&gl=US&ceid=US:en'[0m
[2m2026-03-31T12:56:25.349679Z[0m [[32m[1minfo     [0m] [1mparsed                        [0m [36mchannel[0m=[35mgoogle_broad[0m [36mraw[0m=[35m71[0m
[2m2026-03-31T12:56:25.350326Z[0m [[32m[1minfo     [0m] [1mquality_filter                [0m [36minput[0m=[35m239[0m [36mpassed[0m=[35m1[0m
[2m2026-03-31T12:56:25.350443Z[0m [[32m[1minfo     [0m] [1mdedup                         [0m [36mafter[0m=[35m1[0m [36mbefore[0m=[35m1[0m
[2m2026-03-31T12:56:28.115697Z[0m [[31m[1merror    [0m] [1mfetch_error                   [0m [36merror[0m=[35m"400, message='Got more than 8190 bytes (8704) when reading Header value is too l"[0m [36murl[0m=[35mhttps://au.finance.yahoo.com/news/time-reassess-cencora-cor-recent-050[0m
[2m2026-03-31T12:56:28.317119Z[0m [[32m[1minfo     [0m] [1mcrawling                      [0m [36mchannel[0m=[35mGoogle->Benzinga[0m [36mtag[0m=[35mgoogle_benzinga[0m
[2m2026-03-31T12:56:30.832701Z[0m [[32m[1minfo     [0m] [1mfetch                         [0m [36mstatus[0m=[35m200[0m [36murl[0m=[35m'https://news.google.com/rss/search?q=AON+site:benzinga.com&hl=en-US&gl=US&ceid=US:en'[0m
[2m2026-03-31T12:56:30.864296Z[0m [[32m[1minfo     [0m] [1mparsed                        [0m [36mchannel[0m=[35mgoogle_benzinga[0m [36mraw[0m=[35m56[0m
[2m2026-03-31T12:56:32.871839Z[0m [[32m[1minfo     [0m] [1mfetch                         [0m [36mstatus[0m=[35m200[0m [36murl[0m=[35m'https://news.google.com/rss/search?q=AON+site:benzinga.com&hl=en-US&gl=US&ceid=US:en'[0m
[2m2026-03-31T12:56:32.889186Z[0m [[32m[1minfo     [0m] [1mparsed                        [0m [36mchannel[0m=[35mgoogle_benzinga[0m [36mraw[0m=[35m56[0m
[2m2026-03-31T12:56:32.889313Z[0m [[32m[1minfo     [0m] [1mcrawling                      [0m [36mchannel[0m=[35m'Google News (all)'[0m [36mtag[0m=[35mgoogle_broad[0m
[2m2026-03-31T12:56:35.397875Z[0m [[32m[1minfo     [0m] [1mfetch                         [0m [36mstatus[0m=[35m200[0m [36murl[0m=[35m'https://news.google.com/rss/search?q=AON+stock+news&hl=en-US&gl=US&ceid=US:en'[0m
[2m2026-03-31T12:56:35.505943Z[0m [[32m[1minfo     [0m] [1mparsed                        [0m [36mchannel[0m=[35mgoogle_broad[0m [36mraw[0m=[35m92[0m
[2m2026-03-31T12:56:37.925188Z[0m [[32m[1minfo     [0m] [1mfetch                         [0m [36mstatus[0m=[35m200[0m [36murl[0m=[35m'https://news.google.com/rss/search?q=AON+earnings+analysis&hl=en-US&gl=US&ceid=US:en'[0m
[2m2026-03-31T12:56:37.961576Z[0m [[32m[1minfo     [0m] [1mparsed                        [0m [36mchannel[0m=[35mgoogle_broad[0m [36mraw[0m=[35m58[0m
[2m2026-03-31T12:56:37.962400Z[0m [[32m[1minfo     [0m] [1mquality_filter                [0m [36minput[0m=[35m262[0m [36mpassed[0m=[35m2[0m
[2m2026-03-31T12:56:37.962666Z[0m [[32m[1minfo     [0m] [1mdedup                         [0m [36mafter[0m=[35m2[0m [36mbefore[0m=[35m2[0m
[2m2026-03-31T12:56:40.191309Z[0m [[32m[1minfo     [0m] [1mfetch                         [0m [36mstatus[0m=[35m403[0m [36murl[0m=[35mhttps://www.bitget.com/amp/news/detail/12560605319338[0m
[2m2026-03-31T12:56:40.387810Z[0m [[32m[1minfo     [0m] [1mfetch                         [0m [36mstatus[0m=[35m200[0m [36murl[0m=[35mhttps://www.stocktitan.net/news/AON/aon-launches-radford-mc-lagan-compensation-database-en[0m
[2m2026-03-31T12:56:40.611373Z[0m [[32m[1minfo     [0m] [1mcrawling                      [0m [36mchannel[0m=[35mGoogle->Benzinga[0m [36mtag[0m=[35mgoogle_benzinga[0m
[2m2026-03-31T12:56:43.774612Z[0m [[32m[1minfo     [0m] [1mfetch                         [0m [36mstatus[0m=[35m200[0m [36murl[0m=[35m'https://news.google.com/rss/search?q=GM+site:benzinga.com&hl=en-US&gl=US&ceid=US:en'[0m
[2m2026-03-31T12:56:43.877728Z[0m [[32m[1minfo     [0m] [1mparsed                        [0m [36mchannel[0m=[35mgoogle_benzinga[0m [36mraw[0m=[35m100[0m
[2m2026-03-31T12:56:45.888353Z[0m [[32m[1minfo     [0m] [1mfetch                         [0m [36mstatus[0m=[35m200[0m [36murl[0m=[35m'https://news.google.com/rss/search?q=GM+site:benzinga.com&hl=en-US&gl=US&ceid=US:en'[0m
[2m2026-03-31T12:56:45.916085Z[0m [[32m[1minfo     [0m] [1mparsed                        [0m [36mchannel[0m=[35mgoogle_benzinga[0m [36mraw[0m=[35m100[0m
[2m2026-03-31T12:56:45.916221Z[0m [[32m[1minfo     [0m] [1mcrawling                      [0m [36mchannel[0m=[35m'Google News (all)'[0m [36mtag[0m=[35mgoogle_broad[0m
[2m2026-03-31T12:56:48.484020Z[0m [[32m[1minfo     [0m] [1mfetch                         [0m [36mstatus[0m=[35m200[0m [36murl[0m=[35m'https://news.google.com/rss/search?q=GM+stock+news&hl=en-US&gl=US&ceid=US:en'[0m
[2m2026-03-31T12:56:48.599050Z[0m [[32m[1minfo     [0m] [1mparsed                        [0m [36mchannel[0m=[35mgoogle_broad[0m [36mraw[0m=[35m100[0m
[2m2026-03-31T12:56:51.118819Z[0m [[32m[1minfo     [0m] [1mfetch                         [0m [36mstatus[0m=[35m200[0m [36murl[0m=[35m'https://news.google.com/rss/search?q=GM+earnings+analysis&hl=en-US&gl=US&ceid=US:en'[0m
[2m2026-03-31T12:56:51.235474Z[0m [[32m[1minfo     [0m] [1mparsed                        [0m [36mchannel[0m=[35mgoogle_broad[0m [36mraw[0m=[35m98[0m
[2m2026-03-31T12:56:51.236317Z[0m [[32m[1minfo     [0m] [1mquality_filter                [0m [36minput[0m=[35m398[0m [36mpassed[0m=[35m5[0m
[2m2026-03-31T12:56:51.236627Z[0m [[32m[1minfo     [0m] [1mdedup                         [0m [36mafter[0m=[35m4[0m [36mbefore[0m=[35m5[0m
[2m2026-03-31T12:56:52.995277Z[0m [[32m[1minfo     [0m] [1mfetch                         [0m [36mstatus[0m=[35m403[0m [36murl[0m=[35mhttps://www.gurufocus.com/news/8756796/general-motors-co-gm-shares-gap-down-to-7298-on-mar[0m
[2m2026-03-31T12:56:52.995443Z[0m [[32m[1minfo     [0m] [1mfetch                         [0m [36mstatus[0m=[35m403[0m [36murl[0m=[35mhttps://www.gurufocus.com/news/8757133/barclays-adjusts-price-target-for-gm-maintains-over[0m
[2m2026-03-31T12:56:53.672166Z[0m [[32m[1minfo     [0m] [1mfetch                         [0m [36mstatus[0m=[35m200[0m [36murl[0m=[35mhttps://stockstory.org/us/stocks/nyse/gm/news/earnings/q4-earnings-outperformers-general-m[0m
[2m2026-03-31T12:56:55.252730Z[0m [[32m[1minfo     [0m] [1mfetch                         [0m [36mstatus[0m=[35m200[0m [36murl[0m=[35mhttps://coincentral.com/general-motors-gm-stock-1300-more-layoffs-at-factory-zero-is-the-e[0m
[2m2026-03-31T12:56:55.499424Z[0m [[32m[1minfo     [0m] [1mcrawling                      [0m [36mchannel[0m=[35mGoogle->Benzinga[0m [36mtag[0m=[35mgoogle_benzinga[0m
[2m2026-03-31T12:56:57.960409Z[0m [[32m[1minfo     [0m] [1mfetch                         [0m [36mstatus[0m=[35m200[0m [36murl[0m=[35m'https://news.google.com/rss/search?q=ELV+site:benzinga.com&hl=en-US&gl=US&ceid=US:en'[0m
[2m2026-03-31T12:56:57.980514Z[0m [[32m[1minfo     [0m] [1mparsed                        [0m [36mchannel[0m=[35mgoogle_benzinga[0m [36mraw[0m=[35m39[0m
[2m2026-03-31T12:56:59.986438Z[0m [[32m[1minfo     [0m] [1mfetch                         [0m [36mstatus[0m=[35m200[0m [36murl[0m=[35m'https://news.google.com/rss/search?q=ELV+site:benzinga.com&hl=en-US&gl=US&ceid=US:en'[0m
[2m2026-03-31T12:56:59.997384Z[0m [[32m[1minfo     [0m] [1mparsed                        [0m [36mchannel[0m=[35mgoogle_benzinga[0m [36mraw[0m=[35m39[0m
[2m2026-03-31T12:56:59.997483Z[0m [[32m[1minfo     [0m] [1mcrawling                      [0m [36mchannel[0m=[35m'Google News (all)'[0m [36mtag[0m=[35mgoogle_broad[0m
[2m2026-03-31T12:57:02.529550Z[0m [[32m[1minfo     [0m] [1mfetch                         [0m [36mstatus[0m=[35m200[0m [36murl[0m=[35m'https://news.google.com/rss/search?q=ELV+stock+news&hl=en-US&gl=US&ceid=US:en'[0m
[2m2026-03-31T12:57:02.645581Z[0m [[32m[1minfo     [0m] [1mparsed                        [0m [36mchannel[0m=[35mgoogle_broad[0m [36mraw[0m=[35m100[0m
[2m2026-03-31T12:57:05.194007Z[0m [[32m[1minfo     [0m] [1mfetch                         [0m [36mstatus[0m=[35m200[0m [36murl[0m=[35m'https://news.google.com/rss/search?q=ELV+earnings+analysis&hl=en-US&gl=US&ceid=US:en'[0m
[2m2026-03-31T12:57:05.241122Z[0m [[32m[1minfo     [0m] [1mparsed                        [0m [36mchannel[0m=[35mgoogle_broad[0m [36mraw[0m=[35m64[0m
[2m2026-03-31T12:57:05.241858Z[0m [[32m[1minfo     [0m] [1mquality_filter                [0m [36minput[0m=[35m242[0m [36mpassed[0m=[35m1[0m
[2m2026-03-31T12:57:05.242050Z[0m [[32m[1minfo     [0m] [1mdedup                         [0m [36mafter[0m=[35m1[0m [36mbefore[0m=[35m1[0m
[2m2026-03-31T12:57:07.834286Z[0m [[32m[1minfo     [0m] [1mfetch                         [0m [36mstatus[0m=[35m200[0m [36murl[0m=[35mhttps://stockstory.org/us/stocks/nyse/elv/news/earnings/q4-earnings-roundup-elevance-healt[0m
[2m2026-03-31T12:57:08.036791Z[0m [[32m[1minfo     [0m] [1mcrawling                      [0m [36mchannel[0m=[35mGoogle->Benzinga[0m [36mtag[0m=[35mgoogle_benzinga[0m
[2m2026-03-31T12:57:11.230125Z[0m [[32m[1minfo     [0m] [1mfetch                         [0m [36mstatus[0m=[35m200[0m [36murl[0m=[35m'https://news.google.com/rss/search?q=WBD+site:benzinga.com&hl=en-US&gl=US&ceid=US:en'[0m
[2m2026-03-31T12:57:11.346816Z[0m [[32m[1minfo     [0m] [1mparsed                        [0m [36mchannel[0m=[35mgoogle_benzinga[0m [36mraw[0m=[35m100[0m
[2m2026-03-31T12:57:13.355103Z[0m [[32m[1minfo     [0m] [1mfetch                         [0m [36mstatus[0m=[35m200[0m [36murl[0m=[35m'https://news.google.com/rss/search?q=WBD+site:benzinga.com&hl=en-US&gl=US&ceid=US:en'[0m
[2m2026-03-31T12:57:13.388829Z[0m [[32m[1minfo     [0m] [1mparsed                        [0m [36mchannel[0m=[35mgoogle_benzinga[0m [36mraw[0m=[35m100[0m
[2m2026-03-31T12:57:13.388994Z[0m [[32m[1minfo     [0m] [1mcrawling                      [0m [36mchannel[0m=[35m'Google News (all)'[0m [36mtag[0m=[35mgoogle_broad[0m
[2m2026-03-31T12:57:15.951326Z[0m [[32m[1minfo     [0m] [1mfetch                         [0m [36mstatus[0m=[35m200[0m [36murl[0m=[35m'https://news.google.com/rss/search?q=WBD+stock+news&hl=en-US&gl=US&ceid=US:en'[0m
[2m2026-03-31T12:57:16.064046Z[0m [[32m[1minfo     [0m] [1mparsed                        [0m [36mchannel[0m=[35mgoogle_broad[0m [36mraw[0m=[35m100[0m
[2m2026-03-31T12:57:18.506564Z[0m [[32m[1minfo     [0m] [1mfetch                         [0m [36mstatus[0m=[35m200[0m [36murl[0m=[35m'https://news.google.com/rss/search?q=WBD+earnings+analysis&hl=en-US&gl=US&ceid=US:en'[0m
[2m2026-03-31T12:57:18.560373Z[0m [[32m[1minfo     [0m] [1mparsed                        [0m [36mchannel[0m=[35mgoogle_broad[0m [36mraw[0m=[35m67[0m
[2m2026-03-31T12:57:18.561692Z[0m [[32m[1minfo     [0m] [1mquality_filter                [0m [36minput[0m=[35m367[0m [36mpassed[0m=[35m4[0m
[2m2026-03-31T12:57:18.562120Z[0m [[32m[1minfo     [0m] [1mdedup                         [0m [36mafter[0m=[35m4[0m [36mbefore[0m=[35m4[0m
[2m2026-03-31T12:57:20.688035Z[0m [[32m[1minfo     [0m] [1mfetch                         [0m [36mstatus[0m=[35m403[0m [36murl[0m=[35mhttps://stocktwits.com/news-articles/markets/equity/wbd-stock-is-down-6-since-accepting-ps[0m
[2m2026-03-31T12:57:20.926102Z[0m [[32m[1minfo     [0m] [1mfetch                         [0m [36mstatus[0m=[35m200[0m [36murl[0m=[35mhttps://www.marketbeat.com/instant-alerts/filing-61400-shares-in-warner-bros-discovery-inc[0m
[2m2026-03-31T12:57:21.408046Z[0m [[32m[1minfo     [0m] [1mfetch                         [0m [36mstatus[0m=[35m200[0m [36murl[0m=[35mhttps://www.stocktitan.net/sec-filings/WBD/form-4-warner-bros-discovery-inc-insider-tradin[0m
[2m2026-03-31T12:57:21.408477Z[0m [[32m[1minfo     [0m] [1mfetch                         [0m [36mstatus[0m=[35m200[0m [36murl[0m=[35mhttps://www.stocktitan.net/sec-filings/WBD/form-4-warner-bros-discovery-inc-insider-tradin[0m
[2m2026-03-31T12:57:21.653416Z[0m [[32m[1minfo     [0m] [1mcrawling                      [0m [36mchannel[0m=[35mGoogle->Benzinga[0m [36mtag[0m=[35mgoogle_benzinga[0m
[2m2026-03-31T12:57:24.177641Z[0m [[32m[1minfo     [0m] [1mfetch                         [0m [36mstatus[0m=[35m200[0m [36murl[0m=[35m'https://news.google.com/rss/search?q=TEL+site:benzinga.com&hl=en-US&gl=US&ceid=US:en'[0m
[2m2026-03-31T12:57:24.290977Z[0m [[32m[1minfo     [0m] [1mparsed                        [0m [36mchannel[0m=[35mgoogle_benzinga[0m [36mraw[0m=[35m97[0m
[2m2026-03-31T12:57:26.296244Z[0m [[32m[1minfo     [0m] [1mfetch                         [0m [36mstatus[0m=[35m200[0m [36murl[0m=[35m'https://news.google.com/rss/search?q=TEL+site:benzinga.com&hl=en-US&gl=US&ceid=US:en'[0m
[2m2026-03-31T12:57:26.327864Z[0m [[32m[1minfo     [0m] [1mparsed                        [0m [36mchannel[0m=[35mgoogle_benzinga[0m [36mraw[0m=[35m97[0m
[2m2026-03-31T12:57:26.327993Z[0m [[32m[1minfo     [0m] [1mcrawling                      [0m [36mchannel[0m=[35m'Google News (all)'[0m [36mtag[0m=[35mgoogle_broad[0m
[2m2026-03-31T12:57:28.864127Z[0m [[32m[1minfo     [0m] [1mfetch                         [0m [36mstatus[0m=[35m200[0m [36murl[0m=[35m'https://news.google.com/rss/search?q=TEL+stock+news&hl=en-US&gl=US&ceid=US:en'[0m
[2m2026-03-31T12:57:28.981794Z[0m [[32m[1minfo     [0m] [1mparsed                        [0m [36mchannel[0m=[35mgoogle_broad[0m [36mraw[0m=[35m100[0m
[2m2026-03-31T12:57:31.524799Z[0m [[32m[1minfo     [0m] [1mfetch                         [0m [36mstatus[0m=[35m200[0m [36murl[0m=[35m'https://news.google.com/rss/search?q=TEL+earnings+analysis&hl=en-US&gl=US&ceid=US:en'[0m
[2m2026-03-31T12:57:31.562140Z[0m [[32m[1minfo     [0m] [1mparsed                        [0m [36mchannel[0m=[35mgoogle_broad[0m [36mraw[0m=[35m62[0m
[2m2026-03-31T12:57:31.563180Z[0m [[32m[1minfo     [0m] [1mquality_filter                [0m [36minput[0m=[35m356[0m [36mpassed[0m=[35m3[0m
[2m2026-03-31T12:57:31.563459Z[0m [[32m[1minfo     [0m] [1mdedup                         [0m [36mafter[0m=[35m3[0m [36mbefore[0m=[35m3[0m
[2m2026-03-31T12:57:33.823819Z[0m [[32m[1minfo     [0m] [1mfetch                         [0m [36mstatus[0m=[35m403[0m [36murl[0m=[35mhttps://in.investing.com/news/company-news/odysightai-approved-for-tel-aviv-stock-exchange[0m
[2m2026-03-31T12:57:34.053692Z[0m [[32m[1minfo     [0m] [1mfetch                         [0m [36mstatus[0m=[35m200[0m [36murl[0m=[35mhttps://www.stocktitan.net/news/ODYS/odysight-ai-announces-dual-listing-on-the-tel-aviv-st[0m
[2m2026-03-31T12:57:34.905273Z[0m [[32m[1minfo     [0m] [1mfetch                         [0m [36mstatus[0m=[35m200[0m [36murl[0m=[35mhttps://intellectia.ai/en/stock/TEL/technical[0m
[2m2026-03-31T12:57:35.514549Z[0m [[32m[1minfo     [0m] [1mcrawling                      [0m [36mchannel[0m=[35mGoogle->Benzinga[0m [36mtag[0m=[35mgoogle_benzinga[0m
[2m2026-03-31T12:57:37.898273Z[0m [[32m[1minfo     [0m] [1mfetch                         [0m [36mstatus[0m=[35m200[0m [36murl[0m=[35m'https://news.google.com/rss/search?q=TRV+site:benzinga.com&hl=en-US&gl=US&ceid=US:en'[0m
[2m2026-03-31T12:57:37.906088Z[0m [[32m[1minfo     [0m] [1mparsed                        [0m [36mchannel[0m=[35mgoogle_benzinga[0m [36mraw[0m=[35m19[0m
[2m2026-03-31T12:57:39.912890Z[0m [[32m[1minfo     [0m] [1mfetch                         [0m [36mstatus[0m=[35m200[0m [36murl[0m=[35m'https://news.google.com/rss/search?q=TRV+site:benzinga.com&hl=en-US&gl=US&ceid=US:en'[0m
[2m2026-03-31T12:57:39.920562Z[0m [[32m[1minfo     [0m] [1mparsed                        [0m [36mchannel[0m=[35mgoogle_benzinga[0m [36mraw[0m=[35m19[0m
[2m2026-03-31T12:57:39.920667Z[0m [[32m[1minfo     [0m] [1mcrawling                      [0m [36mchannel[0m=[35m'Google News (all)'[0m [36mtag[0m=[35mgoogle_broad[0m
[2m2026-03-31T12:57:42.322750Z[0m [[32m[1minfo     [0m] [1mfetch                         [0m [36mstatus[0m=[35m200[0m [36murl[0m=[35m'https://news.google.com/rss/search?q=TRV+stock+news&hl=en-US&gl=US&ceid=US:en'[0m
[2m2026-03-31T12:57:42.359547Z[0m [[32m[1minfo     [0m] [1mparsed                        [0m [36mchannel[0m=[35mgoogle_broad[0m [36mraw[0m=[35m59[0m
[2m2026-03-31T12:57:45.437277Z[0m [[32m[1minfo     [0m] [1mfetch                         [0m [36mstatus[0m=[35m200[0m [36murl[0m=[35m'https://news.google.com/rss/search?q=TRV+earnings+analysis&hl=en-US&gl=US&ceid=US:en'[0m
[2m2026-03-31T12:57:45.465260Z[0m [[32m[1minfo     [0m] [1mparsed                        [0m [36mchannel[0m=[35mgoogle_broad[0m [36mraw[0m=[35m48[0m
[2m2026-03-31T12:57:45.465874Z[0m [[32m[1minfo     [0m] [1mquality_filter                [0m [36minput[0m=[35m145[0m [36mpassed[0m=[35m0[0m
[2m2026-03-31T12:57:45.465954Z[0m [[32m[1minfo     [0m] [1mdedup                         [0m [36mafter[0m=[35m0[0m [36mbefore[0m=[35m0[0m
[2m2026-03-31T12:57:45.466629Z[0m [[32m[1minfo     [0m] [1mcrawling                      [0m [36mchannel[0m=[35mGoogle->Benzinga[0m [36mtag[0m=[35mgoogle_benzinga[0m
[2m2026-03-31T12:57:48.070511Z[0m [[32m[1minfo     [0m] [1mfetch                         [0m [36mstatus[0m=[35m200[0m [36murl[0m=[35m'https://news.google.com/rss/search?q=ROST+site:benzinga.com&hl=en-US&gl=US&ceid=US:en'[0m
[2m2026-03-31T12:57:48.079464Z[0m [[32m[1minfo     [0m] [1mparsed                        [0m [36mchannel[0m=[35mgoogle_benzinga[0m [36mraw[0m=[35m28[0m
[2m2026-03-31T12:57:50.086862Z[0m [[32m[1minfo     [0m] [1mfetch                         [0m [36mstatus[0m=[35m200[0m [36murl[0m=[35m'https://news.google.com/rss/search?q=ROST+site:benzinga.com&hl=en-US&gl=US&ceid=US:en'[0m
[2m2026-03-31T12:57:50.098246Z[0m [[32m[1minfo     [0m] [1mparsed                        [0m [36mchannel[0m=[35mgoogle_benzinga[0m [36mraw[0m=[35m28[0m
[2m2026-03-31T12:57:50.098355Z[0m [[32m[1minfo     [0m] [1mcrawling                      [0m [36mchannel[0m=[35m'Google News (all)'[0m [36mtag[0m=[35mgoogle_broad[0m
[2m2026-03-31T12:57:52.798391Z[0m [[32m[1minfo     [0m] [1mfetch                         [0m [36mstatus[0m=[35m200[0m [36murl[0m=[35m'https://news.google.com/rss/search?q=ROST+stock+news&hl=en-US&gl=US&ceid=US:en'[0m
[2m2026-03-31T12:57:52.837843Z[0m [[32m[1minfo     [0m] [1mparsed                        [0m [36mchannel[0m=[35mgoogle_broad[0m [36mraw[0m=[35m71[0m
[2m2026-03-31T12:57:55.433847Z[0m [[32m[1minfo     [0m] [1mfetch                         [0m [36mstatus[0m=[35m200[0m [36murl[0m=[35m'https://news.google.com/rss/search?q=ROST+earnings+analysis&hl=en-US&gl=US&ceid=US:en'[0m
[2m2026-03-31T12:57:55.460448Z[0m [[32m[1minfo     [0m] [1mparsed                        [0m [36mchannel[0m=[35mgoogle_broad[0m [36mraw[0m=[35m51[0m
[2m2026-03-31T12:57:55.461143Z[0m [[32m[1minfo     [0m] [1mquality_filter                [0m [36minput[0m=[35m178[0m [36mpassed[0m=[35m1[0m
[2m2026-03-31T12:57:55.461320Z[0m [[32m[1minfo     [0m] [1mdedup                         [0m [36mafter[0m=[35m1[0m [36mbefore[0m=[35m1[0m
[2m2026-03-31T12:57:58.419318Z[0m [[32m[1minfo     [0m] [1mfetch                         [0m [36mstatus[0m=[35m200[0m [36murl[0m=[35mhttps://www.stocktitan.net/sec-filings/ROST/form-4-ross-stores-inc-insider-trading-activit[0m
[2m2026-03-31T12:57:58.638705Z[0m [[32m[1minfo     [0m] [1mcrawling                      [0m [36mchannel[0m=[35mGoogle->Benzinga[0m [36mtag[0m=[35mgoogle_benzinga[0m
[2m2026-03-31T12:58:01.070206Z[0m [[32m[1minfo     [0m] [1mfetch                         [0m [36mstatus[0m=[35m200[0m [36murl[0m=[35m'https://news.google.com/rss/search?q=SPG+site:benzinga.com&hl=en-US&gl=US&ceid=US:en'[0m
[2m2026-03-31T12:58:01.078026Z[0m [[32m[1minfo     [0m] [1mparsed                        [0m [36mchannel[0m=[35mgoogle_benzinga[0m [36mraw[0m=[35m21[0m
[2m2026-03-31T12:58:03.087388Z[0m [[32m[1minfo     [0m] [1mfetch                         [0m [36mstatus[0m=[35m200[0m [36murl[0m=[35m'https://news.google.com/rss/search?q=SPG+site:benzinga.com&hl=en-US&gl=US&ceid=US:en'[0m
[2m2026-03-31T12:58:03.096026Z[0m [[32m[1minfo     [0m] [1mparsed                        [0m [36mchannel[0m=[35mgoogle_benzinga[0m [36mraw[0m=[35m21[0m
[2m2026-03-31T12:58:03.096137Z[0m [[32m[1minfo     [0m] [1mcrawling                      [0m [36mchannel[0m=[35m'Google News (all)'[0m [36mtag[0m=[35mgoogle_broad[0m
[2m2026-03-31T12:58:05.547281Z[0m [[32m[1minfo     [0m] [1mfetch                         [0m [36mstatus[0m=[35m200[0m [36murl[0m=[35m'https://news.google.com/rss/search?q=SPG+stock+news&hl=en-US&gl=US&ceid=US:en'[0m
[2m2026-03-31T12:58:05.643679Z[0m [[32m[1minfo     [0m] [1mparsed                        [0m [36mchannel[0m=[35mgoogle_broad[0m [36mraw[0m=[35m73[0m
[2m2026-03-31T12:58:08.035125Z[0m [[32m[1minfo     [0m] [1mfetch                         [0m [36mstatus[0m=[35m200[0m [36murl[0m=[35m'https://news.google.com/rss/search?q=SPG+earnings+analysis&hl=en-US&gl=US&ceid=US:en'[0m
[2m2026-03-31T12:58:08.069884Z[0m [[32m[1minfo     [0m] [1mparsed                        [0m [36mchannel[0m=[35mgoogle_broad[0m [36mraw[0m=[35m54[0m
[2m2026-03-31T12:58:08.070429Z[0m [[32m[1minfo     [0m] [1mquality_filter                [0m [36minput[0m=[35m169[0m [36mpassed[0m=[35m0[0m
[2m2026-03-31T12:58:08.070509Z[0m [[32m[1minfo     [0m] [1mdedup                         [0m [36mafter[0m=[35m0[0m [36mbefore[0m=[35m0[0m
[2m2026-03-31T12:58:08.071242Z[0m [[32m[1minfo     [0m] [1mcrawling                      [0m [36mchannel[0m=[35mGoogle->Benzinga[0m [36mtag[0m=[35mgoogle_benzinga[0m
[2m2026-03-31T12:58:10.497357Z[0m [[32m[1minfo     [0m] [1mfetch                         [0m [36mstatus[0m=[35m200[0m [36murl[0m=[35m'https://news.google.com/rss/search?q=SRE+site:benzinga.com&hl=en-US&gl=US&ceid=US:en'[0m
[2m2026-03-31T12:58:10.506158Z[0m [[32m[1minfo     [0m] [1mparsed                        [0m [36mchannel[0m=[35mgoogle_benzinga[0m [36mraw[0m=[35m19[0m
[2m2026-03-31T12:58:12.513359Z[0m [[32m[1minfo     [0m] [1mfetch                         [0m [36mstatus[0m=[35m200[0m [36murl[0m=[35m'https://news.google.com/rss/search?q=SRE+site:benzinga.com&hl=en-US&gl=US&ceid=US:en'[0m
[2m2026-03-31T12:58:12.520394Z[0m [[32m[1minfo     [0m] [1mparsed                        [0m [36mchannel[0m=[35mgoogle_benzinga[0m [36mraw[0m=[35m19[0m
[2m2026-03-31T12:58:12.520498Z[0m [[32m[1minfo     [0m] [1mcrawling                      [0m [36mchannel[0m=[35m'Google News (all)'[0m [36mtag[0m=[35mgoogle_broad[0m
[2m2026-03-31T12:58:15.000687Z[0m [[32m[1minfo     [0m] [1mfetch                         [0m [36mstatus[0m=[35m200[0m [36murl[0m=[35m'https://news.google.com/rss/search?q=SRE+stock+news&hl=en-US&gl=US&ceid=US:en'[0m
[2m2026-03-31T12:58:15.093703Z[0m [[32m[1minfo     [0m] [1mparsed                        [0m [36mchannel[0m=[35mgoogle_broad[0m [36mraw[0m=[35m67[0m
[2m2026-03-31T12:58:17.553179Z[0m [[32m[1minfo     [0m] [1mfetch                         [0m [36mstatus[0m=[35m200[0m [36murl[0m=[35m'https://news.google.com/rss/search?q=SRE+earnings+analysis&hl=en-US&gl=US&ceid=US:en'[0m
[2m2026-03-31T12:58:17.590218Z[0m [[32m[1minfo     [0m] [1mparsed                        [0m [36mchannel[0m=[35mgoogle_broad[0m [36mraw[0m=[35m58[0m
[2m2026-03-31T12:58:17.590719Z[0m [[32m[1minfo     [0m] [1mquality_filter                [0m [36minput[0m=[35m163[0m [36mpassed[0m=[35m0[0m
[2m2026-03-31T12:58:17.590811Z[0m [[32m[1minfo     [0m] [1mdedup                         [0m [36mafter[0m=[35m0[0m [36mbefore[0m=[35m0[0m
[2m2026-03-31T12:58:17.591765Z[0m [[32m[1minfo     [0m] [1mcrawling                      [0m [36mchannel[0m=[35mGoogle->Benzinga[0m [36mtag[0m=[35mgoogle_benzinga[0m
[2m2026-03-31T12:58:19.997157Z[0m [[32m[1minfo     [0m] [1mfetch                         [0m [36mstatus[0m=[35m200[0m [36murl[0m=[35m'https://news.google.com/rss/search?q=TFC+site:benzinga.com&hl=en-US&gl=US&ceid=US:en'[0m
[2m2026-03-31T12:58:20.004717Z[0m [[32m[1minfo     [0m] [1mparsed                        [0m [36mchannel[0m=[35mgoogle_benzinga[0m [36mraw[0m=[35m22[0m
[2m2026-03-31T12:58:22.010541Z[0m [[32m[1minfo     [0m] [1mfetch                         [0m [36mstatus[0m=[35m200[0m [36murl[0m=[35m'https://news.google.com/rss/search?q=TFC+site:benzinga.com&hl=en-US&gl=US&ceid=US:en'[0m
[2m2026-03-31T12:58:22.018673Z[0m [[32m[1minfo     [0m] [1mparsed                        [0m [36mchannel[0m=[35mgoogle_benzinga[0m [36mraw[0m=[35m22[0m
[2m2026-03-31T12:58:22.018818Z[0m [[32m[1minfo     [0m] [1mcrawling                      [0m [36mchannel[0m=[35m'Google News (all)'[0m [36mtag[0m=[35mgoogle_broad[0m
[2m2026-03-31T12:58:24.578803Z[0m [[32m[1minfo     [0m] [1mfetch                         [0m [36mstatus[0m=[35m200[0m [36murl[0m=[35m'https://news.google.com/rss/search?q=TFC+stock+news&hl=en-US&gl=US&ceid=US:en'[0m
[2m2026-03-31T12:58:24.679661Z[0m [[32m[1minfo     [0m] [1mparsed                        [0m [36mchannel[0m=[35mgoogle_broad[0m [36mraw[0m=[35m88[0m
[2m2026-03-31T12:58:27.076630Z[0m [[32m[1minfo     [0m] [1mfetch                         [0m [36mstatus[0m=[35m200[0m [36murl[0m=[35m'https://news.google.com/rss/search?q=TFC+earnings+analysis&hl=en-US&gl=US&ceid=US:en'[0m
[2m2026-03-31T12:58:27.095987Z[0m [[32m[1minfo     [0m] [1mparsed                        [0m [36mchannel[0m=[35mgoogle_broad[0m [36mraw[0m=[35m45[0m
[2m2026-03-31T12:58:27.096595Z[0m [[32m[1minfo     [0m] [1mquality_filter                [0m [36minput[0m=[35m177[0m [36mpassed[0m=[35m0[0m
[2m2026-03-31T12:58:27.096671Z[0m [[32m[1minfo     [0m] [1mdedup                         [0m [36mafter[0m=[35m0[0m [36mbefore[0m=[35m0[0m
[2m2026-03-31T12:58:27.097402Z[0m [[32m[1minfo     [0m] [1mcrawling                      [0m [36mchannel[0m=[35mGoogle->Benzinga[0m [36mtag[0m=[35mgoogle_benzinga[0m
[2m2026-03-31T12:58:29.962223Z[0m [[32m[1minfo     [0m] [1mfetch                         [0m [36mstatus[0m=[35m200[0m [36murl[0m=[35m'https://news.google.com/rss/search?q=AZO+site:benzinga.com&hl=en-US&gl=US&ceid=US:en'[0m
[2m2026-03-31T12:58:29.971047Z[0m [[32m[1minfo     [0m] [1mparsed                        [0m [36mchannel[0m=[35mgoogle_benzinga[0m [36mraw[0m=[35m24[0m
[2m2026-03-31T12:58:31.977367Z[0m [[32m[1minfo     [0m] [1mfetch                         [0m [36mstatus[0m=[35m200[0m [36murl[0m=[35m'https://news.google.com/rss/search?q=AZO+site:benzinga.com&hl=en-US&gl=US&ceid=US:en'[0m
[2m2026-03-31T12:58:31.986246Z[0m [[32m[1minfo     [0m] [1mparsed                        [0m [36mchannel[0m=[35mgoogle_benzinga[0m [36mraw[0m=[35m24[0m
[2m2026-03-31T12:58:31.986359Z[0m [[32m[1minfo     [0m] [1mcrawling                      [0m [36mchannel[0m=[35m'Google News (all)'[0m [36mtag[0m=[35mgoogle_broad[0m
[2m2026-03-31T12:58:34.422438Z[0m [[32m[1minfo     [0m] [1mfetch                         [0m [36mstatus[0m=[35m200[0m [36murl[0m=[35m'https://news.google.com/rss/search?q=AZO+stock+news&hl=en-US&gl=US&ceid=US:en'[0m
[2m2026-03-31T12:58:34.452426Z[0m [[32m[1minfo     [0m] [1mparsed                        [0m [36mchannel[0m=[35mgoogle_broad[0m [36mraw[0m=[35m55[0m
[2m2026-03-31T12:58:36.901155Z[0m [[32m[1minfo     [0m] [1mfetch                         [0m [36mstatus[0m=[35m200[0m [36murl[0m=[35m'https://news.google.com/rss/search?q=AZO+earnings+analysis&hl=en-US&gl=US&ceid=US:en'[0m
[2m2026-03-31T12:58:36.930287Z[0m [[32m[1minfo     [0m] [1mparsed                        [0m [36mchannel[0m=[35mgoogle_broad[0m [36mraw[0m=[35m51[0m
[2m2026-03-31T12:58:36.930812Z[0m [[32m[1minfo     [0m] [1mquality_filter                [0m [36minput[0m=[35m154[0m [36mpassed[0m=[35m0[0m
[2m2026-03-31T12:58:36.930874Z[0m [[32m[1minfo     [0m] [1mdedup                         [0m [36mafter[0m=[35m0[0m [36mbefore[0m=[35m0[0m
[2m2026-03-31T12:58:36.931560Z[0m [[32m[1minfo     [0m] [1mcrawling                      [0m [36mchannel[0m=[35mGoogle->Benzinga[0m [36mtag[0m=[35mgoogle_benzinga[0m
[2m2026-03-31T12:58:39.599391Z[0m [[32m[1minfo     [0m] [1mfetch                         [0m [36mstatus[0m=[35m200[0m [36murl[0m=[35m'https://news.google.com/rss/search?q=O+site:benzinga.com&hl=en-US&gl=US&ceid=US:en'[0m
[2m2026-03-31T12:58:39.706003Z[0m [[32m[1minfo     [0m] [1mparsed                        [0m [36mchannel[0m=[35mgoogle_benzinga[0m [36mraw[0m=[35m100[0m
[2m2026-03-31T12:58:41.712202Z[0m [[32m[1minfo     [0m] [1mfetch                         [0m [36mstatus[0m=[35m200[0m [36murl[0m=[35m'https://news.google.com/rss/search?q=O+site:benzinga.com&hl=en-US&gl=US&ceid=US:en'[0m
[2m2026-03-31T12:58:41.733972Z[0m [[32m[1minfo     [0m] [1mparsed                        [0m [36mchannel[0m=[35mgoogle_benzinga[0m [36mraw[0m=[35m100[0m
[2m2026-03-31T12:58:41.734078Z[0m [[32m[1minfo     [0m] [1mcrawling                      [0m [36mchannel[0m=[35m'Google News (all)'[0m [36mtag[0m=[35mgoogle_broad[0m
[2m2026-03-31T12:58:44.215527Z[0m [[32m[1minfo     [0m] [1mfetch                         [0m [36mstatus[0m=[35m200[0m [36murl[0m=[35m'https://news.google.com/rss/search?q=O+stock+news&hl=en-US&gl=US&ceid=US:en'[0m
[2m2026-03-31T12:58:44.260215Z[0m [[32m[1minfo     [0m] [1mparsed                        [0m [36mchannel[0m=[35mgoogle_broad[0m [36mraw[0m=[35m83[0m
[2m2026-03-31T12:58:46.701215Z[0m [[32m[1minfo     [0m] [1mfetch                         [0m [36mstatus[0m=[35m200[0m [36murl[0m=[35m'https://news.google.com/rss/search?q=O+earnings+analysis&hl=en-US&gl=US&ceid=US:en'[0m
[2m2026-03-31T12:58:46.746069Z[0m [[32m[1minfo     [0m] [1mparsed                        [0m [36mchannel[0m=[35mgoogle_broad[0m [36mraw[0m=[35m62[0m
[2m2026-03-31T12:58:46.747215Z[0m [[32m[1minfo     [0m] [1mquality_filter                [0m [36minput[0m=[35m345[0m [36mpassed[0m=[35m11[0m
[2m2026-03-31T12:58:46.747992Z[0m [[32m[1minfo     [0m] [1mdedup                         [0m [36mafter[0m=[35m8[0m [36mbefore[0m=[35m11[0m
[2m2026-03-31T12:58:48.600284Z[0m [[32m[1minfo     [0m] [1mfetch                         [0m [36mstatus[0m=[35m403[0m [36murl[0m=[35mhttps://www.bitget.com/amp/news/detail/12560605320363[0m
[2m2026-03-31T12:58:49.003930Z[0m [[32m[1minfo     [0m] [1mfetch                         [0m [36mstatus[0m=[35m403[0m [36murl[0m=[35mhttps://www.investing.com/news/analyst-ratings/oreilly-automotive-stock-named-top-pick-at-[0m
[2m2026-03-31T12:58:49.336319Z[0m [[32m[1minfo     [0m] [1mfetch                         [0m [36mstatus[0m=[35m200[0m [36murl[0m=[35mhttps://intellectia.ai/en/stock/OCS.O/news[0m
[2m2026-03-31T12:58:49.757019Z[0m [[32m[1minfo     [0m] [1mfetch                         [0m [36mstatus[0m=[35m200[0m [36murl[0m=[35mhttps://www.stocktitan.net/news/O/realty-income-prices-800-million-offering-of-senior-note[0m
[2m2026-03-31T12:58:50.493118Z[0m [[32m[1minfo     [0m] [1mfetch                         [0m [36mstatus[0m=[35m200[0m [36murl[0m=[35mhttps://intellectia.ai/en/stock/LEDS.O/earnings[0m
[2m2026-03-31T12:58:51.037278Z[0m [[32m[1minfo     [0m] [1mfetch                         [0m [36mstatus[0m=[35m200[0m [36murl[0m=[35mhttps://www.stocktitan.net/news/ESGLF/enviro-gold-global-appoints-greg-o-connor-as-princip[0m
[2m2026-03-31T12:58:51.242297Z[0m [[32m[1minfo     [0m] [1mcrawling                      [0m [36mchannel[0m=[35mGoogle->Benzinga[0m [36mtag[0m=[35mgoogle_benzinga[0m
[2m2026-03-31T12:58:53.650280Z[0m [[32m[1minfo     [0m] [1mfetch                         [0m [36mstatus[0m=[35m200[0m [36murl[0m=[35m'https://news.google.com/rss/search?q=APD+site:benzinga.com&hl=en-US&gl=US&ceid=US:en'[0m
[2m2026-03-31T12:58:53.658781Z[0m [[32m[1minfo     [0m] [1mparsed                        [0m [36mchannel[0m=[35mgoogle_benzinga[0m [36mraw[0m=[35m19[0m
[2m2026-03-31T12:58:55.663400Z[0m [[32m[1minfo     [0m] [1mfetch                         [0m [36mstatus[0m=[35m200[0m [36murl[0m=[35m'https://news.google.com/rss/search?q=APD+site:benzinga.com&hl=en-US&gl=US&ceid=US:en'[0m
[2m2026-03-31T12:58:55.670423Z[0m [[32m[1minfo     [0m] [1mparsed                        [0m [36mchannel[0m=[35mgoogle_benzinga[0m [36mraw[0m=[35m19[0m
[2m2026-03-31T12:58:55.670510Z[0m [[32m[1minfo     [0m] [1mcrawling                      [0m [36mchannel[0m=[35m'Google News (all)'[0m [36mtag[0m=[35mgoogle_broad[0m
[2m2026-03-31T12:58:58.222998Z[0m [[32m[1minfo     [0m] [1mfetch                         [0m [36mstatus[0m=[35m200[0m [36murl[0m=[35m'https://news.google.com/rss/search?q=APD+stock+news&hl=en-US&gl=US&ceid=US:en'[0m
[2m2026-03-31T12:58:58.321252Z[0m [[32m[1minfo     [0m] [1mparsed                        [0m [36mchannel[0m=[35mgoogle_broad[0m [36mraw[0m=[35m75[0m
[2m2026-03-31T12:59:00.746259Z[0m [[32m[1minfo     [0m] [1mfetch                         [0m [36mstatus[0m=[35m200[0m [36murl[0m=[35m'https://news.google.com/rss/search?q=APD+earnings+analysis&hl=en-US&gl=US&ceid=US:en'[0m
[2m2026-03-31T12:59:00.781653Z[0m [[32m[1minfo     [0m] [1mparsed                        [0m [36mchannel[0m=[35mgoogle_broad[0m [36mraw[0m=[35m50[0m
[2m2026-03-31T12:59:00.782298Z[0m [[32m[1minfo     [0m] [1mquality_filter                [0m [36minput[0m=[35m163[0m [36mpassed[0m=[35m0[0m
[2m2026-03-31T12:59:00.782382Z[0m [[32m[1minfo     [0m] [1mdedup                         [0m [36mafter[0m=[35m0[0m [36mbefore[0m=[35m0[0m
[2m2026-03-31T12:59:00.784097Z[0m [[32m[1minfo     [0m] [1mcrawling                      [0m [36mchannel[0m=[35mGoogle->Benzinga[0m [36mtag[0m=[35mgoogle_benzinga[0m
[2m2026-03-31T12:59:03.671626Z[0m [[32m[1minfo     [0m] [1mfetch                         [0m [36mstatus[0m=[35m200[0m [36murl[0m=[35m'https://news.google.com/rss/search?q=DLR+site:benzinga.com&hl=en-US&gl=US&ceid=US:en'[0m
[2m2026-03-31T12:59:03.686370Z[0m [[32m[1minfo     [0m] [1mparsed                        [0m [36mchannel[0m=[35mgoogle_benzinga[0m [36mraw[0m=[35m25[0m
[2m2026-03-31T12:59:05.694153Z[0m [[32m[1minfo     [0m] [1mfetch                         [0m [36mstatus[0m=[35m200[0m [36murl[0m=[35m'https://news.google.com/rss/search?q=DLR+site:benzinga.com&hl=en-US&gl=US&ceid=US:en'[0m
[2m2026-03-31T12:59:05.702688Z[0m [[32m[1minfo     [0m] [1mparsed                        [0m [36mchannel[0m=[35mgoogle_benzinga[0m [36mraw[0m=[35m25[0m
[2m2026-03-31T12:59:05.702793Z[0m [[32m[1minfo     [0m] [1mcrawling                      [0m [36mchannel[0m=[35m'Google News (all)'[0m [36mtag[0m=[35mgoogle_broad[0m
[2m2026-03-31T12:59:08.080370Z[0m [[32m[1minfo     [0m] [1mfetch                         [0m [36mstatus[0m=[35m200[0m [36murl[0m=[35m'https://news.google.com/rss/search?q=DLR+stock+news&hl=en-US&gl=US&ceid=US:en'[0m
[2m2026-03-31T12:59:08.111181Z[0m [[32m[1minfo     [0m] [1mparsed                        [0m [36mchannel[0m=[35mgoogle_broad[0m [36mraw[0m=[35m55[0m
[2m2026-03-31T12:59:10.471045Z[0m [[32m[1minfo     [0m] [1mfetch                         [0m [36mstatus[0m=[35m200[0m [36murl[0m=[35m'https://news.google.com/rss/search?q=DLR+earnings+analysis&hl=en-US&gl=US&ceid=US:en'[0m
[2m2026-03-31T12:59:10.490501Z[0m [[32m[1minfo     [0m] [1mparsed                        [0m [36mchannel[0m=[35mgoogle_broad[0m [36mraw[0m=[35m41[0m
[2m2026-03-31T12:59:10.491111Z[0m [[32m[1minfo     [0m] [1mquality_filter                [0m [36minput[0m=[35m146[0m [36mpassed[0m=[35m0[0m
[2m2026-03-31T12:59:10.491190Z[0m [[32m[1minfo     [0m] [1mdedup                         [0m [36mafter[0m=[35m0[0m [36mbefore[0m=[35m0[0m
[2m2026-03-31T12:59:10.491897Z[0m [[32m[1minfo     [0m] [1mcrawling                      [0m [36mchannel[0m=[35mGoogle->Benzinga[0m [36mtag[0m=[35mgoogle_benzinga[0m
[2m2026-03-31T12:59:13.413319Z[0m [[32m[1minfo     [0m] [1mfetch                         [0m [36mstatus[0m=[35m200[0m [36murl[0m=[35m'https://news.google.com/rss/search?q=AJG+site:benzinga.com&hl=en-US&gl=US&ceid=US:en'[0m
[2m2026-03-31T12:59:13.423154Z[0m [[32m[1minfo     [0m] [1mparsed                        [0m [36mchannel[0m=[35mgoogle_benzinga[0m [36mraw[0m=[35m29[0m
[2m2026-03-31T12:59:15.428946Z[0m [[32m[1minfo     [0m] [1mfetch                         [0m [36mstatus[0m=[35m200[0m [36murl[0m=[35m'https://news.google.com/rss/search?q=AJG+site:benzinga.com&hl=en-US&gl=US&ceid=US:en'[0m
[2m2026-03-31T12:59:15.439092Z[0m [[32m[1minfo     [0m] [1mparsed                        [0m [36mchannel[0m=[35mgoogle_benzinga[0m [36mraw[0m=[35m29[0m
[2m2026-03-31T12:59:15.439202Z[0m [[32m[1minfo     [0m] [1mcrawling                      [0m [36mchannel[0m=[35m'Google News (all)'[0m [36mtag[0m=[35mgoogle_broad[0m
[2m2026-03-31T12:59:18.002511Z[0m [[32m[1minfo     [0m] [1mfetch                         [0m [36mstatus[0m=[35m200[0m [36murl[0m=[35m'https://news.google.com/rss/search?q=AJG+stock+news&hl=en-US&gl=US&ceid=US:en'[0m
[2m2026-03-31T12:59:18.120748Z[0m [[32m[1minfo     [0m] [1mparsed                        [0m [36mchannel[0m=[35mgoogle_broad[0m [36mraw[0m=[35m100[0m
[2m2026-03-31T12:59:20.550011Z[0m [[32m[1minfo     [0m] [1mfetch                         [0m [36mstatus[0m=[35m200[0m [36murl[0m=[35m'https://news.google.com/rss/search?q=AJG+earnings+analysis&hl=en-US&gl=US&ceid=US:en'[0m
[2m2026-03-31T12:59:20.587726Z[0m [[32m[1minfo     [0m] [1mparsed                        [0m [36mchannel[0m=[35mgoogle_broad[0m [36mraw[0m=[35m59[0m
[2m2026-03-31T12:59:20.588934Z[0m [[32m[1minfo     [0m] [1mquality_filter                [0m [36minput[0m=[35m217[0m [36mpassed[0m=[35m5[0m
[2m2026-03-31T12:59:20.589388Z[0m [[32m[1minfo     [0m] [1mdedup                         [0m [36mafter[0m=[35m5[0m [36mbefore[0m=[35m5[0m
[2m2026-03-31T12:59:22.696778Z[0m [[32m[1minfo     [0m] [1mfetch                         [0m [36mstatus[0m=[35m200[0m [36murl[0m=[35mhttp://www.msn.com/en-us/money/taxes/arthur-j-gallagher-ajg-q1-earnings-surpass-estimates/[0m
[2m2026-03-31T12:59:22.756140Z[0m [[32m[1minfo     [0m] [1mfetch                         [0m [36mstatus[0m=[35m403[0m [36murl[0m=[35mhttps://www.gurufocus.com/news/8756571/arthur-j-gallagher-co-ajg-stock-price-up-369-on-mar[0m
[2m2026-03-31T12:59:23.146407Z[0m [[31m[1merror    [0m] [1mfetch_error                   [0m [36merror[0m=[35m"400, message='Got more than 8190 bytes (8800) when reading Header value is too l"[0m [36murl[0m=[35mhttps://finance.yahoo.com/markets/stocks/articles/arthur-j-gallagher-a[0m
[2m2026-03-31T12:59:23.216154Z[0m [[32m[1minfo     [0m] [1mfetch                         [0m [36mstatus[0m=[35m200[0m [36murl[0m=[35mhttps://www.marketbeat.com/instant-alerts/filing-barlow-wealth-partners-llc-acquires-new-s[0m
[2m2026-03-31T12:59:23.527035Z[0m [[32m[1minfo     [0m] [1mfetch                         [0m [36mstatus[0m=[35m200[0m [36murl[0m=[35mhttps://www.marketbeat.com/instant-alerts/filing-brookstone-capital-management-increases-s[0m
[2m2026-03-31T12:59:24.164823Z[0m [[32m[1minfo     [0m] [1mcrawling                      [0m [36mchannel[0m=[35mGoogle->Benzinga[0m [36mtag[0m=[35mgoogle_benzinga[0m
[2m2026-03-31T12:59:27.057199Z[0m [[32m[1minfo     [0m] [1mfetch                         [0m [36mstatus[0m=[35m200[0m [36murl[0m=[35m'https://news.google.com/rss/search?q=AFL+site:benzinga.com&hl=en-US&gl=US&ceid=US:en'[0m
[2m2026-03-31T12:59:27.068118Z[0m [[32m[1minfo     [0m] [1mparsed                        [0m [36mchannel[0m=[35mgoogle_benzinga[0m [36mraw[0m=[35m36[0m
[2m2026-03-31T12:59:29.073552Z[0m [[32m[1minfo     [0m] [1mfetch                         [0m [36mstatus[0m=[35m200[0m [36murl[0m=[35m'https://news.google.com/rss/search?q=AFL+site:benzinga.com&hl=en-US&gl=US&ceid=US:en'[0m
[2m2026-03-31T12:59:29.085329Z[0m [[32m[1minfo     [0m] [1mparsed                        [0m [36mchannel[0m=[35mgoogle_benzinga[0m [36mraw[0m=[35m36[0m
[2m2026-03-31T12:59:29.085436Z[0m [[32m[1minfo     [0m] [1mcrawling                      [0m [36mchannel[0m=[35m'Google News (all)'[0m [36mtag[0m=[35mgoogle_broad[0m
[2m2026-03-31T12:59:31.582599Z[0m [[32m[1minfo     [0m] [1mfetch                         [0m [36mstatus[0m=[35m200[0m [36murl[0m=[35m'https://news.google.com/rss/search?q=AFL+stock+news&hl=en-US&gl=US&ceid=US:en'[0m
[2m2026-03-31T12:59:31.677887Z[0m [[32m[1minfo     [0m] [1mparsed                        [0m [36mchannel[0m=[35mgoogle_broad[0m [36mraw[0m=[35m69[0m
[2m2026-03-31T12:59:34.154590Z[0m [[32m[1minfo     [0m] [1mfetch                         [0m [36mstatus[0m=[35m200[0m [36murl[0m=[35m'https://news.google.com/rss/search?q=AFL+earnings+analysis&hl=en-US&gl=US&ceid=US:en'[0m
[2m2026-03-31T12:59:34.194362Z[0m [[32m[1minfo     [0m] [1mparsed                        [0m [36mchannel[0m=[35mgoogle_broad[0m [36mraw[0m=[35m68[0m
[2m2026-03-31T12:59:34.195715Z[0m [[32m[1minfo     [0m] [1mquality_filter                [0m [36minput[0m=[35m209[0m [36mpassed[0m=[35m7[0m
[2m2026-03-31T12:59:34.196396Z[0m [[32m[1minfo     [0m] [1mdedup                         [0m [36mafter[0m=[35m5[0m [36mbefore[0m=[35m7[0m
[2m2026-03-31T12:59:36.087853Z[0m [[32m[1minfo     [0m] [1mfetch                         [0m [36mstatus[0m=[35m403[0m [36murl[0m=[35mhttps://m.investing.com/news/insider-trading-news/japan-post-holdings-sells-aflac-afl-shar[0m
[2m2026-03-31T12:59:37.121313Z[0m [[32m[1minfo     [0m] [1mfetch                         [0m [36mstatus[0m=[35m429[0m [36murl[0m=[35mhttps://www.stocktitan.net/sec-filings/AFL/form-4-aflac-inc-insider-trading-activity-2d49f[0m
[2m2026-03-31T12:59:37.123088Z[0m [[32m[1minfo     [0m] [1mfetch                         [0m [36mstatus[0m=[35m200[0m [36murl[0m=[35mhttps://www.stocktitan.net/sec-filings/AFL/page-9.html[0m
[2m2026-03-31T12:59:37.142060Z[0m [[32m[1minfo     [0m] [1mfetch                         [0m [36mstatus[0m=[35m200[0m [36murl[0m=[35mhttps://www.stocktitan.net/news/AFL/aflac-re-bermuda-ltd-announces-reinsurance-transaction[0m
[2m2026-03-31T12:59:37.368755Z[0m [[32m[1minfo     [0m] [1mcrawling                      [0m [36mchannel[0m=[35mGoogle->Benzinga[0m [36mtag[0m=[35mgoogle_benzinga[0m
[2m2026-03-31T12:59:40.024644Z[0m [[32m[1minfo     [0m] [1mfetch                         [0m [36mstatus[0m=[35m200[0m [36murl[0m=[35m'https://news.google.com/rss/search?q=F+site:benzinga.com&hl=en-US&gl=US&ceid=US:en'[0m
[2m2026-03-31T12:59:40.126860Z[0m [[32m[1minfo     [0m] [1mparsed                        [0m [36mchannel[0m=[35mgoogle_benzinga[0m [36mraw[0m=[35m100[0m
[2m2026-03-31T12:59:42.132708Z[0m [[32m[1minfo     [0m] [1mfetch                         [0m [36mstatus[0m=[35m200[0m [36murl[0m=[35m'https://news.google.com/rss/search?q=F+site:benzinga.com&hl=en-US&gl=US&ceid=US:en'[0m
[2m2026-03-31T12:59:42.162368Z[0m [[32m[1minfo     [0m] [1mparsed                        [0m [36mchannel[0m=[35mgoogle_benzinga[0m [36mraw[0m=[35m100[0m
[2m2026-03-31T12:59:42.162519Z[0m [[32m[1minfo     [0m] [1mcrawling                      [0m [36mchannel[0m=[35m'Google News (all)'[0m [36mtag[0m=[35mgoogle_broad[0m
[2m2026-03-31T12:59:44.587310Z[0m [[32m[1minfo     [0m] [1mfetch                         [0m [36mstatus[0m=[35m200[0m [36murl[0m=[35m'https://news.google.com/rss/search?q=F+stock+news&hl=en-US&gl=US&ceid=US:en'[0m
[2m2026-03-31T12:59:44.616223Z[0m [[32m[1minfo     [0m] [1mparsed                        [0m [36mchannel[0m=[35mgoogle_broad[0m [36mraw[0m=[35m56[0m
[2m2026-03-31T12:59:47.117051Z[0m [[32m[1minfo     [0m] [1mfetch                         [0m [36mstatus[0m=[35m200[0m [36murl[0m=[35m'https://news.google.com/rss/search?q=F+earnings+analysis&hl=en-US&gl=US&ceid=US:en'[0m
[2m2026-03-31T12:59:47.217411Z[0m [[32m[1minfo     [0m] [1mparsed                        [0m [36mchannel[0m=[35mgoogle_broad[0m [36mraw[0m=[35m83[0m
[2m2026-03-31T12:59:47.218461Z[0m [[32m[1minfo     [0m] [1mquality_filter                [0m [36minput[0m=[35m339[0m [36mpassed[0m=[35m7[0m
[2m2026-03-31T12:59:47.219142Z[0m [[32m[1minfo     [0m] [1mdedup                         [0m [36mafter[0m=[35m7[0m [36mbefore[0m=[35m7[0m
[2m2026-03-31T12:59:49.078087Z[0m [[32m[1minfo     [0m] [1mfetch                         [0m [36mstatus[0m=[35m403[0m [36murl[0m=[35mhttps://www.tipranks.com/news/electric-ford-transit-city-not-enough-to-save-ford-stock-nys[0m
[2m2026-03-31T12:59:49.626149Z[0m [[32m[1minfo     [0m] [1mfetch                         [0m [36mstatus[0m=[35m200[0m [36murl[0m=[35mhttps://www.kiplinger.com/investing/1000-invested-ford-f-stock-worth-how-much-now[0m
[2m2026-03-31T12:59:49.777341Z[0m [[32m[1minfo     [0m] [1mfetch                         [0m [36mstatus[0m=[35m200[0m [36murl[0m=[35mhttps://meyka.com/blog/0025-jump-mar-2026-viewray-6l9f-xetra-pre-market-mover-liquidity-wa[0m
[2m2026-03-31T12:59:50.096294Z[0m [[32m[1minfo     [0m] [1mfetch                         [0m [36mstatus[0m=[35m200[0m [36murl[0m=[35mhttps://meyka.com/blog/fzkaf-the9-limited-xetra-at-061-on-31-mar-2026-volume-spike-signals[0m
[2m2026-03-31T12:59:50.192215Z[0m [[32m[1minfo     [0m] [1mfetch                         [0m [36mstatus[0m=[35m200[0m [36murl[0m=[35mhttps://news.stocktradersdaily.com/canada/qqeqf-risk-controlled-trading-report_20260331_d8[0m
[2m2026-03-31T12:59:50.363032Z[0m [[32m[1minfo     [0m] [1mfetch                         [0m [36mstatus[0m=[35m200[0m [36murl[0m=[35mhttps://news.stocktradersdaily.com/canada/rsidbf-investment-analysis-and-advice_20260331_2[0m
[2m2026-03-31T12:59:50.891100Z[0m [[32m[1minfo     [0m] [1mfetch                         [0m [36mstatus[0m=[35m200[0m [36murl[0m=[35mhttps://meyka.com/blog/a5af-stock-down-60-to-0002-on-xetra-top-loser-highlights-liquidity-[0m
[2m2026-03-31T12:59:51.112351Z[0m [[32m[1minfo     [0m] [1mcrawling                      [0m [36mchannel[0m=[35mGoogle->Benzinga[0m [36mtag[0m=[35mgoogle_benzinga[0m
[2m2026-03-31T12:59:54.630451Z[0m [[32m[1minfo     [0m] [1mfetch                         [0m [36mstatus[0m=[35m200[0m [36murl[0m=[35m'https://news.google.com/rss/search?q=ALL+site:benzinga.com&hl=en-US&gl=US&ceid=US:en'[0m
[2m2026-03-31T12:59:54.748631Z[0m [[32m[1minfo     [0m] [1mparsed                        [0m [36mchannel[0m=[35mgoogle_benzinga[0m [36mraw[0m=[35m100[0m
[2m2026-03-31T12:59:56.754223Z[0m [[32m[1minfo     [0m] [1mfetch                         [0m [36mstatus[0m=[35m200[0m [36murl[0m=[35m'https://news.google.com/rss/search?q=ALL+site:benzinga.com&hl=en-US&gl=US&ceid=US:en'[0m
[2m2026-03-31T12:59:56.787774Z[0m [[32m[1minfo     [0m] [1mparsed                        [0m [36mchannel[0m=[35mgoogle_benzinga[0m [36mraw[0m=[35m100[0m
[2m2026-03-31T12:59:56.787903Z[0m [[32m[1minfo     [0m] [1mcrawling                      [0m [36mchannel[0m=[35m'Google News (all)'[0m [36mtag[0m=[35mgoogle_broad[0m
[2m2026-03-31T12:59:59.355530Z[0m [[32m[1minfo     [0m] [1mfetch                         [0m [36mstatus[0m=[35m200[0m [36murl[0m=[35m'https://news.google.com/rss/search?q=ALL+stock+news&hl=en-US&gl=US&ceid=US:en'[0m
[2m2026-03-31T12:59:59.396017Z[0m [[32m[1minfo     [0m] [1mparsed                        [0m [36mchannel[0m=[35mgoogle_broad[0m [36mraw[0m=[35m67[0m
[2m2026-03-31T13:00:01.892756Z[0m [[32m[1minfo     [0m] [1mfetch                         [0m [36mstatus[0m=[35m200[0m [36murl[0m=[35m'https://news.google.com/rss/search?q=ALL+earnings+analysis&hl=en-US&gl=US&ceid=US:en'[0m
[2m2026-03-31T13:00:01.930196Z[0m [[32m[1minfo     [0m] [1mparsed                        [0m [36mchannel[0m=[35mgoogle_broad[0m [36mraw[0m=[35m59[0m
[2m2026-03-31T13:00:01.931325Z[0m [[32m[1minfo     [0m] [1mquality_filter                [0m [36minput[0m=[35m326[0m [36mpassed[0m=[35m5[0m
[2m2026-03-31T13:00:01.931800Z[0m [[32m[1minfo     [0m] [1mdedup                         [0m [36mafter[0m=[35m3[0m [36mbefore[0m=[35m5[0m
[2m2026-03-31T13:00:04.703210Z[0m [[32m[1minfo     [0m] [1mfetch                         [0m [36mstatus[0m=[35m200[0m [36murl[0m=[35mhttps://www.sandiegouniontribune.com/2026/03/31/all-the-news-thats-fit-cherries-cancer-pow[0m
[2m2026-03-31T13:00:04.913946Z[0m [[32m[1minfo     [0m] [1mcrawling                      [0m [36mchannel[0m=[35mGoogle->Benzinga[0m [36mtag[0m=[35mgoogle_benzinga[0m
[2m2026-03-31T13:00:07.286753Z[0m [[32m[1minfo     [0m] [1mfetch                         [0m [36mstatus[0m=[35m200[0m [36murl[0m=[35m'https://news.google.com/rss/search?q=ZTS+site:benzinga.com&hl=en-US&gl=US&ceid=US:en'[0m
[2m2026-03-31T13:00:07.292690Z[0m [[32m[1minfo     [0m] [1mparsed                        [0m [36mchannel[0m=[35mgoogle_benzinga[0m [36mraw[0m=[35m6[0m
[2m2026-03-31T13:00:09.297854Z[0m [[32m[1minfo     [0m] [1mfetch                         [0m [36mstatus[0m=[35m200[0m [36murl[0m=[35m'https://news.google.com/rss/search?q=ZTS+site:benzinga.com&hl=en-US&gl=US&ceid=US:en'[0m
[2m2026-03-31T13:00:09.300721Z[0m [[32m[1minfo     [0m] [1mparsed                        [0m [36mchannel[0m=[35mgoogle_benzinga[0m [36mraw[0m=[35m6[0m
[2m2026-03-31T13:00:09.300807Z[0m [[32m[1minfo     [0m] [1mcrawling                      [0m [36mchannel[0m=[35m'Google News (all)'[0m [36mtag[0m=[35mgoogle_broad[0m
[2m2026-03-31T13:00:11.728963Z[0m [[32m[1minfo     [0m] [1mfetch                         [0m [36mstatus[0m=[35m200[0m [36murl[0m=[35m'https://news.google.com/rss/search?q=ZTS+stock+news&hl=en-US&gl=US&ceid=US:en'[0m
[2m2026-03-31T13:00:11.829301Z[0m [[32m[1minfo     [0m] [1mparsed                        [0m [36mchannel[0m=[35mgoogle_broad[0m [36mraw[0m=[35m87[0m
[2m2026-03-31T13:00:14.196381Z[0m [[32m[1minfo     [0m] [1mfetch                         [0m [36mstatus[0m=[35m200[0m [36murl[0m=[35m'https://news.google.com/rss/search?q=ZTS+earnings+analysis&hl=en-US&gl=US&ceid=US:en'[0m
[2m2026-03-31T13:00:14.215697Z[0m [[32m[1minfo     [0m] [1mparsed                        [0m [36mchannel[0m=[35mgoogle_broad[0m [36mraw[0m=[35m41[0m
[2m2026-03-31T13:00:14.216263Z[0m [[32m[1minfo     [0m] [1mquality_filter                [0m [36minput[0m=[35m140[0m [36mpassed[0m=[35m1[0m
[2m2026-03-31T13:00:14.216392Z[0m [[32m[1minfo     [0m] [1mdedup                         [0m [36mafter[0m=[35m1[0m [36mbefore[0m=[35m1[0m
[2m2026-03-31T13:00:17.300012Z[0m [[32m[1minfo     [0m] [1mfetch                         [0m [36mstatus[0m=[35m200[0m [36murl[0m=[35mhttps://www.marketbeat.com/instant-alerts/filing-zoetis-inc-zts-stock-position-raised-by-v[0m
[2m2026-03-31T13:00:17.641096Z[0m [[32m[1minfo     [0m] [1mcrawling                      [0m [36mchannel[0m=[35mGoogle->Benzinga[0m [36mtag[0m=[35mgoogle_benzinga[0m
[2m2026-03-31T13:00:20.087542Z[0m [[32m[1minfo     [0m] [1mfetch                         [0m [36mstatus[0m=[35m200[0m [36murl[0m=[35m'https://news.google.com/rss/search?q=AME+site:benzinga.com&hl=en-US&gl=US&ceid=US:en'[0m
[2m2026-03-31T13:00:20.116567Z[0m [[32m[1minfo     [0m] [1mparsed                        [0m [36mchannel[0m=[35mgoogle_benzinga[0m [36mraw[0m=[35m51[0m
[2m2026-03-31T13:00:22.123199Z[0m [[32m[1minfo     [0m] [1mfetch                         [0m [36mstatus[0m=[35m200[0m [36murl[0m=[35m'https://news.google.com/rss/search?q=AME+site:benzinga.com&hl=en-US&gl=US&ceid=US:en'[0m
[2m2026-03-31T13:00:22.139783Z[0m [[32m[1minfo     [0m] [1mparsed                        [0m [36mchannel[0m=[35mgoogle_benzinga[0m [36mraw[0m=[35m51[0m
[2m2026-03-31T13:00:22.139902Z[0m [[32m[1minfo     [0m] [1mcrawling                      [0m [36mchannel[0m=[35m'Google News (all)'[0m [36mtag[0m=[35mgoogle_broad[0m
[2m2026-03-31T13:00:25.849632Z[0m [[32m[1minfo     [0m] [1mfetch                         [0m [36mstatus[0m=[35m200[0m [36murl[0m=[35m'https://news.google.com/rss/search?q=AME+stock+news&hl=en-US&gl=US&ceid=US:en'[0m
[2m2026-03-31T13:00:25.890895Z[0m [[32m[1minfo     [0m] [1mparsed                        [0m [36mchannel[0m=[35mgoogle_broad[0m [36mraw[0m=[35m67[0m
[2m2026-03-31T13:00:28.877556Z[0m [[32m[1minfo     [0m] [1mfetch                         [0m [36mstatus[0m=[35m200[0m [36murl[0m=[35m'https://news.google.com/rss/search?q=AME+earnings+analysis&hl=en-US&gl=US&ceid=US:en'[0m
[2m2026-03-31T13:00:28.913897Z[0m [[32m[1minfo     [0m] [1mparsed                        [0m [36mchannel[0m=[35mgoogle_broad[0m [36mraw[0m=[35m61[0m
[2m2026-03-31T13:00:28.915089Z[0m [[32m[1minfo     [0m] [1mquality_filter                [0m [36minput[0m=[35m230[0m [36mpassed[0m=[35m5[0m
[2m2026-03-31T13:00:28.915932Z[0m [[32m[1minfo     [0m] [1mdedup                         [0m [36mafter[0m=[35m3[0m [36mbefore[0m=[35m5[0m
[2m2026-03-31T13:00:31.287203Z[0m [[32m[1minfo     [0m] [1mfetch                         [0m [36mstatus[0m=[35m403[0m [36murl[0m=[35mhttps://www.gurufocus.com/news/8757087/ame-baird-lowers-price-target-maintains-neutral-rat[0m
[2m2026-03-31T13:00:31.489131Z[0m [[32m[1minfo     [0m] [1mcrawling                      [0m [36mchannel[0m=[35mGoogle->Benzinga[0m [36mtag[0m=[35mgoogle_benzinga[0m
[2m2026-03-31T13:00:33.873588Z[0m [[32m[1minfo     [0m] [1mfetch                         [0m [36mstatus[0m=[35m200[0m [36murl[0m=[35m'https://news.google.com/rss/search?q=GWW+site:benzinga.com&hl=en-US&gl=US&ceid=US:en'[0m
[2m2026-03-31T13:00:33.879408Z[0m [[32m[1minfo     [0m] [1mparsed                        [0m [36mchannel[0m=[35mgoogle_benzinga[0m [36mraw[0m=[35m12[0m
[2m2026-03-31T13:00:35.885203Z[0m [[32m[1minfo     [0m] [1mfetch                         [0m [36mstatus[0m=[35m200[0m [36murl[0m=[35m'https://news.google.com/rss/search?q=GWW+site:benzinga.com&hl=en-US&gl=US&ceid=US:en'[0m
[2m2026-03-31T13:00:35.890251Z[0m [[32m[1minfo     [0m] [1mparsed                        [0m [36mchannel[0m=[35mgoogle_benzinga[0m [36mraw[0m=[35m12[0m
[2m2026-03-31T13:00:35.890387Z[0m [[32m[1minfo     [0m] [1mcrawling                      [0m [36mchannel[0m=[35m'Google News (all)'[0m [36mtag[0m=[35mgoogle_broad[0m
[2m2026-03-31T13:00:38.277198Z[0m [[32m[1minfo     [0m] [1mfetch                         [0m [36mstatus[0m=[35m200[0m [36murl[0m=[35m'https://news.google.com/rss/search?q=GWW+stock+news&hl=en-US&gl=US&ceid=US:en'[0m
[2m2026-03-31T13:00:38.310698Z[0m [[32m[1minfo     [0m] [1mparsed                        [0m [36mchannel[0m=[35mgoogle_broad[0m [36mraw[0m=[35m57[0m
[2m2026-03-31T13:00:41.147829Z[0m [[32m[1minfo     [0m] [1mfetch                         [0m [36mstatus[0m=[35m200[0m [36murl[0m=[35m'https://news.google.com/rss/search?q=GWW+earnings+analysis&hl=en-US&gl=US&ceid=US:en'[0m
[2m2026-03-31T13:00:41.166732Z[0m [[32m[1minfo     [0m] [1mparsed                        [0m [36mchannel[0m=[35mgoogle_broad[0m [36mraw[0m=[35m39[0m
[2m2026-03-31T13:00:41.167456Z[0m [[32m[1minfo     [0m] [1mquality_filter                [0m [36minput[0m=[35m120[0m [36mpassed[0m=[35m3[0m
[2m2026-03-31T13:00:41.167746Z[0m [[32m[1minfo     [0m] [1mdedup                         [0m [36mafter[0m=[35m2[0m [36mbefore[0m=[35m3[0m
[2m2026-03-31T13:00:43.109587Z[0m [[32m[1minfo     [0m] [1mfetch                         [0m [36mstatus[0m=[35m200[0m [36murl[0m=[35mhttps://www.msn.com/en-us/money/topstocks/why-is-ww-grainger-gww-down-39-since-last-earnin[0m
[2m2026-03-31T13:00:43.942782Z[0m [[31m[1merror    [0m] [1mfetch_error                   [0m [36merror[0m=[35m"400, message='Got more than 8190 bytes (8800) when reading Header value is too l"[0m [36murl[0m=[35mhttps://finance.yahoo.com/markets/stocks/articles/w-w-grainger-inc-gww[0m
[2m2026-03-31T13:00:44.144925Z[0m [[32m[1minfo     [0m] [1mcrawling                      [0m [36mchannel[0m=[35mGoogle->Benzinga[0m [36mtag[0m=[35mgoogle_benzinga[0m
[2m2026-03-31T13:00:46.630876Z[0m [[32m[1minfo     [0m] [1mfetch                         [0m [36mstatus[0m=[35m200[0m [36murl[0m=[35m'https://news.google.com/rss/search?q=CAH+site:benzinga.com&hl=en-US&gl=US&ceid=US:en'[0m
[2m2026-03-31T13:00:46.642866Z[0m [[32m[1minfo     [0m] [1mparsed                        [0m [36mchannel[0m=[35mgoogle_benzinga[0m [36mraw[0m=[35m34[0m
[2m2026-03-31T13:00:48.648304Z[0m [[32m[1minfo     [0m] [1mfetch                         [0m [36mstatus[0m=[35m200[0m [36murl[0m=[35m'https://news.google.com/rss/search?q=CAH+site:benzinga.com&hl=en-US&gl=US&ceid=US:en'[0m
[2m2026-03-31T13:00:48.659259Z[0m [[32m[1minfo     [0m] [1mparsed                        [0m [36mchannel[0m=[35mgoogle_benzinga[0m [36mraw[0m=[35m34[0m
[2m2026-03-31T13:00:48.659379Z[0m [[32m[1minfo     [0m] [1mcrawling                      [0m [36mchannel[0m=[35m'Google News (all)'[0m [36mtag[0m=[35mgoogle_broad[0m
[2m2026-03-31T13:00:51.128455Z[0m [[32m[1minfo     [0m] [1mfetch                         [0m [36mstatus[0m=[35m200[0m [36murl[0m=[35m'https://news.google.com/rss/search?q=CAH+stock+news&hl=en-US&gl=US&ceid=US:en'[0m
[2m2026-03-31T13:00:51.244637Z[0m [[32m[1minfo     [0m] [1mparsed                        [0m [36mchannel[0m=[35mgoogle_broad[0m [36mraw[0m=[35m93[0m
[2m2026-03-31T13:00:53.738011Z[0m [[32m[1minfo     [0m] [1mfetch                         [0m [36mstatus[0m=[35m200[0m [36murl[0m=[35m'https://news.google.com/rss/search?q=CAH+earnings+analysis&hl=en-US&gl=US&ceid=US:en'[0m
[2m2026-03-31T13:00:53.766044Z[0m [[32m[1minfo     [0m] [1mparsed                        [0m [36mchannel[0m=[35mgoogle_broad[0m [36mraw[0m=[35m42[0m
[2m2026-03-31T13:00:53.766544Z[0m [[32m[1minfo     [0m] [1mquality_filter                [0m [36minput[0m=[35m203[0m [36mpassed[0m=[35m0[0m
[2m2026-03-31T13:00:53.766601Z[0m [[32m[1minfo     [0m] [1mdedup                         [0m [36mafter[0m=[35m0[0m [36mbefore[0m=[35m0[0m
[2m2026-03-31T13:00:53.767223Z[0m [[32m[1minfo     [0m] [1mcrawling                      [0m [36mchannel[0m=[35mGoogle->Benzinga[0m [36mtag[0m=[35mgoogle_benzinga[0m
[2m2026-03-31T13:00:56.302226Z[0m [[32m[1minfo     [0m] [1mfetch                         [0m [36mstatus[0m=[35m200[0m [36murl[0m=[35m'https://news.google.com/rss/search?q=PSA+site:benzinga.com&hl=en-US&gl=US&ceid=US:en'[0m
[2m2026-03-31T13:00:56.345525Z[0m [[32m[1minfo     [0m] [1mparsed                        [0m [36mchannel[0m=[35mgoogle_benzinga[0m [36mraw[0m=[35m60[0m
[2m2026-03-31T13:00:58.351654Z[0m [[32m[1minfo     [0m] [1mfetch                         [0m [36mstatus[0m=[35m200[0m [36murl[0m=[35m'https://news.google.com/rss/search?q=PSA+site:benzinga.com&hl=en-US&gl=US&ceid=US:en'[0m
[2m2026-03-31T13:00:58.368029Z[0m [[32m[1minfo     [0m] [1mparsed                        [0m [36mchannel[0m=[35mgoogle_benzinga[0m [36mraw[0m=[35m60[0m
[2m2026-03-31T13:00:58.368133Z[0m [[32m[1minfo     [0m] [1mcrawling                      [0m [36mchannel[0m=[35m'Google News (all)'[0m [36mtag[0m=[35mgoogle_broad[0m
[2m2026-03-31T13:01:00.954405Z[0m [[32m[1minfo     [0m] [1mfetch                         [0m [36mstatus[0m=[35m200[0m [36murl[0m=[35m'https://news.google.com/rss/search?q=PSA+stock+news&hl=en-US&gl=US&ceid=US:en'[0m
[2m2026-03-31T13:01:01.000331Z[0m [[32m[1minfo     [0m] [1mparsed                        [0m [36mchannel[0m=[35mgoogle_broad[0m [36mraw[0m=[35m69[0m
[2m2026-03-31T13:01:03.441088Z[0m [[32m[1minfo     [0m] [1mfetch                         [0m [36mstatus[0m=[35m200[0m [36murl[0m=[35m'https://news.google.com/rss/search?q=PSA+earnings+analysis&hl=en-US&gl=US&ceid=US:en'[0m
[2m2026-03-31T13:01:03.466663Z[0m [[32m[1minfo     [0m] [1mparsed                        [0m [36mchannel[0m=[35mgoogle_broad[0m [36mraw[0m=[35m57[0m
[2m2026-03-31T13:01:03.467266Z[0m [[32m[1minfo     [0m] [1mquality_filter                [0m [36minput[0m=[35m246[0m [36mpassed[0m=[35m0[0m
[2m2026-03-31T13:01:03.467349Z[0m [[32m[1minfo     [0m] [1mdedup                         [0m [36mafter[0m=[35m0[0m [36mbefore[0m=[35m0[0m
[2m2026-03-31T13:01:03.468004Z[0m [[32m[1minfo     [0m] [1mcrawling                      [0m [36mchannel[0m=[35mGoogle->Benzinga[0m [36mtag[0m=[35mgoogle_benzinga[0m
[2m2026-03-31T13:01:05.834036Z[0m [[32m[1minfo     [0m] [1mfetch                         [0m [36mstatus[0m=[35m200[0m [36murl[0m=[35m'https://news.google.com/rss/search?q=CTVA+site:benzinga.com&hl=en-US&gl=US&ceid=US:en'[0m
[2m2026-03-31T13:01:05.840958Z[0m [[32m[1minfo     [0m] [1mparsed                        [0m [36mchannel[0m=[35mgoogle_benzinga[0m [36mraw[0m=[35m18[0m
[2m2026-03-31T13:01:07.847512Z[0m [[32m[1minfo     [0m] [1mfetch                         [0m [36mstatus[0m=[35m200[0m [36murl[0m=[35m'https://news.google.com/rss/search?q=CTVA+site:benzinga.com&hl=en-US&gl=US&ceid=US:en'[0m
[2m2026-03-31T13:01:07.855560Z[0m [[32m[1minfo     [0m] [1mparsed                        [0m [36mchannel[0m=[35mgoogle_benzinga[0m [36mraw[0m=[35m18[0m
[2m2026-03-31T13:01:07.855684Z[0m [[32m[1minfo     [0m] [1mcrawling                      [0m [36mchannel[0m=[35m'Google News (all)'[0m [36mtag[0m=[35mgoogle_broad[0m
[2m2026-03-31T13:01:10.277301Z[0m [[32m[1minfo     [0m] [1mfetch                         [0m [36mstatus[0m=[35m200[0m [36murl[0m=[35m'https://news.google.com/rss/search?q=CTVA+stock+news&hl=en-US&gl=US&ceid=US:en'[0m
[2m2026-03-31T13:01:10.371130Z[0m [[32m[1minfo     [0m] [1mparsed                        [0m [36mchannel[0m=[35mgoogle_broad[0m [36mraw[0m=[35m80[0m
[2m2026-03-31T13:01:12.800778Z[0m [[32m[1minfo     [0m] [1mfetch                         [0m [36mstatus[0m=[35m200[0m [36murl[0m=[35m'https://news.google.com/rss/search?q=CTVA+earnings+analysis&hl=en-US&gl=US&ceid=US:en'[0m
[2m2026-03-31T13:01:12.819301Z[0m [[32m[1minfo     [0m] [1mparsed                        [0m [36mchannel[0m=[35mgoogle_broad[0m [36mraw[0m=[35m38[0m
[2m2026-03-31T13:01:12.819900Z[0m [[32m[1minfo     [0m] [1mquality_filter                [0m [36minput[0m=[35m154[0m [36mpassed[0m=[35m0[0m
[2m2026-03-31T13:01:12.819980Z[0m [[32m[1minfo     [0m] [1mdedup                         [0m [36mafter[0m=[35m0[0m [36mbefore[0m=[35m0[0m
[2m2026-03-31T13:01:12.820752Z[0m [[32m[1minfo     [0m] [1mcrawling                      [0m [36mchannel[0m=[35mGoogle->Benzinga[0m [36mtag[0m=[35mgoogle_benzinga[0m
[2m2026-03-31T13:01:15.263696Z[0m [[32m[1minfo     [0m] [1mfetch                         [0m [36mstatus[0m=[35m200[0m [36murl[0m=[35m'https://news.google.com/rss/search?q=CARR+site:benzinga.com&hl=en-US&gl=US&ceid=US:en'[0m
[2m2026-03-31T13:01:15.293778Z[0m [[32m[1minfo     [0m] [1mparsed                        [0m [36mchannel[0m=[35mgoogle_benzinga[0m [36mraw[0m=[35m50[0m
[2m2026-03-31T13:01:17.329584Z[0m [[32m[1minfo     [0m] [1mfetch                         [0m [36mstatus[0m=[35m200[0m [36murl[0m=[35m'https://news.google.com/rss/search?q=CARR+site:benzinga.com&hl=en-US&gl=US&ceid=US:en'[0m
[2m2026-03-31T13:01:17.344451Z[0m [[32m[1minfo     [0m] [1mparsed                        [0m [36mchannel[0m=[35mgoogle_benzinga[0m [36mraw[0m=[35m50[0m
[2m2026-03-31T13:01:17.344606Z[0m [[32m[1minfo     [0m] [1mcrawling                      [0m [36mchannel[0m=[35m'Google News (all)'[0m [36mtag[0m=[35mgoogle_broad[0m
[2m2026-03-31T13:01:19.857268Z[0m [[32m[1minfo     [0m] [1mfetch                         [0m [36mstatus[0m=[35m200[0m [36murl[0m=[35m'https://news.google.com/rss/search?q=CARR+stock+news&hl=en-US&gl=US&ceid=US:en'[0m
[2m2026-03-31T13:01:19.950297Z[0m [[32m[1minfo     [0m] [1mparsed                        [0m [36mchannel[0m=[35mgoogle_broad[0m [36mraw[0m=[35m74[0m
[2m2026-03-31T13:01:22.428013Z[0m [[32m[1minfo     [0m] [1mfetch                         [0m [36mstatus[0m=[35m200[0m [36murl[0m=[35m'https://news.google.com/rss/search?q=CARR+earnings+analysis&hl=en-US&gl=US&ceid=US:en'[0m
[2m2026-03-31T13:01:22.456591Z[0m [[32m[1minfo     [0m] [1mparsed                        [0m [36mchannel[0m=[35mgoogle_broad[0m [36mraw[0m=[35m51[0m
[2m2026-03-31T13:01:22.457392Z[0m [[32m[1minfo     [0m] [1mquality_filter                [0m [36minput[0m=[35m225[0m [36mpassed[0m=[35m2[0m
[2m2026-03-31T13:01:22.457688Z[0m [[32m[1minfo     [0m] [1mdedup                         [0m [36mafter[0m=[35m1[0m [36mbefore[0m=[35m2[0m
[2m2026-03-31T13:01:25.048118Z[0m [[32m[1minfo     [0m] [1mfetch                         [0m [36mstatus[0m=[35m200[0m [36murl[0m=[35mhttps://stockstory.org/us/stocks/nyse/carr/news/earnings/q4-earnings-roundup-carrier-globa[0m
[2m2026-03-31T13:01:25.250623Z[0m [[32m[1minfo     [0m] [1mcrawling                      [0m [36mchannel[0m=[35mGoogle->Benzinga[0m [36mtag[0m=[35mgoogle_benzinga[0m
[2m2026-03-31T13:01:28.045742Z[0m [[32m[1minfo     [0m] [1mfetch                         [0m [36mstatus[0m=[35m200[0m [36murl[0m=[35m'https://news.google.com/rss/search?q=KEYS+site:benzinga.com&hl=en-US&gl=US&ceid=US:en'[0m
[2m2026-03-31T13:01:28.150138Z[0m [[32m[1minfo     [0m] [1mparsed                        [0m [36mchannel[0m=[35mgoogle_benzinga[0m [36mraw[0m=[35m100[0m
[2m2026-03-31T13:01:30.327279Z[0m [[32m[1minfo     [0m] [1mfetch                         [0m [36mstatus[0m=[35m200[0m [36murl[0m=[35m'https://news.google.com/rss/search?q=KEYS+site:benzinga.com&hl=en-US&gl=US&ceid=US:en'[0m
[2m2026-03-31T13:01:30.358367Z[0m [[32m[1minfo     [0m] [1mparsed                        [0m [36mchannel[0m=[35mgoogle_benzinga[0m [36mraw[0m=[35m100[0m
[2m2026-03-31T13:01:30.358482Z[0m [[32m[1minfo     [0m] [1mcrawling                      [0m [36mchannel[0m=[35m'Google News (all)'[0m [36mtag[0m=[35mgoogle_broad[0m
[2m2026-03-31T13:01:32.994589Z[0m [[32m[1minfo     [0m] [1mfetch                         [0m [36mstatus[0m=[35m200[0m [36murl[0m=[35m'https://news.google.com/rss/search?q=KEYS+stock+news&hl=en-US&gl=US&ceid=US:en'[0m
[2m2026-03-31T13:01:33.105024Z[0m [[32m[1minfo     [0m] [1mparsed                        [0m [36mchannel[0m=[35mgoogle_broad[0m [36mraw[0m=[35m93[0m
[2m2026-03-31T13:01:35.584847Z[0m [[32m[1minfo     [0m] [1mfetch                         [0m [36mstatus[0m=[35m200[0m [36murl[0m=[35m'https://news.google.com/rss/search?q=KEYS+earnings+analysis&hl=en-US&gl=US&ceid=US:en'[0m
[2m2026-03-31T13:01:35.682349Z[0m [[32m[1minfo     [0m] [1mparsed                        [0m [36mchannel[0m=[35mgoogle_broad[0m [36mraw[0m=[35m91[0m
[2m2026-03-31T13:01:35.683098Z[0m [[32m[1minfo     [0m] [1mquality_filter                [0m [36minput[0m=[35m384[0m [36mpassed[0m=[35m2[0m
[2m2026-03-31T13:01:35.683294Z[0m [[32m[1minfo     [0m] [1mdedup                         [0m [36mafter[0m=[35m2[0m [36mbefore[0m=[35m2[0m
[2m2026-03-31T13:01:37.506366Z[0m [[32m[1minfo     [0m] [1mfetch                         [0m [36mstatus[0m=[35m403[0m [36murl[0m=[35mhttps://www.gurufocus.com/news/8757091/baird-raises-price-target-for-keys-to-310-maintains[0m
[2m2026-03-31T13:01:38.392508Z[0m [[31m[1merror    [0m] [1mfetch_error                   [0m [36merror[0m=[35m"400, message='Got more than 8190 bytes (8704) when reading Header value is too l"[0m [36murl[0m=[35mhttps://sg.finance.yahoo.com/news/makes-keysight-technologies-keys-def[0m
[2m2026-03-31T13:01:38.594766Z[0m [[32m[1minfo     [0m] [1mcrawling                      [0m [36mchannel[0m=[35mGoogle->Benzinga[0m [36mtag[0m=[35mgoogle_benzinga[0m
[2m2026-03-31T13:01:41.068465Z[0m [[32m[1minfo     [0m] [1mfetch                         [0m [36mstatus[0m=[35m200[0m [36murl[0m=[35m'https://news.google.com/rss/search?q=ADSK+site:benzinga.com&hl=en-US&gl=US&ceid=US:en'[0m
[2m2026-03-31T13:01:41.110393Z[0m [[32m[1minfo     [0m] [1mparsed                        [0m [36mchannel[0m=[35mgoogle_benzinga[0m [36mraw[0m=[35m63[0m
[2m2026-03-31T13:01:43.124342Z[0m [[32m[1minfo     [0m] [1mfetch                         [0m [36mstatus[0m=[35m200[0m [36murl[0m=[35m'https://news.google.com/rss/search?q=ADSK+site:benzinga.com&hl=en-US&gl=US&ceid=US:en'[0m
[2m2026-03-31T13:01:43.144428Z[0m [[32m[1minfo     [0m] [1mparsed                        [0m [36mchannel[0m=[35mgoogle_benzinga[0m [36mraw[0m=[35m63[0m
[2m2026-03-31T13:01:43.144590Z[0m [[32m[1minfo     [0m] [1mcrawling                      [0m [36mchannel[0m=[35m'Google News (all)'[0m [36mtag[0m=[35mgoogle_broad[0m
[2m2026-03-31T13:01:45.633254Z[0m [[32m[1minfo     [0m] [1mfetch                         [0m [36mstatus[0m=[35m200[0m [36murl[0m=[35m'https://news.google.com/rss/search?q=ADSK+stock+news&hl=en-US&gl=US&ceid=US:en'[0m
[2m2026-03-31T13:01:45.736257Z[0m [[32m[1minfo     [0m] [1mparsed                        [0m [36mchannel[0m=[35mgoogle_broad[0m [36mraw[0m=[35m100[0m
[2m2026-03-31T13:01:48.128896Z[0m [[32m[1minfo     [0m] [1mfetch                         [0m [36mstatus[0m=[35m200[0m [36murl[0m=[35m'https://news.google.com/rss/search?q=ADSK+earnings+analysis&hl=en-US&gl=US&ceid=US:en'[0m
[2m2026-03-31T13:01:48.150810Z[0m [[32m[1minfo     [0m] [1mparsed                        [0m [36mchannel[0m=[35mgoogle_broad[0m [36mraw[0m=[35m42[0m
[2m2026-03-31T13:01:48.151399Z[0m [[32m[1minfo     [0m] [1mquality_filter                [0m [36minput[0m=[35m268[0m [36mpassed[0m=[35m0[0m
[2m2026-03-31T13:01:48.151476Z[0m [[32m[1minfo     [0m] [1mdedup                         [0m [36mafter[0m=[35m0[0m [36mbefore[0m=[35m0[0m
[2m2026-03-31T13:01:48.152367Z[0m [[32m[1minfo     [0m] [1mcrawling                      [0m [36mchannel[0m=[35mGoogle->Benzinga[0m [36mtag[0m=[35mgoogle_benzinga[0m
[2m2026-03-31T13:01:50.859877Z[0m [[32m[1minfo     [0m] [1mfetch                         [0m [36mstatus[0m=[35m200[0m [36murl[0m=[35m'https://news.google.com/rss/search?q=TGT+site:benzinga.com&hl=en-US&gl=US&ceid=US:en'[0m
[2m2026-03-31T13:01:50.966967Z[0m [[32m[1minfo     [0m] [1mparsed                        [0m [36mchannel[0m=[35mgoogle_benzinga[0m [36mraw[0m=[35m100[0m
[2m2026-03-31T13:01:52.974882Z[0m [[32m[1minfo     [0m] [1mfetch                         [0m [36mstatus[0m=[35m200[0m [36murl[0m=[35m'https://news.google.com/rss/search?q=TGT+site:benzinga.com&hl=en-US&gl=US&ceid=US:en'[0m
[2m2026-03-31T13:01:53.000684Z[0m [[32m[1minfo     [0m] [1mparsed                        [0m [36mchannel[0m=[35mgoogle_benzinga[0m [36mraw[0m=[35m100[0m
[2m2026-03-31T13:01:53.000791Z[0m [[32m[1minfo     [0m] [1mcrawling                      [0m [36mchannel[0m=[35m'Google News (all)'[0m [36mtag[0m=[35mgoogle_broad[0m
[2m2026-03-31T13:01:55.566454Z[0m [[32m[1minfo     [0m] [1mfetch                         [0m [36mstatus[0m=[35m200[0m [36murl[0m=[35m'https://news.google.com/rss/search?q=TGT+stock+news&hl=en-US&gl=US&ceid=US:en'[0m
[2m2026-03-31T13:01:55.673146Z[0m [[32m[1minfo     [0m] [1mparsed                        [0m [36mchannel[0m=[35mgoogle_broad[0m [36mraw[0m=[35m100[0m
[2m2026-03-31T13:01:58.199828Z[0m [[32m[1minfo     [0m] [1mfetch                         [0m [36mstatus[0m=[35m200[0m [36murl[0m=[35m'https://news.google.com/rss/search?q=TGT+earnings+analysis&hl=en-US&gl=US&ceid=US:en'[0m
[2m2026-03-31T13:01:58.310184Z[0m [[32m[1minfo     [0m] [1mparsed                        [0m [36mchannel[0m=[35mgoogle_broad[0m [36mraw[0m=[35m89[0m
[2m2026-03-31T13:01:58.310893Z[0m [[32m[1minfo     [0m] [1mquality_filter                [0m [36minput[0m=[35m389[0m [36mpassed[0m=[35m1[0m
[2m2026-03-31T13:01:58.311019Z[0m [[32m[1minfo     [0m] [1mdedup                         [0m [36mafter[0m=[35m1[0m [36mbefore[0m=[35m1[0m
[2m2026-03-31T13:02:00.662482Z[0m [[32m[1minfo     [0m] [1mfetch                         [0m [36mstatus[0m=[35m200[0m [36murl[0m=[35mhttps://www.marketbeat.com/instant-alerts/filing-target-corporation-tgt-stock-position-low[0m
[2m2026-03-31T13:02:00.896042Z[0m [[32m[1minfo     [0m] [1mcrawling                      [0m [36mchannel[0m=[35mGoogle->Benzinga[0m [36mtag[0m=[35mgoogle_benzinga[0m
[2m2026-03-31T13:02:03.766484Z[0m [[32m[1minfo     [0m] [1mfetch                         [0m [36mstatus[0m=[35m200[0m [36murl[0m=[35m'https://news.google.com/rss/search?q=BDX+site:benzinga.com&hl=en-US&gl=US&ceid=US:en'[0m
[2m2026-03-31T13:02:03.778855Z[0m [[32m[1minfo     [0m] [1mparsed                        [0m [36mchannel[0m=[35mgoogle_benzinga[0m [36mraw[0m=[35m28[0m
[2m2026-03-31T13:02:05.790966Z[0m [[32m[1minfo     [0m] [1mfetch                         [0m [36mstatus[0m=[35m200[0m [36murl[0m=[35m'https://news.google.com/rss/search?q=BDX+site:benzinga.com&hl=en-US&gl=US&ceid=US:en'[0m
[2m2026-03-31T13:02:05.806372Z[0m [[32m[1minfo     [0m] [1mparsed                        [0m [36mchannel[0m=[35mgoogle_benzinga[0m [36mraw[0m=[35m28[0m
[2m2026-03-31T13:02:05.806513Z[0m [[32m[1minfo     [0m] [1mcrawling                      [0m [36mchannel[0m=[35m'Google News (all)'[0m [36mtag[0m=[35mgoogle_broad[0m
[2m2026-03-31T13:02:08.369940Z[0m [[32m[1minfo     [0m] [1mfetch                         [0m [36mstatus[0m=[35m200[0m [36murl[0m=[35m'https://news.google.com/rss/search?q=BDX+stock+news&hl=en-US&gl=US&ceid=US:en'[0m
[2m2026-03-31T13:02:08.469061Z[0m [[32m[1minfo     [0m] [1mparsed                        [0m [36mchannel[0m=[35mgoogle_broad[0m [36mraw[0m=[35m100[0m
[2m2026-03-31T13:02:10.856954Z[0m [[32m[1minfo     [0m] [1mfetch                         [0m [36mstatus[0m=[35m200[0m [36murl[0m=[35m'https://news.google.com/rss/search?q=BDX+earnings+analysis&hl=en-US&gl=US&ceid=US:en'[0m
[2m2026-03-31T13:02:10.879773Z[0m [[32m[1minfo     [0m] [1mparsed                        [0m [36mchannel[0m=[35mgoogle_broad[0m [36mraw[0m=[35m43[0m
[2m2026-03-31T13:02:10.880332Z[0m [[32m[1minfo     [0m] [1mquality_filter                [0m [36minput[0m=[35m199[0m [36mpassed[0m=[35m0[0m
[2m2026-03-31T13:02:10.880406Z[0m [[32m[1minfo     [0m] [1mdedup                         [0m [36mafter[0m=[35m0[0m [36mbefore[0m=[35m0[0m
[2m2026-03-31T13:02:10.881275Z[0m [[32m[1minfo     [0m] [1mcrawling                      [0m [36mchannel[0m=[35mGoogle->Benzinga[0m [36mtag[0m=[35mgoogle_benzinga[0m
[2m2026-03-31T13:02:13.463825Z[0m [[32m[1minfo     [0m] [1mfetch                         [0m [36mstatus[0m=[35m200[0m [36murl[0m=[35m'https://news.google.com/rss/search?q=EA+site:benzinga.com&hl=en-US&gl=US&ceid=US:en'[0m
[2m2026-03-31T13:02:13.556937Z[0m [[32m[1minfo     [0m] [1mparsed                        [0m [36mchannel[0m=[35mgoogle_benzinga[0m [36mraw[0m=[35m100[0m
[2m2026-03-31T13:02:15.581202Z[0m [[32m[1minfo     [0m] [1mfetch                         [0m [36mstatus[0m=[35m200[0m [36murl[0m=[35m'https://news.google.com/rss/search?q=EA+site:benzinga.com&hl=en-US&gl=US&ceid=US:en'[0m
[2m2026-03-31T13:02:15.610819Z[0m [[32m[1minfo     [0m] [1mparsed                        [0m [36mchannel[0m=[35mgoogle_benzinga[0m [36mraw[0m=[35m100[0m
[2m2026-03-31T13:02:15.610988Z[0m [[32m[1minfo     [0m] [1mcrawling                      [0m [36mchannel[0m=[35m'Google News (all)'[0m [36mtag[0m=[35mgoogle_broad[0m
[2m2026-03-31T13:02:18.184393Z[0m [[32m[1minfo     [0m] [1mfetch                         [0m [36mstatus[0m=[35m200[0m [36murl[0m=[35m'https://news.google.com/rss/search?q=EA+stock+news&hl=en-US&gl=US&ceid=US:en'[0m
[2m2026-03-31T13:02:18.294134Z[0m [[32m[1minfo     [0m] [1mparsed                        [0m [36mchannel[0m=[35mgoogle_broad[0m [36mraw[0m=[35m100[0m
[2m2026-03-31T13:02:20.943112Z[0m [[32m[1minfo     [0m] [1mfetch                         [0m [36mstatus[0m=[35m200[0m [36murl[0m=[35m'https://news.google.com/rss/search?q=EA+earnings+analysis&hl=en-US&gl=US&ceid=US:en'[0m
[2m2026-03-31T13:02:21.018983Z[0m [[32m[1minfo     [0m] [1mparsed                        [0m [36mchannel[0m=[35mgoogle_broad[0m [36mraw[0m=[35m62[0m
[2m2026-03-31T13:02:21.019651Z[0m [[32m[1minfo     [0m] [1mquality_filter                [0m [36minput[0m=[35m362[0m [36mpassed[0m=[35m2[0m
[2m2026-03-31T13:02:21.019802Z[0m [[32m[1minfo     [0m] [1mdedup                         [0m [36mafter[0m=[35m1[0m [36mbefore[0m=[35m2[0m
[2m2026-03-31T13:02:23.011816Z[0m [[32m[1minfo     [0m] [1mcrawling                      [0m [36mchannel[0m=[35mGoogle->Benzinga[0m [36mtag[0m=[35mgoogle_benzinga[0m
[2m2026-03-31T13:02:25.571643Z[0m [[32m[1minfo     [0m] [1mfetch                         [0m [36mstatus[0m=[35m200[0m [36murl[0m=[35m'https://news.google.com/rss/search?q=EW+site:benzinga.com&hl=en-US&gl=US&ceid=US:en'[0m
[2m2026-03-31T13:02:25.672358Z[0m [[32m[1minfo     [0m] [1mparsed                        [0m [36mchannel[0m=[35mgoogle_benzinga[0m [36mraw[0m=[35m89[0m
[2m2026-03-31T13:02:27.695605Z[0m [[32m[1minfo     [0m] [1mfetch                         [0m [36mstatus[0m=[35m200[0m [36murl[0m=[35m'https://news.google.com/rss/search?q=EW+site:benzinga.com&hl=en-US&gl=US&ceid=US:en'[0m
[2m2026-03-31T13:02:27.715872Z[0m [[32m[1minfo     [0m] [1mparsed                        [0m [36mchannel[0m=[35mgoogle_benzinga[0m [36mraw[0m=[35m89[0m
[2m2026-03-31T13:02:27.715992Z[0m [[32m[1minfo     [0m] [1mcrawling                      [0m [36mchannel[0m=[35m'Google News (all)'[0m [36mtag[0m=[35mgoogle_broad[0m
[2m2026-03-31T13:02:30.256472Z[0m [[32m[1minfo     [0m] [1mfetch                         [0m [36mstatus[0m=[35m200[0m [36murl[0m=[35m'https://news.google.com/rss/search?q=EW+stock+news&hl=en-US&gl=US&ceid=US:en'[0m
[2m2026-03-31T13:02:30.346702Z[0m [[32m[1minfo     [0m] [1mparsed                        [0m [36mchannel[0m=[35mgoogle_broad[0m [36mraw[0m=[35m76[0m
[2m2026-03-31T13:02:33.038609Z[0m [[32m[1minfo     [0m] [1mfetch                         [0m [36mstatus[0m=[35m200[0m [36murl[0m=[35m'https://news.google.com/rss/search?q=EW+earnings+analysis&hl=en-US&gl=US&ceid=US:en'[0m
[2m2026-03-31T13:02:33.122417Z[0m [[32m[1minfo     [0m] [1mparsed                        [0m [36mchannel[0m=[35mgoogle_broad[0m [36mraw[0m=[35m71[0m
[2m2026-03-31T13:02:33.123487Z[0m [[32m[1minfo     [0m] [1mquality_filter                [0m [36minput[0m=[35m325[0m [36mpassed[0m=[35m0[0m
[2m2026-03-31T13:02:33.123575Z[0m [[32m[1minfo     [0m] [1mdedup                         [0m [36mafter[0m=[35m0[0m [36mbefore[0m=[35m0[0m
[2m2026-03-31T13:02:33.124182Z[0m [[32m[1minfo     [0m] [1mcrawling                      [0m [36mchannel[0m=[35mGoogle->Benzinga[0m [36mtag[0m=[35mgoogle_benzinga[0m
[2m2026-03-31T13:02:35.728886Z[0m [[32m[1minfo     [0m] [1mfetch                         [0m [36mstatus[0m=[35m200[0m [36murl[0m=[35m'https://news.google.com/rss/search?q=CIEN+site:benzinga.com&hl=en-US&gl=US&ceid=US:en'[0m
[2m2026-03-31T13:02:35.747373Z[0m [[32m[1minfo     [0m] [1mparsed                        [0m [36mchannel[0m=[35mgoogle_benzinga[0m [36mraw[0m=[35m52[0m
[2m2026-03-31T13:02:37.761724Z[0m [[32m[1minfo     [0m] [1mfetch                         [0m [36mstatus[0m=[35m200[0m [36murl[0m=[35m'https://news.google.com/rss/search?q=CIEN+site:benzinga.com&hl=en-US&gl=US&ceid=US:en'[0m
[2m2026-03-31T13:02:37.784974Z[0m [[32m[1minfo     [0m] [1mparsed                        [0m [36mchannel[0m=[35mgoogle_benzinga[0m [36mraw[0m=[35m52[0m
[2m2026-03-31T13:02:37.785105Z[0m [[32m[1minfo     [0m] [1mcrawling                      [0m [36mchannel[0m=[35m'Google News (all)'[0m [36mtag[0m=[35mgoogle_broad[0m
[2m2026-03-31T13:02:40.297461Z[0m [[32m[1minfo     [0m] [1mfetch                         [0m [36mstatus[0m=[35m200[0m [36murl[0m=[35m'https://news.google.com/rss/search?q=CIEN+stock+news&hl=en-US&gl=US&ceid=US:en'[0m
[2m2026-03-31T13:02:40.405914Z[0m [[32m[1minfo     [0m] [1mparsed                        [0m [36mchannel[0m=[35mgoogle_broad[0m [36mraw[0m=[35m100[0m
[2m2026-03-31T13:02:42.993485Z[0m [[32m[1minfo     [0m] [1mfetch                         [0m [36mstatus[0m=[35m200[0m [36murl[0m=[35m'https://news.google.com/rss/search?q=CIEN+earnings+analysis&hl=en-US&gl=US&ceid=US:en'[0m
[2m2026-03-31T13:02:43.016871Z[0m [[32m[1minfo     [0m] [1mparsed                        [0m [36mchannel[0m=[35mgoogle_broad[0m [36mraw[0m=[35m49[0m
[2m2026-03-31T13:02:43.017900Z[0m [[32m[1minfo     [0m] [1mquality_filter                [0m [36minput[0m=[35m253[0m [36mpassed[0m=[35m11[0m
[2m2026-03-31T13:02:43.018608Z[0m [[32m[1minfo     [0m] [1mdedup                         [0m [36mafter[0m=[35m11[0m [36mbefore[0m=[35m11[0m
[2m2026-03-31T13:02:45.108418Z[0m [[32m[1minfo     [0m] [1mfetch                         [0m [36mstatus[0m=[35m403[0m [36murl[0m=[35mhttps://www.mexc.com/news/991305[0m
[2m2026-03-31T13:02:45.573995Z[0m [[32m[1minfo     [0m] [1mfetch                         [0m [36mstatus[0m=[35m429[0m [36murl[0m=[35mhttps://www.stocktitan.net/sec-filings/CIEN/form-4-ciena-corp-insider-trading-activity-f30[0m
[2m2026-03-31T13:02:45.589288Z[0m [[32m[1minfo     [0m] [1mfetch                         [0m [36mstatus[0m=[35m429[0m [36murl[0m=[35mhttps://www.stocktitan.net/sec-filings/CIEN/form-4-ciena-corp-insider-trading-activity-817[0m
[2m2026-03-31T13:02:45.722057Z[0m [[32m[1minfo     [0m] [1mfetch                         [0m [36mstatus[0m=[35m200[0m [36murl[0m=[35mhttps://www.stocktitan.net/sec-filings/CIEN/form-4-ciena-corp-insider-trading-activity-bdf[0m
[2m2026-03-31T13:02:45.986619Z[0m [[32m[1minfo     [0m] [1mfetch                         [0m [36mstatus[0m=[35m429[0m [36murl[0m=[35mhttps://www.stocktitan.net/sec-filings/CIEN/form-4-ciena-corp-insider-trading-activity-1d1[0m
[2m2026-03-31T13:02:46.185376Z[0m [[32m[1minfo     [0m] [1mfetch                         [0m [36mstatus[0m=[35m200[0m [36murl[0m=[35mhttps://www.stocktitan.net/sec-filings/CIEN/form-4-ciena-corp-insider-trading-activity-2d6[0m
[2m2026-03-31T13:02:46.743350Z[0m [[32m[1minfo     [0m] [1mfetch                         [0m [36mstatus[0m=[35m429[0m [36murl[0m=[35mhttps://www.stocktitan.net/sec-filings/CIEN/form-4-ciena-corp-insider-trading-activity-b56[0m
[2m2026-03-31T13:02:47.459859Z[0m [[32m[1minfo     [0m] [1mfetch                         [0m [36mstatus[0m=[35m429[0m [36murl[0m=[35mhttps://www.stocktitan.net/sec-filings/CIEN/form-4-ciena-corp-insider-trading-activity-5ec[0m
[2m2026-03-31T13:02:47.636241Z[0m [[32m[1minfo     [0m] [1mfetch                         [0m [36mstatus[0m=[35m429[0m [36murl[0m=[35mhttps://www.stocktitan.net/sec-filings/CIEN/form-4-ciena-corp-insider-trading-activity-af1[0m
[2m2026-03-31T13:02:47.703502Z[0m [[32m[1minfo     [0m] [1mfetch                         [0m [36mstatus[0m=[35m429[0m [36murl[0m=[35mhttps://www.stocktitan.net/sec-filings/CIEN/form-4-ciena-corp-insider-trading-activity-13a[0m
[2m2026-03-31T13:02:47.829114Z[0m [[32m[1minfo     [0m] [1mfetch                         [0m [36mstatus[0m=[35m403[0m [36murl[0m=[35mhttps://www.gurufocus.com/news/8756573/ciena-corp-cien-stock-price-down-702-on-mar-30?mobi[0m
[2m2026-03-31T13:02:48.031884Z[0m [[32m[1minfo     [0m] [1mcrawling                      [0m [36mchannel[0m=[35mGoogle->Benzinga[0m [36mtag[0m=[35mgoogle_benzinga[0m
[2m2026-03-31T13:02:50.480864Z[0m [[32m[1minfo     [0m] [1mfetch                         [0m [36mstatus[0m=[35m200[0m [36murl[0m=[35m'https://news.google.com/rss/search?q=GRMN+site:benzinga.com&hl=en-US&gl=US&ceid=US:en'[0m
[2m2026-03-31T13:02:50.486979Z[0m [[32m[1minfo     [0m] [1mparsed                        [0m [36mchannel[0m=[35mgoogle_benzinga[0m [36mraw[0m=[35m17[0m
[2m2026-03-31T13:02:52.502960Z[0m [[32m[1minfo     [0m] [1mfetch                         [0m [36mstatus[0m=[35m200[0m [36murl[0m=[35m'https://news.google.com/rss/search?q=GRMN+site:benzinga.com&hl=en-US&gl=US&ceid=US:en'[0m
[2m2026-03-31T13:02:52.509198Z[0m [[32m[1minfo     [0m] [1mparsed                        [0m [36mchannel[0m=[35mgoogle_benzinga[0m [36mraw[0m=[35m17[0m
[2m2026-03-31T13:02:52.509313Z[0m [[32m[1minfo     [0m] [1mcrawling                      [0m [36mchannel[0m=[35m'Google News (all)'[0m [36mtag[0m=[35mgoogle_broad[0m
[2m2026-03-31T13:02:54.996694Z[0m [[32m[1minfo     [0m] [1mfetch                         [0m [36mstatus[0m=[35m200[0m [36murl[0m=[35m'https://news.google.com/rss/search?q=GRMN+stock+news&hl=en-US&gl=US&ceid=US:en'[0m
[2m2026-03-31T13:02:55.109669Z[0m [[32m[1minfo     [0m] [1mparsed                        [0m [36mchannel[0m=[35mgoogle_broad[0m [36mraw[0m=[35m100[0m
[2m2026-03-31T13:02:57.530168Z[0m [[32m[1minfo     [0m] [1mfetch                         [0m [36mstatus[0m=[35m200[0m [36murl[0m=[35m'https://news.google.com/rss/search?q=GRMN+earnings+analysis&hl=en-US&gl=US&ceid=US:en'[0m
[2m2026-03-31T13:02:57.567049Z[0m [[32m[1minfo     [0m] [1mparsed                        [0m [36mchannel[0m=[35mgoogle_broad[0m [36mraw[0m=[35m56[0m
[2m2026-03-31T13:02:57.567630Z[0m [[32m[1minfo     [0m] [1mquality_filter                [0m [36minput[0m=[35m190[0m [36mpassed[0m=[35m0[0m
[2m2026-03-31T13:02:57.567697Z[0m [[32m[1minfo     [0m] [1mdedup                         [0m [36mafter[0m=[35m0[0m [36mbefore[0m=[35m0[0m
[2m2026-03-31T13:02:57.568676Z[0m [[32m[1minfo     [0m] [1mcrawling                      [0m [36mchannel[0m=[35mGoogle->Benzinga[0m [36mtag[0m=[35mgoogle_benzinga[0m
[2m2026-03-31T13:03:00.077307Z[0m [[32m[1minfo     [0m] [1mfetch                         [0m [36mstatus[0m=[35m200[0m [36murl[0m=[35m'https://news.google.com/rss/search?q=HSY+site:benzinga.com&hl=en-US&gl=US&ceid=US:en'[0m
[2m2026-03-31T13:03:00.087039Z[0m [[32m[1minfo     [0m] [1mparsed                        [0m [36mchannel[0m=[35mgoogle_benzinga[0m [36mraw[0m=[35m28[0m
[2m2026-03-31T13:03:02.100434Z[0m [[32m[1minfo     [0m] [1mfetch                         [0m [36mstatus[0m=[35m200[0m [36murl[0m=[35m'https://news.google.com/rss/search?q=HSY+site:benzinga.com&hl=en-US&gl=US&ceid=US:en'[0m
[2m2026-03-31T13:03:02.121618Z[0m [[32m[1minfo     [0m] [1mparsed                        [0m [36mchannel[0m=[35mgoogle_benzinga[0m [36mraw[0m=[35m28[0m
[2m2026-03-31T13:03:02.121717Z[0m [[32m[1minfo     [0m] [1mcrawling                      [0m [36mchannel[0m=[35m'Google News (all)'[0m [36mtag[0m=[35mgoogle_broad[0m
[2m2026-03-31T13:03:04.689565Z[0m [[32m[1minfo     [0m] [1mfetch                         [0m [36mstatus[0m=[35m200[0m [36murl[0m=[35m'https://news.google.com/rss/search?q=HSY+stock+news&hl=en-US&gl=US&ceid=US:en'[0m
[2m2026-03-31T13:03:04.767193Z[0m [[32m[1minfo     [0m] [1mparsed                        [0m [36mchannel[0m=[35mgoogle_broad[0m [36mraw[0m=[35m100[0m
[2m2026-03-31T13:03:07.250614Z[0m [[32m[1minfo     [0m] [1mfetch                         [0m [36mstatus[0m=[35m200[0m [36murl[0m=[35m'https://news.google.com/rss/search?q=HSY+earnings+analysis&hl=en-US&gl=US&ceid=US:en'[0m
[2m2026-03-31T13:03:07.284171Z[0m [[32m[1minfo     [0m] [1mparsed                        [0m [36mchannel[0m=[35mgoogle_broad[0m [36mraw[0m=[35m47[0m
[2m2026-03-31T13:03:07.284993Z[0m [[32m[1minfo     [0m] [1mquality_filter                [0m [36minput[0m=[35m203[0m [36mpassed[0m=[35m3[0m
[2m2026-03-31T13:03:07.285296Z[0m [[32m[1minfo     [0m] [1mdedup                         [0m [36mafter[0m=[35m3[0m [36mbefore[0m=[35m3[0m
[2m2026-03-31T13:03:09.400944Z[0m [[32m[1minfo     [0m] [1mfetch                         [0m [36mstatus[0m=[35m403[0m [36murl[0m=[35mhttps://www.gurufocus.com/news/8757228/hsy-stock-deutsche-bank-lowers-price-target-maintai[0m
[2m2026-03-31T13:03:09.638708Z[0m [[32m[1minfo     [0m] [1mfetch                         [0m [36mstatus[0m=[35m200[0m [36murl[0m=[35mhttps://www.marketbeat.com/instant-alerts/deutsche-bank-aktiengesellschaft-issues-pessimis[0m
[2m2026-03-31T13:03:10.106099Z[0m [[31m[1merror    [0m] [1mfetch_error                   [0m [36merror[0m=[35m"400, message='Got more than 8190 bytes (8800) when reading Header value is too l"[0m [36murl[0m=[35mhttps://finance.yahoo.com/markets/stocks/articles/hershey-hsy-solid-gr[0m
[2m2026-03-31T13:03:10.309068Z[0m [[32m[1minfo     [0m] [1mcrawling                      [0m [36mchannel[0m=[35mGoogle->Benzinga[0m [36mtag[0m=[35mgoogle_benzinga[0m
[2m2026-03-31T13:03:12.899331Z[0m [[32m[1minfo     [0m] [1mfetch                         [0m [36mstatus[0m=[35m200[0m [36murl[0m=[35m'https://news.google.com/rss/search?q=CVNA+site:benzinga.com&hl=en-US&gl=US&ceid=US:en'[0m
[2m2026-03-31T13:03:13.022499Z[0m [[32m[1minfo     [0m] [1mparsed                        [0m [36mchannel[0m=[35mgoogle_benzinga[0m [36mraw[0m=[35m100[0m
[2m2026-03-31T13:03:15.031144Z[0m [[32m[1minfo     [0m] [1mfetch                         [0m [36mstatus[0m=[35m200[0m [36murl[0m=[35m'https://news.google.com/rss/search?q=CVNA+site:benzinga.com&hl=en-US&gl=US&ceid=US:en'[0m
[2m2026-03-31T13:03:15.064991Z[0m [[32m[1minfo     [0m] [1mparsed                        [0m [36mchannel[0m=[35mgoogle_benzinga[0m [36mraw[0m=[35m100[0m
[2m2026-03-31T13:03:15.065118Z[0m [[32m[1minfo     [0m] [1mcrawling                      [0m [36mchannel[0m=[35m'Google News (all)'[0m [36mtag[0m=[35mgoogle_broad[0m
[2m2026-03-31T13:03:17.698102Z[0m [[32m[1minfo     [0m] [1mfetch                         [0m [36mstatus[0m=[35m200[0m [36murl[0m=[35m'https://news.google.com/rss/search?q=CVNA+stock+news&hl=en-US&gl=US&ceid=US:en'[0m
[2m2026-03-31T13:03:17.807103Z[0m [[32m[1minfo     [0m] [1mparsed                        [0m [36mchannel[0m=[35mgoogle_broad[0m [36mraw[0m=[35m100[0m
[2m2026-03-31T13:03:20.225125Z[0m [[32m[1minfo     [0m] [1mfetch                         [0m [36mstatus[0m=[35m200[0m [36murl[0m=[35m'https://news.google.com/rss/search?q=CVNA+earnings+analysis&hl=en-US&gl=US&ceid=US:en'[0m
[2m2026-03-31T13:03:20.271238Z[0m [[32m[1minfo     [0m] [1mparsed                        [0m [36mchannel[0m=[35mgoogle_broad[0m [36mraw[0m=[35m62[0m
[2m2026-03-31T13:03:20.272590Z[0m [[32m[1minfo     [0m] [1mquality_filter                [0m [36minput[0m=[35m362[0m [36mpassed[0m=[35m7[0m
[2m2026-03-31T13:03:20.273056Z[0m [[32m[1minfo     [0m] [1mdedup                         [0m [36mafter[0m=[35m5[0m [36mbefore[0m=[35m7[0m
[2m2026-03-31T13:03:22.810682Z[0m [[31m[1merror    [0m] [1mfetch_error                   [0m [36merror[0m=[35m"400, message='Got more than 8190 bytes (8800) when reading Header value is too l"[0m [36murl[0m=[35mhttps://finance.yahoo.com/markets/stocks/articles/carvana-co-cvna-good[0m
[2m2026-03-31T13:03:23.004093Z[0m [[31m[1merror    [0m] [1mfetch_error                   [0m [36merror[0m=[35m"400, message='Got more than 8190 bytes (8800) when reading Header value is too l"[0m [36murl[0m=[35mhttps://finance.yahoo.com/markets/stocks/articles/time-reconsider-carv[0m
[2m2026-03-31T13:03:23.041663Z[0m [[32m[1minfo     [0m] [1mfetch                         [0m [36mstatus[0m=[35m200[0m [36murl[0m=[35mhttps://www.marketbeat.com/instant-alerts/carvana-nysecvna-stock-price-down-81-whats-next-[0m
[2m2026-03-31T13:03:24.770389Z[0m [[32m[1minfo     [0m] [1mfetch                         [0m [36mstatus[0m=[35m200[0m [36murl[0m=[35mhttps://coincentral.com/carvana-cvna-stock-drops-6-as-forward-split-fails-to-lift-investor[0m
[2m2026-03-31T13:03:25.023101Z[0m [[32m[1minfo     [0m] [1mcrawling                      [0m [36mchannel[0m=[35mGoogle->Benzinga[0m [36mtag[0m=[35mgoogle_benzinga[0m
[2m2026-03-31T13:03:27.711825Z[0m [[32m[1minfo     [0m] [1mfetch                         [0m [36mstatus[0m=[35m200[0m [36murl[0m=[35m'https://news.google.com/rss/search?q=MET+site:benzinga.com&hl=en-US&gl=US&ceid=US:en'[0m
[2m2026-03-31T13:03:27.823979Z[0m [[32m[1minfo     [0m] [1mparsed                        [0m [36mchannel[0m=[35mgoogle_benzinga[0m [36mraw[0m=[35m100[0m
[2m2026-03-31T13:03:29.829768Z[0m [[32m[1minfo     [0m] [1mfetch                         [0m [36mstatus[0m=[35m200[0m [36murl[0m=[35m'https://news.google.com/rss/search?q=MET+site:benzinga.com&hl=en-US&gl=US&ceid=US:en'[0m
[2m2026-03-31T13:03:29.858645Z[0m [[32m[1minfo     [0m] [1mparsed                        [0m [36mchannel[0m=[35mgoogle_benzinga[0m [36mraw[0m=[35m100[0m
[2m2026-03-31T13:03:29.858784Z[0m [[32m[1minfo     [0m] [1mcrawling                      [0m [36mchannel[0m=[35m'Google News (all)'[0m [36mtag[0m=[35mgoogle_broad[0m
[2m2026-03-31T13:03:32.366587Z[0m [[32m[1minfo     [0m] [1mfetch                         [0m [36mstatus[0m=[35m200[0m [36murl[0m=[35m'https://news.google.com/rss/search?q=MET+stock+news&hl=en-US&gl=US&ceid=US:en'[0m
[2m2026-03-31T13:03:32.467019Z[0m [[32m[1minfo     [0m] [1mparsed                        [0m [36mchannel[0m=[35mgoogle_broad[0m [36mraw[0m=[35m76[0m
[2m2026-03-31T13:03:35.032012Z[0m [[32m[1minfo     [0m] [1mfetch                         [0m [36mstatus[0m=[35m200[0m [36murl[0m=[35m'https://news.google.com/rss/search?q=MET+earnings+analysis&hl=en-US&gl=US&ceid=US:en'[0m
[2m2026-03-31T13:03:35.130825Z[0m [[32m[1minfo     [0m] [1mparsed                        [0m [36mchannel[0m=[35mgoogle_broad[0m [36mraw[0m=[35m76[0m
[2m2026-03-31T13:03:35.131515Z[0m [[32m[1minfo     [0m] [1mquality_filter                [0m [36minput[0m=[35m352[0m [36mpassed[0m=[35m0[0m
[2m2026-03-31T13:03:35.131611Z[0m [[32m[1minfo     [0m] [1mdedup                         [0m [36mafter[0m=[35m0[0m [36mbefore[0m=[35m0[0m
[2m2026-03-31T13:03:35.132509Z[0m [[32m[1minfo     [0m] [1mcrawling                      [0m [36mchannel[0m=[35mGoogle->Benzinga[0m [36mtag[0m=[35mgoogle_benzinga[0m
[2m2026-03-31T13:03:38.119890Z[0m [[32m[1minfo     [0m] [1mfetch                         [0m [36mstatus[0m=[35m200[0m [36murl[0m=[35m'https://news.google.com/rss/search?q=YUM+site:benzinga.com&hl=en-US&gl=US&ceid=US:en'[0m
[2m2026-03-31T13:03:38.223885Z[0m [[32m[1minfo     [0m] [1mparsed                        [0m [36mchannel[0m=[35mgoogle_benzinga[0m [36mraw[0m=[35m82[0m
[2m2026-03-31T13:03:40.244686Z[0m [[32m[1minfo     [0m] [1mfetch                         [0m [36mstatus[0m=[35m200[0m [36murl[0m=[35m'https://news.google.com/rss/search?q=YUM+site:benzinga.com&hl=en-US&gl=US&ceid=US:en'[0m
[2m2026-03-31T13:03:40.266697Z[0m [[32m[1minfo     [0m] [1mparsed                        [0m [36mchannel[0m=[35mgoogle_benzinga[0m [36mraw[0m=[35m82[0m
[2m2026-03-31T13:03:40.266825Z[0m [[32m[1minfo     [0m] [1mcrawling                      [0m [36mchannel[0m=[35m'Google News (all)'[0m [36mtag[0m=[35mgoogle_broad[0m
[2m2026-03-31T13:03:42.834468Z[0m [[32m[1minfo     [0m] [1mfetch                         [0m [36mstatus[0m=[35m200[0m [36murl[0m=[35m'https://news.google.com/rss/search?q=YUM+stock+news&hl=en-US&gl=US&ceid=US:en'[0m
[2m2026-03-31T13:03:42.950023Z[0m [[32m[1minfo     [0m] [1mparsed                        [0m [36mchannel[0m=[35mgoogle_broad[0m [36mraw[0m=[35m100[0m
[2m2026-03-31T13:03:45.465407Z[0m [[32m[1minfo     [0m] [1mfetch                         [0m [36mstatus[0m=[35m200[0m [36murl[0m=[35m'https://news.google.com/rss/search?q=YUM+earnings+analysis&hl=en-US&gl=US&ceid=US:en'[0m
[2m2026-03-31T13:03:45.503701Z[0m [[32m[1minfo     [0m] [1mparsed                        [0m [36mchannel[0m=[35mgoogle_broad[0m [36mraw[0m=[35m58[0m
[2m2026-03-31T13:03:45.504621Z[0m [[32m[1minfo     [0m] [1mquality_filter                [0m [36minput[0m=[35m322[0m [36mpassed[0m=[35m3[0m
[2m2026-03-31T13:03:45.504986Z[0m [[32m[1minfo     [0m] [1mdedup                         [0m [36mafter[0m=[35m2[0m [36mbefore[0m=[35m3[0m
[2m2026-03-31T13:03:47.891027Z[0m [[32m[1minfo     [0m] [1mfetch                         [0m [36mstatus[0m=[35m401[0m [36murl[0m=[35mhttps://www.reuters.com/world/asia-pacific/australias-collins-foods-transfer-20-taco-bell-[0m
[2m2026-03-31T13:03:48.094275Z[0m [[32m[1minfo     [0m] [1mcrawling                      [0m [36mchannel[0m=[35mGoogle->Benzinga[0m [36mtag[0m=[35mgoogle_benzinga[0m
[2m2026-03-31T13:03:50.685089Z[0m [[32m[1minfo     [0m] [1mfetch                         [0m [36mstatus[0m=[35m200[0m [36murl[0m=[35m'https://news.google.com/rss/search?q=DHI+site:benzinga.com&hl=en-US&gl=US&ceid=US:en'[0m
[2m2026-03-31T13:03:50.714543Z[0m [[32m[1minfo     [0m] [1mparsed                        [0m [36mchannel[0m=[35mgoogle_benzinga[0m [36mraw[0m=[35m49[0m
[2m2026-03-31T13:03:52.720965Z[0m [[32m[1minfo     [0m] [1mfetch                         [0m [36mstatus[0m=[35m200[0m [36murl[0m=[35m'https://news.google.com/rss/search?q=DHI+site:benzinga.com&hl=en-US&gl=US&ceid=US:en'[0m
[2m2026-03-31T13:03:52.736040Z[0m [[32m[1minfo     [0m] [1mparsed                        [0m [36mchannel[0m=[35mgoogle_benzinga[0m [36mraw[0m=[35m49[0m
[2m2026-03-31T13:03:52.736156Z[0m [[32m[1minfo     [0m] [1mcrawling                      [0m [36mchannel[0m=[35m'Google News (all)'[0m [36mtag[0m=[35mgoogle_broad[0m
[2m2026-03-31T13:03:55.211868Z[0m [[32m[1minfo     [0m] [1mfetch                         [0m [36mstatus[0m=[35m200[0m [36murl[0m=[35m'https://news.google.com/rss/search?q=DHI+stock+news&hl=en-US&gl=US&ceid=US:en'[0m
[2m2026-03-31T13:03:55.313859Z[0m [[32m[1minfo     [0m] [1mparsed                        [0m [36mchannel[0m=[35mgoogle_broad[0m [36mraw[0m=[35m89[0m
[2m2026-03-31T13:03:57.764846Z[0m [[32m[1minfo     [0m] [1mfetch                         [0m [36mstatus[0m=[35m200[0m [36murl[0m=[35m'https://news.google.com/rss/search?q=DHI+earnings+analysis&hl=en-US&gl=US&ceid=US:en'[0m
[2m2026-03-31T13:03:57.806992Z[0m [[32m[1minfo     [0m] [1mparsed                        [0m [36mchannel[0m=[35mgoogle_broad[0m [36mraw[0m=[35m49[0m
[2m2026-03-31T13:03:57.807613Z[0m [[32m[1minfo     [0m] [1mquality_filter                [0m [36minput[0m=[35m236[0m [36mpassed[0m=[35m0[0m
[2m2026-03-31T13:03:57.807685Z[0m [[32m[1minfo     [0m] [1mdedup                         [0m [36mafter[0m=[35m0[0m [36mbefore[0m=[35m0[0m
[2m2026-03-31T13:03:57.808589Z[0m [[32m[1minfo     [0m] [1mcrawling                      [0m [36mchannel[0m=[35mGoogle->Benzinga[0m [36mtag[0m=[35mgoogle_benzinga[0m
[2m2026-03-31T13:04:00.734445Z[0m [[32m[1minfo     [0m] [1mfetch                         [0m [36mstatus[0m=[35m200[0m [36murl[0m=[35m'https://news.google.com/rss/search?q=FITB+site:benzinga.com&hl=en-US&gl=US&ceid=US:en'[0m
[2m2026-03-31T13:04:00.743299Z[0m [[32m[1minfo     [0m] [1mparsed                        [0m [36mchannel[0m=[35mgoogle_benzinga[0m [36mraw[0m=[35m25[0m
[2m2026-03-31T13:04:02.766333Z[0m [[32m[1minfo     [0m] [1mfetch                         [0m [36mstatus[0m=[35m200[0m [36murl[0m=[35m'https://news.google.com/rss/search?q=FITB+site:benzinga.com&hl=en-US&gl=US&ceid=US:en'[0m
[2m2026-03-31T13:04:02.779771Z[0m [[32m[1minfo     [0m] [1mparsed                        [0m [36mchannel[0m=[35mgoogle_benzinga[0m [36mraw[0m=[35m25[0m
[2m2026-03-31T13:04:02.779892Z[0m [[32m[1minfo     [0m] [1mcrawling                      [0m [36mchannel[0m=[35m'Google News (all)'[0m [36mtag[0m=[35mgoogle_broad[0m
[2m2026-03-31T13:04:05.446037Z[0m [[32m[1minfo     [0m] [1mfetch                         [0m [36mstatus[0m=[35m200[0m [36murl[0m=[35m'https://news.google.com/rss/search?q=FITB+stock+news&hl=en-US&gl=US&ceid=US:en'[0m
[2m2026-03-31T13:04:05.558101Z[0m [[32m[1minfo     [0m] [1mparsed                        [0m [36mchannel[0m=[35mgoogle_broad[0m [36mraw[0m=[35m100[0m
[2m2026-03-31T13:04:08.107919Z[0m [[32m[1minfo     [0m] [1mfetch                         [0m [36mstatus[0m=[35m200[0m [36murl[0m=[35m'https://news.google.com/rss/search?q=FITB+earnings+analysis&hl=en-US&gl=US&ceid=US:en'[0m
[2m2026-03-31T13:04:08.140087Z[0m [[32m[1minfo     [0m] [1mparsed                        [0m [36mchannel[0m=[35mgoogle_broad[0m [36mraw[0m=[35m49[0m
[2m2026-03-31T13:04:08.140721Z[0m [[32m[1minfo     [0m] [1mquality_filter                [0m [36minput[0m=[35m199[0m [36mpassed[0m=[35m1[0m
[2m2026-03-31T13:04:08.140862Z[0m [[32m[1minfo     [0m] [1mdedup                         [0m [36mafter[0m=[35m1[0m [36mbefore[0m=[35m1[0m
[2m2026-03-31T13:04:11.433839Z[0m [[32m[1minfo     [0m] [1mfetch                         [0m [36mstatus[0m=[35m200[0m [36murl[0m=[35mhttps://www.theglobeandmail.com/investing/markets/stocks/HOOD/pressreleases/1060818/analys[0m
[2m2026-03-31T13:04:11.843618Z[0m [[32m[1minfo     [0m] [1mcrawling                      [0m [36mchannel[0m=[35mGoogle->Benzinga[0m [36mtag[0m=[35mgoogle_benzinga[0m
[2m2026-03-31T13:04:14.337442Z[0m [[32m[1minfo     [0m] [1mfetch                         [0m [36mstatus[0m=[35m200[0m [36murl[0m=[35m'https://news.google.com/rss/search?q=SYY+site:benzinga.com&hl=en-US&gl=US&ceid=US:en'[0m
[2m2026-03-31T13:04:14.348212Z[0m [[32m[1minfo     [0m] [1mparsed                        [0m [36mchannel[0m=[35mgoogle_benzinga[0m [36mraw[0m=[35m33[0m
[2m2026-03-31T13:04:16.357228Z[0m [[32m[1minfo     [0m] [1mfetch                         [0m [36mstatus[0m=[35m200[0m [36murl[0m=[35m'https://news.google.com/rss/search?q=SYY+site:benzinga.com&hl=en-US&gl=US&ceid=US:en'[0m
[2m2026-03-31T13:04:16.369687Z[0m [[32m[1minfo     [0m] [1mparsed                        [0m [36mchannel[0m=[35mgoogle_benzinga[0m [36mraw[0m=[35m33[0m
[2m2026-03-31T13:04:16.369804Z[0m [[32m[1minfo     [0m] [1mcrawling                      [0m [36mchannel[0m=[35m'Google News (all)'[0m [36mtag[0m=[35mgoogle_broad[0m
[2m2026-03-31T13:04:19.092526Z[0m [[32m[1minfo     [0m] [1mfetch                         [0m [36mstatus[0m=[35m200[0m [36murl[0m=[35m'https://news.google.com/rss/search?q=SYY+stock+news&hl=en-US&gl=US&ceid=US:en'[0m
[2m2026-03-31T13:04:19.186579Z[0m [[32m[1minfo     [0m] [1mparsed                        [0m [36mchannel[0m=[35mgoogle_broad[0m [36mraw[0m=[35m74[0m
[2m2026-03-31T13:04:21.610980Z[0m [[32m[1minfo     [0m] [1mfetch                         [0m [36mstatus[0m=[35m200[0m [36murl[0m=[35m'https://news.google.com/rss/search?q=SYY+earnings+analysis&hl=en-US&gl=US&ceid=US:en'[0m
[2m2026-03-31T13:04:21.644025Z[0m [[32m[1minfo     [0m] [1mparsed                        [0m [36mchannel[0m=[35mgoogle_broad[0m [36mraw[0m=[35m59[0m
[2m2026-03-31T13:04:21.644923Z[0m [[32m[1minfo     [0m] [1mquality_filter                [0m [36minput[0m=[35m199[0m [36mpassed[0m=[35m8[0m
[2m2026-03-31T13:04:21.645461Z[0m [[32m[1minfo     [0m] [1mdedup                         [0m [36mafter[0m=[35m6[0m [36mbefore[0m=[35m8[0m
[2m2026-03-31T13:04:23.525776Z[0m [[32m[1minfo     [0m] [1mfetch                         [0m [36mstatus[0m=[35m403[0m [36murl[0m=[35mhttps://www.mexc.com/news/991881[0m
[2m2026-03-31T13:04:23.690492Z[0m [[32m[1minfo     [0m] [1mfetch                         [0m [36mstatus[0m=[35m403[0m [36murl[0m=[35mhttps://www.tipranks.com/news/ma-news-sysco-stock-syy-sours-12-as-it-pauses-share-buybacks[0m
[2m2026-03-31T13:04:23.929377Z[0m [[32m[1minfo     [0m] [1mfetch                         [0m [36mstatus[0m=[35m200[0m [36murl[0m=[35mhttps://parameter.io/sysco-syy-stock-plunges-5-following-massive-29b-jetro-restaurant-depo[0m
[2m2026-03-31T13:04:24.503836Z[0m [[32m[1minfo     [0m] [1mfetch                         [0m [36mstatus[0m=[35m200[0m [36murl[0m=[35mhttps://blockonomi.com/sysco-syy-shares-sink-5-following-29b-jetro-restaurant-depot-acquis[0m
[2m2026-03-31T13:04:26.447797Z[0m [[32m[1minfo     [0m] [1mfetch                         [0m [36mstatus[0m=[35m200[0m [36murl[0m=[35mhttps://moneycheck.com/sysco-syy-stock-plunges-5-following-29b-restaurant-depot-acquisitio[0m
[2m2026-03-31T13:04:26.657256Z[0m [[32m[1minfo     [0m] [1mcrawling                      [0m [36mchannel[0m=[35mGoogle->Benzinga[0m [36mtag[0m=[35mgoogle_benzinga[0m
[2m2026-03-31T13:04:29.139378Z[0m [[32m[1minfo     [0m] [1mfetch                         [0m [36mstatus[0m=[35m200[0m [36murl[0m=[35m'https://news.google.com/rss/search?q=CBRE+site:benzinga.com&hl=en-US&gl=US&ceid=US:en'[0m
[2m2026-03-31T13:04:29.168166Z[0m [[32m[1minfo     [0m] [1mparsed                        [0m [36mchannel[0m=[35mgoogle_benzinga[0m [36mraw[0m=[35m49[0m
[2m2026-03-31T13:04:31.175225Z[0m [[32m[1minfo     [0m] [1mfetch                         [0m [36mstatus[0m=[35m200[0m [36murl[0m=[35m'https://news.google.com/rss/search?q=CBRE+site:benzinga.com&hl=en-US&gl=US&ceid=US:en'[0m
[2m2026-03-31T13:04:31.189929Z[0m [[32m[1minfo     [0m] [1mparsed                        [0m [36mchannel[0m=[35mgoogle_benzinga[0m [36mraw[0m=[35m49[0m
[2m2026-03-31T13:04:31.190047Z[0m [[32m[1minfo     [0m] [1mcrawling                      [0m [36mchannel[0m=[35m'Google News (all)'[0m [36mtag[0m=[35mgoogle_broad[0m
[2m2026-03-31T13:04:33.690739Z[0m [[32m[1minfo     [0m] [1mfetch                         [0m [36mstatus[0m=[35m200[0m [36murl[0m=[35m'https://news.google.com/rss/search?q=CBRE+stock+news&hl=en-US&gl=US&ceid=US:en'[0m
[2m2026-03-31T13:04:33.798835Z[0m [[32m[1minfo     [0m] [1mparsed                        [0m [36mchannel[0m=[35mgoogle_broad[0m [36mraw[0m=[35m90[0m
[2m2026-03-31T13:04:36.251598Z[0m [[32m[1minfo     [0m] [1mfetch                         [0m [36mstatus[0m=[35m200[0m [36murl[0m=[35m'https://news.google.com/rss/search?q=CBRE+earnings+analysis&hl=en-US&gl=US&ceid=US:en'[0m
[2m2026-03-31T13:04:36.286944Z[0m [[32m[1minfo     [0m] [1mparsed                        [0m [36mchannel[0m=[35mgoogle_broad[0m [36mraw[0m=[35m56[0m
[2m2026-03-31T13:04:36.287644Z[0m [[32m[1minfo     [0m] [1mquality_filter                [0m [36minput[0m=[35m244[0m [36mpassed[0m=[35m0[0m
[2m2026-03-31T13:04:36.287735Z[0m [[32m[1minfo     [0m] [1mdedup                         [0m [36mafter[0m=[35m0[0m [36mbefore[0m=[35m0[0m
[2m2026-03-31T13:04:36.288723Z[0m [[32m[1minfo     [0m] [1mcrawling                      [0m [36mchannel[0m=[35mGoogle->Benzinga[0m [36mtag[0m=[35mgoogle_benzinga[0m
[2m2026-03-31T13:04:39.197300Z[0m [[32m[1minfo     [0m] [1mfetch                         [0m [36mstatus[0m=[35m200[0m [36murl[0m=[35m'https://news.google.com/rss/search?q=AIG+site:benzinga.com&hl=en-US&gl=US&ceid=US:en'[0m
[2m2026-03-31T13:04:39.222454Z[0m [[32m[1minfo     [0m] [1mparsed                        [0m [36mchannel[0m=[35mgoogle_benzinga[0m [36mraw[0m=[35m41[0m
[2m2026-03-31T13:04:41.227884Z[0m [[32m[1minfo     [0m] [1mfetch                         [0m [36mstatus[0m=[35m200[0m [36murl[0m=[35m'https://news.google.com/rss/search?q=AIG+site:benzinga.com&hl=en-US&gl=US&ceid=US:en'[0m
[2m2026-03-31T13:04:41.241635Z[0m [[32m[1minfo     [0m] [1mparsed                        [0m [36mchannel[0m=[35mgoogle_benzinga[0m [36mraw[0m=[35m41[0m
[2m2026-03-31T13:04:41.241749Z[0m [[32m[1minfo     [0m] [1mcrawling                      [0m [36mchannel[0m=[35m'Google News (all)'[0m [36mtag[0m=[35mgoogle_broad[0m
[2m2026-03-31T13:04:43.769741Z[0m [[32m[1minfo     [0m] [1mfetch                         [0m [36mstatus[0m=[35m200[0m [36murl[0m=[35m'https://news.google.com/rss/search?q=AIG+stock+news&hl=en-US&gl=US&ceid=US:en'[0m
[2m2026-03-31T13:04:43.884856Z[0m [[32m[1minfo     [0m] [1mparsed                        [0m [36mchannel[0m=[35mgoogle_broad[0m [36mraw[0m=[35m100[0m
[2m2026-03-31T13:04:46.448281Z[0m [[32m[1minfo     [0m] [1mfetch                         [0m [36mstatus[0m=[35m200[0m [36murl[0m=[35m'https://news.google.com/rss/search?q=AIG+earnings+analysis&hl=en-US&gl=US&ceid=US:en'[0m
[2m2026-03-31T13:04:46.485310Z[0m [[32m[1minfo     [0m] [1mparsed                        [0m [36mchannel[0m=[35mgoogle_broad[0m [36mraw[0m=[35m54[0m
[2m2026-03-31T13:04:46.486064Z[0m [[32m[1minfo     [0m] [1mquality_filter                [0m [36minput[0m=[35m236[0m [36mpassed[0m=[35m1[0m
[2m2026-03-31T13:04:46.486264Z[0m [[32m[1minfo     [0m] [1mdedup                         [0m [36mafter[0m=[35m1[0m [36mbefore[0m=[35m1[0m
[2m2026-03-31T13:04:49.302744Z[0m [[32m[1minfo     [0m] [1mfetch                         [0m [36mstatus[0m=[35m200[0m [36murl[0m=[35mhttps://www.stocktitan.net/sec-filings/AIG/form-4-american-international-group-inc-insider[0m
[2m2026-03-31T13:04:49.515316Z[0m [[32m[1minfo     [0m] [1mcrawling                      [0m [36mchannel[0m=[35mGoogle->Benzinga[0m [36mtag[0m=[35mgoogle_benzinga[0m
[2m2026-03-31T13:04:52.079567Z[0m [[32m[1minfo     [0m] [1mfetch                         [0m [36mstatus[0m=[35m200[0m [36murl[0m=[35m'https://news.google.com/rss/search?q=KR+site:benzinga.com&hl=en-US&gl=US&ceid=US:en'[0m
[2m2026-03-31T13:04:52.119782Z[0m [[32m[1minfo     [0m] [1mparsed                        [0m [36mchannel[0m=[35mgoogle_benzinga[0m [36mraw[0m=[35m70[0m
[2m2026-03-31T13:04:54.126483Z[0m [[32m[1minfo     [0m] [1mfetch                         [0m [36mstatus[0m=[35m200[0m [36murl[0m=[35m'https://news.google.com/rss/search?q=KR+site:benzinga.com&hl=en-US&gl=US&ceid=US:en'[0m
[2m2026-03-31T13:04:54.146097Z[0m [[32m[1minfo     [0m] [1mparsed                        [0m [36mchannel[0m=[35mgoogle_benzinga[0m [36mraw[0m=[35m70[0m
[2m2026-03-31T13:04:54.146233Z[0m [[32m[1minfo     [0m] [1mcrawling                      [0m [36mchannel[0m=[35m'Google News (all)'[0m [36mtag[0m=[35mgoogle_broad[0m
[2m2026-03-31T13:04:56.746663Z[0m [[32m[1minfo     [0m] [1mfetch                         [0m [36mstatus[0m=[35m200[0m [36murl[0m=[35m'https://news.google.com/rss/search?q=KR+stock+news&hl=en-US&gl=US&ceid=US:en'[0m
[2m2026-03-31T13:04:56.857516Z[0m [[32m[1minfo     [0m] [1mparsed                        [0m [36mchannel[0m=[35mgoogle_broad[0m [36mraw[0m=[35m100[0m
[2m2026-03-31T13:04:59.382973Z[0m [[32m[1minfo     [0m] [1mfetch                         [0m [36mstatus[0m=[35m200[0m [36murl[0m=[35m'https://news.google.com/rss/search?q=KR+earnings+analysis&hl=en-US&gl=US&ceid=US:en'[0m
[2m2026-03-31T13:04:59.474546Z[0m [[32m[1minfo     [0m] [1mparsed                        [0m [36mchannel[0m=[35mgoogle_broad[0m [36mraw[0m=[35m66[0m
[2m2026-03-31T13:04:59.475267Z[0m [[32m[1minfo     [0m] [1mquality_filter                [0m [36minput[0m=[35m306[0m [36mpassed[0m=[35m0[0m
[2m2026-03-31T13:04:59.475369Z[0m [[32m[1minfo     [0m] [1mdedup                         [0m [36mafter[0m=[35m0[0m [36mbefore[0m=[35m0[0m
[2m2026-03-31T13:04:59.476105Z[0m [[32m[1minfo     [0m] [1mcrawling                      [0m [36mchannel[0m=[35mGoogle->Benzinga[0m [36mtag[0m=[35mgoogle_benzinga[0m
[2m2026-03-31T13:05:02.544318Z[0m [[32m[1minfo     [0m] [1mfetch                         [0m [36mstatus[0m=[35m200[0m [36murl[0m=[35m'https://news.google.com/rss/search?q=AMP+site:benzinga.com&hl=en-US&gl=US&ceid=US:en'[0m
[2m2026-03-31T13:05:02.662239Z[0m [[32m[1minfo     [0m] [1mparsed                        [0m [36mchannel[0m=[35mgoogle_benzinga[0m [36mraw[0m=[35m100[0m
[2m2026-03-31T13:05:04.668625Z[0m [[32m[1minfo     [0m] [1mfetch                         [0m [36mstatus[0m=[35m200[0m [36murl[0m=[35m'https://news.google.com/rss/search?q=AMP+site:benzinga.com&hl=en-US&gl=US&ceid=US:en'[0m
[2m2026-03-31T13:05:04.699399Z[0m [[32m[1minfo     [0m] [1mparsed                        [0m [36mchannel[0m=[35mgoogle_benzinga[0m [36mraw[0m=[35m100[0m
[2m2026-03-31T13:05:04.699533Z[0m [[32m[1minfo     [0m] [1mcrawling                      [0m [36mchannel[0m=[35m'Google News (all)'[0m [36mtag[0m=[35mgoogle_broad[0m
[2m2026-03-31T13:05:07.243106Z[0m [[32m[1minfo     [0m] [1mfetch                         [0m [36mstatus[0m=[35m200[0m [36murl[0m=[35m'https://news.google.com/rss/search?q=AMP+stock+news&hl=en-US&gl=US&ceid=US:en'[0m
[2m2026-03-31T13:05:07.344758Z[0m [[32m[1minfo     [0m] [1mparsed                        [0m [36mchannel[0m=[35mgoogle_broad[0m [36mraw[0m=[35m87[0m
[2m2026-03-31T13:05:09.810133Z[0m [[32m[1minfo     [0m] [1mfetch                         [0m [36mstatus[0m=[35m200[0m [36murl[0m=[35m'https://news.google.com/rss/search?q=AMP+earnings+analysis&hl=en-US&gl=US&ceid=US:en'[0m
[2m2026-03-31T13:05:09.907832Z[0m [[32m[1minfo     [0m] [1mparsed                        [0m [36mchannel[0m=[35mgoogle_broad[0m [36mraw[0m=[35m73[0m
[2m2026-03-31T13:05:09.908726Z[0m [[32m[1minfo     [0m] [1mquality_filter                [0m [36minput[0m=[35m360[0m [36mpassed[0m=[35m2[0m
[2m2026-03-31T13:05:09.909031Z[0m [[32m[1minfo     [0m] [1mdedup                         [0m [36mafter[0m=[35m1[0m [36mbefore[0m=[35m2[0m
[2m2026-03-31T13:05:11.769085Z[0m [[32m[1minfo     [0m] [1mfetch                         [0m [36mstatus[0m=[35m403[0m [36murl[0m=[35mhttps://www.fool.com.au/2026/03/30/amp-jumps-on-150-million-buyback-and-ceo-handover-is-th[0m
[2m2026-03-31T13:05:11.971013Z[0m [[32m[1minfo     [0m] [1mcrawling                      [0m [36mchannel[0m=[35mGoogle->Benzinga[0m [36mtag[0m=[35mgoogle_benzinga[0m
[2m2026-03-31T13:05:14.777185Z[0m [[32m[1minfo     [0m] [1mfetch                         [0m [36mstatus[0m=[35m200[0m [36murl[0m=[35m'https://news.google.com/rss/search?q=DAL+site:benzinga.com&hl=en-US&gl=US&ceid=US:en'[0m
[2m2026-03-31T13:05:14.893486Z[0m [[32m[1minfo     [0m] [1mparsed                        [0m [36mchannel[0m=[35mgoogle_benzinga[0m [36mraw[0m=[35m100[0m
[2m2026-03-31T13:05:16.900220Z[0m [[32m[1minfo     [0m] [1mfetch                         [0m [36mstatus[0m=[35m200[0m [36murl[0m=[35m'https://news.google.com/rss/search?q=DAL+site:benzinga.com&hl=en-US&gl=US&ceid=US:en'[0m
[2m2026-03-31T13:05:16.931230Z[0m [[32m[1minfo     [0m] [1mparsed                        [0m [36mchannel[0m=[35mgoogle_benzinga[0m [36mraw[0m=[35m100[0m
[2m2026-03-31T13:05:16.931359Z[0m [[32m[1minfo     [0m] [1mcrawling                      [0m [36mchannel[0m=[35m'Google News (all)'[0m [36mtag[0m=[35mgoogle_broad[0m
[2m2026-03-31T13:05:19.425023Z[0m [[32m[1minfo     [0m] [1mfetch                         [0m [36mstatus[0m=[35m200[0m [36murl[0m=[35m'https://news.google.com/rss/search?q=DAL+stock+news&hl=en-US&gl=US&ceid=US:en'[0m
[2m2026-03-31T13:05:19.536877Z[0m [[32m[1minfo     [0m] [1mparsed                        [0m [36mchannel[0m=[35mgoogle_broad[0m [36mraw[0m=[35m100[0m
[2m2026-03-31T13:05:21.953450Z[0m [[32m[1minfo     [0m] [1mfetch                         [0m [36mstatus[0m=[35m200[0m [36murl[0m=[35m'https://news.google.com/rss/search?q=DAL+earnings+analysis&hl=en-US&gl=US&ceid=US:en'[0m
[2m2026-03-31T13:05:22.046074Z[0m [[32m[1minfo     [0m] [1mparsed                        [0m [36mchannel[0m=[35mgoogle_broad[0m [36mraw[0m=[35m66[0m
[2m2026-03-31T13:05:22.046832Z[0m [[32m[1minfo     [0m] [1mquality_filter                [0m [36minput[0m=[35m366[0m [36mpassed[0m=[35m0[0m
[2m2026-03-31T13:05:22.046914Z[0m [[32m[1minfo     [0m] [1mdedup                         [0m [36mafter[0m=[35m0[0m [36mbefore[0m=[35m0[0m
[2m2026-03-31T13:05:22.047958Z[0m [[32m[1minfo     [0m] [1mcrawling                      [0m [36mchannel[0m=[35mGoogle->Benzinga[0m [36mtag[0m=[35mgoogle_benzinga[0m
[2m2026-03-31T13:05:24.524551Z[0m [[32m[1minfo     [0m] [1mfetch                         [0m [36mstatus[0m=[35m200[0m [36murl[0m=[35m'https://news.google.com/rss/search?q=KDP+site:benzinga.com&hl=en-US&gl=US&ceid=US:en'[0m
[2m2026-03-31T13:05:24.534587Z[0m [[32m[1minfo     [0m] [1mparsed                        [0m [36mchannel[0m=[35mgoogle_benzinga[0m [36mraw[0m=[35m28[0m
[2m2026-03-31T13:05:26.541058Z[0m [[32m[1minfo     [0m] [1mfetch                         [0m [36mstatus[0m=[35m200[0m [36murl[0m=[35m'https://news.google.com/rss/search?q=KDP+site:benzinga.com&hl=en-US&gl=US&ceid=US:en'[0m
[2m2026-03-31T13:05:26.549950Z[0m [[32m[1minfo     [0m] [1mparsed                        [0m [36mchannel[0m=[35mgoogle_benzinga[0m [36mraw[0m=[35m28[0m
[2m2026-03-31T13:05:26.550073Z[0m [[32m[1minfo     [0m] [1mcrawling                      [0m [36mchannel[0m=[35m'Google News (all)'[0m [36mtag[0m=[35mgoogle_broad[0m
[2m2026-03-31T13:05:29.042464Z[0m [[32m[1minfo     [0m] [1mfetch                         [0m [36mstatus[0m=[35m200[0m [36murl[0m=[35m'https://news.google.com/rss/search?q=KDP+stock+news&hl=en-US&gl=US&ceid=US:en'[0m
[2m2026-03-31T13:05:29.155411Z[0m [[32m[1minfo     [0m] [1mparsed                        [0m [36mchannel[0m=[35mgoogle_broad[0m [36mraw[0m=[35m100[0m
[2m2026-03-31T13:05:31.628694Z[0m [[32m[1minfo     [0m] [1mfetch                         [0m [36mstatus[0m=[35m200[0m [36murl[0m=[35m'https://news.google.com/rss/search?q=KDP+earnings+analysis&hl=en-US&gl=US&ceid=US:en'[0m
[2m2026-03-31T13:05:31.641007Z[0m [[32m[1minfo     [0m] [1mparsed                        [0m [36mchannel[0m=[35mgoogle_broad[0m [36mraw[0m=[35m33[0m
[2m2026-03-31T13:05:31.641651Z[0m [[32m[1minfo     [0m] [1mquality_filter                [0m [36minput[0m=[35m189[0m [36mpassed[0m=[35m1[0m
[2m2026-03-31T13:05:31.641784Z[0m [[32m[1minfo     [0m] [1mdedup                         [0m [36mafter[0m=[35m1[0m [36mbefore[0m=[35m1[0m
[2m2026-03-31T13:05:33.635984Z[0m [[32m[1minfo     [0m] [1mfetch                         [0m [36mstatus[0m=[35m403[0m [36murl[0m=[35mhttps://www.gurufocus.com/news/8757231/deutsche-bank-lowers-price-target-for-keurig-dr-pep[0m
[2m2026-03-31T13:05:33.838587Z[0m [[32m[1minfo     [0m] [1mcrawling                      [0m [36mchannel[0m=[35mGoogle->Benzinga[0m [36mtag[0m=[35mgoogle_benzinga[0m
[2m2026-03-31T13:05:36.350938Z[0m [[32m[1minfo     [0m] [1mfetch                         [0m [36mstatus[0m=[35m200[0m [36murl[0m=[35m'https://news.google.com/rss/search?q=VTR+site:benzinga.com&hl=en-US&gl=US&ceid=US:en'[0m
[2m2026-03-31T13:05:36.357786Z[0m [[32m[1minfo     [0m] [1mparsed                        [0m [36mchannel[0m=[35mgoogle_benzinga[0m [36mraw[0m=[35m17[0m
[2m2026-03-31T13:05:38.362466Z[0m [[32m[1minfo     [0m] [1mfetch                         [0m [36mstatus[0m=[35m200[0m [36murl[0m=[35m'https://news.google.com/rss/search?q=VTR+site:benzinga.com&hl=en-US&gl=US&ceid=US:en'[0m
[2m2026-03-31T13:05:38.368624Z[0m [[32m[1minfo     [0m] [1mparsed                        [0m [36mchannel[0m=[35mgoogle_benzinga[0m [36mraw[0m=[35m17[0m
[2m2026-03-31T13:05:38.368734Z[0m [[32m[1minfo     [0m] [1mcrawling                      [0m [36mchannel[0m=[35m'Google News (all)'[0m [36mtag[0m=[35mgoogle_broad[0m
[2m2026-03-31T13:05:40.777450Z[0m [[32m[1minfo     [0m] [1mfetch                         [0m [36mstatus[0m=[35m200[0m [36murl[0m=[35m'https://news.google.com/rss/search?q=VTR+stock+news&hl=en-US&gl=US&ceid=US:en'[0m
[2m2026-03-31T13:05:40.811697Z[0m [[32m[1minfo     [0m] [1mparsed                        [0m [36mchannel[0m=[35mgoogle_broad[0m [36mraw[0m=[35m56[0m
[2m2026-03-31T13:05:43.252168Z[0m [[32m[1minfo     [0m] [1mfetch                         [0m [36mstatus[0m=[35m200[0m [36murl[0m=[35m'https://news.google.com/rss/search?q=VTR+earnings+analysis&hl=en-US&gl=US&ceid=US:en'[0m
[2m2026-03-31T13:05:43.289106Z[0m [[32m[1minfo     [0m] [1mparsed                        [0m [36mchannel[0m=[35mgoogle_broad[0m [36mraw[0m=[35m51[0m
[2m2026-03-31T13:05:43.289900Z[0m [[32m[1minfo     [0m] [1mquality_filter                [0m [36minput[0m=[35m141[0m [36mpassed[0m=[35m2[0m
[2m2026-03-31T13:05:43.290148Z[0m [[32m[1minfo     [0m] [1mdedup                         [0m [36mafter[0m=[35m1[0m [36mbefore[0m=[35m2[0m
[2m2026-03-31T13:05:45.915806Z[0m [[32m[1minfo     [0m] [1mfetch                         [0m [36mstatus[0m=[35m200[0m [36murl[0m=[35mhttps://www.defenseworld.net/2026/03/31/exchange-traded-concepts-llc-grows-position-in-ven[0m
[2m2026-03-31T13:05:46.514845Z[0m [[32m[1minfo     [0m] [1mcrawling                      [0m [36mchannel[0m=[35mGoogle->Benzinga[0m [36mtag[0m=[35mgoogle_benzinga[0m
[2m2026-03-31T13:05:49.190796Z[0m [[32m[1minfo     [0m] [1mfetch                         [0m [36mstatus[0m=[35m200[0m [36murl[0m=[35m'https://news.google.com/rss/search?q=EBAY+site:benzinga.com&hl=en-US&gl=US&ceid=US:en'[0m
[2m2026-03-31T13:05:49.292964Z[0m [[32m[1minfo     [0m] [1mparsed                        [0m [36mchannel[0m=[35mgoogle_benzinga[0m [36mraw[0m=[35m100[0m
[2m2026-03-31T13:05:51.305840Z[0m [[32m[1minfo     [0m] [1mfetch                         [0m [36mstatus[0m=[35m200[0m [36murl[0m=[35m'https://news.google.com/rss/search?q=EBAY+site:benzinga.com&hl=en-US&gl=US&ceid=US:en'[0m
[2m2026-03-31T13:05:51.333298Z[0m [[32m[1minfo     [0m] [1mparsed                        [0m [36mchannel[0m=[35mgoogle_benzinga[0m [36mraw[0m=[35m100[0m
[2m2026-03-31T13:05:51.333409Z[0m [[32m[1minfo     [0m] [1mcrawling                      [0m [36mchannel[0m=[35m'Google News (all)'[0m [36mtag[0m=[35mgoogle_broad[0m
[2m2026-03-31T13:05:53.788125Z[0m [[32m[1minfo     [0m] [1mfetch                         [0m [36mstatus[0m=[35m200[0m [36murl[0m=[35m'https://news.google.com/rss/search?q=EBAY+stock+news&hl=en-US&gl=US&ceid=US:en'[0m
[2m2026-03-31T13:05:53.892984Z[0m [[32m[1minfo     [0m] [1mparsed                        [0m [36mchannel[0m=[35mgoogle_broad[0m [36mraw[0m=[35m100[0m
[2m2026-03-31T13:05:56.356999Z[0m [[32m[1minfo     [0m] [1mfetch                         [0m [36mstatus[0m=[35m200[0m [36murl[0m=[35m'https://news.google.com/rss/search?q=EBAY+earnings+analysis&hl=en-US&gl=US&ceid=US:en'[0m
[2m2026-03-31T13:05:56.400353Z[0m [[32m[1minfo     [0m] [1mparsed                        [0m [36mchannel[0m=[35mgoogle_broad[0m [36mraw[0m=[35m67[0m
[2m2026-03-31T13:05:56.401020Z[0m [[32m[1minfo     [0m] [1mquality_filter                [0m [36minput[0m=[35m367[0m [36mpassed[0m=[35m1[0m
[2m2026-03-31T13:05:56.401141Z[0m [[32m[1minfo     [0m] [1mdedup                         [0m [36mafter[0m=[35m1[0m [36mbefore[0m=[35m1[0m
[2m2026-03-31T13:05:58.464349Z[0m [[32m[1minfo     [0m] [1mfetch                         [0m [36mstatus[0m=[35m200[0m [36murl[0m=[35mhttps://www.tradingview.com/news/stockstory:3e087ffb6094b:0-ebay-nasdaq-ebay-strongest-q4-[0m
[2m2026-03-31T13:05:58.671263Z[0m [[32m[1minfo     [0m] [1mcrawling                      [0m [36mchannel[0m=[35mGoogle->Benzinga[0m [36mtag[0m=[35mgoogle_benzinga[0m
[2m2026-03-31T13:06:01.368766Z[0m [[32m[1minfo     [0m] [1mfetch                         [0m [36mstatus[0m=[35m200[0m [36murl[0m=[35m'https://news.google.com/rss/search?q=ED+site:benzinga.com&hl=en-US&gl=US&ceid=US:en'[0m
[2m2026-03-31T13:06:01.467399Z[0m [[32m[1minfo     [0m] [1mparsed                        [0m [36mchannel[0m=[35mgoogle_benzinga[0m [36mraw[0m=[35m100[0m
[2m2026-03-31T13:06:03.473831Z[0m [[32m[1minfo     [0m] [1mfetch                         [0m [36mstatus[0m=[35m200[0m [36murl[0m=[35m'https://news.google.com/rss/search?q=ED+site:benzinga.com&hl=en-US&gl=US&ceid=US:en'[0m
[2m2026-03-31T13:06:03.496586Z[0m [[32m[1minfo     [0m] [1mparsed                        [0m [36mchannel[0m=[35mgoogle_benzinga[0m [36mraw[0m=[35m100[0m
[2m2026-03-31T13:06:03.496705Z[0m [[32m[1minfo     [0m] [1mcrawling                      [0m [36mchannel[0m=[35m'Google News (all)'[0m [36mtag[0m=[35mgoogle_broad[0m
[2m2026-03-31T13:06:06.039664Z[0m [[32m[1minfo     [0m] [1mfetch                         [0m [36mstatus[0m=[35m200[0m [36murl[0m=[35m'https://news.google.com/rss/search?q=ED+stock+news&hl=en-US&gl=US&ceid=US:en'[0m
[2m2026-03-31T13:06:06.067135Z[0m [[32m[1minfo     [0m] [1mparsed                        [0m [36mchannel[0m=[35mgoogle_broad[0m [36mraw[0m=[35m55[0m
[2m2026-03-31T13:06:08.710790Z[0m [[32m[1minfo     [0m] [1mfetch                         [0m [36mstatus[0m=[35m200[0m [36murl[0m=[35m'https://news.google.com/rss/search?q=ED+earnings+analysis&hl=en-US&gl=US&ceid=US:en'[0m
[2m2026-03-31T13:06:08.806074Z[0m [[32m[1minfo     [0m] [1mparsed                        [0m [36mchannel[0m=[35mgoogle_broad[0m [36mraw[0m=[35m64[0m
[2m2026-03-31T13:06:08.806937Z[0m [[32m[1minfo     [0m] [1mquality_filter                [0m [36minput[0m=[35m319[0m [36mpassed[0m=[35m2[0m
[2m2026-03-31T13:06:08.807220Z[0m [[32m[1minfo     [0m] [1mdedup                         [0m [36mafter[0m=[35m1[0m [36mbefore[0m=[35m2[0m
[2m2026-03-31T13:06:10.818997Z[0m [[32m[1minfo     [0m] [1mcrawling                      [0m [36mchannel[0m=[35mGoogle->Benzinga[0m [36mtag[0m=[35mgoogle_benzinga[0m
[2m2026-03-31T13:06:13.749713Z[0m [[32m[1minfo     [0m] [1mfetch                         [0m [36mstatus[0m=[35m200[0m [36murl[0m=[35m'https://news.google.com/rss/search?q=EL+site:benzinga.com&hl=en-US&gl=US&ceid=US:en'[0m
[2m2026-03-31T13:06:13.849601Z[0m [[32m[1minfo     [0m] [1mparsed                        [0m [36mchannel[0m=[35mgoogle_benzinga[0m [36mraw[0m=[35m100[0m
[2m2026-03-31T13:06:15.855446Z[0m [[32m[1minfo     [0m] [1mfetch                         [0m [36mstatus[0m=[35m200[0m [36murl[0m=[35m'https://news.google.com/rss/search?q=EL+site:benzinga.com&hl=en-US&gl=US&ceid=US:en'[0m
[2m2026-03-31T13:06:15.879400Z[0m [[32m[1minfo     [0m] [1mparsed                        [0m [36mchannel[0m=[35mgoogle_benzinga[0m [36mraw[0m=[35m100[0m
[2m2026-03-31T13:06:15.879519Z[0m [[32m[1minfo     [0m] [1mcrawling                      [0m [36mchannel[0m=[35m'Google News (all)'[0m [36mtag[0m=[35mgoogle_broad[0m
[2m2026-03-31T13:06:18.459560Z[0m [[32m[1minfo     [0m] [1mfetch                         [0m [36mstatus[0m=[35m200[0m [36murl[0m=[35m'https://news.google.com/rss/search?q=EL+stock+news&hl=en-US&gl=US&ceid=US:en'[0m
[2m2026-03-31T13:06:18.555754Z[0m [[32m[1minfo     [0m] [1mparsed                        [0m [36mchannel[0m=[35mgoogle_broad[0m [36mraw[0m=[35m86[0m
[2m2026-03-31T13:06:21.054952Z[0m [[32m[1minfo     [0m] [1mfetch                         [0m [36mstatus[0m=[35m200[0m [36murl[0m=[35m'https://news.google.com/rss/search?q=EL+earnings+analysis&hl=en-US&gl=US&ceid=US:en'[0m
[2m2026-03-31T13:06:21.143648Z[0m [[32m[1minfo     [0m] [1mparsed                        [0m [36mchannel[0m=[35mgoogle_broad[0m [36mraw[0m=[35m65[0m
[2m2026-03-31T13:06:21.144349Z[0m [[32m[1minfo     [0m] [1mquality_filter                [0m [36minput[0m=[35m351[0m [36mpassed[0m=[35m2[0m
[2m2026-03-31T13:06:21.144556Z[0m [[32m[1minfo     [0m] [1mdedup                         [0m [36mafter[0m=[35m2[0m [36mbefore[0m=[35m2[0m
[2m2026-03-31T13:06:23.608308Z[0m [[32m[1minfo     [0m] [1mfetch                         [0m [36mstatus[0m=[35m403[0m [36murl[0m=[35mhttps://www.gurufocus.com/news/8757204/deutsche-bank-maintains-estee-lauder-el-rating-lowe[0m
[2m2026-03-31T13:06:25.025760Z[0m [[32m[1minfo     [0m] [1mfetch                         [0m [36mstatus[0m=[35m200[0m [36murl[0m=[35mhttps://www.theglobeandmail.com/investing/markets/stocks/EL/pressreleases/1036008/unpackin[0m
[2m2026-03-31T13:06:25.478172Z[0m [[32m[1minfo     [0m] [1mcrawling                      [0m [36mchannel[0m=[35mGoogle->Benzinga[0m [36mtag[0m=[35mgoogle_benzinga[0m
[2m2026-03-31T13:06:27.908433Z[0m [[32m[1minfo     [0m] [1mfetch                         [0m [36mstatus[0m=[35m200[0m [36murl[0m=[35m'https://news.google.com/rss/search?q=TTWO+site:benzinga.com&hl=en-US&gl=US&ceid=US:en'[0m
[2m2026-03-31T13:06:27.927558Z[0m [[32m[1minfo     [0m] [1mparsed                        [0m [36mchannel[0m=[35mgoogle_benzinga[0m [36mraw[0m=[35m36[0m
[2m2026-03-31T13:06:29.933441Z[0m [[32m[1minfo     [0m] [1mfetch                         [0m [36mstatus[0m=[35m200[0m [36murl[0m=[35m'https://news.google.com/rss/search?q=TTWO+site:benzinga.com&hl=en-US&gl=US&ceid=US:en'[0m
[2m2026-03-31T13:06:29.943219Z[0m [[32m[1minfo     [0m] [1mparsed                        [0m [36mchannel[0m=[35mgoogle_benzinga[0m [36mraw[0m=[35m36[0m
[2m2026-03-31T13:06:29.943335Z[0m [[32m[1minfo     [0m] [1mcrawling                      [0m [36mchannel[0m=[35m'Google News (all)'[0m [36mtag[0m=[35mgoogle_broad[0m
[2m2026-03-31T13:06:32.626097Z[0m [[32m[1minfo     [0m] [1mfetch                         [0m [36mstatus[0m=[35m200[0m [36murl[0m=[35m'https://news.google.com/rss/search?q=TTWO+stock+news&hl=en-US&gl=US&ceid=US:en'[0m
[2m2026-03-31T13:06:32.703050Z[0m [[32m[1minfo     [0m] [1mparsed                        [0m [36mchannel[0m=[35mgoogle_broad[0m [36mraw[0m=[35m100[0m
[2m2026-03-31T13:06:35.301801Z[0m [[32m[1minfo     [0m] [1mfetch                         [0m [36mstatus[0m=[35m200[0m [36murl[0m=[35m'https://news.google.com/rss/search?q=TTWO+earnings+analysis&hl=en-US&gl=US&ceid=US:en'[0m
[2m2026-03-31T13:06:35.326254Z[0m [[32m[1minfo     [0m] [1mparsed                        [0m [36mchannel[0m=[35mgoogle_broad[0m [36mraw[0m=[35m92[0m
[2m2026-03-31T13:06:35.327043Z[0m [[32m[1minfo     [0m] [1mquality_filter                [0m [36minput[0m=[35m264[0m [36mpassed[0m=[35m0[0m
[2m2026-03-31T13:06:35.327128Z[0m [[32m[1minfo     [0m] [1mdedup                         [0m [36mafter[0m=[35m0[0m [36mbefore[0m=[35m0[0m
[2m2026-03-31T13:06:35.327858Z[0m [[32m[1minfo     [0m] [1mcrawling                      [0m [36mchannel[0m=[35mGoogle->Benzinga[0m [36mtag[0m=[35mgoogle_benzinga[0m
[2m2026-03-31T13:06:37.972019Z[0m [[32m[1minfo     [0m] [1mfetch                         [0m [36mstatus[0m=[35m200[0m [36murl[0m=[35m'https://news.google.com/rss/search?q=CCI+site:benzinga.com&hl=en-US&gl=US&ceid=US:en'[0m
[2m2026-03-31T13:06:37.999780Z[0m [[32m[1minfo     [0m] [1mparsed                        [0m [36mchannel[0m=[35mgoogle_benzinga[0m [36mraw[0m=[35m79[0m
[2m2026-03-31T13:06:40.010177Z[0m [[32m[1minfo     [0m] [1mfetch                         [0m [36mstatus[0m=[35m200[0m [36murl[0m=[35m'https://news.google.com/rss/search?q=CCI+site:benzinga.com&hl=en-US&gl=US&ceid=US:en'[0m
[2m2026-03-31T13:06:40.030808Z[0m [[32m[1minfo     [0m] [1mparsed                        [0m [36mchannel[0m=[35mgoogle_benzinga[0m [36mraw[0m=[35m79[0m
[2m2026-03-31T13:06:40.030953Z[0m [[32m[1minfo     [0m] [1mcrawling                      [0m [36mchannel[0m=[35m'Google News (all)'[0m [36mtag[0m=[35mgoogle_broad[0m
[2m2026-03-31T13:06:42.687871Z[0m [[32m[1minfo     [0m] [1mfetch                         [0m [36mstatus[0m=[35m200[0m [36murl[0m=[35m'https://news.google.com/rss/search?q=CCI+stock+news&hl=en-US&gl=US&ceid=US:en'[0m
[2m2026-03-31T13:06:42.800881Z[0m [[32m[1minfo     [0m] [1mparsed                        [0m [36mchannel[0m=[35mgoogle_broad[0m [36mraw[0m=[35m99[0m
[2m2026-03-31T13:06:45.259315Z[0m [[32m[1minfo     [0m] [1mfetch                         [0m [36mstatus[0m=[35m200[0m [36murl[0m=[35m'https://news.google.com/rss/search?q=CCI+earnings+analysis&hl=en-US&gl=US&ceid=US:en'[0m
[2m2026-03-31T13:06:45.290636Z[0m [[32m[1minfo     [0m] [1mparsed                        [0m [36mchannel[0m=[35mgoogle_broad[0m [36mraw[0m=[35m63[0m
[2m2026-03-31T13:06:45.291185Z[0m [[32m[1minfo     [0m] [1mquality_filter                [0m [36minput[0m=[35m320[0m [36mpassed[0m=[35m0[0m
[2m2026-03-31T13:06:45.291246Z[0m [[32m[1minfo     [0m] [1mdedup                         [0m [36mafter[0m=[35m0[0m [36mbefore[0m=[35m0[0m
[2m2026-03-31T13:06:45.292255Z[0m [[32m[1minfo     [0m] [1mcrawling                      [0m [36mchannel[0m=[35mGoogle->Benzinga[0m [36mtag[0m=[35mgoogle_benzinga[0m
[2m2026-03-31T13:06:47.711160Z[0m [[32m[1minfo     [0m] [1mfetch                         [0m [36mstatus[0m=[35m200[0m [36murl[0m=[35m'https://news.google.com/rss/search?q=HIG+site:benzinga.com&hl=en-US&gl=US&ceid=US:en'[0m
[2m2026-03-31T13:06:47.720565Z[0m [[32m[1minfo     [0m] [1mparsed                        [0m [36mchannel[0m=[35mgoogle_benzinga[0m [36mraw[0m=[35m32[0m
[2m2026-03-31T13:06:49.726408Z[0m [[32m[1minfo     [0m] [1mfetch                         [0m [36mstatus[0m=[35m200[0m [36murl[0m=[35m'https://news.google.com/rss/search?q=HIG+site:benzinga.com&hl=en-US&gl=US&ceid=US:en'[0m
[2m2026-03-31T13:06:49.735498Z[0m [[32m[1minfo     [0m] [1mparsed                        [0m [36mchannel[0m=[35mgoogle_benzinga[0m [36mraw[0m=[35m32[0m
[2m2026-03-31T13:06:49.735593Z[0m [[32m[1minfo     [0m] [1mcrawling                      [0m [36mchannel[0m=[35m'Google News (all)'[0m [36mtag[0m=[35mgoogle_broad[0m
[2m2026-03-31T13:06:52.175076Z[0m [[32m[1minfo     [0m] [1mfetch                         [0m [36mstatus[0m=[35m200[0m [36murl[0m=[35m'https://news.google.com/rss/search?q=HIG+stock+news&hl=en-US&gl=US&ceid=US:en'[0m
[2m2026-03-31T13:06:52.264872Z[0m [[32m[1minfo     [0m] [1mparsed                        [0m [36mchannel[0m=[35mgoogle_broad[0m [36mraw[0m=[35m74[0m
[2m2026-03-31T13:06:54.740675Z[0m [[32m[1minfo     [0m] [1mfetch                         [0m [36mstatus[0m=[35m200[0m [36murl[0m=[35m'https://news.google.com/rss/search?q=HIG+earnings+analysis&hl=en-US&gl=US&ceid=US:en'[0m
[2m2026-03-31T13:06:54.834152Z[0m [[32m[1minfo     [0m] [1mparsed                        [0m [36mchannel[0m=[35mgoogle_broad[0m [36mraw[0m=[35m77[0m
[2m2026-03-31T13:06:54.834752Z[0m [[32m[1minfo     [0m] [1mquality_filter                [0m [36minput[0m=[35m215[0m [36mpassed[0m=[35m1[0m
[2m2026-03-31T13:06:54.834870Z[0m [[32m[1minfo     [0m] [1mdedup                         [0m [36mafter[0m=[35m1[0m [36mbefore[0m=[35m1[0m
[2m2026-03-31T13:06:56.742397Z[0m [[32m[1minfo     [0m] [1mfetch                         [0m [36mstatus[0m=[35m403[0m [36murl[0m=[35mhttps://www.gurufocus.com/news/8757410/hig-downgraded-by-analyst-target-price-lowered-to-1[0m
[2m2026-03-31T13:06:56.944253Z[0m [[32m[1minfo     [0m] [1mcrawling                      [0m [36mchannel[0m=[35mGoogle->Benzinga[0m [36mtag[0m=[35mgoogle_benzinga[0m
[2m2026-03-31T13:06:59.409614Z[0m [[32m[1minfo     [0m] [1mfetch                         [0m [36mstatus[0m=[35m200[0m [36murl[0m=[35m'https://news.google.com/rss/search?q=GEHC+site:benzinga.com&hl=en-US&gl=US&ceid=US:en'[0m
[2m2026-03-31T13:06:59.444718Z[0m [[32m[1minfo     [0m] [1mparsed                        [0m [36mchannel[0m=[35mgoogle_benzinga[0m [36mraw[0m=[35m54[0m
[2m2026-03-31T13:07:01.453184Z[0m [[32m[1minfo     [0m] [1mfetch                         [0m [36mstatus[0m=[35m200[0m [36murl[0m=[35m'https://news.google.com/rss/search?q=GEHC+site:benzinga.com&hl=en-US&gl=US&ceid=US:en'[0m
[2m2026-03-31T13:07:01.471954Z[0m [[32m[1minfo     [0m] [1mparsed                        [0m [36mchannel[0m=[35mgoogle_benzinga[0m [36mraw[0m=[35m54[0m
[2m2026-03-31T13:07:01.472059Z[0m [[32m[1minfo     [0m] [1mcrawling                      [0m [36mchannel[0m=[35m'Google News (all)'[0m [36mtag[0m=[35mgoogle_broad[0m
[2m2026-03-31T13:07:04.311921Z[0m [[32m[1minfo     [0m] [1mfetch                         [0m [36mstatus[0m=[35m200[0m [36murl[0m=[35m'https://news.google.com/rss/search?q=GEHC+stock+news&hl=en-US&gl=US&ceid=US:en'[0m
[2m2026-03-31T13:07:04.421068Z[0m [[32m[1minfo     [0m] [1mparsed                        [0m [36mchannel[0m=[35mgoogle_broad[0m [36mraw[0m=[35m100[0m
[2m2026-03-31T13:07:06.883033Z[0m [[32m[1minfo     [0m] [1mfetch                         [0m [36mstatus[0m=[35m200[0m [36murl[0m=[35m'https://news.google.com/rss/search?q=GEHC+earnings+analysis&hl=en-US&gl=US&ceid=US:en'[0m
[2m2026-03-31T13:07:06.911619Z[0m [[32m[1minfo     [0m] [1mparsed                        [0m [36mchannel[0m=[35mgoogle_broad[0m [36mraw[0m=[35m50[0m
[2m2026-03-31T13:07:06.912230Z[0m [[32m[1minfo     [0m] [1mquality_filter                [0m [36minput[0m=[35m258[0m [36mpassed[0m=[35m1[0m
[2m2026-03-31T13:07:06.912354Z[0m [[32m[1minfo     [0m] [1mdedup                         [0m [36mafter[0m=[35m1[0m [36mbefore[0m=[35m1[0m
[2m2026-03-31T13:07:08.732285Z[0m [[32m[1minfo     [0m] [1mfetch                         [0m [36mstatus[0m=[35m403[0m [36murl[0m=[35mhttps://www.gurufocus.com/news/8756822/ge-healthcare-technologies-inc-gehc-stock-price-dow[0m
[2m2026-03-31T13:07:08.935048Z[0m [[32m[1minfo     [0m] [1mcrawling                      [0m [36mchannel[0m=[35mGoogle->Benzinga[0m [36mtag[0m=[35mgoogle_benzinga[0m
[2m2026-03-31T13:07:11.457548Z[0m [[32m[1minfo     [0m] [1mfetch                         [0m [36mstatus[0m=[35m200[0m [36murl[0m=[35m'https://news.google.com/rss/search?q=LVS+site:benzinga.com&hl=en-US&gl=US&ceid=US:en'[0m
[2m2026-03-31T13:07:11.472995Z[0m [[32m[1minfo     [0m] [1mparsed                        [0m [36mchannel[0m=[35mgoogle_benzinga[0m [36mraw[0m=[35m49[0m
[2m2026-03-31T13:07:13.483242Z[0m [[32m[1minfo     [0m] [1mfetch                         [0m [36mstatus[0m=[35m200[0m [36murl[0m=[35m'https://news.google.com/rss/search?q=LVS+site:benzinga.com&hl=en-US&gl=US&ceid=US:en'[0m
[2m2026-03-31T13:07:13.498359Z[0m [[32m[1minfo     [0m] [1mparsed                        [0m [36mchannel[0m=[35mgoogle_benzinga[0m [36mraw[0m=[35m49[0m
[2m2026-03-31T13:07:13.498459Z[0m [[32m[1minfo     [0m] [1mcrawling                      [0m [36mchannel[0m=[35m'Google News (all)'[0m [36mtag[0m=[35mgoogle_broad[0m
[2m2026-03-31T13:07:15.955468Z[0m [[32m[1minfo     [0m] [1mfetch                         [0m [36mstatus[0m=[35m200[0m [36murl[0m=[35m'https://news.google.com/rss/search?q=LVS+stock+news&hl=en-US&gl=US&ceid=US:en'[0m
[2m2026-03-31T13:07:16.068313Z[0m [[32m[1minfo     [0m] [1mparsed                        [0m [36mchannel[0m=[35mgoogle_broad[0m [36mraw[0m=[35m100[0m
[2m2026-03-31T13:07:18.583246Z[0m [[32m[1minfo     [0m] [1mfetch                         [0m [36mstatus[0m=[35m200[0m [36murl[0m=[35m'https://news.google.com/rss/search?q=LVS+earnings+analysis&hl=en-US&gl=US&ceid=US:en'[0m
[2m2026-03-31T13:07:18.618881Z[0m [[32m[1minfo     [0m] [1mparsed                        [0m [36mchannel[0m=[35mgoogle_broad[0m [36mraw[0m=[35m51[0m
[2m2026-03-31T13:07:18.619499Z[0m [[32m[1minfo     [0m] [1mquality_filter                [0m [36minput[0m=[35m249[0m [36mpassed[0m=[35m0[0m
[2m2026-03-31T13:07:18.619581Z[0m [[32m[1minfo     [0m] [1mdedup                         [0m [36mafter[0m=[35m0[0m [36mbefore[0m=[35m0[0m
[2m2026-03-31T13:07:18.620289Z[0m [[32m[1minfo     [0m] [1mcrawling                      [0m [36mchannel[0m=[35mGoogle->Benzinga[0m [36mtag[0m=[35mgoogle_benzinga[0m
[2m2026-03-31T13:07:21.565818Z[0m [[32m[1minfo     [0m] [1mfetch                         [0m [36mstatus[0m=[35m200[0m [36murl[0m=[35m'https://news.google.com/rss/search?q=LYV+site:benzinga.com&hl=en-US&gl=US&ceid=US:en'[0m
[2m2026-03-31T13:07:21.597178Z[0m [[32m[1minfo     [0m] [1mparsed                        [0m [36mchannel[0m=[35mgoogle_benzinga[0m [36mraw[0m=[35m57[0m
[2m2026-03-31T13:07:23.615857Z[0m [[32m[1minfo     [0m] [1mfetch                         [0m [36mstatus[0m=[35m200[0m [36murl[0m=[35m'https://news.google.com/rss/search?q=LYV+site:benzinga.com&hl=en-US&gl=US&ceid=US:en'[0m
[2m2026-03-31T13:07:23.637237Z[0m [[32m[1minfo     [0m] [1mparsed                        [0m [36mchannel[0m=[35mgoogle_benzinga[0m [36mraw[0m=[35m57[0m
[2m2026-03-31T13:07:23.637366Z[0m [[32m[1minfo     [0m] [1mcrawling                      [0m [36mchannel[0m=[35m'Google News (all)'[0m [36mtag[0m=[35mgoogle_broad[0m
[2m2026-03-31T13:07:26.052678Z[0m [[32m[1minfo     [0m] [1mfetch                         [0m [36mstatus[0m=[35m200[0m [36murl[0m=[35m'https://news.google.com/rss/search?q=LYV+stock+news&hl=en-US&gl=US&ceid=US:en'[0m
[2m2026-03-31T13:07:26.084500Z[0m [[32m[1minfo     [0m] [1mparsed                        [0m [36mchannel[0m=[35mgoogle_broad[0m [36mraw[0m=[35m56[0m
[2m2026-03-31T13:07:28.590855Z[0m [[32m[1minfo     [0m] [1mfetch                         [0m [36mstatus[0m=[35m200[0m [36murl[0m=[35m'https://news.google.com/rss/search?q=LYV+earnings+analysis&hl=en-US&gl=US&ceid=US:en'[0m
[2m2026-03-31T13:07:28.618833Z[0m [[32m[1minfo     [0m] [1mparsed                        [0m [36mchannel[0m=[35mgoogle_broad[0m [36mraw[0m=[35m49[0m
[2m2026-03-31T13:07:28.619606Z[0m [[32m[1minfo     [0m] [1mquality_filter                [0m [36minput[0m=[35m219[0m [36mpassed[0m=[35m2[0m
[2m2026-03-31T13:07:28.619835Z[0m [[32m[1minfo     [0m] [1mdedup                         [0m [36mafter[0m=[35m2[0m [36mbefore[0m=[35m2[0m
[2m2026-03-31T13:07:30.410263Z[0m [[32m[1minfo     [0m] [1mfetch                         [0m [36mstatus[0m=[35m403[0m [36murl[0m=[35mhttps://www.gurufocus.com/news/8757056/lyv-citizens-initiates-coverage-with-market-outperf[0m
[2m2026-03-31T13:07:30.898619Z[0m [[32m[1minfo     [0m] [1mfetch                         [0m [36mstatus[0m=[35m403[0m [36murl[0m=[35mhttps://www.gurufocus.com/news/8756589/live-nation-entertainment-inc-lyv-stock-price-up-31[0m
[2m2026-03-31T13:07:31.100958Z[0m [[32m[1minfo     [0m] [1mcrawling                      [0m [36mchannel[0m=[35mGoogle->Benzinga[0m [36mtag[0m=[35mgoogle_benzinga[0m
[2m2026-03-31T13:07:33.509253Z[0m [[32m[1minfo     [0m] [1mfetch                         [0m [36mstatus[0m=[35m200[0m [36murl[0m=[35m'https://news.google.com/rss/search?q=RMD+site:benzinga.com&hl=en-US&gl=US&ceid=US:en'[0m
[2m2026-03-31T13:07:33.516717Z[0m [[32m[1minfo     [0m] [1mparsed                        [0m [36mchannel[0m=[35mgoogle_benzinga[0m [36mraw[0m=[35m25[0m
[2m2026-03-31T13:07:35.524139Z[0m [[32m[1minfo     [0m] [1mfetch                         [0m [36mstatus[0m=[35m200[0m [36murl[0m=[35m'https://news.google.com/rss/search?q=RMD+site:benzinga.com&hl=en-US&gl=US&ceid=US:en'[0m
[2m2026-03-31T13:07:35.533285Z[0m [[32m[1minfo     [0m] [1mparsed                        [0m [36mchannel[0m=[35mgoogle_benzinga[0m [36mraw[0m=[35m25[0m
[2m2026-03-31T13:07:35.533411Z[0m [[32m[1minfo     [0m] [1mcrawling                      [0m [36mchannel[0m=[35m'Google News (all)'[0m [36mtag[0m=[35mgoogle_broad[0m
[2m2026-03-31T13:07:38.088944Z[0m [[32m[1minfo     [0m] [1mfetch                         [0m [36mstatus[0m=[35m200[0m [36murl[0m=[35m'https://news.google.com/rss/search?q=RMD+stock+news&hl=en-US&gl=US&ceid=US:en'[0m
[2m2026-03-31T13:07:38.109989Z[0m [[32m[1minfo     [0m] [1mparsed                        [0m [36mchannel[0m=[35mgoogle_broad[0m [36mraw[0m=[35m68[0m
[2m2026-03-31T13:07:40.586454Z[0m [[32m[1minfo     [0m] [1mfetch                         [0m [36mstatus[0m=[35m200[0m [36murl[0m=[35m'https://news.google.com/rss/search?q=RMD+earnings+analysis&hl=en-US&gl=US&ceid=US:en'[0m
[2m2026-03-31T13:07:40.613395Z[0m [[32m[1minfo     [0m] [1mparsed                        [0m [36mchannel[0m=[35mgoogle_broad[0m [36mraw[0m=[35m49[0m
[2m2026-03-31T13:07:40.613928Z[0m [[32m[1minfo     [0m] [1mquality_filter                [0m [36minput[0m=[35m167[0m [36mpassed[0m=[35m1[0m
[2m2026-03-31T13:07:40.614043Z[0m [[32m[1minfo     [0m] [1mdedup                         [0m [36mafter[0m=[35m1[0m [36mbefore[0m=[35m1[0m
[2m2026-03-31T13:07:42.947216Z[0m [[32m[1minfo     [0m] [1mfetch                         [0m [36mstatus[0m=[35m200[0m [36murl[0m=[35mhttps://www.marketbeat.com/instant-alerts/filing-sg-americas-securities-llc-cuts-stock-pos[0m
[2m2026-03-31T13:07:43.169312Z[0m [[32m[1minfo     [0m] [1mcrawling                      [0m [36mchannel[0m=[35mGoogle->Benzinga[0m [36mtag[0m=[35mgoogle_benzinga[0m
[2m2026-03-31T13:07:45.569518Z[0m [[32m[1minfo     [0m] [1mfetch                         [0m [36mstatus[0m=[35m200[0m [36murl[0m=[35m'https://news.google.com/rss/search?q=ROP+site:benzinga.com&hl=en-US&gl=US&ceid=US:en'[0m
[2m2026-03-31T13:07:45.575483Z[0m [[32m[1minfo     [0m] [1mparsed                        [0m [36mchannel[0m=[35mgoogle_benzinga[0m [36mraw[0m=[35m14[0m
[2m2026-03-31T13:07:47.582446Z[0m [[32m[1minfo     [0m] [1mfetch                         [0m [36mstatus[0m=[35m200[0m [36murl[0m=[35m'https://news.google.com/rss/search?q=ROP+site:benzinga.com&hl=en-US&gl=US&ceid=US:en'[0m
[2m2026-03-31T13:07:47.588016Z[0m [[32m[1minfo     [0m] [1mparsed                        [0m [36mchannel[0m=[35mgoogle_benzinga[0m [36mraw[0m=[35m14[0m
[2m2026-03-31T13:07:47.588128Z[0m [[32m[1minfo     [0m] [1mcrawling                      [0m [36mchannel[0m=[35m'Google News (all)'[0m [36mtag[0m=[35mgoogle_broad[0m
[2m2026-03-31T13:07:50.037846Z[0m [[32m[1minfo     [0m] [1mfetch                         [0m [36mstatus[0m=[35m200[0m [36murl[0m=[35m'https://news.google.com/rss/search?q=ROP+stock+news&hl=en-US&gl=US&ceid=US:en'[0m
[2m2026-03-31T13:07:50.140040Z[0m [[32m[1minfo     [0m] [1mparsed                        [0m [36mchannel[0m=[35mgoogle_broad[0m [36mraw[0m=[35m76[0m
[2m2026-03-31T13:07:52.716059Z[0m [[32m[1minfo     [0m] [1mfetch                         [0m [36mstatus[0m=[35m200[0m [36murl[0m=[35m'https://news.google.com/rss/search?q=ROP+earnings+analysis&hl=en-US&gl=US&ceid=US:en'[0m
[2m2026-03-31T13:07:52.808078Z[0m [[32m[1minfo     [0m] [1mparsed                        [0m [36mchannel[0m=[35mgoogle_broad[0m [36mraw[0m=[35m70[0m
[2m2026-03-31T13:07:52.808705Z[0m [[32m[1minfo     [0m] [1mquality_filter                [0m [36minput[0m=[35m174[0m [36mpassed[0m=[35m0[0m
[2m2026-03-31T13:07:52.808783Z[0m [[32m[1minfo     [0m] [1mdedup                         [0m [36mafter[0m=[35m0[0m [36mbefore[0m=[35m0[0m
[2m2026-03-31T13:07:52.809539Z[0m [[32m[1minfo     [0m] [1mcrawling                      [0m [36mchannel[0m=[35mGoogle->Benzinga[0m [36mtag[0m=[35mgoogle_benzinga[0m
[2m2026-03-31T13:07:55.283509Z[0m [[32m[1minfo     [0m] [1mfetch                         [0m [36mstatus[0m=[35m200[0m [36murl[0m=[35m'https://news.google.com/rss/search?q=KMB+site:benzinga.com&hl=en-US&gl=US&ceid=US:en'[0m
[2m2026-03-31T13:07:55.291999Z[0m [[32m[1minfo     [0m] [1mparsed                        [0m [36mchannel[0m=[35mgoogle_benzinga[0m [36mraw[0m=[35m24[0m
[2m2026-03-31T13:07:57.301280Z[0m [[32m[1minfo     [0m] [1mfetch                         [0m [36mstatus[0m=[35m200[0m [36murl[0m=[35m'https://news.google.com/rss/search?q=KMB+site:benzinga.com&hl=en-US&gl=US&ceid=US:en'[0m
[2m2026-03-31T13:07:57.315381Z[0m [[32m[1minfo     [0m] [1mparsed                        [0m [36mchannel[0m=[35mgoogle_benzinga[0m [36mraw[0m=[35m24[0m
[2m2026-03-31T13:07:57.315498Z[0m [[32m[1minfo     [0m] [1mcrawling                      [0m [36mchannel[0m=[35m'Google News (all)'[0m [36mtag[0m=[35mgoogle_broad[0m
[2m2026-03-31T13:07:59.855531Z[0m [[32m[1minfo     [0m] [1mfetch                         [0m [36mstatus[0m=[35m200[0m [36murl[0m=[35m'https://news.google.com/rss/search?q=KMB+stock+news&hl=en-US&gl=US&ceid=US:en'[0m
[2m2026-03-31T13:07:59.969475Z[0m [[32m[1minfo     [0m] [1mparsed                        [0m [36mchannel[0m=[35mgoogle_broad[0m [36mraw[0m=[35m100[0m
[2m2026-03-31T13:08:02.529578Z[0m [[32m[1minfo     [0m] [1mfetch                         [0m [36mstatus[0m=[35m200[0m [36murl[0m=[35m'https://news.google.com/rss/search?q=KMB+earnings+analysis&hl=en-US&gl=US&ceid=US:en'[0m
[2m2026-03-31T13:08:02.557258Z[0m [[32m[1minfo     [0m] [1mparsed                        [0m [36mchannel[0m=[35mgoogle_broad[0m [36mraw[0m=[35m48[0m
[2m2026-03-31T13:08:02.558001Z[0m [[32m[1minfo     [0m] [1mquality_filter                [0m [36minput[0m=[35m196[0m [36mpassed[0m=[35m2[0m
[2m2026-03-31T13:08:02.558301Z[0m [[32m[1minfo     [0m] [1mdedup                         [0m [36mafter[0m=[35m2[0m [36mbefore[0m=[35m2[0m
[2m2026-03-31T13:08:04.985189Z[0m [[32m[1minfo     [0m] [1mfetch                         [0m [36mstatus[0m=[35m403[0m [36murl[0m=[35mhttps://www.gurufocus.com/news/8757235/kimberlyclark-kmb-rating-maintained-price-target-lo[0m
[2m2026-03-31T13:08:05.353678Z[0m [[32m[1minfo     [0m] [1mfetch                         [0m [36mstatus[0m=[35m200[0m [36murl[0m=[35mhttps://www.businesstoday.in/markets/stocks/story/hdfc-bank-shares-jefferies-sees-64-upsid[0m
[2m2026-03-31T13:08:06.061562Z[0m [[32m[1minfo     [0m] [1mcrawling                      [0m [36mchannel[0m=[35mGoogle->Benzinga[0m [36mtag[0m=[35mgoogle_benzinga[0m
[2m2026-03-31T13:08:08.955298Z[0m [[32m[1minfo     [0m] [1mfetch                         [0m [36mstatus[0m=[35m200[0m [36murl[0m=[35m'https://news.google.com/rss/search?q=CPRT+site:benzinga.com&hl=en-US&gl=US&ceid=US:en'[0m
[2m2026-03-31T13:08:08.968990Z[0m [[32m[1minfo     [0m] [1mparsed                        [0m [36mchannel[0m=[35mgoogle_benzinga[0m [36mraw[0m=[35m21[0m
[2m2026-03-31T13:08:10.977885Z[0m [[32m[1minfo     [0m] [1mfetch                         [0m [36mstatus[0m=[35m200[0m [36murl[0m=[35m'https://news.google.com/rss/search?q=CPRT+site:benzinga.com&hl=en-US&gl=US&ceid=US:en'[0m
[2m2026-03-31T13:08:10.988399Z[0m [[32m[1minfo     [0m] [1mparsed                        [0m [36mchannel[0m=[35mgoogle_benzinga[0m [36mraw[0m=[35m21[0m
[2m2026-03-31T13:08:10.988495Z[0m [[32m[1minfo     [0m] [1mcrawling                      [0m [36mchannel[0m=[35m'Google News (all)'[0m [36mtag[0m=[35mgoogle_broad[0m
[2m2026-03-31T13:08:13.498297Z[0m [[32m[1minfo     [0m] [1mfetch                         [0m [36mstatus[0m=[35m200[0m [36murl[0m=[35m'https://news.google.com/rss/search?q=CPRT+stock+news&hl=en-US&gl=US&ceid=US:en'[0m
[2m2026-03-31T13:08:13.606883Z[0m [[32m[1minfo     [0m] [1mparsed                        [0m [36mchannel[0m=[35mgoogle_broad[0m [36mraw[0m=[35m100[0m
[2m2026-03-31T13:08:16.106104Z[0m [[32m[1minfo     [0m] [1mfetch                         [0m [36mstatus[0m=[35m200[0m [36murl[0m=[35m'https://news.google.com/rss/search?q=CPRT+earnings+analysis&hl=en-US&gl=US&ceid=US:en'[0m
[2m2026-03-31T13:08:16.128292Z[0m [[32m[1minfo     [0m] [1mparsed                        [0m [36mchannel[0m=[35mgoogle_broad[0m [36mraw[0m=[35m45[0m
[2m2026-03-31T13:08:16.128913Z[0m [[32m[1minfo     [0m] [1mquality_filter                [0m [36minput[0m=[35m187[0m [36mpassed[0m=[35m0[0m
[2m2026-03-31T13:08:16.128986Z[0m [[32m[1minfo     [0m] [1mdedup                         [0m [36mafter[0m=[35m0[0m [36mbefore[0m=[35m0[0m
[2m2026-03-31T13:08:16.129785Z[0m [[32m[1minfo     [0m] [1mcrawling                      [0m [36mchannel[0m=[35mGoogle->Benzinga[0m [36mtag[0m=[35mgoogle_benzinga[0m
[2m2026-03-31T13:08:18.709171Z[0m [[32m[1minfo     [0m] [1mfetch                         [0m [36mstatus[0m=[35m200[0m [36murl[0m=[35m'https://news.google.com/rss/search?q=IR+site:benzinga.com&hl=en-US&gl=US&ceid=US:en'[0m
[2m2026-03-31T13:08:18.818648Z[0m [[32m[1minfo     [0m] [1mparsed                        [0m [36mchannel[0m=[35mgoogle_benzinga[0m [36mraw[0m=[35m100[0m
[2m2026-03-31T13:08:20.834259Z[0m [[32m[1minfo     [0m] [1mfetch                         [0m [36mstatus[0m=[35m200[0m [36murl[0m=[35m'https://news.google.com/rss/search?q=IR+site:benzinga.com&hl=en-US&gl=US&ceid=US:en'[0m
[2m2026-03-31T13:08:20.865931Z[0m [[32m[1minfo     [0m] [1mparsed                        [0m [36mchannel[0m=[35mgoogle_benzinga[0m [36mraw[0m=[35m100[0m
[2m2026-03-31T13:08:20.866061Z[0m [[32m[1minfo     [0m] [1mcrawling                      [0m [36mchannel[0m=[35m'Google News (all)'[0m [36mtag[0m=[35mgoogle_broad[0m
[2m2026-03-31T13:08:23.385368Z[0m [[32m[1minfo     [0m] [1mfetch                         [0m [36mstatus[0m=[35m200[0m [36murl[0m=[35m'https://news.google.com/rss/search?q=IR+stock+news&hl=en-US&gl=US&ceid=US:en'[0m
[2m2026-03-31T13:08:23.484772Z[0m [[32m[1minfo     [0m] [1mparsed                        [0m [36mchannel[0m=[35mgoogle_broad[0m [36mraw[0m=[35m69[0m
[2m2026-03-31T13:08:26.022038Z[0m [[32m[1minfo     [0m] [1mfetch                         [0m [36mstatus[0m=[35m200[0m [36murl[0m=[35m'https://news.google.com/rss/search?q=IR+earnings+analysis&hl=en-US&gl=US&ceid=US:en'[0m
[2m2026-03-31T13:08:26.056170Z[0m [[32m[1minfo     [0m] [1mparsed                        [0m [36mchannel[0m=[35mgoogle_broad[0m [36mraw[0m=[35m48[0m
[2m2026-03-31T13:08:26.057040Z[0m [[32m[1minfo     [0m] [1mquality_filter                [0m [36minput[0m=[35m317[0m [36mpassed[0m=[35m2[0m
[2m2026-03-31T13:08:26.057360Z[0m [[32m[1minfo     [0m] [1mdedup                         [0m [36mafter[0m=[35m1[0m [36mbefore[0m=[35m2[0m
[2m2026-03-31T13:08:28.099465Z[0m [[32m[1minfo     [0m] [1mcrawling                      [0m [36mchannel[0m=[35mGoogle->Benzinga[0m [36mtag[0m=[35mgoogle_benzinga[0m
[2m2026-03-31T13:08:30.495284Z[0m [[32m[1minfo     [0m] [1mfetch                         [0m [36mstatus[0m=[35m200[0m [36murl[0m=[35m'https://news.google.com/rss/search?q=KVUE+site:benzinga.com&hl=en-US&gl=US&ceid=US:en'[0m
[2m2026-03-31T13:08:30.503506Z[0m [[32m[1minfo     [0m] [1mparsed                        [0m [36mchannel[0m=[35mgoogle_benzinga[0m [36mraw[0m=[35m21[0m
[2m2026-03-31T13:08:32.515187Z[0m [[32m[1minfo     [0m] [1mfetch                         [0m [36mstatus[0m=[35m200[0m [36murl[0m=[35m'https://news.google.com/rss/search?q=KVUE+site:benzinga.com&hl=en-US&gl=US&ceid=US:en'[0m
[2m2026-03-31T13:08:32.525402Z[0m [[32m[1minfo     [0m] [1mparsed                        [0m [36mchannel[0m=[35mgoogle_benzinga[0m [36mraw[0m=[35m21[0m
[2m2026-03-31T13:08:32.525517Z[0m [[32m[1minfo     [0m] [1mcrawling                      [0m [36mchannel[0m=[35m'Google News (all)'[0m [36mtag[0m=[35mgoogle_broad[0m
[2m2026-03-31T13:08:35.007281Z[0m [[32m[1minfo     [0m] [1mfetch                         [0m [36mstatus[0m=[35m200[0m [36murl[0m=[35m'https://news.google.com/rss/search?q=KVUE+stock+news&hl=en-US&gl=US&ceid=US:en'[0m
[2m2026-03-31T13:08:35.127469Z[0m [[32m[1minfo     [0m] [1mparsed                        [0m [36mchannel[0m=[35mgoogle_broad[0m [36mraw[0m=[35m100[0m
[2m2026-03-31T13:08:37.554937Z[0m [[32m[1minfo     [0m] [1mfetch                         [0m [36mstatus[0m=[35m200[0m [36murl[0m=[35m'https://news.google.com/rss/search?q=KVUE+earnings+analysis&hl=en-US&gl=US&ceid=US:en'[0m
[2m2026-03-31T13:08:37.591023Z[0m [[32m[1minfo     [0m] [1mparsed                        [0m [36mchannel[0m=[35mgoogle_broad[0m [36mraw[0m=[35m52[0m
[2m2026-03-31T13:08:37.591732Z[0m [[32m[1minfo     [0m] [1mquality_filter                [0m [36minput[0m=[35m194[0m [36mpassed[0m=[35m1[0m
[2m2026-03-31T13:08:37.591904Z[0m [[32m[1minfo     [0m] [1mdedup                         [0m [36mafter[0m=[35m1[0m [36mbefore[0m=[35m1[0m
[2m2026-03-31T13:08:40.241814Z[0m [[32m[1minfo     [0m] [1mfetch                         [0m [36mstatus[0m=[35m200[0m [36murl[0m=[35mhttps://www.kvue.com/article/syndication/associatedpress/how-major-us-stock-indexes-fared-[0m
[2m2026-03-31T13:08:40.449347Z[0m [[32m[1minfo     [0m] [1mcrawling                      [0m [36mchannel[0m=[35mGoogle->Benzinga[0m [36mtag[0m=[35mgoogle_benzinga[0m
[2m2026-03-31T13:08:43.309232Z[0m [[32m[1minfo     [0m] [1mfetch                         [0m [36mstatus[0m=[35m200[0m [36murl[0m=[35m'https://news.google.com/rss/search?q=TPL+site:benzinga.com&hl=en-US&gl=US&ceid=US:en'[0m
[2m2026-03-31T13:08:43.316991Z[0m [[32m[1minfo     [0m] [1mparsed                        [0m [36mchannel[0m=[35mgoogle_benzinga[0m [36mraw[0m=[35m28[0m
[2m2026-03-31T13:08:45.324220Z[0m [[32m[1minfo     [0m] [1mfetch                         [0m [36mstatus[0m=[35m200[0m [36murl[0m=[35m'https://news.google.com/rss/search?q=TPL+site:benzinga.com&hl=en-US&gl=US&ceid=US:en'[0m
[2m2026-03-31T13:08:45.331808Z[0m [[32m[1minfo     [0m] [1mparsed                        [0m [36mchannel[0m=[35mgoogle_benzinga[0m [36mraw[0m=[35m28[0m
[2m2026-03-31T13:08:45.331910Z[0m [[32m[1minfo     [0m] [1mcrawling                      [0m [36mchannel[0m=[35m'Google News (all)'[0m [36mtag[0m=[35mgoogle_broad[0m
[2m2026-03-31T13:08:47.821464Z[0m [[32m[1minfo     [0m] [1mfetch                         [0m [36mstatus[0m=[35m200[0m [36murl[0m=[35m'https://news.google.com/rss/search?q=TPL+stock+news&hl=en-US&gl=US&ceid=US:en'[0m
[2m2026-03-31T13:08:47.916138Z[0m [[32m[1minfo     [0m] [1mparsed                        [0m [36mchannel[0m=[35mgoogle_broad[0m [36mraw[0m=[35m73[0m
[2m2026-03-31T13:08:50.420019Z[0m [[32m[1minfo     [0m] [1mfetch                         [0m [36mstatus[0m=[35m200[0m [36murl[0m=[35m'https://news.google.com/rss/search?q=TPL+earnings+analysis&hl=en-US&gl=US&ceid=US:en'[0m
[2m2026-03-31T13:08:50.452141Z[0m [[32m[1minfo     [0m] [1mparsed                        [0m [36mchannel[0m=[35mgoogle_broad[0m [36mraw[0m=[35m43[0m
[2m2026-03-31T13:08:50.453190Z[0m [[32m[1minfo     [0m] [1mquality_filter                [0m [36minput[0m=[35m172[0m [36mpassed[0m=[35m5[0m
[2m2026-03-31T13:08:50.453801Z[0m [[32m[1minfo     [0m] [1mdedup                         [0m [36mafter[0m=[35m5[0m [36mbefore[0m=[35m5[0m
[2m2026-03-31T13:08:52.448618Z[0m [[32m[1minfo     [0m] [1mfetch                         [0m [36mstatus[0m=[35m403[0m [36murl[0m=[35mhttps://m.investing.com/news/insider-trading-news/horizon-kinetics-buys-texas-pacific-land[0m
[2m2026-03-31T13:08:52.473572Z[0m [[32m[1minfo     [0m] [1mfetch                         [0m [36mstatus[0m=[35m403[0m [36murl[0m=[35mhttps://www.bitget.com/amp/news/detail/12560605318176[0m
[2m2026-03-31T13:08:53.270048Z[0m [[32m[1minfo     [0m] [1mfetch                         [0m [36mstatus[0m=[35m200[0m [36murl[0m=[35mhttps://www.stocktitan.net/sec-filings/TPL/form-4-texas-pacific-land-corp-insider-trading-[0m
[2m2026-03-31T13:08:53.992098Z[0m [[32m[1minfo     [0m] [1mfetch                         [0m [36mstatus[0m=[35m200[0m [36murl[0m=[35mhttps://stockstory.org/us/stocks/nyse/tpl/news/earnings/q4-earnings-highs-and-lows-texas-p[0m
[2m2026-03-31T13:08:54.654030Z[0m [[32m[1minfo     [0m] [1mfetch                         [0m [36mstatus[0m=[35m200[0m [36murl[0m=[35mhttps://www.moomoo.com/options/TPL260417P1150000-US[0m
[2m2026-03-31T13:08:55.178193Z[0m [[32m[1minfo     [0m] [1mcrawling                      [0m [36mchannel[0m=[35mGoogle->Benzinga[0m [36mtag[0m=[35mgoogle_benzinga[0m
[2m2026-03-31T13:08:57.571015Z[0m [[32m[1minfo     [0m] [1mfetch                         [0m [36mstatus[0m=[35m200[0m [36murl[0m=[35m'https://news.google.com/rss/search?q=OTIS+site:benzinga.com&hl=en-US&gl=US&ceid=US:en'[0m
[2m2026-03-31T13:08:57.577843Z[0m [[32m[1minfo     [0m] [1mparsed                        [0m [36mchannel[0m=[35mgoogle_benzinga[0m [36mraw[0m=[35m19[0m
[2m2026-03-31T13:08:59.588209Z[0m [[32m[1minfo     [0m] [1mfetch                         [0m [36mstatus[0m=[35m200[0m [36murl[0m=[35m'https://news.google.com/rss/search?q=OTIS+site:benzinga.com&hl=en-US&gl=US&ceid=US:en'[0m
[2m2026-03-31T13:08:59.596583Z[0m [[32m[1minfo     [0m] [1mparsed                        [0m [36mchannel[0m=[35mgoogle_benzinga[0m [36mraw[0m=[35m19[0m
[2m2026-03-31T13:08:59.596685Z[0m [[32m[1minfo     [0m] [1mcrawling                      [0m [36mchannel[0m=[35m'Google News (all)'[0m [36mtag[0m=[35mgoogle_broad[0m
[2m2026-03-31T13:09:02.030725Z[0m [[32m[1minfo     [0m] [1mfetch                         [0m [36mstatus[0m=[35m200[0m [36murl[0m=[35m'https://news.google.com/rss/search?q=OTIS+stock+news&hl=en-US&gl=US&ceid=US:en'[0m
[2m2026-03-31T13:09:02.065593Z[0m [[32m[1minfo     [0m] [1mparsed                        [0m [36mchannel[0m=[35mgoogle_broad[0m [36mraw[0m=[35m59[0m
[2m2026-03-31T13:09:04.562031Z[0m [[32m[1minfo     [0m] [1mfetch                         [0m [36mstatus[0m=[35m200[0m [36murl[0m=[35m'https://news.google.com/rss/search?q=OTIS+earnings+analysis&hl=en-US&gl=US&ceid=US:en'[0m
[2m2026-03-31T13:09:04.583549Z[0m [[32m[1minfo     [0m] [1mparsed                        [0m [36mchannel[0m=[35mgoogle_broad[0m [36mraw[0m=[35m46[0m
[2m2026-03-31T13:09:04.584064Z[0m [[32m[1minfo     [0m] [1mquality_filter                [0m [36minput[0m=[35m143[0m [36mpassed[0m=[35m0[0m
[2m2026-03-31T13:09:04.584126Z[0m [[32m[1minfo     [0m] [1mdedup                         [0m [36mafter[0m=[35m0[0m [36mbefore[0m=[35m0[0m
[2m2026-03-31T13:09:04.584806Z[0m [[32m[1minfo     [0m] [1mcrawling                      [0m [36mchannel[0m=[35mGoogle->Benzinga[0m [36mtag[0m=[35mgoogle_benzinga[0m
[2m2026-03-31T13:09:06.995558Z[0m [[32m[1minfo     [0m] [1mfetch                         [0m [36mstatus[0m=[35m200[0m [36murl[0m=[35m'https://news.google.com/rss/search?q=ACGL+site:benzinga.com&hl=en-US&gl=US&ceid=US:en'[0m
[2m2026-03-31T13:09:07.004589Z[0m [[32m[1minfo     [0m] [1mparsed                        [0m [36mchannel[0m=[35mgoogle_benzinga[0m [36mraw[0m=[35m9[0m
[2m2026-03-31T13:09:09.009673Z[0m [[32m[1minfo     [0m] [1mfetch                         [0m [36mstatus[0m=[35m200[0m [36murl[0m=[35m'https://news.google.com/rss/search?q=ACGL+site:benzinga.com&hl=en-US&gl=US&ceid=US:en'[0m
[2m2026-03-31T13:09:09.014068Z[0m [[32m[1minfo     [0m] [1mparsed                        [0m [36mchannel[0m=[35mgoogle_benzinga[0m [36mraw[0m=[35m9[0m
[2m2026-03-31T13:09:09.014179Z[0m [[32m[1minfo     [0m] [1mcrawling                      [0m [36mchannel[0m=[35m'Google News (all)'[0m [36mtag[0m=[35mgoogle_broad[0m
[2m2026-03-31T13:09:11.369612Z[0m [[32m[1minfo     [0m] [1mfetch                         [0m [36mstatus[0m=[35m200[0m [36murl[0m=[35m'https://news.google.com/rss/search?q=ACGL+stock+news&hl=en-US&gl=US&ceid=US:en'[0m
[2m2026-03-31T13:09:11.391435Z[0m [[32m[1minfo     [0m] [1mparsed                        [0m [36mchannel[0m=[35mgoogle_broad[0m [36mraw[0m=[35m48[0m
[2m2026-03-31T13:09:13.774254Z[0m [[32m[1minfo     [0m] [1mfetch                         [0m [36mstatus[0m=[35m200[0m [36murl[0m=[35m'https://news.google.com/rss/search?q=ACGL+earnings+analysis&hl=en-US&gl=US&ceid=US:en'[0m
[2m2026-03-31T13:09:13.791725Z[0m [[32m[1minfo     [0m] [1mparsed                        [0m [36mchannel[0m=[35mgoogle_broad[0m [36mraw[0m=[35m42[0m
[2m2026-03-31T13:09:13.792251Z[0m [[32m[1minfo     [0m] [1mquality_filter                [0m [36minput[0m=[35m108[0m [36mpassed[0m=[35m0[0m
[2m2026-03-31T13:09:13.792326Z[0m [[32m[1minfo     [0m] [1mdedup                         [0m [36mafter[0m=[35m0[0m [36mbefore[0m=[35m0[0m
[2m2026-03-31T13:09:13.792975Z[0m [[32m[1minfo     [0m] [1mcrawling                      [0m [36mchannel[0m=[35mGoogle->Benzinga[0m [36mtag[0m=[35mgoogle_benzinga[0m
[2m2026-03-31T13:09:16.176058Z[0m [[32m[1minfo     [0m] [1mfetch                         [0m [36mstatus[0m=[35m200[0m [36murl[0m=[35m'https://news.google.com/rss/search?q=STT+site:benzinga.com&hl=en-US&gl=US&ceid=US:en'[0m
[2m2026-03-31T13:09:16.185472Z[0m [[32m[1minfo     [0m] [1mparsed                        [0m [36mchannel[0m=[35mgoogle_benzinga[0m [36mraw[0m=[35m20[0m
[2m2026-03-31T13:09:18.194164Z[0m [[32m[1minfo     [0m] [1mfetch                         [0m [36mstatus[0m=[35m200[0m [36murl[0m=[35m'https://news.google.com/rss/search?q=STT+site:benzinga.com&hl=en-US&gl=US&ceid=US:en'[0m
[2m2026-03-31T13:09:18.202813Z[0m [[32m[1minfo     [0m] [1mparsed                        [0m [36mchannel[0m=[35mgoogle_benzinga[0m [36mraw[0m=[35m20[0m
[2m2026-03-31T13:09:18.202903Z[0m [[32m[1minfo     [0m] [1mcrawling                      [0m [36mchannel[0m=[35m'Google News (all)'[0m [36mtag[0m=[35mgoogle_broad[0m
[2m2026-03-31T13:09:20.765079Z[0m [[32m[1minfo     [0m] [1mfetch                         [0m [36mstatus[0m=[35m200[0m [36murl[0m=[35m'https://news.google.com/rss/search?q=STT+stock+news&hl=en-US&gl=US&ceid=US:en'[0m
[2m2026-03-31T13:09:20.895225Z[0m [[32m[1minfo     [0m] [1mparsed                        [0m [36mchannel[0m=[35mgoogle_broad[0m [36mraw[0m=[35m100[0m
[2m2026-03-31T13:09:23.460331Z[0m [[32m[1minfo     [0m] [1mfetch                         [0m [36mstatus[0m=[35m200[0m [36murl[0m=[35m'https://news.google.com/rss/search?q=STT+earnings+analysis&hl=en-US&gl=US&ceid=US:en'[0m
[2m2026-03-31T13:09:23.489441Z[0m [[32m[1minfo     [0m] [1mparsed                        [0m [36mchannel[0m=[35mgoogle_broad[0m [36mraw[0m=[35m52[0m
[2m2026-03-31T13:09:23.490562Z[0m [[32m[1minfo     [0m] [1mquality_filter                [0m [36minput[0m=[35m192[0m [36mpassed[0m=[35m4[0m
[2m2026-03-31T13:09:23.491015Z[0m [[32m[1minfo     [0m] [1mdedup                         [0m [36mafter[0m=[35m4[0m [36mbefore[0m=[35m4[0m
[2m2026-03-31T13:09:25.374011Z[0m [[32m[1minfo     [0m] [1mfetch                         [0m [36mstatus[0m=[35m200[0m [36murl[0m=[35mhttps://www.livemint.com/market/stock-market-news/stt-hike-on-f-o-kicks-in-from-april-1-wi[0m
[2m2026-03-31T13:09:25.487336Z[0m [[32m[1minfo     [0m] [1mfetch                         [0m [36mstatus[0m=[35m200[0m [36murl[0m=[35mhttps://www.livemint.com/market/stockbrokers-securities-transaction-tax-hike-equity-future[0m
[2m2026-03-31T13:09:25.638029Z[0m [[32m[1minfo     [0m] [1mfetch                         [0m [36mstatus[0m=[35m200[0m [36murl[0m=[35mhttps://m.economictimes.com/markets/stocks/news/new-stt-mtf-rules-kick-in-from-april-1-wha[0m
[2m2026-03-31T13:09:26.834065Z[0m [[32m[1minfo     [0m] [1mfetch                         [0m [36mstatus[0m=[35m200[0m [36murl[0m=[35mhttps://www.theglobeandmail.com/investing/markets/stocks/STT/pressreleases/1059740/wells-f[0m
[2m2026-03-31T13:09:27.273025Z[0m [[32m[1minfo     [0m] [1mcrawling                      [0m [36mchannel[0m=[35mGoogle->Benzinga[0m [36mtag[0m=[35mgoogle_benzinga[0m
[2m2026-03-31T13:09:30.267282Z[0m [[32m[1minfo     [0m] [1mfetch                         [0m [36mstatus[0m=[35m200[0m [36murl[0m=[35m'https://news.google.com/rss/search?q=WDAY+site:benzinga.com&hl=en-US&gl=US&ceid=US:en'[0m
[2m2026-03-31T13:09:30.309401Z[0m [[32m[1minfo     [0m] [1mparsed                        [0m [36mchannel[0m=[35mgoogle_benzinga[0m [36mraw[0m=[35m57[0m
[2m2026-03-31T13:09:32.317944Z[0m [[32m[1minfo     [0m] [1mfetch                         [0m [36mstatus[0m=[35m200[0m [36murl[0m=[35m'https://news.google.com/rss/search?q=WDAY+site:benzinga.com&hl=en-US&gl=US&ceid=US:en'[0m
[2m2026-03-31T13:09:32.338308Z[0m [[32m[1minfo     [0m] [1mparsed                        [0m [36mchannel[0m=[35mgoogle_benzinga[0m [36mraw[0m=[35m57[0m
[2m2026-03-31T13:09:32.338422Z[0m [[32m[1minfo     [0m] [1mcrawling                      [0m [36mchannel[0m=[35m'Google News (all)'[0m [36mtag[0m=[35mgoogle_broad[0m
[2m2026-03-31T13:09:35.006577Z[0m [[32m[1minfo     [0m] [1mfetch                         [0m [36mstatus[0m=[35m200[0m [36murl[0m=[35m'https://news.google.com/rss/search?q=WDAY+stock+news&hl=en-US&gl=US&ceid=US:en'[0m
[2m2026-03-31T13:09:35.115817Z[0m [[32m[1minfo     [0m] [1mparsed                        [0m [36mchannel[0m=[35mgoogle_broad[0m [36mraw[0m=[35m100[0m
[2m2026-03-31T13:09:37.696609Z[0m [[32m[1minfo     [0m] [1mfetch                         [0m [36mstatus[0m=[35m200[0m [36murl[0m=[35m'https://news.google.com/rss/search?q=WDAY+earnings+analysis&hl=en-US&gl=US&ceid=US:en'[0m
[2m2026-03-31T13:09:37.734175Z[0m [[32m[1minfo     [0m] [1mparsed                        [0m [36mchannel[0m=[35mgoogle_broad[0m [36mraw[0m=[35m65[0m
[2m2026-03-31T13:09:37.734791Z[0m [[32m[1minfo     [0m] [1mquality_filter                [0m [36minput[0m=[35m279[0m [36mpassed[0m=[35m2[0m
[2m2026-03-31T13:09:37.734965Z[0m [[32m[1minfo     [0m] [1mdedup                         [0m [36mafter[0m=[35m2[0m [36mbefore[0m=[35m2[0m
[2m2026-03-31T13:09:39.590899Z[0m [[32m[1minfo     [0m] [1mfetch                         [0m [36mstatus[0m=[35m403[0m [36murl[0m=[35mhttps://stocktwits.com/news-articles/markets/equity/team-wday-zs-eye-worst-quarter-ever-am[0m
[2m2026-03-31T13:09:39.896675Z[0m [[32m[1minfo     [0m] [1mfetch                         [0m [36mstatus[0m=[35m200[0m [36murl[0m=[35mhttp://www.msn.com/en-us/money/topstocks/why-is-workday-wday-down-46-since-last-earnings-r[0m
[2m2026-03-31T13:09:40.113276Z[0m [[32m[1minfo     [0m] [1mcrawling                      [0m [36mchannel[0m=[35mGoogle->Benzinga[0m [36mtag[0m=[35mgoogle_benzinga[0m
[2m2026-03-31T13:09:42.611531Z[0m [[32m[1minfo     [0m] [1mfetch                         [0m [36mstatus[0m=[35m200[0m [36murl[0m=[35m'https://news.google.com/rss/search?q=DG+site:benzinga.com&hl=en-US&gl=US&ceid=US:en'[0m
[2m2026-03-31T13:09:42.658096Z[0m [[32m[1minfo     [0m] [1mparsed                        [0m [36mchannel[0m=[35mgoogle_benzinga[0m [36mraw[0m=[35m69[0m
[2m2026-03-31T13:09:44.672615Z[0m [[32m[1minfo     [0m] [1mfetch                         [0m [36mstatus[0m=[35m200[0m [36murl[0m=[35m'https://news.google.com/rss/search?q=DG+site:benzinga.com&hl=en-US&gl=US&ceid=US:en'[0m
[2m2026-03-31T13:09:44.712786Z[0m [[32m[1minfo     [0m] [1mparsed                        [0m [36mchannel[0m=[35mgoogle_benzinga[0m [36mraw[0m=[35m69[0m
[2m2026-03-31T13:09:44.712933Z[0m [[32m[1minfo     [0m] [1mcrawling                      [0m [36mchannel[0m=[35m'Google News (all)'[0m [36mtag[0m=[35mgoogle_broad[0m
[2m2026-03-31T13:09:47.258700Z[0m [[32m[1minfo     [0m] [1mfetch                         [0m [36mstatus[0m=[35m200[0m [36murl[0m=[35m'https://news.google.com/rss/search?q=DG+stock+news&hl=en-US&gl=US&ceid=US:en'[0m
[2m2026-03-31T13:09:47.373239Z[0m [[32m[1minfo     [0m] [1mparsed                        [0m [36mchannel[0m=[35mgoogle_broad[0m [36mraw[0m=[35m100[0m
[2m2026-03-31T13:09:49.797963Z[0m [[32m[1minfo     [0m] [1mfetch                         [0m [36mstatus[0m=[35m200[0m [36murl[0m=[35m'https://news.google.com/rss/search?q=DG+earnings+analysis&hl=en-US&gl=US&ceid=US:en'[0m
[2m2026-03-31T13:09:49.895474Z[0m [[32m[1minfo     [0m] [1mparsed                        [0m [36mchannel[0m=[35mgoogle_broad[0m [36mraw[0m=[35m73[0m
[2m2026-03-31T13:09:49.896500Z[0m [[32m[1minfo     [0m] [1mquality_filter                [0m [36minput[0m=[35m311[0m [36mpassed[0m=[35m9[0m
[2m2026-03-31T13:09:49.897250Z[0m [[32m[1minfo     [0m] [1mdedup                         [0m [36mafter[0m=[35m8[0m [36mbefore[0m=[35m9[0m
[2m2026-03-31T13:09:52.102345Z[0m [[32m[1minfo     [0m] [1mfetch                         [0m [36mstatus[0m=[35m200[0m [36murl[0m=[35mhttps://www.stocktitan.net/sec-filings/DG/form-4-dollar-general-corp-insider-trading-activ[0m
[2m2026-03-31T13:09:52.377427Z[0m [[32m[1minfo     [0m] [1mfetch                         [0m [36mstatus[0m=[35m429[0m [36murl[0m=[35mhttps://www.stocktitan.net/sec-filings/DG/form-4-dollar-general-corp-insider-trading-activ[0m
[2m2026-03-31T13:09:52.410837Z[0m [[32m[1minfo     [0m] [1mfetch                         [0m [36mstatus[0m=[35m429[0m [36murl[0m=[35mhttps://www.stocktitan.net/sec-filings/DG/form-4-dollar-general-corp-insider-trading-activ[0m
[2m2026-03-31T13:09:52.475056Z[0m [[32m[1minfo     [0m] [1mfetch                         [0m [36mstatus[0m=[35m200[0m [36murl[0m=[35mhttps://www.stocktitan.net/sec-filings/DG/form-4-dollar-general-corp-insider-trading-activ[0m
[2m2026-03-31T13:09:52.693877Z[0m [[32m[1minfo     [0m] [1mfetch                         [0m [36mstatus[0m=[35m429[0m [36murl[0m=[35mhttps://www.stocktitan.net/sec-filings/DG/form-4-dollar-general-corp-insider-trading-activ[0m
[2m2026-03-31T13:09:52.824219Z[0m [[32m[1minfo     [0m] [1mfetch                         [0m [36mstatus[0m=[35m429[0m [36murl[0m=[35mhttps://www.stocktitan.net/sec-filings/DG/form-4-dollar-general-corp-insider-trading-activ[0m
[2m2026-03-31T13:09:53.891926Z[0m [[32m[1minfo     [0m] [1mfetch                         [0m [36mstatus[0m=[35m429[0m [36murl[0m=[35mhttps://www.stocktitan.net/sec-filings/DG/form-4-dollar-general-corp-insider-trading-activ[0m
[2m2026-03-31T13:09:54.172202Z[0m [[32m[1minfo     [0m] [1mfetch                         [0m [36mstatus[0m=[35m429[0m [36murl[0m=[35mhttps://www.stocktitan.net/sec-filings/DG/form-4-dollar-general-corp-insider-trading-activ[0m
[2m2026-03-31T13:09:54.374659Z[0m [[32m[1minfo     [0m] [1mcrawling                      [0m [36mchannel[0m=[35mGoogle->Benzinga[0m [36mtag[0m=[35mgoogle_benzinga[0m
[2m2026-03-31T13:09:56.998307Z[0m [[32m[1minfo     [0m] [1mfetch                         [0m [36mstatus[0m=[35m200[0m [36murl[0m=[35m'https://news.google.com/rss/search?q=UAL+site:benzinga.com&hl=en-US&gl=US&ceid=US:en'[0m
[2m2026-03-31T13:09:57.032998Z[0m [[32m[1minfo     [0m] [1mparsed                        [0m [36mchannel[0m=[35mgoogle_benzinga[0m [36mraw[0m=[35m100[0m
[2m2026-03-31T13:09:59.039879Z[0m [[32m[1minfo     [0m] [1mfetch                         [0m [36mstatus[0m=[35m200[0m [36murl[0m=[35m'https://news.google.com/rss/search?q=UAL+site:benzinga.com&hl=en-US&gl=US&ceid=US:en'[0m
[2m2026-03-31T13:09:59.069740Z[0m [[32m[1minfo     [0m] [1mparsed                        [0m [36mchannel[0m=[35mgoogle_benzinga[0m [36mraw[0m=[35m100[0m
[2m2026-03-31T13:09:59.069899Z[0m [[32m[1minfo     [0m] [1mcrawling                      [0m [36mchannel[0m=[35m'Google News (all)'[0m [36mtag[0m=[35mgoogle_broad[0m
[2m2026-03-31T13:10:01.811222Z[0m [[32m[1minfo     [0m] [1mfetch                         [0m [36mstatus[0m=[35m200[0m [36murl[0m=[35m'https://news.google.com/rss/search?q=UAL+stock+news&hl=en-US&gl=US&ceid=US:en'[0m
[2m2026-03-31T13:10:01.842124Z[0m [[32m[1minfo     [0m] [1mparsed                        [0m [36mchannel[0m=[35mgoogle_broad[0m [36mraw[0m=[35m100[0m
[2m2026-03-31T13:10:04.364868Z[0m [[32m[1minfo     [0m] [1mfetch                         [0m [36mstatus[0m=[35m200[0m [36murl[0m=[35m'https://news.google.com/rss/search?q=UAL+earnings+analysis&hl=en-US&gl=US&ceid=US:en'[0m
[2m2026-03-31T13:10:04.386133Z[0m [[32m[1minfo     [0m] [1mparsed                        [0m [36mchannel[0m=[35mgoogle_broad[0m [36mraw[0m=[35m72[0m
[2m2026-03-31T13:10:04.386868Z[0m [[32m[1minfo     [0m] [1mquality_filter                [0m [36minput[0m=[35m372[0m [36mpassed[0m=[35m0[0m
[2m2026-03-31T13:10:04.386955Z[0m [[32m[1minfo     [0m] [1mdedup                         [0m [36mafter[0m=[35m0[0m [36mbefore[0m=[35m0[0m
[2m2026-03-31T13:10:04.388054Z[0m [[32m[1minfo     [0m] [1mcrawling                      [0m [36mchannel[0m=[35mGoogle->Benzinga[0m [36mtag[0m=[35mgoogle_benzinga[0m
[2m2026-03-31T13:10:07.059584Z[0m [[32m[1minfo     [0m] [1mfetch                         [0m [36mstatus[0m=[35m200[0m [36murl[0m=[35m'https://news.google.com/rss/search?q=A+site:benzinga.com&hl=en-US&gl=US&ceid=US:en'[0m
[2m2026-03-31T13:10:07.184431Z[0m [[32m[1minfo     [0m] [1mparsed                        [0m [36mchannel[0m=[35mgoogle_benzinga[0m [36mraw[0m=[35m100[0m
[2m2026-03-31T13:10:09.191423Z[0m [[32m[1minfo     [0m] [1mfetch                         [0m [36mstatus[0m=[35m200[0m [36murl[0m=[35m'https://news.google.com/rss/search?q=A+site:benzinga.com&hl=en-US&gl=US&ceid=US:en'[0m
[2m2026-03-31T13:10:09.223039Z[0m [[32m[1minfo     [0m] [1mparsed                        [0m [36mchannel[0m=[35mgoogle_benzinga[0m [36mraw[0m=[35m100[0m
[2m2026-03-31T13:10:09.223151Z[0m [[32m[1minfo     [0m] [1mcrawling                      [0m [36mchannel[0m=[35m'Google News (all)'[0m [36mtag[0m=[35mgoogle_broad[0m
[2m2026-03-31T13:10:11.743042Z[0m [[32m[1minfo     [0m] [1mfetch                         [0m [36mstatus[0m=[35m200[0m [36murl[0m=[35m'https://news.google.com/rss/search?q=A+stock+news&hl=en-US&gl=US&ceid=US:en'[0m
[2m2026-03-31T13:10:11.835490Z[0m [[32m[1minfo     [0m] [1mparsed                        [0m [36mchannel[0m=[35mgoogle_broad[0m [36mraw[0m=[35m87[0m
[2m2026-03-31T13:10:14.466206Z[0m [[32m[1minfo     [0m] [1mfetch                         [0m [36mstatus[0m=[35m200[0m [36murl[0m=[35m'https://news.google.com/rss/search?q=A+earnings+analysis&hl=en-US&gl=US&ceid=US:en'[0m
[2m2026-03-31T13:10:14.571516Z[0m [[32m[1minfo     [0m] [1mparsed                        [0m [36mchannel[0m=[35mgoogle_broad[0m [36mraw[0m=[35m100[0m
[2m2026-03-31T13:10:14.578500Z[0m [[32m[1minfo     [0m] [1mquality_filter                [0m [36minput[0m=[35m387[0m [36mpassed[0m=[35m113[0m
[2m2026-03-31T13:10:14.600782Z[0m [[32m[1minfo     [0m] [1mdedup                         [0m [36mafter[0m=[35m60[0m [36mbefore[0m=[35m113[0m
[2m2026-03-31T13:10:16.854894Z[0m [[32m[1minfo     [0m] [1mfetch                         [0m [36mstatus[0m=[35m200[0m [36murl[0m=[35mhttps://www.fool.com/investing/2026/03/31/amazon-stock-investors-great-news-openai-robotax[0m
[2m2026-03-31T13:10:18.995971Z[0m [[32m[1minfo     [0m] [1mfetch                         [0m [36mstatus[0m=[35m200[0m [36murl[0m=[35mhttps://www.fool.com/investing/2026/03/30/micron-incredible-news-ai-infrastructure-stock/[0m
[2m2026-03-31T13:10:35.115515Z[0m [[32m[1minfo     [0m] [1mfetch                         [0m [36mstatus[0m=[35m200[0m [36murl[0m=[35mhttps://www.tradingview.com/news/zacks:2b3169084094b:0-should-investors-consider-nike-stoc[0m
[2m2026-03-31T13:10:35.834476Z[0m [[32m[1minfo     [0m] [1mfetch                         [0m [36mstatus[0m=[35m200[0m [36murl[0m=[35mhttps://www.ad-hoc-news.de/boerse/news/ueberblick/ibm-shares-see-elevated-trading-activity[0m
[2m2026-03-31T13:10:35.888015Z[0m [[32m[1minfo     [0m] [1mfetch                         [0m [36mstatus[0m=[35m200[0m [36murl[0m=[35mhttps://www.nbcnews.com/business/business-news/oil-jumps-stocks-slide-ahead-us-stock-marke[0m
[2m2026-03-31T13:10:35.976341Z[0m [[32m[1minfo     [0m] [1mfetch                         [0m [36mstatus[0m=[35m200[0m [36murl[0m=[35mhttps://www.bbc.co.uk/news/articles/c3r384ye7reo[0m
[2m2026-03-31T13:10:36.948506Z[0m [[32m[1minfo     [0m] [1mfetch                         [0m [36mstatus[0m=[35m200[0m [36murl[0m=[35mhttps://temple-news.com/heres-who-raised-their-stock-at-2026-pro-day/[0m
[2m2026-03-31T13:10:37.158740Z[0m [[32m[1minfo     [0m] [1mcrawling                      [0m [36mchannel[0m=[35mGoogle->Benzinga[0m [36mtag[0m=[35mgoogle_benzinga[0m
[2m2026-03-31T13:10:39.567073Z[0m [[32m[1minfo     [0m] [1mfetch                         [0m [36mstatus[0m=[35m200[0m [36murl[0m=[35m'https://news.google.com/rss/search?q=PRU+site:benzinga.com&hl=en-US&gl=US&ceid=US:en'[0m
[2m2026-03-31T13:10:39.580596Z[0m [[32m[1minfo     [0m] [1mparsed                        [0m [36mchannel[0m=[35mgoogle_benzinga[0m [36mraw[0m=[35m22[0m
[2m2026-03-31T13:10:41.586282Z[0m [[32m[1minfo     [0m] [1mfetch                         [0m [36mstatus[0m=[35m200[0m [36murl[0m=[35m'https://news.google.com/rss/search?q=PRU+site:benzinga.com&hl=en-US&gl=US&ceid=US:en'[0m
[2m2026-03-31T13:10:41.593921Z[0m [[32m[1minfo     [0m] [1mparsed                        [0m [36mchannel[0m=[35mgoogle_benzinga[0m [36mraw[0m=[35m22[0m
[2m2026-03-31T13:10:41.594041Z[0m [[32m[1minfo     [0m] [1mcrawling                      [0m [36mchannel[0m=[35m'Google News (all)'[0m [36mtag[0m=[35mgoogle_broad[0m
[2m2026-03-31T13:10:44.168198Z[0m [[32m[1minfo     [0m] [1mfetch                         [0m [36mstatus[0m=[35m200[0m [36murl[0m=[35m'https://news.google.com/rss/search?q=PRU+stock+news&hl=en-US&gl=US&ceid=US:en'[0m
[2m2026-03-31T13:10:44.278793Z[0m [[32m[1minfo     [0m] [1mparsed                        [0m [36mchannel[0m=[35mgoogle_broad[0m [36mraw[0m=[35m100[0m
[2m2026-03-31T13:10:46.750278Z[0m [[32m[1minfo     [0m] [1mfetch                         [0m [36mstatus[0m=[35m200[0m [36murl[0m=[35m'https://news.google.com/rss/search?q=PRU+earnings+analysis&hl=en-US&gl=US&ceid=US:en'[0m
[2m2026-03-31T13:10:46.847467Z[0m [[32m[1minfo     [0m] [1mparsed                        [0m [36mchannel[0m=[35mgoogle_broad[0m [36mraw[0m=[35m71[0m
[2m2026-03-31T13:10:46.848404Z[0m [[32m[1minfo     [0m] [1mquality_filter                [0m [36minput[0m=[35m215[0m [36mpassed[0m=[35m7[0m
[2m2026-03-31T13:10:46.849010Z[0m [[32m[1minfo     [0m] [1mdedup                         [0m [36mafter[0m=[35m6[0m [36mbefore[0m=[35m7[0m
[2m2026-03-31T13:10:48.629471Z[0m [[32m[1minfo     [0m] [1mfetch                         [0m [36mstatus[0m=[35m403[0m [36murl[0m=[35mhttps://www.tipranks.com/news/company-announcements/prudential-cancels-390805-shares-in-on[0m
[2m2026-03-31T13:10:48.914079Z[0m [[32m[1minfo     [0m] [1mfetch                         [0m [36mstatus[0m=[35m403[0m [36murl[0m=[35mhttps://www.bitget.com/amp/news/detail/12560605320426[0m
[2m2026-03-31T13:10:48.972356Z[0m [[32m[1minfo     [0m] [1mfetch                         [0m [36mstatus[0m=[35m403[0m [36murl[0m=[35mhttps://www.tipranks.com/news/company-announcements/prudential-cancels-379780-shares-after[0m
[2m2026-03-31T13:10:49.152503Z[0m [[32m[1minfo     [0m] [1mfetch                         [0m [36mstatus[0m=[35m403[0m [36murl[0m=[35mhttps://www.tipranks.com/news/company-announcements/prudential-confirms-total-voting-right[0m
[2m2026-03-31T13:10:49.801242Z[0m [[32m[1minfo     [0m] [1mfetch                         [0m [36mstatus[0m=[35m200[0m [36murl[0m=[35mhttps://www.stocktitan.net/news/PRU/pgim-launches-new-brand-campaign-keep-fjyp4bn4qr6k.htm[0m
[2m2026-03-31T13:10:50.021173Z[0m [[31m[1merror    [0m] [1mfetch_error                   [0m [36merror[0m=[35m"400, message='Got more than 8190 bytes (8800) when reading Header value is too l"[0m [36murl[0m=[35mhttps://finance.yahoo.com/quote/PRU/[0m
[2m2026-03-31T13:10:50.224565Z[0m [[32m[1minfo     [0m] [1mcrawling                      [0m [36mchannel[0m=[35mGoogle->Benzinga[0m [36mtag[0m=[35mgoogle_benzinga[0m
[2m2026-03-31T13:10:52.653613Z[0m [[32m[1minfo     [0m] [1mfetch                         [0m [36mstatus[0m=[35m200[0m [36murl[0m=[35m'https://news.google.com/rss/search?q=HBAN+site:benzinga.com&hl=en-US&gl=US&ceid=US:en'[0m
[2m2026-03-31T13:10:52.660479Z[0m [[32m[1minfo     [0m] [1mparsed                        [0m [36mchannel[0m=[35mgoogle_benzinga[0m [36mraw[0m=[35m17[0m
[2m2026-03-31T13:10:54.667147Z[0m [[32m[1minfo     [0m] [1mfetch                         [0m [36mstatus[0m=[35m200[0m [36murl[0m=[35m'https://news.google.com/rss/search?q=HBAN+site:benzinga.com&hl=en-US&gl=US&ceid=US:en'[0m
[2m2026-03-31T13:10:54.672971Z[0m [[32m[1minfo     [0m] [1mparsed                        [0m [36mchannel[0m=[35mgoogle_benzinga[0m [36mraw[0m=[35m17[0m
[2m2026-03-31T13:10:54.673063Z[0m [[32m[1minfo     [0m] [1mcrawling                      [0m [36mchannel[0m=[35m'Google News (all)'[0m [36mtag[0m=[35mgoogle_broad[0m
[2m2026-03-31T13:10:57.232644Z[0m [[32m[1minfo     [0m] [1mfetch                         [0m [36mstatus[0m=[35m200[0m [36murl[0m=[35m'https://news.google.com/rss/search?q=HBAN+stock+news&hl=en-US&gl=US&ceid=US:en'[0m
[2m2026-03-31T13:10:57.349725Z[0m [[32m[1minfo     [0m] [1mparsed                        [0m [36mchannel[0m=[35mgoogle_broad[0m [36mraw[0m=[35m100[0m
[2m2026-03-31T13:10:59.800595Z[0m [[32m[1minfo     [0m] [1mfetch                         [0m [36mstatus[0m=[35m200[0m [36murl[0m=[35m'https://news.google.com/rss/search?q=HBAN+earnings+analysis&hl=en-US&gl=US&ceid=US:en'[0m
[2m2026-03-31T13:10:59.821355Z[0m [[32m[1minfo     [0m] [1mparsed                        [0m [36mchannel[0m=[35mgoogle_broad[0m [36mraw[0m=[35m44[0m
[2m2026-03-31T13:10:59.822071Z[0m [[32m[1minfo     [0m] [1mquality_filter                [0m [36minput[0m=[35m178[0m [36mpassed[0m=[35m1[0m
[2m2026-03-31T13:10:59.822211Z[0m [[32m[1minfo     [0m] [1mdedup                         [0m [36mafter[0m=[35m1[0m [36mbefore[0m=[35m1[0m
[2m2026-03-31T13:11:02.232033Z[0m [[32m[1minfo     [0m] [1mfetch                         [0m [36mstatus[0m=[35m429[0m [36murl[0m=[35mhttps://www.stocktitan.net/sec-filings/HBAN/8-k-huntington-bancshares-inc-md-reports-mater[0m
[2m2026-03-31T13:11:02.433609Z[0m [[32m[1minfo     [0m] [1mcrawling                      [0m [36mchannel[0m=[35mGoogle->Benzinga[0m [36mtag[0m=[35mgoogle_benzinga[0m
[2m2026-03-31T13:11:04.992310Z[0m [[32m[1minfo     [0m] [1mfetch                         [0m [36mstatus[0m=[35m200[0m [36murl[0m=[35m'https://news.google.com/rss/search?q=PAYX+site:benzinga.com&hl=en-US&gl=US&ceid=US:en'[0m
[2m2026-03-31T13:11:05.093487Z[0m [[32m[1minfo     [0m] [1mparsed                        [0m [36mchannel[0m=[35mgoogle_benzinga[0m [36mraw[0m=[35m94[0m
[2m2026-03-31T13:11:07.104479Z[0m [[32m[1minfo     [0m] [1mfetch                         [0m [36mstatus[0m=[35m200[0m [36murl[0m=[35m'https://news.google.com/rss/search?q=PAYX+site:benzinga.com&hl=en-US&gl=US&ceid=US:en'[0m
[2m2026-03-31T13:11:07.140121Z[0m [[32m[1minfo     [0m] [1mparsed                        [0m [36mchannel[0m=[35mgoogle_benzinga[0m [36mraw[0m=[35m94[0m
[2m2026-03-31T13:11:07.140256Z[0m [[32m[1minfo     [0m] [1mcrawling                      [0m [36mchannel[0m=[35m'Google News (all)'[0m [36mtag[0m=[35mgoogle_broad[0m
[2m2026-03-31T13:11:09.973841Z[0m [[32m[1minfo     [0m] [1mfetch                         [0m [36mstatus[0m=[35m200[0m [36murl[0m=[35m'https://news.google.com/rss/search?q=PAYX+stock+news&hl=en-US&gl=US&ceid=US:en'[0m
[2m2026-03-31T13:11:10.009378Z[0m [[32m[1minfo     [0m] [1mparsed                        [0m [36mchannel[0m=[35mgoogle_broad[0m [36mraw[0m=[35m100[0m
[2m2026-03-31T13:11:12.491570Z[0m [[32m[1minfo     [0m] [1mfetch                         [0m [36mstatus[0m=[35m200[0m [36murl[0m=[35m'https://news.google.com/rss/search?q=PAYX+earnings+analysis&hl=en-US&gl=US&ceid=US:en'[0m
[2m2026-03-31T13:11:12.529589Z[0m [[32m[1minfo     [0m] [1mparsed                        [0m [36mchannel[0m=[35mgoogle_broad[0m [36mraw[0m=[35m57[0m
[2m2026-03-31T13:11:12.530347Z[0m [[32m[1minfo     [0m] [1mquality_filter                [0m [36minput[0m=[35m345[0m [36mpassed[0m=[35m0[0m
[2m2026-03-31T13:11:12.530435Z[0m [[32m[1minfo     [0m] [1mdedup                         [0m [36mafter[0m=[35m0[0m [36mbefore[0m=[35m0[0m
[2m2026-03-31T13:11:12.531565Z[0m [[32m[1minfo     [0m] [1mcrawling                      [0m [36mchannel[0m=[35mGoogle->Benzinga[0m [36mtag[0m=[35mgoogle_benzinga[0m
[2m2026-03-31T13:11:15.126195Z[0m [[32m[1minfo     [0m] [1mfetch                         [0m [36mstatus[0m=[35m200[0m [36murl[0m=[35m'https://news.google.com/rss/search?q=FICO+site:benzinga.com&hl=en-US&gl=US&ceid=US:en'[0m
[2m2026-03-31T13:11:15.225855Z[0m [[32m[1minfo     [0m] [1mparsed                        [0m [36mchannel[0m=[35mgoogle_benzinga[0m [36mraw[0m=[35m100[0m
[2m2026-03-31T13:11:17.238658Z[0m [[32m[1minfo     [0m] [1mfetch                         [0m [36mstatus[0m=[35m200[0m [36murl[0m=[35m'https://news.google.com/rss/search?q=FICO+site:benzinga.com&hl=en-US&gl=US&ceid=US:en'[0m
[2m2026-03-31T13:11:17.266083Z[0m [[32m[1minfo     [0m] [1mparsed                        [0m [36mchannel[0m=[35mgoogle_benzinga[0m [36mraw[0m=[35m100[0m
[2m2026-03-31T13:11:17.266248Z[0m [[32m[1minfo     [0m] [1mcrawling                      [0m [36mchannel[0m=[35m'Google News (all)'[0m [36mtag[0m=[35mgoogle_broad[0m
[2m2026-03-31T13:11:19.833903Z[0m [[32m[1minfo     [0m] [1mfetch                         [0m [36mstatus[0m=[35m200[0m [36murl[0m=[35m'https://news.google.com/rss/search?q=FICO+stock+news&hl=en-US&gl=US&ceid=US:en'[0m
[2m2026-03-31T13:11:19.959893Z[0m [[32m[1minfo     [0m] [1mparsed                        [0m [36mchannel[0m=[35mgoogle_broad[0m [36mraw[0m=[35m100[0m
[2m2026-03-31T13:11:22.370989Z[0m [[32m[1minfo     [0m] [1mfetch                         [0m [36mstatus[0m=[35m200[0m [36murl[0m=[35m'https://news.google.com/rss/search?q=FICO+earnings+analysis&hl=en-US&gl=US&ceid=US:en'[0m
[2m2026-03-31T13:11:22.407137Z[0m [[32m[1minfo     [0m] [1mparsed                        [0m [36mchannel[0m=[35mgoogle_broad[0m [36mraw[0m=[35m51[0m
[2m2026-03-31T13:11:22.408022Z[0m [[32m[1minfo     [0m] [1mquality_filter                [0m [36minput[0m=[35m351[0m [36mpassed[0m=[35m2[0m
[2m2026-03-31T13:11:22.408264Z[0m [[32m[1minfo     [0m] [1mdedup                         [0m [36mafter[0m=[35m2[0m [36mbefore[0m=[35m2[0m
[2m2026-03-31T13:11:24.084723Z[0m [[32m[1minfo     [0m] [1mfetch                         [0m [36mstatus[0m=[35m403[0m [36murl[0m=[35mhttps://www.gurufocus.com/news/8756603/fair-isaac-corp-fico-shares-up-378-on-mar-30?mobile[0m
[2m2026-03-31T13:11:25.251158Z[0m [[32m[1minfo     [0m] [1mfetch                         [0m [36mstatus[0m=[35m429[0m [36murl[0m=[35mhttps://www.stocktitan.net/news/FICO/senti-link-named-a-2026-fico-industry-vanguard-decisi[0m
[2m2026-03-31T13:11:25.453056Z[0m [[32m[1minfo     [0m] [1mcrawling                      [0m [36mchannel[0m=[35mGoogle->Benzinga[0m [36mtag[0m=[35mgoogle_benzinga[0m
[2m2026-03-31T13:11:27.896326Z[0m [[32m[1minfo     [0m] [1mfetch                         [0m [36mstatus[0m=[35m200[0m [36murl[0m=[35m'https://news.google.com/rss/search?q=ADM+site:benzinga.com&hl=en-US&gl=US&ceid=US:en'[0m
[2m2026-03-31T13:11:27.932188Z[0m [[32m[1minfo     [0m] [1mparsed                        [0m [36mchannel[0m=[35mgoogle_benzinga[0m [36mraw[0m=[35m55[0m
[2m2026-03-31T13:11:29.940696Z[0m [[32m[1minfo     [0m] [1mfetch                         [0m [36mstatus[0m=[35m200[0m [36murl[0m=[35m'https://news.google.com/rss/search?q=ADM+site:benzinga.com&hl=en-US&gl=US&ceid=US:en'[0m
[2m2026-03-31T13:11:29.965924Z[0m [[32m[1minfo     [0m] [1mparsed                        [0m [36mchannel[0m=[35mgoogle_benzinga[0m [36mraw[0m=[35m55[0m
[2m2026-03-31T13:11:29.966049Z[0m [[32m[1minfo     [0m] [1mcrawling                      [0m [36mchannel[0m=[35m'Google News (all)'[0m [36mtag[0m=[35mgoogle_broad[0m
[2m2026-03-31T13:11:32.511146Z[0m [[32m[1minfo     [0m] [1mfetch                         [0m [36mstatus[0m=[35m200[0m [36murl[0m=[35m'https://news.google.com/rss/search?q=ADM+stock+news&hl=en-US&gl=US&ceid=US:en'[0m
[2m2026-03-31T13:11:32.628827Z[0m [[32m[1minfo     [0m] [1mparsed                        [0m [36mchannel[0m=[35mgoogle_broad[0m [36mraw[0m=[35m100[0m
[2m2026-03-31T13:11:35.251112Z[0m [[32m[1minfo     [0m] [1mfetch                         [0m [36mstatus[0m=[35m200[0m [36murl[0m=[35m'https://news.google.com/rss/search?q=ADM+earnings+analysis&hl=en-US&gl=US&ceid=US:en'[0m
[2m2026-03-31T13:11:35.341654Z[0m [[32m[1minfo     [0m] [1mparsed                        [0m [36mchannel[0m=[35mgoogle_broad[0m [36mraw[0m=[35m68[0m
[2m2026-03-31T13:11:35.342471Z[0m [[32m[1minfo     [0m] [1mquality_filter                [0m [36minput[0m=[35m278[0m [36mpassed[0m=[35m2[0m
[2m2026-03-31T13:11:35.342725Z[0m [[32m[1minfo     [0m] [1mdedup                         [0m [36mafter[0m=[35m2[0m [36mbefore[0m=[35m2[0m
[2m2026-03-31T13:11:37.506002Z[0m [[32m[1minfo     [0m] [1mfetch                         [0m [36mstatus[0m=[35m200[0m [36murl[0m=[35mhttps://www.marketbeat.com/instant-alerts/short-interest-in-archer-daniels-midland-company[0m
[2m2026-03-31T13:11:37.582102Z[0m [[32m[1minfo     [0m] [1mfetch                         [0m [36mstatus[0m=[35m200[0m [36murl[0m=[35mhttps://www.marketbeat.com/instant-alerts/filing-polianta-ltd-invests-148-million-in-arche[0m
[2m2026-03-31T13:11:37.855193Z[0m [[32m[1minfo     [0m] [1mcrawling                      [0m [36mchannel[0m=[35mGoogle->Benzinga[0m [36mtag[0m=[35mgoogle_benzinga[0m
[2m2026-03-31T13:11:40.269374Z[0m [[32m[1minfo     [0m] [1mfetch                         [0m [36mstatus[0m=[35m200[0m [36murl[0m=[35m'https://news.google.com/rss/search?q=MTB+site:benzinga.com&hl=en-US&gl=US&ceid=US:en'[0m
[2m2026-03-31T13:11:40.277250Z[0m [[32m[1minfo     [0m] [1mparsed                        [0m [36mchannel[0m=[35mgoogle_benzinga[0m [36mraw[0m=[35m22[0m
[2m2026-03-31T13:11:42.282224Z[0m [[32m[1minfo     [0m] [1mfetch                         [0m [36mstatus[0m=[35m200[0m [36murl[0m=[35m'https://news.google.com/rss/search?q=MTB+site:benzinga.com&hl=en-US&gl=US&ceid=US:en'[0m
[2m2026-03-31T13:11:42.291123Z[0m [[32m[1minfo     [0m] [1mparsed                        [0m [36mchannel[0m=[35mgoogle_benzinga[0m [36mraw[0m=[35m22[0m
[2m2026-03-31T13:11:42.291276Z[0m [[32m[1minfo     [0m] [1mcrawling                      [0m [36mchannel[0m=[35m'Google News (all)'[0m [36mtag[0m=[35mgoogle_broad[0m
[2m2026-03-31T13:11:44.790755Z[0m [[32m[1minfo     [0m] [1mfetch                         [0m [36mstatus[0m=[35m200[0m [36murl[0m=[35m'https://news.google.com/rss/search?q=MTB+stock+news&hl=en-US&gl=US&ceid=US:en'[0m
[2m2026-03-31T13:11:44.830478Z[0m [[32m[1minfo     [0m] [1mparsed                        [0m [36mchannel[0m=[35mgoogle_broad[0m [36mraw[0m=[35m66[0m
[2m2026-03-31T13:11:47.284808Z[0m [[32m[1minfo     [0m] [1mfetch                         [0m [36mstatus[0m=[35m200[0m [36murl[0m=[35m'https://news.google.com/rss/search?q=MTB+earnings+analysis&hl=en-US&gl=US&ceid=US:en'[0m
[2m2026-03-31T13:11:47.326524Z[0m [[32m[1minfo     [0m] [1mparsed                        [0m [36mchannel[0m=[35mgoogle_broad[0m [36mraw[0m=[35m70[0m
[2m2026-03-31T13:11:47.327304Z[0m [[32m[1minfo     [0m] [1mquality_filter                [0m [36minput[0m=[35m180[0m [36mpassed[0m=[35m2[0m
[2m2026-03-31T13:11:47.327575Z[0m [[32m[1minfo     [0m] [1mdedup                         [0m [36mafter[0m=[35m2[0m [36mbefore[0m=[35m2[0m
[2m2026-03-31T13:11:50.048640Z[0m [[32m[1minfo     [0m] [1mfetch                         [0m [36mstatus[0m=[35m429[0m [36murl[0m=[35mhttps://www.stocktitan.net/sec-filings/MTB/8-k-m-t-bank-corp-reports-material-event-78ce10[0m
[2m2026-03-31T13:11:50.328648Z[0m [[32m[1minfo     [0m] [1mfetch                         [0m [36mstatus[0m=[35m200[0m [36murl[0m=[35mhttps://seekingalpha.com/news/4570460-stocks-to-watch-on-monday-after-market-vrdn-bsx-mtb-[0m
[2m2026-03-31T13:11:50.563767Z[0m [[32m[1minfo     [0m] [1mcrawling                      [0m [36mchannel[0m=[35mGoogle->Benzinga[0m [36mtag[0m=[35mgoogle_benzinga[0m
[2m2026-03-31T13:11:53.011545Z[0m [[32m[1minfo     [0m] [1mfetch                         [0m [36mstatus[0m=[35m200[0m [36murl[0m=[35m'https://news.google.com/rss/search?q=VICI+site:benzinga.com&hl=en-US&gl=US&ceid=US:en'[0m
[2m2026-03-31T13:11:53.023364Z[0m [[32m[1minfo     [0m] [1mparsed                        [0m [36mchannel[0m=[35mgoogle_benzinga[0m [36mraw[0m=[35m36[0m
[2m2026-03-31T13:11:55.032065Z[0m [[32m[1minfo     [0m] [1mfetch                         [0m [36mstatus[0m=[35m200[0m [36murl[0m=[35m'https://news.google.com/rss/search?q=VICI+site:benzinga.com&hl=en-US&gl=US&ceid=US:en'[0m
[2m2026-03-31T13:11:55.043554Z[0m [[32m[1minfo     [0m] [1mparsed                        [0m [36mchannel[0m=[35mgoogle_benzinga[0m [36mraw[0m=[35m36[0m
[2m2026-03-31T13:11:55.043669Z[0m [[32m[1minfo     [0m] [1mcrawling                      [0m [36mchannel[0m=[35m'Google News (all)'[0m [36mtag[0m=[35mgoogle_broad[0m
[2m2026-03-31T13:11:57.556712Z[0m [[32m[1minfo     [0m] [1mfetch                         [0m [36mstatus[0m=[35m200[0m [36murl[0m=[35m'https://news.google.com/rss/search?q=VICI+stock+news&hl=en-US&gl=US&ceid=US:en'[0m
[2m2026-03-31T13:11:57.667737Z[0m [[32m[1minfo     [0m] [1mparsed                        [0m [36mchannel[0m=[35mgoogle_broad[0m [36mraw[0m=[35m100[0m
[2m2026-03-31T13:12:00.079619Z[0m [[32m[1minfo     [0m] [1mfetch                         [0m [36mstatus[0m=[35m200[0m [36murl[0m=[35m'https://news.google.com/rss/search?q=VICI+earnings+analysis&hl=en-US&gl=US&ceid=US:en'[0m
[2m2026-03-31T13:12:00.109646Z[0m [[32m[1minfo     [0m] [1mparsed                        [0m [36mchannel[0m=[35mgoogle_broad[0m [36mraw[0m=[35m51[0m
[2m2026-03-31T13:12:00.110580Z[0m [[32m[1minfo     [0m] [1mquality_filter                [0m [36minput[0m=[35m223[0m [36mpassed[0m=[35m6[0m
[2m2026-03-31T13:12:00.111155Z[0m [[32m[1minfo     [0m] [1mdedup                         [0m [36mafter[0m=[35m6[0m [36mbefore[0m=[35m6[0m
[2m2026-03-31T13:12:02.054983Z[0m [[32m[1minfo     [0m] [1mfetch                         [0m [36mstatus[0m=[35m403[0m [36murl[0m=[35mhttps://www.investing.com/news/analyst-ratings/truist-reiterates-buy-on-vici-properties-st[0m
[2m2026-03-31T13:12:02.223803Z[0m [[32m[1minfo     [0m] [1mfetch                         [0m [36mstatus[0m=[35m200[0m [36murl[0m=[35mhttps://www.msn.com/en-us/money/topstocks/is-vici-properties-vici-one-of-the-most-underval[0m
[2m2026-03-31T13:12:02.575583Z[0m [[32m[1minfo     [0m] [1mfetch                         [0m [36mstatus[0m=[35m403[0m [36murl[0m=[35mhttps://m.investing.com/news/analyst-ratings/citizens-reiterates-vici-properties-stock-rat[0m
[2m2026-03-31T13:12:02.633537Z[0m [[32m[1minfo     [0m] [1mfetch                         [0m [36mstatus[0m=[35m429[0m [36murl[0m=[35mhttps://www.stocktitan.net/news/VICI/vici-properties-inc-announces-release-date-for-first-[0m
[2m2026-03-31T13:12:03.003688Z[0m [[32m[1minfo     [0m] [1mfetch                         [0m [36mstatus[0m=[35m200[0m [36murl[0m=[35mhttps://www.ad-hoc-news.de/boerse/news/ueberblick/vici-properties-inc-stock-strategic-cana[0m
[2m2026-03-31T13:12:03.055366Z[0m [[32m[1minfo     [0m] [1mfetch                         [0m [36mstatus[0m=[35m429[0m [36murl[0m=[35mhttps://www.stocktitan.net/news/VICI/vici-properties-inc-announces-sale-leaseback-of-canad[0m
[2m2026-03-31T13:12:03.259063Z[0m [[32m[1minfo     [0m] [1mcrawling                      [0m [36mchannel[0m=[35mGoogle->Benzinga[0m [36mtag[0m=[35mgoogle_benzinga[0m
[2m2026-03-31T13:12:05.652784Z[0m [[32m[1minfo     [0m] [1mfetch                         [0m [36mstatus[0m=[35m200[0m [36murl[0m=[35m'https://news.google.com/rss/search?q=IRM+site:benzinga.com&hl=en-US&gl=US&ceid=US:en'[0m
[2m2026-03-31T13:12:05.661048Z[0m [[32m[1minfo     [0m] [1mparsed                        [0m [36mchannel[0m=[35mgoogle_benzinga[0m [36mraw[0m=[35m17[0m
[2m2026-03-31T13:12:07.666229Z[0m [[32m[1minfo     [0m] [1mfetch                         [0m [36mstatus[0m=[35m200[0m [36murl[0m=[35m'https://news.google.com/rss/search?q=IRM+site:benzinga.com&hl=en-US&gl=US&ceid=US:en'[0m
[2m2026-03-31T13:12:07.672586Z[0m [[32m[1minfo     [0m] [1mparsed                        [0m [36mchannel[0m=[35mgoogle_benzinga[0m [36mraw[0m=[35m17[0m
[2m2026-03-31T13:12:07.672695Z[0m [[32m[1minfo     [0m] [1mcrawling                      [0m [36mchannel[0m=[35m'Google News (all)'[0m [36mtag[0m=[35mgoogle_broad[0m
[2m2026-03-31T13:12:10.145644Z[0m [[32m[1minfo     [0m] [1mfetch                         [0m [36mstatus[0m=[35m200[0m [36murl[0m=[35m'https://news.google.com/rss/search?q=IRM+stock+news&hl=en-US&gl=US&ceid=US:en'[0m
[2m2026-03-31T13:12:10.256356Z[0m [[32m[1minfo     [0m] [1mparsed                        [0m [36mchannel[0m=[35mgoogle_broad[0m [36mraw[0m=[35m93[0m
[2m2026-03-31T13:12:12.683521Z[0m [[32m[1minfo     [0m] [1mfetch                         [0m [36mstatus[0m=[35m200[0m [36murl[0m=[35m'https://news.google.com/rss/search?q=IRM+earnings+analysis&hl=en-US&gl=US&ceid=US:en'[0m
[2m2026-03-31T13:12:12.700770Z[0m [[32m[1minfo     [0m] [1mparsed                        [0m [36mchannel[0m=[35mgoogle_broad[0m [36mraw[0m=[35m33[0m
[2m2026-03-31T13:12:12.701500Z[0m [[32m[1minfo     [0m] [1mquality_filter                [0m [36minput[0m=[35m160[0m [36mpassed[0m=[35m2[0m
[2m2026-03-31T13:12:12.701766Z[0m [[32m[1minfo     [0m] [1mdedup                         [0m [36mafter[0m=[35m2[0m [36mbefore[0m=[35m2[0m
[2m2026-03-31T13:12:15.270934Z[0m [[32m[1minfo     [0m] [1mfetch                         [0m [36mstatus[0m=[35m200[0m [36murl[0m=[35mhttps://news.stocktradersdaily.com/news_release/132/IRM_Volatility_Zones_as_Tactical_Trigg[0m
[2m2026-03-31T13:12:16.186620Z[0m [[32m[1minfo     [0m] [1mfetch                         [0m [36mstatus[0m=[35m200[0m [36murl[0m=[35mhttps://www.marketsmojo.com/news/stocks-in-action/irm-energy-ltd-stock-hits-all-time-low-a[0m
[2m2026-03-31T13:12:16.707710Z[0m [[32m[1minfo     [0m] [1mcrawling                      [0m [36mchannel[0m=[35mGoogle->Benzinga[0m [36mtag[0m=[35mgoogle_benzinga[0m
[2m2026-03-31T13:12:19.140166Z[0m [[32m[1minfo     [0m] [1mfetch                         [0m [36mstatus[0m=[35m200[0m [36murl[0m=[35m'https://news.google.com/rss/search?q=EXR+site:benzinga.com&hl=en-US&gl=US&ceid=US:en'[0m
[2m2026-03-31T13:12:19.147846Z[0m [[32m[1minfo     [0m] [1mparsed                        [0m [36mchannel[0m=[35mgoogle_benzinga[0m [36mraw[0m=[35m8[0m
[2m2026-03-31T13:12:21.154059Z[0m [[32m[1minfo     [0m] [1mfetch                         [0m [36mstatus[0m=[35m200[0m [36murl[0m=[35m'https://news.google.com/rss/search?q=EXR+site:benzinga.com&hl=en-US&gl=US&ceid=US:en'[0m
[2m2026-03-31T13:12:21.157450Z[0m [[32m[1minfo     [0m] [1mparsed                        [0m [36mchannel[0m=[35mgoogle_benzinga[0m [36mraw[0m=[35m8[0m
[2m2026-03-31T13:12:21.157532Z[0m [[32m[1minfo     [0m] [1mcrawling                      [0m [36mchannel[0m=[35m'Google News (all)'[0m [36mtag[0m=[35mgoogle_broad[0m
[2m2026-03-31T13:12:23.583120Z[0m [[32m[1minfo     [0m] [1mfetch                         [0m [36mstatus[0m=[35m200[0m [36murl[0m=[35m'https://news.google.com/rss/search?q=EXR+stock+news&hl=en-US&gl=US&ceid=US:en'[0m
[2m2026-03-31T13:12:23.609746Z[0m [[32m[1minfo     [0m] [1mparsed                        [0m [36mchannel[0m=[35mgoogle_broad[0m [36mraw[0m=[35m50[0m
[2m2026-03-31T13:12:26.032547Z[0m [[32m[1minfo     [0m] [1mfetch                         [0m [36mstatus[0m=[35m200[0m [36murl[0m=[35m'https://news.google.com/rss/search?q=EXR+earnings+analysis&hl=en-US&gl=US&ceid=US:en'[0m
[2m2026-03-31T13:12:26.062633Z[0m [[32m[1minfo     [0m] [1mparsed                        [0m [36mchannel[0m=[35mgoogle_broad[0m [36mraw[0m=[35m48[0m
[2m2026-03-31T13:12:26.063068Z[0m [[32m[1minfo     [0m] [1mquality_filter                [0m [36minput[0m=[35m114[0m [36mpassed[0m=[35m0[0m
[2m2026-03-31T13:12:26.063121Z[0m [[32m[1minfo     [0m] [1mdedup                         [0m [36mafter[0m=[35m0[0m [36mbefore[0m=[35m0[0m
[2m2026-03-31T13:12:26.063698Z[0m [[32m[1minfo     [0m] [1mcrawling                      [0m [36mchannel[0m=[35mGoogle->Benzinga[0m [36mtag[0m=[35mgoogle_benzinga[0m
[2m2026-03-31T13:12:28.565132Z[0m [[32m[1minfo     [0m] [1mfetch                         [0m [36mstatus[0m=[35m200[0m [36murl[0m=[35m'https://news.google.com/rss/search?q=XYL+site:benzinga.com&hl=en-US&gl=US&ceid=US:en'[0m
[2m2026-03-31T13:12:28.573719Z[0m [[32m[1minfo     [0m] [1mparsed                        [0m [36mchannel[0m=[35mgoogle_benzinga[0m [36mraw[0m=[35m10[0m
[2m2026-03-31T13:12:30.582674Z[0m [[32m[1minfo     [0m] [1mfetch                         [0m [36mstatus[0m=[35m200[0m [36murl[0m=[35m'https://news.google.com/rss/search?q=XYL+site:benzinga.com&hl=en-US&gl=US&ceid=US:en'[0m
[2m2026-03-31T13:12:30.586161Z[0m [[32m[1minfo     [0m] [1mparsed                        [0m [36mchannel[0m=[35mgoogle_benzinga[0m [36mraw[0m=[35m10[0m
[2m2026-03-31T13:12:30.586246Z[0m [[32m[1minfo     [0m] [1mcrawling                      [0m [36mchannel[0m=[35m'Google News (all)'[0m [36mtag[0m=[35mgoogle_broad[0m
[2m2026-03-31T13:12:33.021071Z[0m [[32m[1minfo     [0m] [1mfetch                         [0m [36mstatus[0m=[35m200[0m [36murl[0m=[35m'https://news.google.com/rss/search?q=XYL+stock+news&hl=en-US&gl=US&ceid=US:en'[0m
[2m2026-03-31T13:12:33.116459Z[0m [[32m[1minfo     [0m] [1mparsed                        [0m [36mchannel[0m=[35mgoogle_broad[0m [36mraw[0m=[35m88[0m
[2m2026-03-31T13:12:35.539426Z[0m [[32m[1minfo     [0m] [1mfetch                         [0m [36mstatus[0m=[35m200[0m [36murl[0m=[35m'https://news.google.com/rss/search?q=XYL+earnings+analysis&hl=en-US&gl=US&ceid=US:en'[0m
[2m2026-03-31T13:12:35.556904Z[0m [[32m[1minfo     [0m] [1mparsed                        [0m [36mchannel[0m=[35mgoogle_broad[0m [36mraw[0m=[35m44[0m
[2m2026-03-31T13:12:35.557460Z[0m [[32m[1minfo     [0m] [1mquality_filter                [0m [36minput[0m=[35m152[0m [36mpassed[0m=[35m2[0m
[2m2026-03-31T13:12:35.557605Z[0m [[32m[1minfo     [0m] [1mdedup                         [0m [36mafter[0m=[35m1[0m [36mbefore[0m=[35m2[0m
[2m2026-03-31T13:12:38.218537Z[0m [[32m[1minfo     [0m] [1mfetch                         [0m [36mstatus[0m=[35m429[0m [36murl[0m=[35mhttps://www.stocktitan.net/sec-filings/XYL/page-3.html[0m
[2m2026-03-31T13:12:38.420117Z[0m [[32m[1minfo     [0m] [1mcrawling                      [0m [36mchannel[0m=[35mGoogle->Benzinga[0m [36mtag[0m=[35mgoogle_benzinga[0m
[2m2026-03-31T13:12:40.810346Z[0m [[32m[1minfo     [0m] [1mfetch                         [0m [36mstatus[0m=[35m200[0m [36murl[0m=[35m'https://news.google.com/rss/search?q=TDY+site:benzinga.com&hl=en-US&gl=US&ceid=US:en'[0m
[2m2026-03-31T13:12:40.819984Z[0m [[32m[1minfo     [0m] [1mparsed                        [0m [36mchannel[0m=[35mgoogle_benzinga[0m [36mraw[0m=[35m11[0m
[2m2026-03-31T13:12:42.824317Z[0m [[32m[1minfo     [0m] [1mfetch                         [0m [36mstatus[0m=[35m200[0m [36murl[0m=[35m'https://news.google.com/rss/search?q=TDY+site:benzinga.com&hl=en-US&gl=US&ceid=US:en'[0m
[2m2026-03-31T13:12:42.828728Z[0m [[32m[1minfo     [0m] [1mparsed                        [0m [36mchannel[0m=[35mgoogle_benzinga[0m [36mraw[0m=[35m11[0m
[2m2026-03-31T13:12:42.828825Z[0m [[32m[1minfo     [0m] [1mcrawling                      [0m [36mchannel[0m=[35m'Google News (all)'[0m [36mtag[0m=[35mgoogle_broad[0m
[2m2026-03-31T13:12:45.304963Z[0m [[32m[1minfo     [0m] [1mfetch                         [0m [36mstatus[0m=[35m200[0m [36murl[0m=[35m'https://news.google.com/rss/search?q=TDY+stock+news&hl=en-US&gl=US&ceid=US:en'[0m
[2m2026-03-31T13:12:45.338022Z[0m [[32m[1minfo     [0m] [1mparsed                        [0m [36mchannel[0m=[35mgoogle_broad[0m [36mraw[0m=[35m57[0m
[2m2026-03-31T13:12:47.911222Z[0m [[32m[1minfo     [0m] [1mfetch                         [0m [36mstatus[0m=[35m200[0m [36murl[0m=[35m'https://news.google.com/rss/search?q=TDY+earnings+analysis&hl=en-US&gl=US&ceid=US:en'[0m
[2m2026-03-31T13:12:48.014553Z[0m [[32m[1minfo     [0m] [1mparsed                        [0m [36mchannel[0m=[35mgoogle_broad[0m [36mraw[0m=[35m81[0m
[2m2026-03-31T13:12:48.015087Z[0m [[32m[1minfo     [0m] [1mquality_filter                [0m [36minput[0m=[35m160[0m [36mpassed[0m=[35m0[0m
[2m2026-03-31T13:12:48.015166Z[0m [[32m[1minfo     [0m] [1mdedup                         [0m [36mafter[0m=[35m0[0m [36mbefore[0m=[35m0[0m
[2m2026-03-31T13:12:48.015827Z[0m [[32m[1minfo     [0m] [1mcrawling                      [0m [36mchannel[0m=[35mGoogle->Benzinga[0m [36mtag[0m=[35mgoogle_benzinga[0m
[2m2026-03-31T13:12:50.389884Z[0m [[32m[1minfo     [0m] [1mfetch                         [0m [36mstatus[0m=[35m200[0m [36murl[0m=[35m'https://news.google.com/rss/search?q=TPR+site:benzinga.com&hl=en-US&gl=US&ceid=US:en'[0m
[2m2026-03-31T13:12:50.395661Z[0m [[32m[1minfo     [0m] [1mparsed                        [0m [36mchannel[0m=[35mgoogle_benzinga[0m [36mraw[0m=[35m19[0m
[2m2026-03-31T13:12:52.400389Z[0m [[32m[1minfo     [0m] [1mfetch                         [0m [36mstatus[0m=[35m200[0m [36murl[0m=[35m'https://news.google.com/rss/search?q=TPR+site:benzinga.com&hl=en-US&gl=US&ceid=US:en'[0m
[2m2026-03-31T13:12:52.405857Z[0m [[32m[1minfo     [0m] [1mparsed                        [0m [36mchannel[0m=[35mgoogle_benzinga[0m [36mraw[0m=[35m19[0m
[2m2026-03-31T13:12:52.405961Z[0m [[32m[1minfo     [0m] [1mcrawling                      [0m [36mchannel[0m=[35m'Google News (all)'[0m [36mtag[0m=[35mgoogle_broad[0m
[2m2026-03-31T13:12:54.756478Z[0m [[32m[1minfo     [0m] [1mfetch                         [0m [36mstatus[0m=[35m200[0m [36murl[0m=[35m'https://news.google.com/rss/search?q=TPR+stock+news&hl=en-US&gl=US&ceid=US:en'[0m
[2m2026-03-31T13:12:54.782147Z[0m [[32m[1minfo     [0m] [1mparsed                        [0m [36mchannel[0m=[35mgoogle_broad[0m [36mraw[0m=[35m56[0m
[2m2026-03-31T13:12:57.223382Z[0m [[32m[1minfo     [0m] [1mfetch                         [0m [36mstatus[0m=[35m200[0m [36murl[0m=[35m'https://news.google.com/rss/search?q=TPR+earnings+analysis&hl=en-US&gl=US&ceid=US:en'[0m
[2m2026-03-31T13:12:57.248469Z[0m [[32m[1minfo     [0m] [1mparsed                        [0m [36mchannel[0m=[35mgoogle_broad[0m [36mraw[0m=[35m46[0m
[2m2026-03-31T13:12:57.248932Z[0m [[32m[1minfo     [0m] [1mquality_filter                [0m [36minput[0m=[35m140[0m [36mpassed[0m=[35m0[0m
[2m2026-03-31T13:12:57.248996Z[0m [[32m[1minfo     [0m] [1mdedup                         [0m [36mafter[0m=[35m0[0m [36mbefore[0m=[35m0[0m
[2m2026-03-31T13:12:57.249576Z[0m [[32m[1minfo     [0m] [1mcrawling                      [0m [36mchannel[0m=[35mGoogle->Benzinga[0m [36mtag[0m=[35mgoogle_benzinga[0m
[2m2026-03-31T13:13:00.195517Z[0m [[32m[1minfo     [0m] [1mfetch                         [0m [36mstatus[0m=[35m200[0m [36murl[0m=[35m'https://news.google.com/rss/search?q=WAT+site:benzinga.com&hl=en-US&gl=US&ceid=US:en'[0m
[2m2026-03-31T13:13:00.221810Z[0m [[32m[1minfo     [0m] [1mparsed                        [0m [36mchannel[0m=[35mgoogle_benzinga[0m [36mraw[0m=[35m54[0m
[2m2026-03-31T13:13:02.227791Z[0m [[32m[1minfo     [0m] [1mfetch                         [0m [36mstatus[0m=[35m200[0m [36murl[0m=[35m'https://news.google.com/rss/search?q=WAT+site:benzinga.com&hl=en-US&gl=US&ceid=US:en'[0m
[2m2026-03-31T13:13:02.241696Z[0m [[32m[1minfo     [0m] [1mparsed                        [0m [36mchannel[0m=[35mgoogle_benzinga[0m [36mraw[0m=[35m54[0m
[2m2026-03-31T13:13:02.241805Z[0m [[32m[1minfo     [0m] [1mcrawling                      [0m [36mchannel[0m=[35m'Google News (all)'[0m [36mtag[0m=[35mgoogle_broad[0m
[2m2026-03-31T13:13:04.730675Z[0m [[32m[1minfo     [0m] [1mfetch                         [0m [36mstatus[0m=[35m200[0m [36murl[0m=[35m'https://news.google.com/rss/search?q=WAT+stock+news&hl=en-US&gl=US&ceid=US:en'[0m
[2m2026-03-31T13:13:04.757189Z[0m [[32m[1minfo     [0m] [1mparsed                        [0m [36mchannel[0m=[35mgoogle_broad[0m [36mraw[0m=[35m56[0m
[2m2026-03-31T13:13:07.303880Z[0m [[32m[1minfo     [0m] [1mfetch                         [0m [36mstatus[0m=[35m200[0m [36murl[0m=[35m'https://news.google.com/rss/search?q=WAT+earnings+analysis&hl=en-US&gl=US&ceid=US:en'[0m
[2m2026-03-31T13:13:07.330749Z[0m [[32m[1minfo     [0m] [1mparsed                        [0m [36mchannel[0m=[35mgoogle_broad[0m [36mraw[0m=[35m53[0m
[2m2026-03-31T13:13:07.331258Z[0m [[32m[1minfo     [0m] [1mquality_filter                [0m [36minput[0m=[35m217[0m [36mpassed[0m=[35m0[0m
[2m2026-03-31T13:13:07.331330Z[0m [[32m[1minfo     [0m] [1mdedup                         [0m [36mafter[0m=[35m0[0m [36mbefore[0m=[35m0[0m
[2m2026-03-31T13:13:07.331915Z[0m [[32m[1minfo     [0m] [1mcrawling                      [0m [36mchannel[0m=[35mGoogle->Benzinga[0m [36mtag[0m=[35mgoogle_benzinga[0m
[2m2026-03-31T13:13:09.778899Z[0m [[32m[1minfo     [0m] [1mfetch                         [0m [36mstatus[0m=[35m200[0m [36murl[0m=[35m'https://news.google.com/rss/search?q=CTSH+site:benzinga.com&hl=en-US&gl=US&ceid=US:en'[0m
[2m2026-03-31T13:13:09.787510Z[0m [[32m[1minfo     [0m] [1mparsed                        [0m [36mchannel[0m=[35mgoogle_benzinga[0m [36mraw[0m=[35m33[0m
[2m2026-03-31T13:13:11.795355Z[0m [[32m[1minfo     [0m] [1mfetch                         [0m [36mstatus[0m=[35m200[0m [36murl[0m=[35m'https://news.google.com/rss/search?q=CTSH+site:benzinga.com&hl=en-US&gl=US&ceid=US:en'[0m
[2m2026-03-31T13:13:11.803781Z[0m [[32m[1minfo     [0m] [1mparsed                        [0m [36mchannel[0m=[35mgoogle_benzinga[0m [36mraw[0m=[35m33[0m
[2m2026-03-31T13:13:11.803885Z[0m [[32m[1minfo     [0m] [1mcrawling                      [0m [36mchannel[0m=[35m'Google News (all)'[0m [36mtag[0m=[35mgoogle_broad[0m
[2m2026-03-31T13:13:14.303247Z[0m [[32m[1minfo     [0m] [1mfetch                         [0m [36mstatus[0m=[35m200[0m [36murl[0m=[35m'https://news.google.com/rss/search?q=CTSH+stock+news&hl=en-US&gl=US&ceid=US:en'[0m
[2m2026-03-31T13:13:14.409415Z[0m [[32m[1minfo     [0m] [1mparsed                        [0m [36mchannel[0m=[35mgoogle_broad[0m [36mraw[0m=[35m100[0m
[2m2026-03-31T13:13:16.752870Z[0m [[32m[1minfo     [0m] [1mfetch                         [0m [36mstatus[0m=[35m200[0m [36murl[0m=[35m'https://news.google.com/rss/search?q=CTSH+earnings+analysis&hl=en-US&gl=US&ceid=US:en'[0m
[2m2026-03-31T13:13:16.769169Z[0m [[32m[1minfo     [0m] [1mparsed                        [0m [36mchannel[0m=[35mgoogle_broad[0m [36mraw[0m=[35m42[0m
[2m2026-03-31T13:13:16.769748Z[0m [[32m[1minfo     [0m] [1mquality_filter                [0m [36minput[0m=[35m208[0m [36mpassed[0m=[35m2[0m
[2m2026-03-31T13:13:16.769893Z[0m [[32m[1minfo     [0m] [1mdedup                         [0m [36mafter[0m=[35m2[0m [36mbefore[0m=[35m2[0m
[2m2026-03-31T13:13:19.174533Z[0m [[32m[1minfo     [0m] [1mfetch                         [0m [36mstatus[0m=[35m200[0m [36murl[0m=[35mhttps://www.chartmill.com/news/CTSH/Chartmill-44838-Cognizant-Technology-Solutions-Corp-NA[0m
[2m2026-03-31T13:13:19.203314Z[0m [[32m[1minfo     [0m] [1mfetch                         [0m [36mstatus[0m=[35m200[0m [36murl[0m=[35mhttps://intellectia.ai/en/stock/CTSH/technical[0m
[2m2026-03-31T13:13:19.814077Z[0m [[32m[1minfo     [0m] [1mcrawling                      [0m [36mchannel[0m=[35mGoogle->Benzinga[0m [36mtag[0m=[35mgoogle_benzinga[0m
[2m2026-03-31T13:13:22.698105Z[0m [[32m[1minfo     [0m] [1mfetch                         [0m [36mstatus[0m=[35m200[0m [36murl[0m=[35m'https://news.google.com/rss/search?q=DTE+site:benzinga.com&hl=en-US&gl=US&ceid=US:en'[0m
[2m2026-03-31T13:13:22.711616Z[0m [[32m[1minfo     [0m] [1mparsed                        [0m [36mchannel[0m=[35mgoogle_benzinga[0m [36mraw[0m=[35m42[0m
[2m2026-03-31T13:13:24.723851Z[0m [[32m[1minfo     [0m] [1mfetch                         [0m [36mstatus[0m=[35m200[0m [36murl[0m=[35m'https://news.google.com/rss/search?q=DTE+site:benzinga.com&hl=en-US&gl=US&ceid=US:en'[0m
[2m2026-03-31T13:13:24.743274Z[0m [[32m[1minfo     [0m] [1mparsed                        [0m [36mchannel[0m=[35mgoogle_benzinga[0m [36mraw[0m=[35m42[0m
[2m2026-03-31T13:13:24.743398Z[0m [[32m[1minfo     [0m] [1mcrawling                      [0m [36mchannel[0m=[35m'Google News (all)'[0m [36mtag[0m=[35mgoogle_broad[0m
[2m2026-03-31T13:13:27.380766Z[0m [[32m[1minfo     [0m] [1mfetch                         [0m [36mstatus[0m=[35m200[0m [36murl[0m=[35m'https://news.google.com/rss/search?q=DTE+stock+news&hl=en-US&gl=US&ceid=US:en'[0m
[2m2026-03-31T13:13:27.414183Z[0m [[32m[1minfo     [0m] [1mparsed                        [0m [36mchannel[0m=[35mgoogle_broad[0m [36mraw[0m=[35m66[0m
[2m2026-03-31T13:13:29.911507Z[0m [[32m[1minfo     [0m] [1mfetch                         [0m [36mstatus[0m=[35m200[0m [36murl[0m=[35m'https://news.google.com/rss/search?q=DTE+earnings+analysis&hl=en-US&gl=US&ceid=US:en'[0m
[2m2026-03-31T13:13:29.942350Z[0m [[32m[1minfo     [0m] [1mparsed                        [0m [36mchannel[0m=[35mgoogle_broad[0m [36mraw[0m=[35m49[0m
[2m2026-03-31T13:13:29.942912Z[0m [[32m[1minfo     [0m] [1mquality_filter                [0m [36minput[0m=[35m199[0m [36mpassed[0m=[35m1[0m
[2m2026-03-31T13:13:29.943028Z[0m [[32m[1minfo     [0m] [1mdedup                         [0m [36mafter[0m=[35m1[0m [36mbefore[0m=[35m1[0m
[2m2026-03-31T13:13:32.567990Z[0m [[32m[1minfo     [0m] [1mfetch                         [0m [36mstatus[0m=[35m200[0m [36murl[0m=[35mhttps://intellectia.ai/en/stock/DTE.DE/earnings[0m
[2m2026-03-31T13:13:33.185227Z[0m [[32m[1minfo     [0m] [1mcrawling                      [0m [36mchannel[0m=[35mGoogle->Benzinga[0m [36mtag[0m=[35mgoogle_benzinga[0m
[2m2026-03-31T13:13:35.830804Z[0m [[32m[1minfo     [0m] [1mfetch                         [0m [36mstatus[0m=[35m200[0m [36murl[0m=[35m'https://news.google.com/rss/search?q=DOV+site:benzinga.com&hl=en-US&gl=US&ceid=US:en'[0m
[2m2026-03-31T13:13:35.840693Z[0m [[32m[1minfo     [0m] [1mparsed                        [0m [36mchannel[0m=[35mgoogle_benzinga[0m [36mraw[0m=[35m23[0m
[2m2026-03-31T13:13:37.852348Z[0m [[32m[1minfo     [0m] [1mfetch                         [0m [36mstatus[0m=[35m200[0m [36murl[0m=[35m'https://news.google.com/rss/search?q=DOV+site:benzinga.com&hl=en-US&gl=US&ceid=US:en'[0m
[2m2026-03-31T13:13:37.863641Z[0m [[32m[1minfo     [0m] [1mparsed                        [0m [36mchannel[0m=[35mgoogle_benzinga[0m [36mraw[0m=[35m23[0m
[2m2026-03-31T13:13:37.863772Z[0m [[32m[1minfo     [0m] [1mcrawling                      [0m [36mchannel[0m=[35m'Google News (all)'[0m [36mtag[0m=[35mgoogle_broad[0m
[2m2026-03-31T13:13:40.306836Z[0m [[32m[1minfo     [0m] [1mfetch                         [0m [36mstatus[0m=[35m200[0m [36murl[0m=[35m'https://news.google.com/rss/search?q=DOV+stock+news&hl=en-US&gl=US&ceid=US:en'[0m
[2m2026-03-31T13:13:40.335622Z[0m [[32m[1minfo     [0m] [1mparsed                        [0m [36mchannel[0m=[35mgoogle_broad[0m [36mraw[0m=[35m54[0m
[2m2026-03-31T13:13:42.774090Z[0m [[32m[1minfo     [0m] [1mfetch                         [0m [36mstatus[0m=[35m200[0m [36murl[0m=[35m'https://news.google.com/rss/search?q=DOV+earnings+analysis&hl=en-US&gl=US&ceid=US:en'[0m
[2m2026-03-31T13:13:42.802157Z[0m [[32m[1minfo     [0m] [1mparsed                        [0m [36mchannel[0m=[35mgoogle_broad[0m [36mraw[0m=[35m47[0m
[2m2026-03-31T13:13:42.802689Z[0m [[32m[1minfo     [0m] [1mquality_filter                [0m [36minput[0m=[35m147[0m [36mpassed[0m=[35m0[0m
[2m2026-03-31T13:13:42.802759Z[0m [[32m[1minfo     [0m] [1mdedup                         [0m [36mafter[0m=[35m0[0m [36mbefore[0m=[35m0[0m
[2m2026-03-31T13:13:42.803499Z[0m [[32m[1minfo     [0m] [1mcrawling                      [0m [36mchannel[0m=[35mGoogle->Benzinga[0m [36mtag[0m=[35mgoogle_benzinga[0m
[2m2026-03-31T13:13:45.407031Z[0m [[32m[1minfo     [0m] [1mfetch                         [0m [36mstatus[0m=[35m200[0m [36murl[0m=[35m'https://news.google.com/rss/search?q=ULTA+site:benzinga.com&hl=en-US&gl=US&ceid=US:en'[0m
[2m2026-03-31T13:13:45.508924Z[0m [[32m[1minfo     [0m] [1mparsed                        [0m [36mchannel[0m=[35mgoogle_benzinga[0m [36mraw[0m=[35m93[0m
[2m2026-03-31T13:13:47.519057Z[0m [[32m[1minfo     [0m] [1mfetch                         [0m [36mstatus[0m=[35m200[0m [36murl[0m=[35m'https://news.google.com/rss/search?q=ULTA+site:benzinga.com&hl=en-US&gl=US&ceid=US:en'[0m
[2m2026-03-31T13:13:47.552610Z[0m [[32m[1minfo     [0m] [1mparsed                        [0m [36mchannel[0m=[35mgoogle_benzinga[0m [36mraw[0m=[35m93[0m
[2m2026-03-31T13:13:47.552827Z[0m [[32m[1minfo     [0m] [1mcrawling                      [0m [36mchannel[0m=[35m'Google News (all)'[0m [36mtag[0m=[35mgoogle_broad[0m
[2m2026-03-31T13:13:50.171370Z[0m [[32m[1minfo     [0m] [1mfetch                         [0m [36mstatus[0m=[35m200[0m [36murl[0m=[35m'https://news.google.com/rss/search?q=ULTA+stock+news&hl=en-US&gl=US&ceid=US:en'[0m
[2m2026-03-31T13:13:50.284121Z[0m [[32m[1minfo     [0m] [1mparsed                        [0m [36mchannel[0m=[35mgoogle_broad[0m [36mraw[0m=[35m100[0m
[2m2026-03-31T13:13:52.851794Z[0m [[32m[1minfo     [0m] [1mfetch                         [0m [36mstatus[0m=[35m200[0m [36murl[0m=[35m'https://news.google.com/rss/search?q=ULTA+earnings+analysis&hl=en-US&gl=US&ceid=US:en'[0m
[2m2026-03-31T13:13:52.890599Z[0m [[32m[1minfo     [0m] [1mparsed                        [0m [36mchannel[0m=[35mgoogle_broad[0m [36mraw[0m=[35m59[0m
[2m2026-03-31T13:13:52.891526Z[0m [[32m[1minfo     [0m] [1mquality_filter                [0m [36minput[0m=[35m345[0m [36mpassed[0m=[35m3[0m
[2m2026-03-31T13:13:52.891835Z[0m [[32m[1minfo     [0m] [1mdedup                         [0m [36mafter[0m=[35m3[0m [36mbefore[0m=[35m3[0m
[2m2026-03-31T13:13:54.756059Z[0m [[32m[1minfo     [0m] [1mfetch                         [0m [36mstatus[0m=[35m200[0m [36murl[0m=[35mhttps://www.prnewswire.com/news-releases/therabody-scales-ulta-beauty-partnership-to-1-000[0m
[2m2026-03-31T13:13:55.467785Z[0m [[32m[1minfo     [0m] [1mfetch                         [0m [36mstatus[0m=[35m200[0m [36murl[0m=[35mhttps://www.marketbeat.com/instant-alerts/ulta-beauty-inc-nasdaqulta-given-consensus-recom[0m
[2m2026-03-31T13:13:55.986690Z[0m [[31m[1merror    [0m] [1mfetch_error                   [0m [36merror[0m=[35m"400, message='Got more than 8190 bytes (8800) when reading Header value is too l"[0m [36murl[0m=[35mhttps://finance.yahoo.com/markets/stocks/articles/ulta-doubled-store-f[0m
[2m2026-03-31T13:13:56.188753Z[0m [[32m[1minfo     [0m] [1mcrawling                      [0m [36mchannel[0m=[35mGoogle->Benzinga[0m [36mtag[0m=[35mgoogle_benzinga[0m
[2m2026-03-31T13:13:59.042642Z[0m [[32m[1minfo     [0m] [1mfetch                         [0m [36mstatus[0m=[35m200[0m [36murl[0m=[35m'https://news.google.com/rss/search?q=IQV+site:benzinga.com&hl=en-US&gl=US&ceid=US:en'[0m
[2m2026-03-31T13:13:59.047110Z[0m [[32m[1minfo     [0m] [1mparsed                        [0m [36mchannel[0m=[35mgoogle_benzinga[0m [36mraw[0m=[35m12[0m
[2m2026-03-31T13:14:01.052853Z[0m [[32m[1minfo     [0m] [1mfetch                         [0m [36mstatus[0m=[35m200[0m [36murl[0m=[35m'https://news.google.com/rss/search?q=IQV+site:benzinga.com&hl=en-US&gl=US&ceid=US:en'[0m
[2m2026-03-31T13:14:01.058038Z[0m [[32m[1minfo     [0m] [1mparsed                        [0m [36mchannel[0m=[35mgoogle_benzinga[0m [36mraw[0m=[35m12[0m
[2m2026-03-31T13:14:01.058128Z[0m [[32m[1minfo     [0m] [1mcrawling                      [0m [36mchannel[0m=[35m'Google News (all)'[0m [36mtag[0m=[35mgoogle_broad[0m
[2m2026-03-31T13:14:03.476121Z[0m [[32m[1minfo     [0m] [1mfetch                         [0m [36mstatus[0m=[35m200[0m [36murl[0m=[35m'https://news.google.com/rss/search?q=IQV+stock+news&hl=en-US&gl=US&ceid=US:en'[0m
[2m2026-03-31T13:14:03.507422Z[0m [[32m[1minfo     [0m] [1mparsed                        [0m [36mchannel[0m=[35mgoogle_broad[0m [36mraw[0m=[35m60[0m
[2m2026-03-31T13:14:05.955236Z[0m [[32m[1minfo     [0m] [1mfetch                         [0m [36mstatus[0m=[35m200[0m [36murl[0m=[35m'https://news.google.com/rss/search?q=IQV+earnings+analysis&hl=en-US&gl=US&ceid=US:en'[0m
[2m2026-03-31T13:14:05.965521Z[0m [[32m[1minfo     [0m] [1mparsed                        [0m [36mchannel[0m=[35mgoogle_broad[0m [36mraw[0m=[35m28[0m
[2m2026-03-31T13:14:05.966085Z[0m [[32m[1minfo     [0m] [1mquality_filter                [0m [36minput[0m=[35m112[0m [36mpassed[0m=[35m0[0m
[2m2026-03-31T13:14:05.966159Z[0m [[32m[1minfo     [0m] [1mdedup                         [0m [36mafter[0m=[35m0[0m [36mbefore[0m=[35m0[0m
[2m2026-03-31T13:14:05.966792Z[0m [[32m[1minfo     [0m] [1mcrawling                      [0m [36mchannel[0m=[35mGoogle->Benzinga[0m [36mtag[0m=[35mgoogle_benzinga[0m
[2m2026-03-31T13:14:08.383120Z[0m [[32m[1minfo     [0m] [1mfetch                         [0m [36mstatus[0m=[35m200[0m [36murl[0m=[35m'https://news.google.com/rss/search?q=RJF+site:benzinga.com&hl=en-US&gl=US&ceid=US:en'[0m
[2m2026-03-31T13:14:08.393070Z[0m [[32m[1minfo     [0m] [1mparsed                        [0m [36mchannel[0m=[35mgoogle_benzinga[0m [36mraw[0m=[35m27[0m
[2m2026-03-31T13:14:10.406175Z[0m [[32m[1minfo     [0m] [1mfetch                         [0m [36mstatus[0m=[35m200[0m [36murl[0m=[35m'https://news.google.com/rss/search?q=RJF+site:benzinga.com&hl=en-US&gl=US&ceid=US:en'[0m
[2m2026-03-31T13:14:10.415546Z[0m [[32m[1minfo     [0m] [1mparsed                        [0m [36mchannel[0m=[35mgoogle_benzinga[0m [36mraw[0m=[35m27[0m
[2m2026-03-31T13:14:10.415680Z[0m [[32m[1minfo     [0m] [1mcrawling                      [0m [36mchannel[0m=[35m'Google News (all)'[0m [36mtag[0m=[35mgoogle_broad[0m
[2m2026-03-31T13:14:12.932413Z[0m [[32m[1minfo     [0m] [1mfetch                         [0m [36mstatus[0m=[35m200[0m [36murl[0m=[35m'https://news.google.com/rss/search?q=RJF+stock+news&hl=en-US&gl=US&ceid=US:en'[0m
[2m2026-03-31T13:14:12.967582Z[0m [[32m[1minfo     [0m] [1mparsed                        [0m [36mchannel[0m=[35mgoogle_broad[0m [36mraw[0m=[35m55[0m
[2m2026-03-31T13:14:15.328382Z[0m [[32m[1minfo     [0m] [1mfetch                         [0m [36mstatus[0m=[35m200[0m [36murl[0m=[35m'https://news.google.com/rss/search?q=RJF+earnings+analysis&hl=en-US&gl=US&ceid=US:en'[0m
[2m2026-03-31T13:14:15.354006Z[0m [[32m[1minfo     [0m] [1mparsed                        [0m [36mchannel[0m=[35mgoogle_broad[0m [36mraw[0m=[35m46[0m
[2m2026-03-31T13:14:15.354835Z[0m [[32m[1minfo     [0m] [1mquality_filter                [0m [36minput[0m=[35m155[0m [36mpassed[0m=[35m3[0m
[2m2026-03-31T13:14:15.355155Z[0m [[32m[1minfo     [0m] [1mdedup                         [0m [36mafter[0m=[35m2[0m [36mbefore[0m=[35m3[0m
[2m2026-03-31T13:14:17.076953Z[0m [[32m[1minfo     [0m] [1mfetch                         [0m [36mstatus[0m=[35m403[0m [36murl[0m=[35mhttps://www.bitget.com/amp/news/detail/12560605318582[0m
[2m2026-03-31T13:14:18.613693Z[0m [[32m[1minfo     [0m] [1mfetch                         [0m [36mstatus[0m=[35m200[0m [36murl[0m=[35mhttps://intellectia.ai/en/stock/RJF/news[0m
[2m2026-03-31T13:14:19.227701Z[0m [[32m[1minfo     [0m] [1mcrawling                      [0m [36mchannel[0m=[35mGoogle->Benzinga[0m [36mtag[0m=[35mgoogle_benzinga[0m
[2m2026-03-31T13:14:22.210318Z[0m [[32m[1minfo     [0m] [1mfetch                         [0m [36mstatus[0m=[35m200[0m [36murl[0m=[35m'https://news.google.com/rss/search?q=HAL+site:benzinga.com&hl=en-US&gl=US&ceid=US:en'[0m
[2m2026-03-31T13:14:22.304616Z[0m [[32m[1minfo     [0m] [1mparsed                        [0m [36mchannel[0m=[35mgoogle_benzinga[0m [36mraw[0m=[35m76[0m
[2m2026-03-31T13:14:24.312870Z[0m [[32m[1minfo     [0m] [1mfetch                         [0m [36mstatus[0m=[35m200[0m [36murl[0m=[35m'https://news.google.com/rss/search?q=HAL+site:benzinga.com&hl=en-US&gl=US&ceid=US:en'[0m
[2m2026-03-31T13:14:24.339109Z[0m [[32m[1minfo     [0m] [1mparsed                        [0m [36mchannel[0m=[35mgoogle_benzinga[0m [36mraw[0m=[35m76[0m
[2m2026-03-31T13:14:24.339242Z[0m [[32m[1minfo     [0m] [1mcrawling                      [0m [36mchannel[0m=[35m'Google News (all)'[0m [36mtag[0m=[35mgoogle_broad[0m
[2m2026-03-31T13:14:26.890350Z[0m [[32m[1minfo     [0m] [1mfetch                         [0m [36mstatus[0m=[35m200[0m [36murl[0m=[35m'https://news.google.com/rss/search?q=HAL+stock+news&hl=en-US&gl=US&ceid=US:en'[0m
[2m2026-03-31T13:14:27.022785Z[0m [[32m[1minfo     [0m] [1mparsed                        [0m [36mchannel[0m=[35mgoogle_broad[0m [36mraw[0m=[35m100[0m
[2m2026-03-31T13:14:29.539282Z[0m [[32m[1minfo     [0m] [1mfetch                         [0m [36mstatus[0m=[35m200[0m [36murl[0m=[35m'https://news.google.com/rss/search?q=HAL+earnings+analysis&hl=en-US&gl=US&ceid=US:en'[0m
[2m2026-03-31T13:14:29.634839Z[0m [[32m[1minfo     [0m] [1mparsed                        [0m [36mchannel[0m=[35mgoogle_broad[0m [36mraw[0m=[35m63[0m
[2m2026-03-31T13:14:29.635879Z[0m [[32m[1minfo     [0m] [1mquality_filter                [0m [36minput[0m=[35m315[0m [36mpassed[0m=[35m4[0m
[2m2026-03-31T13:14:29.636190Z[0m [[32m[1minfo     [0m] [1mdedup                         [0m [36mafter[0m=[35m4[0m [36mbefore[0m=[35m4[0m
[2m2026-03-31T13:14:31.495235Z[0m [[32m[1minfo     [0m] [1mfetch                         [0m [36mstatus[0m=[35m200[0m [36murl[0m=[35mhttps://www.businesstoday.in/markets/stocks/story/bel-bdl-hal-targets-for-3-defence-stocks[0m
[2m2026-03-31T13:14:31.832627Z[0m [[32m[1minfo     [0m] [1mfetch                         [0m [36mstatus[0m=[35m200[0m [36murl[0m=[35mhttps://www.livemint.com/market/stock-market-news/hal-bel-other-defence-stocks-among-key-b[0m
[2m2026-03-31T13:14:31.933867Z[0m [[32m[1minfo     [0m] [1mfetch                         [0m [36mstatus[0m=[35m200[0m [36murl[0m=[35mhttps://www.businesstoday.in/markets/stocks/story/bhel-hal-astra-microwave-zen-technologie[0m
[2m2026-03-31T13:14:32.772854Z[0m [[32m[1minfo     [0m] [1mfetch                         [0m [36mstatus[0m=[35m200[0m [36murl[0m=[35mhttps://www.stocktitan.net/sec-filings/HAL/form-4-halliburton-co-insider-trading-activity-[0m
[2m2026-03-31T13:14:32.998057Z[0m [[32m[1minfo     [0m] [1mcrawling                      [0m [36mchannel[0m=[35mGoogle->Benzinga[0m [36mtag[0m=[35mgoogle_benzinga[0m
[2m2026-03-31T13:14:35.459669Z[0m [[32m[1minfo     [0m] [1mfetch                         [0m [36mstatus[0m=[35m200[0m [36murl[0m=[35m'https://news.google.com/rss/search?q=CHTR+site:benzinga.com&hl=en-US&gl=US&ceid=US:en'[0m
[2m2026-03-31T13:14:35.475717Z[0m [[32m[1minfo     [0m] [1mparsed                        [0m [36mchannel[0m=[35mgoogle_benzinga[0m [36mraw[0m=[35m37[0m
[2m2026-03-31T13:14:37.483449Z[0m [[32m[1minfo     [0m] [1mfetch                         [0m [36mstatus[0m=[35m200[0m [36murl[0m=[35m'https://news.google.com/rss/search?q=CHTR+site:benzinga.com&hl=en-US&gl=US&ceid=US:en'[0m
[2m2026-03-31T13:14:37.492926Z[0m [[32m[1minfo     [0m] [1mparsed                        [0m [36mchannel[0m=[35mgoogle_benzinga[0m [36mraw[0m=[35m37[0m
[2m2026-03-31T13:14:37.493033Z[0m [[32m[1minfo     [0m] [1mcrawling                      [0m [36mchannel[0m=[35m'Google News (all)'[0m [36mtag[0m=[35mgoogle_broad[0m
[2m2026-03-31T13:14:40.090744Z[0m [[32m[1minfo     [0m] [1mfetch                         [0m [36mstatus[0m=[35m200[0m [36murl[0m=[35m'https://news.google.com/rss/search?q=CHTR+stock+news&hl=en-US&gl=US&ceid=US:en'[0m
[2m2026-03-31T13:14:40.193371Z[0m [[32m[1minfo     [0m] [1mparsed                        [0m [36mchannel[0m=[35mgoogle_broad[0m [36mraw[0m=[35m100[0m
[2m2026-03-31T13:14:42.745873Z[0m [[32m[1minfo     [0m] [1mfetch                         [0m [36mstatus[0m=[35m200[0m [36murl[0m=[35m'https://news.google.com/rss/search?q=CHTR+earnings+analysis&hl=en-US&gl=US&ceid=US:en'[0m
[2m2026-03-31T13:14:42.773548Z[0m [[32m[1minfo     [0m] [1mparsed                        [0m [36mchannel[0m=[35mgoogle_broad[0m [36mraw[0m=[35m39[0m
[2m2026-03-31T13:14:42.774115Z[0m [[32m[1minfo     [0m] [1mquality_filter                [0m [36minput[0m=[35m213[0m [36mpassed[0m=[35m0[0m
[2m2026-03-31T13:14:42.774173Z[0m [[32m[1minfo     [0m] [1mdedup                         [0m [36mafter[0m=[35m0[0m [36mbefore[0m=[35m0[0m
[2m2026-03-31T13:14:42.775050Z[0m [[32m[1minfo     [0m] [1mcrawling                      [0m [36mchannel[0m=[35mGoogle->Benzinga[0m [36mtag[0m=[35mgoogle_benzinga[0m
[2m2026-03-31T13:14:45.215670Z[0m [[32m[1minfo     [0m] [1mfetch                         [0m [36mstatus[0m=[35m200[0m [36murl[0m=[35m'https://news.google.com/rss/search?q=FE+site:benzinga.com&hl=en-US&gl=US&ceid=US:en'[0m
[2m2026-03-31T13:14:45.250140Z[0m [[32m[1minfo     [0m] [1mparsed                        [0m [36mchannel[0m=[35mgoogle_benzinga[0m [36mraw[0m=[35m59[0m
[2m2026-03-31T13:14:47.263305Z[0m [[32m[1minfo     [0m] [1mfetch                         [0m [36mstatus[0m=[35m200[0m [36murl[0m=[35m'https://news.google.com/rss/search?q=FE+site:benzinga.com&hl=en-US&gl=US&ceid=US:en'[0m
[2m2026-03-31T13:14:47.281722Z[0m [[32m[1minfo     [0m] [1mparsed                        [0m [36mchannel[0m=[35mgoogle_benzinga[0m [36mraw[0m=[35m59[0m
[2m2026-03-31T13:14:47.281863Z[0m [[32m[1minfo     [0m] [1mcrawling                      [0m [36mchannel[0m=[35m'Google News (all)'[0m [36mtag[0m=[35mgoogle_broad[0m
[2m2026-03-31T13:14:49.739546Z[0m [[32m[1minfo     [0m] [1mfetch                         [0m [36mstatus[0m=[35m200[0m [36murl[0m=[35m'https://news.google.com/rss/search?q=FE+stock+news&hl=en-US&gl=US&ceid=US:en'[0m
[2m2026-03-31T13:14:49.781484Z[0m [[32m[1minfo     [0m] [1mparsed                        [0m [36mchannel[0m=[35mgoogle_broad[0m [36mraw[0m=[35m61[0m
[2m2026-03-31T13:14:52.413491Z[0m [[32m[1minfo     [0m] [1mfetch                         [0m [36mstatus[0m=[35m200[0m [36murl[0m=[35m'https://news.google.com/rss/search?q=FE+earnings+analysis&hl=en-US&gl=US&ceid=US:en'[0m
[2m2026-03-31T13:14:52.502038Z[0m [[32m[1minfo     [0m] [1mparsed                        [0m [36mchannel[0m=[35mgoogle_broad[0m [36mraw[0m=[35m69[0m
[2m2026-03-31T13:14:52.502630Z[0m [[32m[1minfo     [0m] [1mquality_filter                [0m [36minput[0m=[35m248[0m [36mpassed[0m=[35m0[0m
[2m2026-03-31T13:14:52.502691Z[0m [[32m[1minfo     [0m] [1mdedup                         [0m [36mafter[0m=[35m0[0m [36mbefore[0m=[35m0[0m
[2m2026-03-31T13:14:52.503262Z[0m [[32m[1minfo     [0m] [1mcrawling                      [0m [36mchannel[0m=[35mGoogle->Benzinga[0m [36mtag[0m=[35mgoogle_benzinga[0m
[2m2026-03-31T13:14:54.877169Z[0m [[32m[1minfo     [0m] [1mfetch                         [0m [36mstatus[0m=[35m200[0m [36murl[0m=[35m'https://news.google.com/rss/search?q=ROL+site:benzinga.com&hl=en-US&gl=US&ceid=US:en'[0m
[2m2026-03-31T13:14:54.884645Z[0m [[32m[1minfo     [0m] [1mparsed                        [0m [36mchannel[0m=[35mgoogle_benzinga[0m [36mraw[0m=[35m10[0m
[2m2026-03-31T13:14:56.897831Z[0m [[32m[1minfo     [0m] [1mfetch                         [0m [36mstatus[0m=[35m200[0m [36murl[0m=[35m'https://news.google.com/rss/search?q=ROL+site:benzinga.com&hl=en-US&gl=US&ceid=US:en'[0m
[2m2026-03-31T13:14:56.907632Z[0m [[32m[1minfo     [0m] [1mparsed                        [0m [36mchannel[0m=[35mgoogle_benzinga[0m [36mraw[0m=[35m10[0m
[2m2026-03-31T13:14:56.907753Z[0m [[32m[1minfo     [0m] [1mcrawling                      [0m [36mchannel[0m=[35m'Google News (all)'[0m [36mtag[0m=[35mgoogle_broad[0m
[2m2026-03-31T13:14:59.395265Z[0m [[32m[1minfo     [0m] [1mfetch                         [0m [36mstatus[0m=[35m200[0m [36murl[0m=[35m'https://news.google.com/rss/search?q=ROL+stock+news&hl=en-US&gl=US&ceid=US:en'[0m
[2m2026-03-31T13:14:59.432014Z[0m [[32m[1minfo     [0m] [1mparsed                        [0m [36mchannel[0m=[35mgoogle_broad[0m [36mraw[0m=[35m67[0m
[2m2026-03-31T13:15:01.890678Z[0m [[32m[1minfo     [0m] [1mfetch                         [0m [36mstatus[0m=[35m200[0m [36murl[0m=[35m'https://news.google.com/rss/search?q=ROL+earnings+analysis&hl=en-US&gl=US&ceid=US:en'[0m
[2m2026-03-31T13:15:01.928385Z[0m [[32m[1minfo     [0m] [1mparsed                        [0m [36mchannel[0m=[35mgoogle_broad[0m [36mraw[0m=[35m46[0m
[2m2026-03-31T13:15:01.929023Z[0m [[32m[1minfo     [0m] [1mquality_filter                [0m [36minput[0m=[35m133[0m [36mpassed[0m=[35m1[0m
[2m2026-03-31T13:15:01.929165Z[0m [[32m[1minfo     [0m] [1mdedup                         [0m [36mafter[0m=[35m1[0m [36mbefore[0m=[35m1[0m
[2m2026-03-31T13:15:04.694692Z[0m [[32m[1minfo     [0m] [1mfetch                         [0m [36mstatus[0m=[35m200[0m [36murl[0m=[35mhttps://www.inkl.com/news/earnings-preview-what-to-expect-from-rollins-report[0m
[2m2026-03-31T13:15:05.107139Z[0m [[32m[1minfo     [0m] [1mcrawling                      [0m [36mchannel[0m=[35mGoogle->Benzinga[0m [36mtag[0m=[35mgoogle_benzinga[0m
[2m2026-03-31T13:15:07.599221Z[0m [[32m[1minfo     [0m] [1mfetch                         [0m [36mstatus[0m=[35m200[0m [36murl[0m=[35m'https://news.google.com/rss/search?q=PPL+site:benzinga.com&hl=en-US&gl=US&ceid=US:en'[0m
[2m2026-03-31T13:15:07.630793Z[0m [[32m[1minfo     [0m] [1mparsed                        [0m [36mchannel[0m=[35mgoogle_benzinga[0m [36mraw[0m=[35m47[0m
[2m2026-03-31T13:15:09.639941Z[0m [[32m[1minfo     [0m] [1mfetch                         [0m [36mstatus[0m=[35m200[0m [36murl[0m=[35m'https://news.google.com/rss/search?q=PPL+site:benzinga.com&hl=en-US&gl=US&ceid=US:en'[0m
[2m2026-03-31T13:15:09.656006Z[0m [[32m[1minfo     [0m] [1mparsed                        [0m [36mchannel[0m=[35mgoogle_benzinga[0m [36mraw[0m=[35m47[0m
[2m2026-03-31T13:15:09.656134Z[0m [[32m[1minfo     [0m] [1mcrawling                      [0m [36mchannel[0m=[35m'Google News (all)'[0m [36mtag[0m=[35mgoogle_broad[0m
[2m2026-03-31T13:15:12.168768Z[0m [[32m[1minfo     [0m] [1mfetch                         [0m [36mstatus[0m=[35m200[0m [36murl[0m=[35m'https://news.google.com/rss/search?q=PPL+stock+news&hl=en-US&gl=US&ceid=US:en'[0m
[2m2026-03-31T13:15:12.289242Z[0m [[32m[1minfo     [0m] [1mparsed                        [0m [36mchannel[0m=[35mgoogle_broad[0m [36mraw[0m=[35m100[0m
[2m2026-03-31T13:15:14.679995Z[0m [[32m[1minfo     [0m] [1mfetch                         [0m [36mstatus[0m=[35m200[0m [36murl[0m=[35m'https://news.google.com/rss/search?q=PPL+earnings+analysis&hl=en-US&gl=US&ceid=US:en'[0m
[2m2026-03-31T13:15:14.715796Z[0m [[32m[1minfo     [0m] [1mparsed                        [0m [36mchannel[0m=[35mgoogle_broad[0m [36mraw[0m=[35m49[0m
[2m2026-03-31T13:15:14.716619Z[0m [[32m[1minfo     [0m] [1mquality_filter                [0m [36minput[0m=[35m243[0m [36mpassed[0m=[35m2[0m
[2m2026-03-31T13:15:14.716812Z[0m [[32m[1minfo     [0m] [1mdedup                         [0m [36mafter[0m=[35m1[0m [36mbefore[0m=[35m2[0m
[2m2026-03-31T13:15:17.015807Z[0m [[32m[1minfo     [0m] [1mfetch                         [0m [36mstatus[0m=[35m200[0m [36murl[0m=[35mhttps://www.stocktitan.net/overview/PPLC/[0m
[2m2026-03-31T13:15:17.219729Z[0m [[32m[1minfo     [0m] [1mcrawling                      [0m [36mchannel[0m=[35mGoogle->Benzinga[0m [36mtag[0m=[35mgoogle_benzinga[0m
[2m2026-03-31T13:15:20.190262Z[0m [[32m[1minfo     [0m] [1mfetch                         [0m [36mstatus[0m=[35m200[0m [36murl[0m=[35m'https://news.google.com/rss/search?q=KHC+site:benzinga.com&hl=en-US&gl=US&ceid=US:en'[0m
[2m2026-03-31T13:15:20.224865Z[0m [[32m[1minfo     [0m] [1mparsed                        [0m [36mchannel[0m=[35mgoogle_benzinga[0m [36mraw[0m=[35m55[0m
[2m2026-03-31T13:15:22.241668Z[0m [[32m[1minfo     [0m] [1mfetch                         [0m [36mstatus[0m=[35m200[0m [36murl[0m=[35m'https://news.google.com/rss/search?q=KHC+site:benzinga.com&hl=en-US&gl=US&ceid=US:en'[0m
[2m2026-03-31T13:15:22.277934Z[0m [[32m[1minfo     [0m] [1mparsed                        [0m [36mchannel[0m=[35mgoogle_benzinga[0m [36mraw[0m=[35m55[0m
[2m2026-03-31T13:15:22.278152Z[0m [[32m[1minfo     [0m] [1mcrawling                      [0m [36mchannel[0m=[35m'Google News (all)'[0m [36mtag[0m=[35mgoogle_broad[0m
[2m2026-03-31T13:15:24.854851Z[0m [[32m[1minfo     [0m] [1mfetch                         [0m [36mstatus[0m=[35m200[0m [36murl[0m=[35m'https://news.google.com/rss/search?q=KHC+stock+news&hl=en-US&gl=US&ceid=US:en'[0m
[2m2026-03-31T13:15:24.983773Z[0m [[32m[1minfo     [0m] [1mparsed                        [0m [36mchannel[0m=[35mgoogle_broad[0m [36mraw[0m=[35m100[0m
[2m2026-03-31T13:15:27.555807Z[0m [[32m[1minfo     [0m] [1mfetch                         [0m [36mstatus[0m=[35m200[0m [36murl[0m=[35m'https://news.google.com/rss/search?q=KHC+earnings+analysis&hl=en-US&gl=US&ceid=US:en'[0m
[2m2026-03-31T13:15:27.593659Z[0m [[32m[1minfo     [0m] [1mparsed                        [0m [36mchannel[0m=[35mgoogle_broad[0m [36mraw[0m=[35m53[0m
[2m2026-03-31T13:15:27.594679Z[0m [[32m[1minfo     [0m] [1mquality_filter                [0m [36minput[0m=[35m263[0m [36mpassed[0m=[35m2[0m
[2m2026-03-31T13:15:27.594984Z[0m [[32m[1minfo     [0m] [1mdedup                         [0m [36mafter[0m=[35m2[0m [36mbefore[0m=[35m2[0m
[2m2026-03-31T13:15:29.199447Z[0m [[32m[1minfo     [0m] [1mfetch                         [0m [36mstatus[0m=[35m403[0m [36murl[0m=[35mhttps://www.gurufocus.com/news/8757233/khc-stock-rating-maintained-price-target-lowered-by[0m
[2m2026-03-31T13:15:31.184823Z[0m [[32m[1minfo     [0m] [1mfetch                         [0m [36mstatus[0m=[35m200[0m [36murl[0m=[35mhttps://stockstory.org/us/stocks/nasdaq/khc/news/buy-or-sell/3-reasons-khc-is-risky-and-1-[0m
[2m2026-03-31T13:15:31.387345Z[0m [[32m[1minfo     [0m] [1mcrawling                      [0m [36mchannel[0m=[35mGoogle->Benzinga[0m [36mtag[0m=[35mgoogle_benzinga[0m
[2m2026-03-31T13:15:33.836811Z[0m [[32m[1minfo     [0m] [1mfetch                         [0m [36mstatus[0m=[35m200[0m [36murl[0m=[35m'https://news.google.com/rss/search?q=WTW+site:benzinga.com&hl=en-US&gl=US&ceid=US:en'[0m
[2m2026-03-31T13:15:33.843755Z[0m [[32m[1minfo     [0m] [1mparsed                        [0m [36mchannel[0m=[35mgoogle_benzinga[0m [36mraw[0m=[35m16[0m
[2m2026-03-31T13:15:35.849711Z[0m [[32m[1minfo     [0m] [1mfetch                         [0m [36mstatus[0m=[35m200[0m [36murl[0m=[35m'https://news.google.com/rss/search?q=WTW+site:benzinga.com&hl=en-US&gl=US&ceid=US:en'[0m
[2m2026-03-31T13:15:35.855777Z[0m [[32m[1minfo     [0m] [1mparsed                        [0m [36mchannel[0m=[35mgoogle_benzinga[0m [36mraw[0m=[35m16[0m
[2m2026-03-31T13:15:35.855882Z[0m [[32m[1minfo     [0m] [1mcrawling                      [0m [36mchannel[0m=[35m'Google News (all)'[0m [36mtag[0m=[35mgoogle_broad[0m
[2m2026-03-31T13:15:38.283426Z[0m [[32m[1minfo     [0m] [1mfetch                         [0m [36mstatus[0m=[35m200[0m [36murl[0m=[35m'https://news.google.com/rss/search?q=WTW+stock+news&hl=en-US&gl=US&ceid=US:en'[0m
[2m2026-03-31T13:15:38.320930Z[0m [[32m[1minfo     [0m] [1mparsed                        [0m [36mchannel[0m=[35mgoogle_broad[0m [36mraw[0m=[35m57[0m
[2m2026-03-31T13:15:40.691052Z[0m [[32m[1minfo     [0m] [1mfetch                         [0m [36mstatus[0m=[35m200[0m [36murl[0m=[35m'https://news.google.com/rss/search?q=WTW+earnings+analysis&hl=en-US&gl=US&ceid=US:en'[0m
[2m2026-03-31T13:15:40.710942Z[0m [[32m[1minfo     [0m] [1mparsed                        [0m [36mchannel[0m=[35mgoogle_broad[0m [36mraw[0m=[35m40[0m
[2m2026-03-31T13:15:40.711555Z[0m [[32m[1minfo     [0m] [1mquality_filter                [0m [36minput[0m=[35m129[0m [36mpassed[0m=[35m3[0m
[2m2026-03-31T13:15:40.711784Z[0m [[32m[1minfo     [0m] [1mdedup                         [0m [36mafter[0m=[35m2[0m [36mbefore[0m=[35m3[0m
[2m2026-03-31T13:15:43.540331Z[0m [[32m[1minfo     [0m] [1mfetch                         [0m [36mstatus[0m=[35m200[0m [36murl[0m=[35mhttps://www.stocktitan.net/news/WTW/wtw-makes-emea-insurance-leadership-and-regional-struc[0m
[2m2026-03-31T13:15:43.764645Z[0m [[32m[1minfo     [0m] [1mcrawling                      [0m [36mchannel[0m=[35mGoogle->Benzinga[0m [36mtag[0m=[35mgoogle_benzinga[0m
[2m2026-03-31T13:15:46.533415Z[0m [[32m[1minfo     [0m] [1mfetch                         [0m [36mstatus[0m=[35m200[0m [36murl[0m=[35m'https://news.google.com/rss/search?q=HPE+site:benzinga.com&hl=en-US&gl=US&ceid=US:en'[0m
[2m2026-03-31T13:15:46.638524Z[0m [[32m[1minfo     [0m] [1mparsed                        [0m [36mchannel[0m=[35mgoogle_benzinga[0m [36mraw[0m=[35m100[0m
[2m2026-03-31T13:15:48.645496Z[0m [[32m[1minfo     [0m] [1mfetch                         [0m [36mstatus[0m=[35m200[0m [36murl[0m=[35m'https://news.google.com/rss/search?q=HPE+site:benzinga.com&hl=en-US&gl=US&ceid=US:en'[0m
[2m2026-03-31T13:15:48.669183Z[0m [[32m[1minfo     [0m] [1mparsed                        [0m [36mchannel[0m=[35mgoogle_benzinga[0m [36mraw[0m=[35m100[0m
[2m2026-03-31T13:15:48.669288Z[0m [[32m[1minfo     [0m] [1mcrawling                      [0m [36mchannel[0m=[35m'Google News (all)'[0m [36mtag[0m=[35mgoogle_broad[0m
[2m2026-03-31T13:15:51.284446Z[0m [[32m[1minfo     [0m] [1mfetch                         [0m [36mstatus[0m=[35m200[0m [36murl[0m=[35m'https://news.google.com/rss/search?q=HPE+stock+news&hl=en-US&gl=US&ceid=US:en'[0m
[2m2026-03-31T13:15:51.395597Z[0m [[32m[1minfo     [0m] [1mparsed                        [0m [36mchannel[0m=[35mgoogle_broad[0m [36mraw[0m=[35m100[0m
[2m2026-03-31T13:15:53.882640Z[0m [[32m[1minfo     [0m] [1mfetch                         [0m [36mstatus[0m=[35m200[0m [36murl[0m=[35m'https://news.google.com/rss/search?q=HPE+earnings+analysis&hl=en-US&gl=US&ceid=US:en'[0m
[2m2026-03-31T13:15:53.976735Z[0m [[32m[1minfo     [0m] [1mparsed                        [0m [36mchannel[0m=[35mgoogle_broad[0m [36mraw[0m=[35m85[0m
[2m2026-03-31T13:15:53.977540Z[0m [[32m[1minfo     [0m] [1mquality_filter                [0m [36minput[0m=[35m385[0m [36mpassed[0m=[35m2[0m
[2m2026-03-31T13:15:53.977751Z[0m [[32m[1minfo     [0m] [1mdedup                         [0m [36mafter[0m=[35m2[0m [36mbefore[0m=[35m2[0m
[2m2026-03-31T13:15:55.790588Z[0m [[32m[1minfo     [0m] [1mfetch                         [0m [36mstatus[0m=[35m403[0m [36murl[0m=[35mhttps://www.gurufocus.com/news/8756820/hewlett-packard-enterprise-co-hpe-stock-price-down-[0m
[2m2026-03-31T13:15:56.265108Z[0m [[32m[1minfo     [0m] [1mfetch                         [0m [36mstatus[0m=[35m200[0m [36murl[0m=[35mhttps://www.insidermonkey.com/blog/ariel-global-fund-initiated-a-position-in-hewlett-packa[0m
[2m2026-03-31T13:15:56.472432Z[0m [[32m[1minfo     [0m] [1mcrawling                      [0m [36mchannel[0m=[35mGoogle->Benzinga[0m [36mtag[0m=[35mgoogle_benzinga[0m
[2m2026-03-31T13:15:59.417734Z[0m [[32m[1minfo     [0m] [1mfetch                         [0m [36mstatus[0m=[35m200[0m [36murl[0m=[35m'https://news.google.com/rss/search?q=LEN+site:benzinga.com&hl=en-US&gl=US&ceid=US:en'[0m
[2m2026-03-31T13:15:59.513636Z[0m [[32m[1minfo     [0m] [1mparsed                        [0m [36mchannel[0m=[35mgoogle_benzinga[0m [36mraw[0m=[35m82[0m
[2m2026-03-31T13:16:01.518596Z[0m [[32m[1minfo     [0m] [1mfetch                         [0m [36mstatus[0m=[35m200[0m [36murl[0m=[35m'https://news.google.com/rss/search?q=LEN+site:benzinga.com&hl=en-US&gl=US&ceid=US:en'[0m
[2m2026-03-31T13:16:01.543079Z[0m [[32m[1minfo     [0m] [1mparsed                        [0m [36mchannel[0m=[35mgoogle_benzinga[0m [36mraw[0m=[35m82[0m
[2m2026-03-31T13:16:01.543217Z[0m [[32m[1minfo     [0m] [1mcrawling                      [0m [36mchannel[0m=[35m'Google News (all)'[0m [36mtag[0m=[35mgoogle_broad[0m
[2m2026-03-31T13:16:03.992173Z[0m [[32m[1minfo     [0m] [1mfetch                         [0m [36mstatus[0m=[35m200[0m [36murl[0m=[35m'https://news.google.com/rss/search?q=LEN+stock+news&hl=en-US&gl=US&ceid=US:en'[0m
[2m2026-03-31T13:16:04.081205Z[0m [[32m[1minfo     [0m] [1mparsed                        [0m [36mchannel[0m=[35mgoogle_broad[0m [36mraw[0m=[35m71[0m
[2m2026-03-31T13:16:06.586185Z[0m [[32m[1minfo     [0m] [1mfetch                         [0m [36mstatus[0m=[35m200[0m [36murl[0m=[35m'https://news.google.com/rss/search?q=LEN+earnings+analysis&hl=en-US&gl=US&ceid=US:en'[0m
[2m2026-03-31T13:16:06.621820Z[0m [[32m[1minfo     [0m] [1mparsed                        [0m [36mchannel[0m=[35mgoogle_broad[0m [36mraw[0m=[35m67[0m
[2m2026-03-31T13:16:06.622370Z[0m [[32m[1minfo     [0m] [1mquality_filter                [0m [36minput[0m=[35m302[0m [36mpassed[0m=[35m0[0m
[2m2026-03-31T13:16:06.622429Z[0m [[32m[1minfo     [0m] [1mdedup                         [0m [36mafter[0m=[35m0[0m [36mbefore[0m=[35m0[0m
[2m2026-03-31T13:16:06.623016Z[0m [[32m[1minfo     [0m] [1mcrawling                      [0m [36mchannel[0m=[35mGoogle->Benzinga[0m [36mtag[0m=[35mgoogle_benzinga[0m
[2m2026-03-31T13:16:09.028823Z[0m [[32m[1minfo     [0m] [1mfetch                         [0m [36mstatus[0m=[35m200[0m [36murl[0m=[35m'https://news.google.com/rss/search?q=BIIB+site:benzinga.com&hl=en-US&gl=US&ceid=US:en'[0m
[2m2026-03-31T13:16:09.041614Z[0m [[32m[1minfo     [0m] [1mparsed                        [0m [36mchannel[0m=[35mgoogle_benzinga[0m [36mraw[0m=[35m34[0m
[2m2026-03-31T13:16:11.048880Z[0m [[32m[1minfo     [0m] [1mfetch                         [0m [36mstatus[0m=[35m200[0m [36murl[0m=[35m'https://news.google.com/rss/search?q=BIIB+site:benzinga.com&hl=en-US&gl=US&ceid=US:en'[0m
[2m2026-03-31T13:16:11.057788Z[0m [[32m[1minfo     [0m] [1mparsed                        [0m [36mchannel[0m=[35mgoogle_benzinga[0m [36mraw[0m=[35m34[0m
[2m2026-03-31T13:16:11.057883Z[0m [[32m[1minfo     [0m] [1mcrawling                      [0m [36mchannel[0m=[35m'Google News (all)'[0m [36mtag[0m=[35mgoogle_broad[0m
[2m2026-03-31T13:16:13.563163Z[0m [[32m[1minfo     [0m] [1mfetch                         [0m [36mstatus[0m=[35m200[0m [36murl[0m=[35m'https://news.google.com/rss/search?q=BIIB+stock+news&hl=en-US&gl=US&ceid=US:en'[0m
[2m2026-03-31T13:16:13.670915Z[0m [[32m[1minfo     [0m] [1mparsed                        [0m [36mchannel[0m=[35mgoogle_broad[0m [36mraw[0m=[35m100[0m
[2m2026-03-31T13:16:16.114595Z[0m [[32m[1minfo     [0m] [1mfetch                         [0m [36mstatus[0m=[35m200[0m [36murl[0m=[35m'https://news.google.com/rss/search?q=BIIB+earnings+analysis&hl=en-US&gl=US&ceid=US:en'[0m
[2m2026-03-31T13:16:16.142254Z[0m [[32m[1minfo     [0m] [1mparsed                        [0m [36mchannel[0m=[35mgoogle_broad[0m [36mraw[0m=[35m48[0m
[2m2026-03-31T13:16:16.142851Z[0m [[32m[1minfo     [0m] [1mquality_filter                [0m [36minput[0m=[35m216[0m [36mpassed[0m=[35m1[0m
[2m2026-03-31T13:16:16.142963Z[0m [[32m[1minfo     [0m] [1mdedup                         [0m [36mafter[0m=[35m1[0m [36mbefore[0m=[35m1[0m
[2m2026-03-31T13:16:18.180723Z[0m [[32m[1minfo     [0m] [1mfetch                         [0m [36mstatus[0m=[35m403[0m [36murl[0m=[35mhttps://www.gurufocus.com/news/8757560/biogen-biib-shares-boosted-by-recent-developments?m[0m
[2m2026-03-31T13:16:18.382323Z[0m [[32m[1minfo     [0m] [1mcrawling                      [0m [36mchannel[0m=[35mGoogle->Benzinga[0m [36mtag[0m=[35mgoogle_benzinga[0m
[2m2026-03-31T13:16:23.903293Z[0m [[32m[1minfo     [0m] [1mfetch                         [0m [36mstatus[0m=[35m200[0m [36murl[0m=[35m'https://news.google.com/rss/search?q=JBL+site:benzinga.com&hl=en-US&gl=US&ceid=US:en'[0m
[2m2026-03-31T13:16:23.934829Z[0m [[32m[1minfo     [0m] [1mparsed                        [0m [36mchannel[0m=[35mgoogle_benzinga[0m [36mraw[0m=[35m51[0m
[2m2026-03-31T13:16:25.940237Z[0m [[32m[1minfo     [0m] [1mfetch                         [0m [36mstatus[0m=[35m200[0m [36murl[0m=[35m'https://news.google.com/rss/search?q=JBL+site:benzinga.com&hl=en-US&gl=US&ceid=US:en'[0m
[2m2026-03-31T13:16:25.958533Z[0m [[32m[1minfo     [0m] [1mparsed                        [0m [36mchannel[0m=[35mgoogle_benzinga[0m [36mraw[0m=[35m51[0m
[2m2026-03-31T13:16:25.958672Z[0m [[32m[1minfo     [0m] [1mcrawling                      [0m [36mchannel[0m=[35m'Google News (all)'[0m [36mtag[0m=[35mgoogle_broad[0m
[2m2026-03-31T13:16:28.657705Z[0m [[32m[1minfo     [0m] [1mfetch                         [0m [36mstatus[0m=[35m200[0m [36murl[0m=[35m'https://news.google.com/rss/search?q=JBL+stock+news&hl=en-US&gl=US&ceid=US:en'[0m
[2m2026-03-31T13:16:28.770930Z[0m [[32m[1minfo     [0m] [1mparsed                        [0m [36mchannel[0m=[35mgoogle_broad[0m [36mraw[0m=[35m100[0m
[2m2026-03-31T13:16:31.472759Z[0m [[32m[1minfo     [0m] [1mfetch                         [0m [36mstatus[0m=[35m200[0m [36murl[0m=[35m'https://news.google.com/rss/search?q=JBL+earnings+analysis&hl=en-US&gl=US&ceid=US:en'[0m
[2m2026-03-31T13:16:31.495026Z[0m [[32m[1minfo     [0m] [1mparsed                        [0m [36mchannel[0m=[35mgoogle_broad[0m [36mraw[0m=[35m45[0m
[2m2026-03-31T13:16:31.495660Z[0m [[32m[1minfo     [0m] [1mquality_filter                [0m [36minput[0m=[35m247[0m [36mpassed[0m=[35m0[0m
[2m2026-03-31T13:16:31.495743Z[0m [[32m[1minfo     [0m] [1mdedup                         [0m [36mafter[0m=[35m0[0m [36mbefore[0m=[35m0[0m
[2m2026-03-31T13:16:31.496728Z[0m [[32m[1minfo     [0m] [1mcrawling                      [0m [36mchannel[0m=[35mGoogle->Benzinga[0m [36mtag[0m=[35mgoogle_benzinga[0m
[2m2026-03-31T13:16:33.906336Z[0m [[32m[1minfo     [0m] [1mfetch                         [0m [36mstatus[0m=[35m200[0m [36murl[0m=[35m'https://news.google.com/rss/search?q=MTD+site:benzinga.com&hl=en-US&gl=US&ceid=US:en'[0m
[2m2026-03-31T13:16:33.914976Z[0m [[32m[1minfo     [0m] [1mparsed                        [0m [36mchannel[0m=[35mgoogle_benzinga[0m [36mraw[0m=[35m21[0m
[2m2026-03-31T13:16:35.920009Z[0m [[32m[1minfo     [0m] [1mfetch                         [0m [36mstatus[0m=[35m200[0m [36murl[0m=[35m'https://news.google.com/rss/search?q=MTD+site:benzinga.com&hl=en-US&gl=US&ceid=US:en'[0m
[2m2026-03-31T13:16:35.946563Z[0m [[32m[1minfo     [0m] [1mparsed                        [0m [36mchannel[0m=[35mgoogle_benzinga[0m [36mraw[0m=[35m21[0m
[2m2026-03-31T13:16:35.946744Z[0m [[32m[1minfo     [0m] [1mcrawling                      [0m [36mchannel[0m=[35m'Google News (all)'[0m [36mtag[0m=[35mgoogle_broad[0m
[2m2026-03-31T13:16:38.401227Z[0m [[32m[1minfo     [0m] [1mfetch                         [0m [36mstatus[0m=[35m200[0m [36murl[0m=[35m'https://news.google.com/rss/search?q=MTD+stock+news&hl=en-US&gl=US&ceid=US:en'[0m
[2m2026-03-31T13:16:38.487253Z[0m [[32m[1minfo     [0m] [1mparsed                        [0m [36mchannel[0m=[35mgoogle_broad[0m [36mraw[0m=[35m56[0m
[2m2026-03-31T13:16:40.982267Z[0m [[32m[1minfo     [0m] [1mfetch                         [0m [36mstatus[0m=[35m200[0m [36murl[0m=[35m'https://news.google.com/rss/search?q=MTD+earnings+analysis&hl=en-US&gl=US&ceid=US:en'[0m
[2m2026-03-31T13:16:41.005356Z[0m [[32m[1minfo     [0m] [1mparsed                        [0m [36mchannel[0m=[35mgoogle_broad[0m [36mraw[0m=[35m52[0m
[2m2026-03-31T13:16:41.005866Z[0m [[32m[1minfo     [0m] [1mquality_filter                [0m [36minput[0m=[35m150[0m [36mpassed[0m=[35m1[0m
[2m2026-03-31T13:16:41.005967Z[0m [[32m[1minfo     [0m] [1mdedup                         [0m [36mafter[0m=[35m1[0m [36mbefore[0m=[35m1[0m
[2m2026-03-31T13:16:43.054212Z[0m [[32m[1minfo     [0m] [1mfetch                         [0m [36mstatus[0m=[35m403[0m [36murl[0m=[35mhttps://www.bitget.com/amp/news/detail/12560605321476[0m
[2m2026-03-31T13:16:43.255722Z[0m [[32m[1minfo     [0m] [1mcrawling                      [0m [36mchannel[0m=[35mGoogle->Benzinga[0m [36mtag[0m=[35mgoogle_benzinga[0m
[2m2026-03-31T13:16:46.168997Z[0m [[32m[1minfo     [0m] [1mfetch                         [0m [36mstatus[0m=[35m200[0m [36murl[0m=[35m'https://news.google.com/rss/search?q=PPG+site:benzinga.com&hl=en-US&gl=US&ceid=US:en'[0m
[2m2026-03-31T13:16:46.191499Z[0m [[32m[1minfo     [0m] [1mparsed                        [0m [36mchannel[0m=[35mgoogle_benzinga[0m [36mraw[0m=[35m41[0m
[2m2026-03-31T13:16:48.199538Z[0m [[32m[1minfo     [0m] [1mfetch                         [0m [36mstatus[0m=[35m200[0m [36murl[0m=[35m'https://news.google.com/rss/search?q=PPG+site:benzinga.com&hl=en-US&gl=US&ceid=US:en'[0m
[2m2026-03-31T13:16:48.211017Z[0m [[32m[1minfo     [0m] [1mparsed                        [0m [36mchannel[0m=[35mgoogle_benzinga[0m [36mraw[0m=[35m41[0m
[2m2026-03-31T13:16:48.211145Z[0m [[32m[1minfo     [0m] [1mcrawling                      [0m [36mchannel[0m=[35m'Google News (all)'[0m [36mtag[0m=[35mgoogle_broad[0m
[2m2026-03-31T13:16:50.691188Z[0m [[32m[1minfo     [0m] [1mfetch                         [0m [36mstatus[0m=[35m200[0m [36murl[0m=[35m'https://news.google.com/rss/search?q=PPG+stock+news&hl=en-US&gl=US&ceid=US:en'[0m
[2m2026-03-31T13:16:50.800992Z[0m [[32m[1minfo     [0m] [1mparsed                        [0m [36mchannel[0m=[35mgoogle_broad[0m [36mraw[0m=[35m97[0m
[2m2026-03-31T13:16:53.414085Z[0m [[32m[1minfo     [0m] [1mfetch                         [0m [36mstatus[0m=[35m200[0m [36murl[0m=[35m'https://news.google.com/rss/search?q=PPG+earnings+analysis&hl=en-US&gl=US&ceid=US:en'[0m
[2m2026-03-31T13:16:53.502555Z[0m [[32m[1minfo     [0m] [1mparsed                        [0m [36mchannel[0m=[35mgoogle_broad[0m [36mraw[0m=[35m69[0m
[2m2026-03-31T13:16:53.503154Z[0m [[32m[1minfo     [0m] [1mquality_filter                [0m [36minput[0m=[35m248[0m [36mpassed[0m=[35m1[0m
[2m2026-03-31T13:16:53.503285Z[0m [[32m[1minfo     [0m] [1mdedup                         [0m [36mafter[0m=[35m1[0m [36mbefore[0m=[35m1[0m
[2m2026-03-31T13:16:56.505292Z[0m [[32m[1minfo     [0m] [1mfetch                         [0m [36mstatus[0m=[35m200[0m [36murl[0m=[35mhttps://www.ad-hoc-news.de/boerse/news/ueberblick/ppg-industries-inc-stock-steady-coatings[0m
[2m2026-03-31T13:16:56.707620Z[0m [[32m[1minfo     [0m] [1mcrawling                      [0m [36mchannel[0m=[35mGoogle->Benzinga[0m [36mtag[0m=[35mgoogle_benzinga[0m
[2m2026-03-31T13:16:59.115005Z[0m [[32m[1minfo     [0m] [1mfetch                         [0m [36mstatus[0m=[35m200[0m [36murl[0m=[35m'https://news.google.com/rss/search?q=TSCO+site:benzinga.com&hl=en-US&gl=US&ceid=US:en'[0m
[2m2026-03-31T13:16:59.126082Z[0m [[32m[1minfo     [0m] [1mparsed                        [0m [36mchannel[0m=[35mgoogle_benzinga[0m [36mraw[0m=[35m18[0m
[2m2026-03-31T13:17:01.148963Z[0m [[32m[1minfo     [0m] [1mfetch                         [0m [36mstatus[0m=[35m200[0m [36murl[0m=[35m'https://news.google.com/rss/search?q=TSCO+site:benzinga.com&hl=en-US&gl=US&ceid=US:en'[0m
[2m2026-03-31T13:17:01.154217Z[0m [[32m[1minfo     [0m] [1mparsed                        [0m [36mchannel[0m=[35mgoogle_benzinga[0m [36mraw[0m=[35m18[0m
[2m2026-03-31T13:17:01.154309Z[0m [[32m[1minfo     [0m] [1mcrawling                      [0m [36mchannel[0m=[35m'Google News (all)'[0m [36mtag[0m=[35mgoogle_broad[0m
[2m2026-03-31T13:17:03.701643Z[0m [[32m[1minfo     [0m] [1mfetch                         [0m [36mstatus[0m=[35m200[0m [36murl[0m=[35m'https://news.google.com/rss/search?q=TSCO+stock+news&hl=en-US&gl=US&ceid=US:en'[0m
[2m2026-03-31T13:17:03.778878Z[0m [[32m[1minfo     [0m] [1mparsed                        [0m [36mchannel[0m=[35mgoogle_broad[0m [36mraw[0m=[35m100[0m
[2m2026-03-31T13:17:06.254502Z[0m [[32m[1minfo     [0m] [1mfetch                         [0m [36mstatus[0m=[35m200[0m [36murl[0m=[35m'https://news.google.com/rss/search?q=TSCO+earnings+analysis&hl=en-US&gl=US&ceid=US:en'[0m
[2m2026-03-31T13:17:06.279010Z[0m [[32m[1minfo     [0m] [1mparsed                        [0m [36mchannel[0m=[35mgoogle_broad[0m [36mraw[0m=[35m47[0m
[2m2026-03-31T13:17:06.279767Z[0m [[32m[1minfo     [0m] [1mquality_filter                [0m [36minput[0m=[35m183[0m [36mpassed[0m=[35m1[0m
[2m2026-03-31T13:17:06.279892Z[0m [[32m[1minfo     [0m] [1mdedup                         [0m [36mafter[0m=[35m1[0m [36mbefore[0m=[35m1[0m
[2m2026-03-31T13:17:08.396528Z[0m [[32m[1minfo     [0m] [1mfetch                         [0m [36mstatus[0m=[35m200[0m [36murl[0m=[35mhttps://www.marketbeat.com/instant-alerts/tesco-lontsco-stock-crosses-above-200-day-moving[0m
[2m2026-03-31T13:17:08.622376Z[0m [[32m[1minfo     [0m] [1mcrawling                      [0m [36mchannel[0m=[35mGoogle->Benzinga[0m [36mtag[0m=[35mgoogle_benzinga[0m
[2m2026-03-31T13:17:11.233670Z[0m [[32m[1minfo     [0m] [1mfetch                         [0m [36mstatus[0m=[35m200[0m [36murl[0m=[35m'https://news.google.com/rss/search?q=STZ+site:benzinga.com&hl=en-US&gl=US&ceid=US:en'[0m
[2m2026-03-31T13:17:11.258905Z[0m [[32m[1minfo     [0m] [1mparsed                        [0m [36mchannel[0m=[35mgoogle_benzinga[0m [36mraw[0m=[35m44[0m
[2m2026-03-31T13:17:13.264320Z[0m [[32m[1minfo     [0m] [1mfetch                         [0m [36mstatus[0m=[35m200[0m [36murl[0m=[35m'https://news.google.com/rss/search?q=STZ+site:benzinga.com&hl=en-US&gl=US&ceid=US:en'[0m
[2m2026-03-31T13:17:13.284868Z[0m [[32m[1minfo     [0m] [1mparsed                        [0m [36mchannel[0m=[35mgoogle_benzinga[0m [36mraw[0m=[35m44[0m
[2m2026-03-31T13:17:13.285010Z[0m [[32m[1minfo     [0m] [1mcrawling                      [0m [36mchannel[0m=[35m'Google News (all)'[0m [36mtag[0m=[35mgoogle_broad[0m
[2m2026-03-31T13:17:15.839564Z[0m [[32m[1minfo     [0m] [1mfetch                         [0m [36mstatus[0m=[35m200[0m [36murl[0m=[35m'https://news.google.com/rss/search?q=STZ+stock+news&hl=en-US&gl=US&ceid=US:en'[0m
[2m2026-03-31T13:17:15.951162Z[0m [[32m[1minfo     [0m] [1mparsed                        [0m [36mchannel[0m=[35mgoogle_broad[0m [36mraw[0m=[35m100[0m
[2m2026-03-31T13:17:18.398532Z[0m [[32m[1minfo     [0m] [1mfetch                         [0m [36mstatus[0m=[35m200[0m [36murl[0m=[35m'https://news.google.com/rss/search?q=STZ+earnings+analysis&hl=en-US&gl=US&ceid=US:en'[0m
[2m2026-03-31T13:17:18.427748Z[0m [[32m[1minfo     [0m] [1mparsed                        [0m [36mchannel[0m=[35mgoogle_broad[0m [36mraw[0m=[35m53[0m
[2m2026-03-31T13:17:18.428333Z[0m [[32m[1minfo     [0m] [1mquality_filter                [0m [36minput[0m=[35m241[0m [36mpassed[0m=[35m1[0m
[2m2026-03-31T13:17:18.428451Z[0m [[32m[1minfo     [0m] [1mdedup                         [0m [36mafter[0m=[35m1[0m [36mbefore[0m=[35m1[0m
[2m2026-03-31T13:17:20.291457Z[0m [[32m[1minfo     [0m] [1mfetch                         [0m [36mstatus[0m=[35m403[0m [36murl[0m=[35mhttps://www.gurufocus.com/news/8757379/deutsche-bank-lowers-price-target-for-constellation[0m
[2m2026-03-31T13:17:22.629073Z[0m [[32m[1minfo     [0m] [1mrun_complete                  [0m [36mfiltered[0m=[35m516[0m [36mlog_path[0m=[35mdata\runs\20260331T123520Z_nvda_avgo_mu_203\run.log[0m [36mnews_items[0m=[35m516[0m [36mraw[0m=[35m56141[0m [36mrun_dir[0m=[35mdata\runs\20260331T123520Z_nvda_avgo_mu_203[0m
