[2m2026-04-04T16:00:02.630014Z[0m [[32m[1minfo     [0m] [1mrun_start                     [0m [36mdata_dir[0m=[35m/home/ubuntu/NewsCrawler/data[0m [36mhours[0m=[35m48[0m [36mrun_dir[0m=[35m/home/ubuntu/NewsCrawler/data/runs/20260404T160002Z_nvda_avgo_mu_200[0m [36mtickers[0m=[35m['NVDA', 'AVGO', 'MU', 'AMD', 'AMAT', 'LRCX', 'KLAC', 'TXN', 'ADI', 'ANET', 'QCOM', 'WDC', 'SNDK', 'STX', 'CDNS', 'SNPS', 'NXPI', 'MPWR', 'TER', 'MCHP', 'ON', 'AAPL', 'BRK.B', 'WMT', 'JPM', 'JNJ', 'COST', 'ABBV', 'NFLX', 'PG', 'HD', 'BAC', 'KO', 'CSCO', 'MRK', 'PM', 'UNH', 'MS', 'GS', 'WFC', 'MCD', 'TMUS', 'LIN', 'PEP', 'INTC', 'VZ', 'AMGN', 'ABT', 'DIS', 'GILD', 'APH', 'TJX', 'SCHW', 'PFE', 'HON', 'LOW', 'WELL', 'NEM', 'CB', 'PLD', 'GLW', 'ACN', 'BMY', 'MDT', 'PGR', 'COF', 'MCK', 'HCA', 'MO', 'SBUX', 'CMCSA', 'CVS', 'UPS', 'EQIX', 'NKE', 'WMB', 'FDX', 'MRSH', 'SHW', 'AMT', 'BX', 'JCI', 'MMM', 'ECL', 'ADP', 'PNC', 'USB', 'EMR', 'ITW', 'MNST', 'CRH', 'CL', 'ORLY', 'MDLZ', 'CI', 'TDG', 'COR', 'AON', 'GM', 'ELV', 'WBD', 'TEL', 'TRV', 'ROST', 'SPG', 'SRE', 'TFC', 'AZO', 'O', 'APD', 'DLR', 'AJG', 'AFL', 'F', 'ALL', 'ZTS', 'AME', 'GWW', 'CAH', 'PSA', 'CTVA', 'CARR', 'KEYS', 'ADSK', 'TGT', 'BDX', 'EA', 'EW', 'CIEN', 'GRMN', 'HSY', 'CVNA', 'MET', 'YUM', 'DHI', 'FITB', 'SYY', 'CBRE', 'AIG', 'KR', 'AMP', 'DAL', 'KDP', 'VTR', 'EBAY', 'ED', 'EL', 'TTWO', 'CCI', 'HIG', 'GEHC', 'LVS', 'LYV', 'RMD', 'ROP', 'KMB', 'CPRT', 'IR', 'KVUE', 'TPL', 'OTIS', 'ACGL', 'STT', 'WDAY', 'DG', 'UAL', 'PRU', 'HBAN', 'PAYX', 'FICO', 'ADM', 'MTB', 'VICI', 'IRM', 'EXR', 'XYL', 'TDY', 'TPR', 'WAT', 'CTSH', 'DTE', 'DOV', 'ULTA', 'IQV', 'RJF', 'HAL', 'CHTR', 'FE', 'ROL', 'PPL', 'KHC', 'WTW', 'HPE', 'LEN', 'BIIB', 'JBL', 'MTD', 'PPG', 'TSCO', 'STZ'][0m
[2m2026-04-04T16:00:02.650646Z[0m [[32m[1minfo     [0m] [1mcrawling                      [0m [36mchannel[0m=[35mGoogle->Benzinga[0m [36mtag[0m=[35mgoogle_benzinga[0m
[2m2026-04-04T16:00:05.820332Z[0m [[32m[1minfo     [0m] [1mfetch                         [0m [36mstatus[0m=[35m200[0m [36murl[0m=[35m'https://news.google.com/rss/search?q=NVDA+nvidia+site:benzinga.com&hl=en-US&gl=US&ceid=US:'[0m
[2m2026-04-04T16:00:05.977095Z[0m [[32m[1minfo     [0m] [1mparsed                        [0m [36mchannel[0m=[35mgoogle_benzinga[0m [36mraw[0m=[35m100[0m
[2m2026-04-04T16:00:08.597482Z[0m [[32m[1minfo     [0m] [1mfetch                         [0m [36mstatus[0m=[35m200[0m [36murl[0m=[35m'https://news.google.com/rss/search?q=nvidia+site:benzinga.com&hl=en-US&gl=US&ceid=US:en'[0m
[2m2026-04-04T16:00:08.747198Z[0m [[32m[1minfo     [0m] [1mparsed                        [0m [36mchannel[0m=[35mgoogle_benzinga[0m [36mraw[0m=[35m100[0m
[2m2026-04-04T16:00:08.747385Z[0m [[32m[1minfo     [0m] [1mcrawling                      [0m [36mchannel[0m=[35m'Google News (all)'[0m [36mtag[0m=[35mgoogle_broad[0m
[2m2026-04-04T16:00:11.275100Z[0m [[32m[1minfo     [0m] [1mfetch                         [0m [36mstatus[0m=[35m200[0m [36murl[0m=[35m'https://news.google.com/rss/search?q=NVDA+nvidia+stock+news&hl=en-US&gl=US&ceid=US:en'[0m
[2m2026-04-04T16:00:11.410433Z[0m [[32m[1minfo     [0m] [1mparsed                        [0m [36mchannel[0m=[35mgoogle_broad[0m [36mraw[0m=[35m100[0m
[2m2026-04-04T16:00:14.098916Z[0m [[32m[1minfo     [0m] [1mfetch                         [0m [36mstatus[0m=[35m200[0m [36murl[0m=[35m'https://news.google.com/rss/search?q=NVDA+nvidia+earnings+analysis&hl=en-US&gl=US&ceid=US:'[0m
[2m2026-04-04T16:00:14.242576Z[0m [[32m[1minfo     [0m] [1mparsed                        [0m [36mchannel[0m=[35mgoogle_broad[0m [36mraw[0m=[35m100[0m
[2m2026-04-04T16:00:14.249043Z[0m [[32m[1minfo     [0m] [1mquality_filter                [0m [36minput[0m=[35m400[0m [36mpassed[0m=[35m12[0m
[2m2026-04-04T16:00:14.250747Z[0m [[32m[1minfo     [0m] [1mdedup                         [0m [36mafter[0m=[35m9[0m [36mbefore[0m=[35m12[0m
[2m2026-04-04T16:00:14.250956Z[0m [[32m[1minfo     [0m] [1mfulltext_selection            [0m [36mcandidates[0m=[35m6[0m [36mfiltered[0m=[35m9[0m [36mmode[0m=[35mhigh-value[0m [36mticker[0m=[35mNVDA[0m
[2m2026-04-04T16:00:15.576956Z[0m [[32m[1minfo     [0m] [1mfetch                         [0m [36mstatus[0m=[35m403[0m [36murl[0m=[35mhttps://www.tipranks.com/news/nvidia-stock-forecast-how-high-or-low-can-nvda-stock-go[0m
[2m2026-04-04T16:00:16.070661Z[0m [[32m[1minfo     [0m] [1mfetch                         [0m [36mstatus[0m=[35m200[0m [36murl[0m=[35mhttps://www.msn.com/en-us/money/companies/why-is-nvidia-nvda-down-7-4-since-last-earnings-[0m
[2m2026-04-04T16:00:16.412671Z[0m [[32m[1minfo     [0m] [1mfetch                         [0m [36mstatus[0m=[35m200[0m [36murl[0m=[35mhttps://www.fool.com/investing/2026/04/02/nvidias-blackwell-and-rubin-chips-will-have-1-tr[0m
[2m2026-04-04T16:00:16.590616Z[0m [[31m[1merror    [0m] [1mfetch_error                   [0m [36merror[0m=[35m'400, message=\'Got more than 8190 bytes when reading: b"connect-src \\\'self\\\' wss:'[0m [36murl[0m=[35mhttps://finance.yahoo.com/markets/stocks/articles/5-star-analyst-raise[0m
[2m2026-04-04T16:00:16.778474Z[0m [[32m[1minfo     [0m] [1mfetch                         [0m [36mstatus[0m=[35m200[0m [36murl[0m=[35mhttps://finbold.com/analyst-updates-nvidia-stock-price-target-for-the-next-12-months/[0m
[2m2026-04-04T16:00:17.431142Z[0m [[32m[1minfo     [0m] [1mcrawling                      [0m [36mchannel[0m=[35mGoogle->Benzinga[0m [36mtag[0m=[35mgoogle_benzinga[0m
[2m2026-04-04T16:00:20.984350Z[0m [[32m[1minfo     [0m] [1mfetch                         [0m [36mstatus[0m=[35m200[0m [36murl[0m=[35m'https://news.google.com/rss/search?q=AVGO+broadcom+site:benzinga.com&hl=en-US&gl=US&ceid=U'[0m
[2m2026-04-04T16:00:21.128052Z[0m [[32m[1minfo     [0m] [1mparsed                        [0m [36mchannel[0m=[35mgoogle_benzinga[0m [36mraw[0m=[35m100[0m
[2m2026-04-04T16:00:23.702848Z[0m [[32m[1minfo     [0m] [1mfetch                         [0m [36mstatus[0m=[35m200[0m [36murl[0m=[35m'https://news.google.com/rss/search?q=broadcom+site:benzinga.com&hl=en-US&gl=US&ceid=US:en'[0m
[2m2026-04-04T16:00:23.845293Z[0m [[32m[1minfo     [0m] [1mparsed                        [0m [36mchannel[0m=[35mgoogle_benzinga[0m [36mraw[0m=[35m100[0m
[2m2026-04-04T16:00:23.845461Z[0m [[32m[1minfo     [0m] [1mcrawling                      [0m [36mchannel[0m=[35m'Google News (all)'[0m [36mtag[0m=[35mgoogle_broad[0m
[2m2026-04-04T16:00:26.444363Z[0m [[32m[1minfo     [0m] [1mfetch                         [0m [36mstatus[0m=[35m200[0m [36murl[0m=[35m'https://news.google.com/rss/search?q=AVGO+broadcom+stock+news&hl=en-US&gl=US&ceid=US:en'[0m
[2m2026-04-04T16:00:26.581990Z[0m [[32m[1minfo     [0m] [1mparsed                        [0m [36mchannel[0m=[35mgoogle_broad[0m [36mraw[0m=[35m100[0m
[2m2026-04-04T16:00:29.183876Z[0m [[32m[1minfo     [0m] [1mfetch                         [0m [36mstatus[0m=[35m200[0m [36murl[0m=[35m'https://news.google.com/rss/search?q=AVGO+broadcom+earnings+analysis&hl=en-US&gl=US&ceid=U'[0m
[2m2026-04-04T16:00:29.328854Z[0m [[32m[1minfo     [0m] [1mparsed                        [0m [36mchannel[0m=[35mgoogle_broad[0m [36mraw[0m=[35m100[0m
[2m2026-04-04T16:00:29.331845Z[0m [[32m[1minfo     [0m] [1mquality_filter                [0m [36minput[0m=[35m400[0m [36mpassed[0m=[35m12[0m
[2m2026-04-04T16:00:29.333712Z[0m [[32m[1minfo     [0m] [1mdedup                         [0m [36mafter[0m=[35m12[0m [36mbefore[0m=[35m12[0m
[2m2026-04-04T16:00:29.333918Z[0m [[32m[1minfo     [0m] [1mfulltext_selection            [0m [36mcandidates[0m=[35m8[0m [36mfiltered[0m=[35m12[0m [36mmode[0m=[35mhigh-value[0m [36mticker[0m=[35mAVGO[0m
[2m2026-04-04T16:00:30.573911Z[0m [[32m[1minfo     [0m] [1mfetch                         [0m [36mstatus[0m=[35m403[0m [36murl[0m=[35mhttps://www.tipranks.com/news/broadcom-avgo-or-marvell-mrvl-top-analyst-picks-the-better-c[0m
[2m2026-04-04T16:00:31.040402Z[0m [[32m[1minfo     [0m] [1mfetch                         [0m [36mstatus[0m=[35m200[0m [36murl[0m=[35mhttps://seekingalpha.com/article/4888363-broadcom-3t-market-cap-possible-ai-monetization-d[0m
[2m2026-04-04T16:00:31.275558Z[0m [[32m[1minfo     [0m] [1mfetch                         [0m [36mstatus[0m=[35m200[0m [36murl[0m=[35mhttps://www.tradingview.com/news/gurufocus:505f0949d094b:0-broadcom-stock-in-spotlight-nam[0m
[2m2026-04-04T16:00:31.635861Z[0m [[31m[1merror    [0m] [1mfetch_error                   [0m [36merror[0m=[35m'400, message=\'Got more than 8190 bytes when reading: b"connect-src \\\'self\\\' wss:'[0m [36murl[0m=[35mhttps://finance.yahoo.com/markets/stocks/articles/broadcom-inc-avgo-do[0m
[2m2026-04-04T16:00:31.653468Z[0m [[32m[1minfo     [0m] [1mfetch                         [0m [36mstatus[0m=[35m403[0m [36murl[0m=[35mhttps://www.bitget.com/news/detail/12560605335269[0m
[2m2026-04-04T16:00:31.683345Z[0m [[31m[1merror    [0m] [1mfetch_error                   [0m [36merror[0m=[35m'400, message=\'Got more than 8190 bytes when reading: b"connect-src \\\'self\\\' wss:'[0m [36murl[0m=[35mhttps://finance.yahoo.com/markets/stocks/articles/broadcom-inc-avgo-bi[0m
[2m2026-04-04T16:00:34.276787Z[0m [[32m[1minfo     [0m] [1mfetch                         [0m [36mstatus[0m=[35m200[0m [36murl[0m=[35mhttps://coincentral.com/broadcom-avgo-stock-new-cfo-named-alphabets-amie-thuener-takes-the[0m
[2m2026-04-04T16:00:34.723588Z[0m [[32m[1minfo     [0m] [1mcrawling                      [0m [36mchannel[0m=[35mGoogle->Benzinga[0m [36mtag[0m=[35mgoogle_benzinga[0m
[2m2026-04-04T16:00:37.415020Z[0m [[32m[1minfo     [0m] [1mfetch                         [0m [36mstatus[0m=[35m200[0m [36murl[0m=[35m'https://news.google.com/rss/search?q=MU+micron+site:benzinga.com&hl=en-US&gl=US&ceid=US:en'[0m
[2m2026-04-04T16:00:37.557694Z[0m [[32m[1minfo     [0m] [1mparsed                        [0m [36mchannel[0m=[35mgoogle_benzinga[0m [36mraw[0m=[35m100[0m
[2m2026-04-04T16:00:40.157410Z[0m [[32m[1minfo     [0m] [1mfetch                         [0m [36mstatus[0m=[35m200[0m [36murl[0m=[35m'https://news.google.com/rss/search?q=micron+site:benzinga.com&hl=en-US&gl=US&ceid=US:en'[0m
[2m2026-04-04T16:00:40.292893Z[0m [[32m[1minfo     [0m] [1mparsed                        [0m [36mchannel[0m=[35mgoogle_benzinga[0m [36mraw[0m=[35m100[0m
[2m2026-04-04T16:00:40.293061Z[0m [[32m[1minfo     [0m] [1mcrawling                      [0m [36mchannel[0m=[35m'Google News (all)'[0m [36mtag[0m=[35mgoogle_broad[0m
[2m2026-04-04T16:00:42.970887Z[0m [[32m[1minfo     [0m] [1mfetch                         [0m [36mstatus[0m=[35m200[0m [36murl[0m=[35m'https://news.google.com/rss/search?q=MU+micron+stock+news&hl=en-US&gl=US&ceid=US:en'[0m
[2m2026-04-04T16:00:43.115729Z[0m [[32m[1minfo     [0m] [1mparsed                        [0m [36mchannel[0m=[35mgoogle_broad[0m [36mraw[0m=[35m100[0m
[2m2026-04-04T16:00:45.749355Z[0m [[32m[1minfo     [0m] [1mfetch                         [0m [36mstatus[0m=[35m200[0m [36murl[0m=[35m'https://news.google.com/rss/search?q=MU+micron+earnings+analysis&hl=en-US&gl=US&ceid=US:en'[0m
[2m2026-04-04T16:00:45.893496Z[0m [[32m[1minfo     [0m] [1mparsed                        [0m [36mchannel[0m=[35mgoogle_broad[0m [36mraw[0m=[35m100[0m
[2m2026-04-04T16:00:45.897677Z[0m [[32m[1minfo     [0m] [1mquality_filter                [0m [36minput[0m=[35m400[0m [36mpassed[0m=[35m11[0m
[2m2026-04-04T16:00:45.899288Z[0m [[32m[1minfo     [0m] [1mdedup                         [0m [36mafter[0m=[35m11[0m [36mbefore[0m=[35m11[0m
[2m2026-04-04T16:00:45.899525Z[0m [[32m[1minfo     [0m] [1mfulltext_selection            [0m [36mcandidates[0m=[35m6[0m [36mfiltered[0m=[35m11[0m [36mmode[0m=[35mhigh-value[0m [36mticker[0m=[35mMU[0m
[2m2026-04-04T16:00:47.547914Z[0m [[32m[1minfo     [0m] [1mfetch                         [0m [36mstatus[0m=[35m200[0m [36murl[0m=[35mhttps://www.marketbeat.com/instant-alerts/filing-micron-technology-inc-mu-shares-bought-by[0m
[2m2026-04-04T16:00:47.623791Z[0m [[32m[1minfo     [0m] [1mfetch                         [0m [36mstatus[0m=[35m403[0m [36murl[0m=[35mhttps://www.tipranks.com/news/can-micron-stock-mu-continue-its-strong-run-on-memory-demand[0m
[2m2026-04-04T16:00:47.846646Z[0m [[32m[1minfo     [0m] [1mfetch                         [0m [36mstatus[0m=[35m200[0m [36murl[0m=[35mhttps://www.marketbeat.com/instant-alerts/micron-technology-nasdaqmu-evp-april-arnzen-sell[0m
[2m2026-04-04T16:00:48.058085Z[0m [[31m[1merror    [0m] [1mfetch_error                   [0m [36merror[0m=[35m'400, message=\'Got more than 8190 bytes when reading: b"connect-src \\\'self\\\' wss:'[0m [36murl[0m=[35mhttps://finance.yahoo.com/markets/stocks/articles/micron-technology-in[0m
[2m2026-04-04T16:00:48.307338Z[0m [[31m[1merror    [0m] [1mfetch_error                   [0m [36merror[0m=[35m'400, message=\'Got more than 8190 bytes when reading: b"connect-src \\\'self\\\' wss:'[0m [36murl[0m=[35mhttps://finance.yahoo.com/markets/stocks/articles/microns-mu-long-date[0m
[2m2026-04-04T16:00:48.635628Z[0m [[31m[1merror    [0m] [1mfetch_error                   [0m [36merror[0m=[35m'400, message=\'Got more than 8190 bytes when reading: b"connect-src \\\'self\\\' wss:'[0m [36murl[0m=[35mhttps://finance.yahoo.com/markets/stocks/articles/rosenblatt-bullish-m[0m
[2m2026-04-04T16:00:48.838623Z[0m [[32m[1minfo     [0m] [1mcrawling                      [0m [36mchannel[0m=[35m'AMD IR'[0m [36mtag[0m=[35mamd_ir[0m
[2m2026-04-04T16:00:51.297677Z[0m [[32m[1minfo     [0m] [1mfetch                         [0m [36mstatus[0m=[35m200[0m [36murl[0m=[35mhttps://ir.amd.com/news-events/press-releases/rss[0m
[2m2026-04-04T16:00:51.302473Z[0m [[32m[1minfo     [0m] [1mparsed                        [0m [36mchannel[0m=[35mamd_ir[0m [36mraw[0m=[35m10[0m
[2m2026-04-04T16:00:51.302625Z[0m [[32m[1minfo     [0m] [1mcrawling                      [0m [36mchannel[0m=[35mGoogle->Benzinga[0m [36mtag[0m=[35mgoogle_benzinga[0m
[2m2026-04-04T16:00:54.069752Z[0m [[32m[1minfo     [0m] [1mfetch                         [0m [36mstatus[0m=[35m200[0m [36murl[0m=[35m'https://news.google.com/rss/search?q=AMD+advanced+micro+devices+site:benzinga.com&hl=en-US'[0m
[2m2026-04-04T16:00:54.220825Z[0m [[32m[1minfo     [0m] [1mparsed                        [0m [36mchannel[0m=[35mgoogle_benzinga[0m [36mraw[0m=[35m100[0m
[2m2026-04-04T16:00:56.778075Z[0m [[32m[1minfo     [0m] [1mfetch                         [0m [36mstatus[0m=[35m200[0m [36murl[0m=[35m'https://news.google.com/rss/search?q=advanced+micro+devices+site:benzinga.com&hl=en-US&gl='[0m
[2m2026-04-04T16:00:56.928297Z[0m [[32m[1minfo     [0m] [1mparsed                        [0m [36mchannel[0m=[35mgoogle_benzinga[0m [36mraw[0m=[35m100[0m
[2m2026-04-04T16:00:56.928468Z[0m [[32m[1minfo     [0m] [1mcrawling                      [0m [36mchannel[0m=[35m'Google News (all)'[0m [36mtag[0m=[35mgoogle_broad[0m
[2m2026-04-04T16:00:59.602674Z[0m [[32m[1minfo     [0m] [1mfetch                         [0m [36mstatus[0m=[35m200[0m [36murl[0m=[35m'https://news.google.com/rss/search?q=AMD+advanced+micro+devices+stock+news&hl=en-US&gl=US&'[0m
[2m2026-04-04T16:00:59.746245Z[0m [[32m[1minfo     [0m] [1mparsed                        [0m [36mchannel[0m=[35mgoogle_broad[0m [36mraw[0m=[35m100[0m
[2m2026-04-04T16:01:02.362884Z[0m [[32m[1minfo     [0m] [1mfetch                         [0m [36mstatus[0m=[35m200[0m [36murl[0m=[35m'https://news.google.com/rss/search?q=AMD+advanced+micro+devices+earnings+analysis&hl=en-US'[0m
[2m2026-04-04T16:01:02.667084Z[0m [[32m[1minfo     [0m] [1mparsed                        [0m [36mchannel[0m=[35mgoogle_broad[0m [36mraw[0m=[35m100[0m
[2m2026-04-04T16:01:02.679340Z[0m [[32m[1minfo     [0m] [1mquality_filter                [0m [36minput[0m=[35m410[0m [36mpassed[0m=[35m10[0m
[2m2026-04-04T16:01:02.682100Z[0m [[32m[1minfo     [0m] [1mdedup                         [0m [36mafter[0m=[35m10[0m [36mbefore[0m=[35m10[0m
[2m2026-04-04T16:01:02.682423Z[0m [[32m[1minfo     [0m] [1mfulltext_selection            [0m [36mcandidates[0m=[35m8[0m [36mfiltered[0m=[35m10[0m [36mmode[0m=[35mhigh-value[0m [36mticker[0m=[35mAMD[0m
[2m2026-04-04T16:01:04.173936Z[0m [[32m[1minfo     [0m] [1mfetch                         [0m [36mstatus[0m=[35m200[0m [36murl[0m=[35mhttps://www.fool.com/investing/2026/04/03/amd-vs-nvidia-the-ai-supercycle-is-big-enough-fo[0m
[2m2026-04-04T16:01:04.318395Z[0m [[32m[1minfo     [0m] [1mfetch                         [0m [36mstatus[0m=[35m200[0m [36murl[0m=[35mhttps://www.marketbeat.com/instant-alerts/advanced-micro-devices-nasdaqamd-shares-up-35-fo[0m
[2m2026-04-04T16:01:04.927949Z[0m [[32m[1minfo     [0m] [1mfetch                         [0m [36mstatus[0m=[35m200[0m [36murl[0m=[35mhttps://www.marketbeat.com/instant-alerts/filing-whalen-wealth-management-inc-buys-shares-[0m
[2m2026-04-04T16:01:05.055795Z[0m [[31m[1merror    [0m] [1mfetch_error                   [0m [36merror[0m=[35m'400, message=\'Got more than 8190 bytes when reading: b"connect-src \\\'self\\\' wss:'[0m [36murl[0m=[35mhttps://finance.yahoo.com/sectors/technology/articles/advanced-micro-d[0m
[2m2026-04-04T16:01:05.125723Z[0m [[31m[1merror    [0m] [1mfetch_error                   [0m [36merror[0m=[35m'400, message=\'Got more than 8190 bytes when reading: b"connect-src \\\'self\\\' wss:'[0m [36murl[0m=[35mhttps://finance.yahoo.com/markets/stocks/articles/advanced-micro-devic[0m
[2m2026-04-04T16:01:05.409275Z[0m [[32m[1minfo     [0m] [1mfetch                         [0m [36mstatus[0m=[35m200[0m [36murl[0m=[35mhttps://www.marketbeat.com/instant-alerts/filing-ssh-financial-advisors-inc-buys-4000-shar[0m
[2m2026-04-04T16:01:05.635326Z[0m [[32m[1minfo     [0m] [1mfetch                         [0m [36mstatus[0m=[35m200[0m [36murl[0m=[35mhttps://www.marketbeat.com/instant-alerts/filing-advanced-micro-devices-inc-amd-shares-pur[0m
[2m2026-04-04T16:01:05.640798Z[0m [[32m[1minfo     [0m] [1mfetch                         [0m [36mstatus[0m=[35m200[0m [36murl[0m=[35mhttps://www.ad-hoc-news.de/boerse/ueberblick/advanced-micro-devices-inc-stock-3-5-percent-[0m
[2m2026-04-04T16:01:05.893796Z[0m [[32m[1minfo     [0m] [1mcrawling                      [0m [36mchannel[0m=[35mGoogle->Benzinga[0m [36mtag[0m=[35mgoogle_benzinga[0m
[2m2026-04-04T16:01:08.437689Z[0m [[32m[1minfo     [0m] [1mfetch                         [0m [36mstatus[0m=[35m200[0m [36murl[0m=[35m'https://news.google.com/rss/search?q=AMAT+applied+materials+site:benzinga.com&hl=en-US&gl='[0m
[2m2026-04-04T16:01:08.578094Z[0m [[32m[1minfo     [0m] [1mparsed                        [0m [36mchannel[0m=[35mgoogle_benzinga[0m [36mraw[0m=[35m93[0m
[2m2026-04-04T16:01:11.067993Z[0m [[32m[1minfo     [0m] [1mfetch                         [0m [36mstatus[0m=[35m200[0m [36murl[0m=[35m'https://news.google.com/rss/search?q=applied+materials+site:benzinga.com&hl=en-US&gl=US&ce'[0m
[2m2026-04-04T16:01:11.206122Z[0m [[32m[1minfo     [0m] [1mparsed                        [0m [36mchannel[0m=[35mgoogle_benzinga[0m [36mraw[0m=[35m100[0m
[2m2026-04-04T16:01:11.206307Z[0m [[32m[1minfo     [0m] [1mcrawling                      [0m [36mchannel[0m=[35m'Google News (all)'[0m [36mtag[0m=[35mgoogle_broad[0m
[2m2026-04-04T16:01:13.873861Z[0m [[32m[1minfo     [0m] [1mfetch                         [0m [36mstatus[0m=[35m200[0m [36murl[0m=[35m'https://news.google.com/rss/search?q=AMAT+applied+materials+stock+news&hl=en-US&gl=US&ceid'[0m
[2m2026-04-04T16:01:14.018170Z[0m [[32m[1minfo     [0m] [1mparsed                        [0m [36mchannel[0m=[35mgoogle_broad[0m [36mraw[0m=[35m100[0m
[2m2026-04-04T16:01:16.832480Z[0m [[32m[1minfo     [0m] [1mfetch                         [0m [36mstatus[0m=[35m200[0m [36murl[0m=[35m'https://news.google.com/rss/search?q=AMAT+applied+materials+earnings+analysis&hl=en-US&gl='[0m
[2m2026-04-04T16:01:16.982192Z[0m [[32m[1minfo     [0m] [1mparsed                        [0m [36mchannel[0m=[35mgoogle_broad[0m [36mraw[0m=[35m99[0m
[2m2026-04-04T16:01:16.984355Z[0m [[32m[1minfo     [0m] [1mquality_filter                [0m [36minput[0m=[35m392[0m [36mpassed[0m=[35m3[0m
[2m2026-04-04T16:01:16.984852Z[0m [[32m[1minfo     [0m] [1mdedup                         [0m [36mafter[0m=[35m3[0m [36mbefore[0m=[35m3[0m
[2m2026-04-04T16:01:16.984982Z[0m [[32m[1minfo     [0m] [1mfulltext_selection            [0m [36mcandidates[0m=[35m2[0m [36mfiltered[0m=[35m3[0m [36mmode[0m=[35mhigh-value[0m [36mticker[0m=[35mAMAT[0m
[2m2026-04-04T16:01:18.548154Z[0m [[32m[1minfo     [0m] [1mfetch                         [0m [36mstatus[0m=[35m200[0m [36murl[0m=[35mhttps://www.marketbeat.com/instant-alerts/filing-6788-shares-in-applied-materials-inc-amat[0m
[2m2026-04-04T16:01:19.909857Z[0m [[31m[1merror    [0m] [1mfetch_error                   [0m [36merror[0m=[35m'400, message=\'Got more than 8190 bytes when reading: b"connect-src \\\'self\\\' wss:'[0m [36murl[0m=[35mhttps://finance.yahoo.com/markets/stocks/articles/applied-materials-am[0m
[2m2026-04-04T16:01:20.113044Z[0m [[32m[1minfo     [0m] [1mcrawling                      [0m [36mchannel[0m=[35mGoogle->Benzinga[0m [36mtag[0m=[35mgoogle_benzinga[0m
[2m2026-04-04T16:01:22.670349Z[0m [[32m[1minfo     [0m] [1mfetch                         [0m [36mstatus[0m=[35m200[0m [36murl[0m=[35m'https://news.google.com/rss/search?q=LRCX+lam+research+site:benzinga.com&hl=en-US&gl=US&ce'[0m
[2m2026-04-04T16:01:22.782885Z[0m [[32m[1minfo     [0m] [1mparsed                        [0m [36mchannel[0m=[35mgoogle_benzinga[0m [36mraw[0m=[35m64[0m
[2m2026-04-04T16:01:25.246263Z[0m [[32m[1minfo     [0m] [1mfetch                         [0m [36mstatus[0m=[35m200[0m [36murl[0m=[35m'https://news.google.com/rss/search?q=lam+research+site:benzinga.com&hl=en-US&gl=US&ceid=US'[0m
[2m2026-04-04T16:01:25.396067Z[0m [[32m[1minfo     [0m] [1mparsed                        [0m [36mchannel[0m=[35mgoogle_benzinga[0m [36mraw[0m=[35m100[0m
[2m2026-04-04T16:01:25.396252Z[0m [[32m[1minfo     [0m] [1mcrawling                      [0m [36mchannel[0m=[35m'Google News (all)'[0m [36mtag[0m=[35mgoogle_broad[0m
[2m2026-04-04T16:01:28.030767Z[0m [[32m[1minfo     [0m] [1mfetch                         [0m [36mstatus[0m=[35m200[0m [36murl[0m=[35m'https://news.google.com/rss/search?q=LRCX+lam+research+stock+news&hl=en-US&gl=US&ceid=US:e'[0m
[2m2026-04-04T16:01:28.182222Z[0m [[32m[1minfo     [0m] [1mparsed                        [0m [36mchannel[0m=[35mgoogle_broad[0m [36mraw[0m=[35m100[0m
[2m2026-04-04T16:01:30.706194Z[0m [[32m[1minfo     [0m] [1mfetch                         [0m [36mstatus[0m=[35m200[0m [36murl[0m=[35m'https://news.google.com/rss/search?q=LRCX+lam+research+earnings+analysis&hl=en-US&gl=US&ce'[0m
[2m2026-04-04T16:01:30.766480Z[0m [[32m[1minfo     [0m] [1mparsed                        [0m [36mchannel[0m=[35mgoogle_broad[0m [36mraw[0m=[35m64[0m
[2m2026-04-04T16:01:30.768571Z[0m [[32m[1minfo     [0m] [1mquality_filter                [0m [36minput[0m=[35m328[0m [36mpassed[0m=[35m4[0m
[2m2026-04-04T16:01:30.769225Z[0m [[32m[1minfo     [0m] [1mdedup                         [0m [36mafter[0m=[35m4[0m [36mbefore[0m=[35m4[0m
[2m2026-04-04T16:01:30.769367Z[0m [[32m[1minfo     [0m] [1mfulltext_selection            [0m [36mcandidates[0m=[35m4[0m [36mfiltered[0m=[35m4[0m [36mmode[0m=[35mhigh-value[0m [36mticker[0m=[35mLRCX[0m
[2m2026-04-04T16:01:32.772852Z[0m [[32m[1minfo     [0m] [1mfetch                         [0m [36mstatus[0m=[35m200[0m [36murl[0m=[35mhttps://www.marketbeat.com/instant-alerts/lam-research-nasdaqlrcx-stock-price-down-16-on-a[0m
[2m2026-04-04T16:01:32.848066Z[0m [[32m[1minfo     [0m] [1mfetch                         [0m [36mstatus[0m=[35m200[0m [36murl[0m=[35mhttps://www.marketbeat.com/instant-alerts/filing-whalen-wealth-management-inc-makes-new-14[0m
[2m2026-04-04T16:01:33.341462Z[0m [[32m[1minfo     [0m] [1mfetch                         [0m [36mstatus[0m=[35m200[0m [36murl[0m=[35mhttps://www.marketbeat.com/instant-alerts/filing-genesis-financial-group-llc-makes-new-486[0m
[2m2026-04-04T16:01:34.789326Z[0m [[32m[1minfo     [0m] [1mfetch                         [0m [36mstatus[0m=[35m200[0m [36murl[0m=[35mhttps://nationaltoday.com/us/ca/fremont/news/2026/04/02/lam-research-stock-price-down-afte[0m
[2m2026-04-04T16:01:35.179494Z[0m [[32m[1minfo     [0m] [1mcrawling                      [0m [36mchannel[0m=[35mGoogle->Benzinga[0m [36mtag[0m=[35mgoogle_benzinga[0m
[2m2026-04-04T16:01:37.628148Z[0m [[32m[1minfo     [0m] [1mfetch                         [0m [36mstatus[0m=[35m200[0m [36murl[0m=[35m'https://news.google.com/rss/search?q=KLAC+site:benzinga.com&hl=en-US&gl=US&ceid=US:en'[0m
[2m2026-04-04T16:01:37.645693Z[0m [[32m[1minfo     [0m] [1mparsed                        [0m [36mchannel[0m=[35mgoogle_benzinga[0m [36mraw[0m=[35m27[0m
[2m2026-04-04T16:01:39.650738Z[0m [[32m[1minfo     [0m] [1mfetch                         [0m [36mstatus[0m=[35m200[0m [36murl[0m=[35m'https://news.google.com/rss/search?q=KLAC+site:benzinga.com&hl=en-US&gl=US&ceid=US:en'[0m
[2m2026-04-04T16:01:39.668453Z[0m [[32m[1minfo     [0m] [1mparsed                        [0m [36mchannel[0m=[35mgoogle_benzinga[0m [36mraw[0m=[35m27[0m
[2m2026-04-04T16:01:39.668641Z[0m [[32m[1minfo     [0m] [1mcrawling                      [0m [36mchannel[0m=[35m'Google News (all)'[0m [36mtag[0m=[35mgoogle_broad[0m
[2m2026-04-04T16:01:42.188585Z[0m [[32m[1minfo     [0m] [1mfetch                         [0m [36mstatus[0m=[35m200[0m [36murl[0m=[35m'https://news.google.com/rss/search?q=KLAC+stock+news&hl=en-US&gl=US&ceid=US:en'[0m
[2m2026-04-04T16:01:42.330940Z[0m [[32m[1minfo     [0m] [1mparsed                        [0m [36mchannel[0m=[35mgoogle_broad[0m [36mraw[0m=[35m100[0m
[2m2026-04-04T16:01:44.857424Z[0m [[32m[1minfo     [0m] [1mfetch                         [0m [36mstatus[0m=[35m200[0m [36murl[0m=[35m'https://news.google.com/rss/search?q=KLAC+earnings+analysis&hl=en-US&gl=US&ceid=US:en'[0m
[2m2026-04-04T16:01:44.905475Z[0m [[32m[1minfo     [0m] [1mparsed                        [0m [36mchannel[0m=[35mgoogle_broad[0m [36mraw[0m=[35m53[0m
[2m2026-04-04T16:01:44.906296Z[0m [[32m[1minfo     [0m] [1mquality_filter                [0m [36minput[0m=[35m207[0m [36mpassed[0m=[35m0[0m
[2m2026-04-04T16:01:44.906452Z[0m [[32m[1minfo     [0m] [1mdedup                         [0m [36mafter[0m=[35m0[0m [36mbefore[0m=[35m0[0m
[2m2026-04-04T16:01:44.906528Z[0m [[32m[1minfo     [0m] [1mfulltext_selection            [0m [36mcandidates[0m=[35m0[0m [36mfiltered[0m=[35m0[0m [36mmode[0m=[35mhigh-value[0m [36mticker[0m=[35mKLAC[0m
[2m2026-04-04T16:01:44.907324Z[0m [[32m[1minfo     [0m] [1mcrawling                      [0m [36mchannel[0m=[35mGoogle->Benzinga[0m [36mtag[0m=[35mgoogle_benzinga[0m
[2m2026-04-04T16:01:47.602823Z[0m [[32m[1minfo     [0m] [1mfetch                         [0m [36mstatus[0m=[35m200[0m [36murl[0m=[35m'https://news.google.com/rss/search?q=TXN+texas+instruments+site:benzinga.com&hl=en-US&gl=U'[0m
[2m2026-04-04T16:01:47.744534Z[0m [[32m[1minfo     [0m] [1mparsed                        [0m [36mchannel[0m=[35mgoogle_benzinga[0m [36mraw[0m=[35m100[0m
[2m2026-04-04T16:01:50.258298Z[0m [[32m[1minfo     [0m] [1mfetch                         [0m [36mstatus[0m=[35m200[0m [36murl[0m=[35m'https://news.google.com/rss/search?q=texas+instruments+site:benzinga.com&hl=en-US&gl=US&ce'[0m
[2m2026-04-04T16:01:50.400013Z[0m [[32m[1minfo     [0m] [1mparsed                        [0m [36mchannel[0m=[35mgoogle_benzinga[0m [36mraw[0m=[35m100[0m
[2m2026-04-04T16:01:50.400176Z[0m [[32m[1minfo     [0m] [1mcrawling                      [0m [36mchannel[0m=[35m'Google News (all)'[0m [36mtag[0m=[35mgoogle_broad[0m
[2m2026-04-04T16:01:52.932991Z[0m [[32m[1minfo     [0m] [1mfetch                         [0m [36mstatus[0m=[35m200[0m [36murl[0m=[35m'https://news.google.com/rss/search?q=TXN+texas+instruments+stock+news&hl=en-US&gl=US&ceid='[0m
[2m2026-04-04T16:01:53.077560Z[0m [[32m[1minfo     [0m] [1mparsed                        [0m [36mchannel[0m=[35mgoogle_broad[0m [36mraw[0m=[35m100[0m
[2m2026-04-04T16:01:55.674511Z[0m [[32m[1minfo     [0m] [1mfetch                         [0m [36mstatus[0m=[35m200[0m [36murl[0m=[35m'https://news.google.com/rss/search?q=TXN+texas+instruments+earnings+analysis&hl=en-US&gl=U'[0m
[2m2026-04-04T16:01:55.825564Z[0m [[32m[1minfo     [0m] [1mparsed                        [0m [36mchannel[0m=[35mgoogle_broad[0m [36mraw[0m=[35m100[0m
[2m2026-04-04T16:01:55.827809Z[0m [[32m[1minfo     [0m] [1mquality_filter                [0m [36minput[0m=[35m400[0m [36mpassed[0m=[35m3[0m
[2m2026-04-04T16:01:55.828338Z[0m [[32m[1minfo     [0m] [1mdedup                         [0m [36mafter[0m=[35m3[0m [36mbefore[0m=[35m3[0m
[2m2026-04-04T16:01:55.828498Z[0m [[32m[1minfo     [0m] [1mfulltext_selection            [0m [36mcandidates[0m=[35m2[0m [36mfiltered[0m=[35m3[0m [36mmode[0m=[35mhigh-value[0m [36mticker[0m=[35mTXN[0m
[2m2026-04-04T16:01:57.449597Z[0m [[32m[1minfo     [0m] [1mfetch                         [0m [36mstatus[0m=[35m200[0m [36murl[0m=[35mhttps://www.marketbeat.com/instant-alerts/filing-eldred-rock-partners-llc-decreases-stake-[0m
[2m2026-04-04T16:01:58.324530Z[0m [[32m[1minfo     [0m] [1mfetch                         [0m [36mstatus[0m=[35m200[0m [36murl[0m=[35mhttps://www.msn.com/en-us/money/topstocks/earnings-preview-what-to-expect-from-texas-instr[0m
[2m2026-04-04T16:01:58.544202Z[0m [[32m[1minfo     [0m] [1mcrawling                      [0m [36mchannel[0m=[35mGoogle->Benzinga[0m [36mtag[0m=[35mgoogle_benzinga[0m
[2m2026-04-04T16:02:01.097351Z[0m [[32m[1minfo     [0m] [1mfetch                         [0m [36mstatus[0m=[35m200[0m [36murl[0m=[35m'https://news.google.com/rss/search?q=ADI+analog+devices+site:benzinga.com&hl=en-US&gl=US&c'[0m
[2m2026-04-04T16:02:01.265040Z[0m [[32m[1minfo     [0m] [1mparsed                        [0m [36mchannel[0m=[35mgoogle_benzinga[0m [36mraw[0m=[35m100[0m
[2m2026-04-04T16:02:03.859438Z[0m [[32m[1minfo     [0m] [1mfetch                         [0m [36mstatus[0m=[35m200[0m [36murl[0m=[35m'https://news.google.com/rss/search?q=analog+devices+site:benzinga.com&hl=en-US&gl=US&ceid='[0m
[2m2026-04-04T16:02:04.001379Z[0m [[32m[1minfo     [0m] [1mparsed                        [0m [36mchannel[0m=[35mgoogle_benzinga[0m [36mraw[0m=[35m100[0m
[2m2026-04-04T16:02:04.001553Z[0m [[32m[1minfo     [0m] [1mcrawling                      [0m [36mchannel[0m=[35m'Google News (all)'[0m [36mtag[0m=[35mgoogle_broad[0m
[2m2026-04-04T16:02:06.705478Z[0m [[32m[1minfo     [0m] [1mfetch                         [0m [36mstatus[0m=[35m200[0m [36murl[0m=[35m'https://news.google.com/rss/search?q=ADI+analog+devices+stock+news&hl=en-US&gl=US&ceid=US:'[0m
[2m2026-04-04T16:02:06.854313Z[0m [[32m[1minfo     [0m] [1mparsed                        [0m [36mchannel[0m=[35mgoogle_broad[0m [36mraw[0m=[35m100[0m
[2m2026-04-04T16:02:09.373152Z[0m [[32m[1minfo     [0m] [1mfetch                         [0m [36mstatus[0m=[35m200[0m [36murl[0m=[35m'https://news.google.com/rss/search?q=ADI+analog+devices+earnings+analysis&hl=en-US&gl=US&c'[0m
[2m2026-04-04T16:02:09.486315Z[0m [[32m[1minfo     [0m] [1mparsed                        [0m [36mchannel[0m=[35mgoogle_broad[0m [36mraw[0m=[35m65[0m
[2m2026-04-04T16:02:09.488939Z[0m [[32m[1minfo     [0m] [1mquality_filter                [0m [36minput[0m=[35m365[0m [36mpassed[0m=[35m8[0m
[2m2026-04-04T16:02:09.490106Z[0m [[32m[1minfo     [0m] [1mdedup                         [0m [36mafter[0m=[35m8[0m [36mbefore[0m=[35m8[0m
[2m2026-04-04T16:02:09.490308Z[0m [[32m[1minfo     [0m] [1mfulltext_selection            [0m [36mcandidates[0m=[35m7[0m [36mfiltered[0m=[35m8[0m [36mmode[0m=[35mhigh-value[0m [36mticker[0m=[35mADI[0m
[2m2026-04-04T16:02:11.153597Z[0m [[32m[1minfo     [0m] [1mfetch                         [0m [36mstatus[0m=[35m200[0m [36murl[0m=[35mhttps://www.marketbeat.com/instant-alerts/filing-tritonpoint-wealth-llc-cuts-stock-positio[0m
[2m2026-04-04T16:02:11.238026Z[0m [[32m[1minfo     [0m] [1mfetch                         [0m [36mstatus[0m=[35m403[0m [36murl[0m=[35mhttps://www.investing.com/news/insider-trading-news/roche-vincent-analog-devices-chair--ce[0m
[2m2026-04-04T16:02:11.589167Z[0m [[32m[1minfo     [0m] [1mfetch                         [0m [36mstatus[0m=[35m200[0m [36murl[0m=[35mhttps://www.marketbeat.com/instant-alerts/analog-devices-inc-nasdaqadi-receives-average-re[0m
[2m2026-04-04T16:02:11.854283Z[0m [[32m[1minfo     [0m] [1mfetch                         [0m [36mstatus[0m=[35m200[0m [36murl[0m=[35mhttps://www.marketbeat.com/instant-alerts/filing-analog-devices-inc-adi-shares-purchased-b[0m
[2m2026-04-04T16:02:12.201679Z[0m [[32m[1minfo     [0m] [1mfetch                         [0m [36mstatus[0m=[35m200[0m [36murl[0m=[35mhttps://www.marketbeat.com/instant-alerts/analog-devices-nasdaqadi-ceo-sells-318140000-in-[0m
[2m2026-04-04T16:02:13.146167Z[0m [[32m[1minfo     [0m] [1mfetch                         [0m [36mstatus[0m=[35m200[0m [36murl[0m=[35mhttps://www.stocktitan.net/sec-filings/ADI/form-4-analog-devices-inc-insider-trading-activ[0m
[2m2026-04-04T16:02:13.148870Z[0m [[32m[1minfo     [0m] [1mfetch                         [0m [36mstatus[0m=[35m200[0m [36murl[0m=[35mhttps://www.marketbeat.com/instant-alerts/filing-aberdeen-group-plc-has-22202-million-posi[0m
[2m2026-04-04T16:02:13.414595Z[0m [[32m[1minfo     [0m] [1mcrawling                      [0m [36mchannel[0m=[35mGoogle->Benzinga[0m [36mtag[0m=[35mgoogle_benzinga[0m
[2m2026-04-04T16:02:15.888185Z[0m [[32m[1minfo     [0m] [1mfetch                         [0m [36mstatus[0m=[35m200[0m [36murl[0m=[35m'https://news.google.com/rss/search?q=ANET+site:benzinga.com&hl=en-US&gl=US&ceid=US:en'[0m
[2m2026-04-04T16:02:15.936431Z[0m [[32m[1minfo     [0m] [1mparsed                        [0m [36mchannel[0m=[35mgoogle_benzinga[0m [36mraw[0m=[35m57[0m
[2m2026-04-04T16:02:17.941745Z[0m [[32m[1minfo     [0m] [1mfetch                         [0m [36mstatus[0m=[35m200[0m [36murl[0m=[35m'https://news.google.com/rss/search?q=ANET+site:benzinga.com&hl=en-US&gl=US&ceid=US:en'[0m
[2m2026-04-04T16:02:17.977056Z[0m [[32m[1minfo     [0m] [1mparsed                        [0m [36mchannel[0m=[35mgoogle_benzinga[0m [36mraw[0m=[35m57[0m
[2m2026-04-04T16:02:17.977235Z[0m [[32m[1minfo     [0m] [1mcrawling                      [0m [36mchannel[0m=[35m'Google News (all)'[0m [36mtag[0m=[35mgoogle_broad[0m
[2m2026-04-04T16:02:20.680770Z[0m [[32m[1minfo     [0m] [1mfetch                         [0m [36mstatus[0m=[35m200[0m [36murl[0m=[35m'https://news.google.com/rss/search?q=ANET+stock+news&hl=en-US&gl=US&ceid=US:en'[0m
[2m2026-04-04T16:02:20.823834Z[0m [[32m[1minfo     [0m] [1mparsed                        [0m [36mchannel[0m=[35mgoogle_broad[0m [36mraw[0m=[35m100[0m
[2m2026-04-04T16:02:23.264744Z[0m [[32m[1minfo     [0m] [1mfetch                         [0m [36mstatus[0m=[35m200[0m [36murl[0m=[35m'https://news.google.com/rss/search?q=ANET+earnings+analysis&hl=en-US&gl=US&ceid=US:en'[0m
[2m2026-04-04T16:02:23.323694Z[0m [[32m[1minfo     [0m] [1mparsed                        [0m [36mchannel[0m=[35mgoogle_broad[0m [36mraw[0m=[35m63[0m
[2m2026-04-04T16:02:23.325737Z[0m [[32m[1minfo     [0m] [1mquality_filter                [0m [36minput[0m=[35m277[0m [36mpassed[0m=[35m5[0m
[2m2026-04-04T16:02:23.326452Z[0m [[32m[1minfo     [0m] [1mdedup                         [0m [36mafter[0m=[35m5[0m [36mbefore[0m=[35m5[0m
[2m2026-04-04T16:02:23.326608Z[0m [[32m[1minfo     [0m] [1mfulltext_selection            [0m [36mcandidates[0m=[35m4[0m [36mfiltered[0m=[35m5[0m [36mmode[0m=[35mhigh-value[0m [36mticker[0m=[35mANET[0m
[2m2026-04-04T16:02:25.481675Z[0m [[32m[1minfo     [0m] [1mfetch                         [0m [36mstatus[0m=[35m200[0m [36murl[0m=[35mhttps://www.marketbeat.com/instant-alerts/arista-networks-nyseanet-stock-rating-upgraded-b[0m
[2m2026-04-04T16:02:25.489003Z[0m [[32m[1minfo     [0m] [1mfetch                         [0m [36mstatus[0m=[35m200[0m [36murl[0m=[35mhttps://www.marketbeat.com/instant-alerts/filing-arista-networks-inc-anet-stock-holdings-l[0m
[2m2026-04-04T16:02:25.513700Z[0m [[32m[1minfo     [0m] [1mfetch                         [0m [36mstatus[0m=[35m200[0m [36murl[0m=[35mhttps://www.marketbeat.com/instant-alerts/arista-networks-nyseanet-director-sells-10076000[0m
[2m2026-04-04T16:02:26.500775Z[0m [[31m[1merror    [0m] [1mfetch_error                   [0m [36merror[0m=[35m'400, message=\'Got more than 8190 bytes when reading: b"connect-src \\\'self\\\' wss:'[0m [36murl[0m=[35mhttps://finance.yahoo.com/markets/stocks/articles/arista-networks-inc-[0m
[2m2026-04-04T16:02:26.704586Z[0m [[32m[1minfo     [0m] [1mcrawling                      [0m [36mchannel[0m=[35mGoogle->Benzinga[0m [36mtag[0m=[35mgoogle_benzinga[0m
[2m2026-04-04T16:02:29.272179Z[0m [[32m[1minfo     [0m] [1mfetch                         [0m [36mstatus[0m=[35m200[0m [36murl[0m=[35m'https://news.google.com/rss/search?q=QCOM+qualcomm+site:benzinga.com&hl=en-US&gl=US&ceid=U'[0m
[2m2026-04-04T16:02:29.415022Z[0m [[32m[1minfo     [0m] [1mparsed                        [0m [36mchannel[0m=[35mgoogle_benzinga[0m [36mraw[0m=[35m100[0m
[2m2026-04-04T16:02:31.950320Z[0m [[32m[1minfo     [0m] [1mfetch                         [0m [36mstatus[0m=[35m200[0m [36murl[0m=[35m'https://news.google.com/rss/search?q=qualcomm+site:benzinga.com&hl=en-US&gl=US&ceid=US:en'[0m
[2m2026-04-04T16:02:32.085103Z[0m [[32m[1minfo     [0m] [1mparsed                        [0m [36mchannel[0m=[35mgoogle_benzinga[0m [36mraw[0m=[35m100[0m
[2m2026-04-04T16:02:32.085282Z[0m [[32m[1minfo     [0m] [1mcrawling                      [0m [36mchannel[0m=[35m'Google News (all)'[0m [36mtag[0m=[35mgoogle_broad[0m
[2m2026-04-04T16:02:34.778455Z[0m [[32m[1minfo     [0m] [1mfetch                         [0m [36mstatus[0m=[35m200[0m [36murl[0m=[35m'https://news.google.com/rss/search?q=QCOM+qualcomm+stock+news&hl=en-US&gl=US&ceid=US:en'[0m
[2m2026-04-04T16:02:34.924552Z[0m [[32m[1minfo     [0m] [1mparsed                        [0m [36mchannel[0m=[35mgoogle_broad[0m [36mraw[0m=[35m100[0m
[2m2026-04-04T16:02:37.455418Z[0m [[32m[1minfo     [0m] [1mfetch                         [0m [36mstatus[0m=[35m200[0m [36murl[0m=[35m'https://news.google.com/rss/search?q=QCOM+qualcomm+earnings+analysis&hl=en-US&gl=US&ceid=U'[0m
[2m2026-04-04T16:02:37.572988Z[0m [[32m[1minfo     [0m] [1mparsed                        [0m [36mchannel[0m=[35mgoogle_broad[0m [36mraw[0m=[35m72[0m
[2m2026-04-04T16:02:37.575000Z[0m [[32m[1minfo     [0m] [1mquality_filter                [0m [36minput[0m=[35m372[0m [36mpassed[0m=[35m4[0m
[2m2026-04-04T16:02:37.575636Z[0m [[32m[1minfo     [0m] [1mdedup                         [0m [36mafter[0m=[35m4[0m [36mbefore[0m=[35m4[0m
[2m2026-04-04T16:02:37.575804Z[0m [[32m[1minfo     [0m] [1mfulltext_selection            [0m [36mcandidates[0m=[35m2[0m [36mfiltered[0m=[35m4[0m [36mmode[0m=[35mhigh-value[0m [36mticker[0m=[35mQCOM[0m
[2m2026-04-04T16:02:39.307136Z[0m [[32m[1minfo     [0m] [1mfetch                         [0m [36mstatus[0m=[35m200[0m [36murl[0m=[35mhttps://www.marketbeat.com/instant-alerts/filing-westwood-wealth-management-buys-shares-of[0m
[2m2026-04-04T16:02:39.732580Z[0m [[32m[1minfo     [0m] [1mfetch                         [0m [36mstatus[0m=[35m200[0m [36murl[0m=[35mhttps://www.marketbeat.com/instant-alerts/filing-qualcomm-incorporated-qcom-shares-purchas[0m
[2m2026-04-04T16:02:40.078676Z[0m [[32m[1minfo     [0m] [1mcrawling                      [0m [36mchannel[0m=[35mGoogle->Benzinga[0m [36mtag[0m=[35mgoogle_benzinga[0m
[2m2026-04-04T16:02:42.610074Z[0m [[32m[1minfo     [0m] [1mfetch                         [0m [36mstatus[0m=[35m200[0m [36murl[0m=[35m'https://news.google.com/rss/search?q=WDC+site:benzinga.com&hl=en-US&gl=US&ceid=US:en'[0m
[2m2026-04-04T16:02:42.753832Z[0m [[32m[1minfo     [0m] [1mparsed                        [0m [36mchannel[0m=[35mgoogle_benzinga[0m [36mraw[0m=[35m100[0m
[2m2026-04-04T16:02:44.759494Z[0m [[32m[1minfo     [0m] [1mfetch                         [0m [36mstatus[0m=[35m200[0m [36murl[0m=[35m'https://news.google.com/rss/search?q=WDC+site:benzinga.com&hl=en-US&gl=US&ceid=US:en'[0m
[2m2026-04-04T16:02:44.819597Z[0m [[32m[1minfo     [0m] [1mparsed                        [0m [36mchannel[0m=[35mgoogle_benzinga[0m [36mraw[0m=[35m100[0m
[2m2026-04-04T16:02:44.819760Z[0m [[32m[1minfo     [0m] [1mcrawling                      [0m [36mchannel[0m=[35m'Google News (all)'[0m [36mtag[0m=[35mgoogle_broad[0m
[2m2026-04-04T16:02:47.621979Z[0m [[32m[1minfo     [0m] [1mfetch                         [0m [36mstatus[0m=[35m200[0m [36murl[0m=[35m'https://news.google.com/rss/search?q=WDC+stock+news&hl=en-US&gl=US&ceid=US:en'[0m
[2m2026-04-04T16:02:47.765376Z[0m [[32m[1minfo     [0m] [1mparsed                        [0m [36mchannel[0m=[35mgoogle_broad[0m [36mraw[0m=[35m100[0m
[2m2026-04-04T16:02:50.445661Z[0m [[32m[1minfo     [0m] [1mfetch                         [0m [36mstatus[0m=[35m200[0m [36murl[0m=[35m'https://news.google.com/rss/search?q=WDC+earnings+analysis&hl=en-US&gl=US&ceid=US:en'[0m
[2m2026-04-04T16:02:50.505976Z[0m [[32m[1minfo     [0m] [1mparsed                        [0m [36mchannel[0m=[35mgoogle_broad[0m [36mraw[0m=[35m64[0m
[2m2026-04-04T16:02:50.507594Z[0m [[32m[1minfo     [0m] [1mquality_filter                [0m [36minput[0m=[35m364[0m [36mpassed[0m=[35m2[0m
[2m2026-04-04T16:02:50.508010Z[0m [[32m[1minfo     [0m] [1mdedup                         [0m [36mafter[0m=[35m2[0m [36mbefore[0m=[35m2[0m
[2m2026-04-04T16:02:50.508119Z[0m [[32m[1minfo     [0m] [1mfulltext_selection            [0m [36mcandidates[0m=[35m2[0m [36mfiltered[0m=[35m2[0m [36mmode[0m=[35mhigh-value[0m [36mticker[0m=[35mWDC[0m
[2m2026-04-04T16:02:52.563502Z[0m [[32m[1minfo     [0m] [1mfetch                         [0m [36mstatus[0m=[35m200[0m [36murl[0m=[35mhttps://www.marketbeat.com/instant-alerts/western-digital-nasdaqwdc-raised-to-buy-at-wall-[0m
[2m2026-04-04T16:02:53.865880Z[0m [[31m[1merror    [0m] [1mfetch_error                   [0m [36merror[0m=[35m'400, message=\'Got more than 8190 bytes when reading: b"connect-src \\\'self\\\' wss:'[0m [36murl[0m=[35mhttps://ca.finance.yahoo.com/news/western-digital-wdc-valuation-check-[0m
[2m2026-04-04T16:02:54.068697Z[0m [[32m[1minfo     [0m] [1mcrawling                      [0m [36mchannel[0m=[35mGoogle->Benzinga[0m [36mtag[0m=[35mgoogle_benzinga[0m
[2m2026-04-04T16:02:56.614755Z[0m [[32m[1minfo     [0m] [1mfetch                         [0m [36mstatus[0m=[35m200[0m [36murl[0m=[35m'https://news.google.com/rss/search?q=SNDK+site:benzinga.com&hl=en-US&gl=US&ceid=US:en'[0m
[2m2026-04-04T16:02:56.758288Z[0m [[32m[1minfo     [0m] [1mparsed                        [0m [36mchannel[0m=[35mgoogle_benzinga[0m [36mraw[0m=[35m100[0m
[2m2026-04-04T16:02:58.763632Z[0m [[32m[1minfo     [0m] [1mfetch                         [0m [36mstatus[0m=[35m200[0m [36murl[0m=[35m'https://news.google.com/rss/search?q=SNDK+site:benzinga.com&hl=en-US&gl=US&ceid=US:en'[0m
[2m2026-04-04T16:02:58.823480Z[0m [[32m[1minfo     [0m] [1mparsed                        [0m [36mchannel[0m=[35mgoogle_benzinga[0m [36mraw[0m=[35m100[0m
[2m2026-04-04T16:02:58.823647Z[0m [[32m[1minfo     [0m] [1mcrawling                      [0m [36mchannel[0m=[35m'Google News (all)'[0m [36mtag[0m=[35mgoogle_broad[0m
[2m2026-04-04T16:03:01.494996Z[0m [[32m[1minfo     [0m] [1mfetch                         [0m [36mstatus[0m=[35m200[0m [36murl[0m=[35m'https://news.google.com/rss/search?q=SNDK+stock+news&hl=en-US&gl=US&ceid=US:en'[0m
[2m2026-04-04T16:03:01.722157Z[0m [[32m[1minfo     [0m] [1mparsed                        [0m [36mchannel[0m=[35mgoogle_broad[0m [36mraw[0m=[35m100[0m
[2m2026-04-04T16:03:04.140795Z[0m [[32m[1minfo     [0m] [1mfetch                         [0m [36mstatus[0m=[35m200[0m [36murl[0m=[35m'https://news.google.com/rss/search?q=SNDK+earnings+analysis&hl=en-US&gl=US&ceid=US:en'[0m
[2m2026-04-04T16:03:04.203777Z[0m [[32m[1minfo     [0m] [1mparsed                        [0m [36mchannel[0m=[35mgoogle_broad[0m [36mraw[0m=[35m67[0m
[2m2026-04-04T16:03:04.205809Z[0m [[32m[1minfo     [0m] [1mquality_filter                [0m [36minput[0m=[35m367[0m [36mpassed[0m=[35m4[0m
[2m2026-04-04T16:03:04.206516Z[0m [[32m[1minfo     [0m] [1mdedup                         [0m [36mafter[0m=[35m3[0m [36mbefore[0m=[35m4[0m
[2m2026-04-04T16:03:04.206685Z[0m [[32m[1minfo     [0m] [1mfulltext_selection            [0m [36mcandidates[0m=[35m1[0m [36mfiltered[0m=[35m3[0m [36mmode[0m=[35mhigh-value[0m [36mticker[0m=[35mSNDK[0m
[2m2026-04-04T16:03:06.821788Z[0m [[32m[1minfo     [0m] [1mfetch                         [0m [36mstatus[0m=[35m200[0m [36murl[0m=[35mhttps://www.barchart.com/story/news/1121462/sandisk-was-the-top-performing-s-p-500-stock-i[0m
[2m2026-04-04T16:03:07.257922Z[0m [[32m[1minfo     [0m] [1mcrawling                      [0m [36mchannel[0m=[35mGoogle->Benzinga[0m [36mtag[0m=[35mgoogle_benzinga[0m
[2m2026-04-04T16:03:09.815539Z[0m [[32m[1minfo     [0m] [1mfetch                         [0m [36mstatus[0m=[35m200[0m [36murl[0m=[35m'https://news.google.com/rss/search?q=STX+site:benzinga.com&hl=en-US&gl=US&ceid=US:en'[0m
[2m2026-04-04T16:03:09.946024Z[0m [[32m[1minfo     [0m] [1mparsed                        [0m [36mchannel[0m=[35mgoogle_benzinga[0m [36mraw[0m=[35m96[0m
[2m2026-04-04T16:03:11.951662Z[0m [[32m[1minfo     [0m] [1mfetch                         [0m [36mstatus[0m=[35m200[0m [36murl[0m=[35m'https://news.google.com/rss/search?q=STX+site:benzinga.com&hl=en-US&gl=US&ceid=US:en'[0m
[2m2026-04-04T16:03:12.009182Z[0m [[32m[1minfo     [0m] [1mparsed                        [0m [36mchannel[0m=[35mgoogle_benzinga[0m [36mraw[0m=[35m96[0m
[2m2026-04-04T16:03:12.009361Z[0m [[32m[1minfo     [0m] [1mcrawling                      [0m [36mchannel[0m=[35m'Google News (all)'[0m [36mtag[0m=[35mgoogle_broad[0m
[2m2026-04-04T16:03:14.615718Z[0m [[32m[1minfo     [0m] [1mfetch                         [0m [36mstatus[0m=[35m200[0m [36murl[0m=[35m'https://news.google.com/rss/search?q=STX+stock+news&hl=en-US&gl=US&ceid=US:en'[0m
[2m2026-04-04T16:03:14.754525Z[0m [[32m[1minfo     [0m] [1mparsed                        [0m [36mchannel[0m=[35mgoogle_broad[0m [36mraw[0m=[35m100[0m
[2m2026-04-04T16:03:17.240174Z[0m [[32m[1minfo     [0m] [1mfetch                         [0m [36mstatus[0m=[35m200[0m [36murl[0m=[35m'https://news.google.com/rss/search?q=STX+earnings+analysis&hl=en-US&gl=US&ceid=US:en'[0m
[2m2026-04-04T16:03:17.308891Z[0m [[32m[1minfo     [0m] [1mparsed                        [0m [36mchannel[0m=[35mgoogle_broad[0m [36mraw[0m=[35m68[0m
[2m2026-04-04T16:03:17.310902Z[0m [[32m[1minfo     [0m] [1mquality_filter                [0m [36minput[0m=[35m360[0m [36mpassed[0m=[35m5[0m
[2m2026-04-04T16:03:17.311676Z[0m [[32m[1minfo     [0m] [1mdedup                         [0m [36mafter[0m=[35m5[0m [36mbefore[0m=[35m5[0m
[2m2026-04-04T16:03:17.311845Z[0m [[32m[1minfo     [0m] [1mfulltext_selection            [0m [36mcandidates[0m=[35m2[0m [36mfiltered[0m=[35m5[0m [36mmode[0m=[35mhigh-value[0m [36mticker[0m=[35mSTX[0m
[2m2026-04-04T16:03:19.485782Z[0m [[32m[1minfo     [0m] [1mfetch                         [0m [36mstatus[0m=[35m200[0m [36murl[0m=[35mhttps://www.marketbeat.com/instant-alerts/seagate-technology-nasdaqstx-ceo-william-mosley-[0m
[2m2026-04-04T16:03:19.995905Z[0m [[32m[1minfo     [0m] [1mfetch                         [0m [36mstatus[0m=[35m200[0m [36murl[0m=[35mhttps://www.stocktitan.net/sec-filings/STX/form-4-seagate-technology-holdings-plc-insider-[0m
[2m2026-04-04T16:03:20.219706Z[0m [[32m[1minfo     [0m] [1mcrawling                      [0m [36mchannel[0m=[35mGoogle->Benzinga[0m [36mtag[0m=[35mgoogle_benzinga[0m
[2m2026-04-04T16:03:22.897780Z[0m [[32m[1minfo     [0m] [1mfetch                         [0m [36mstatus[0m=[35m200[0m [36murl[0m=[35m'https://news.google.com/rss/search?q=CDNS+site:benzinga.com&hl=en-US&gl=US&ceid=US:en'[0m
[2m2026-04-04T16:03:23.050000Z[0m [[32m[1minfo     [0m] [1mparsed                        [0m [36mchannel[0m=[35mgoogle_benzinga[0m [36mraw[0m=[35m100[0m
[2m2026-04-04T16:03:25.055154Z[0m [[32m[1minfo     [0m] [1mfetch                         [0m [36mstatus[0m=[35m200[0m [36murl[0m=[35m'https://news.google.com/rss/search?q=CDNS+site:benzinga.com&hl=en-US&gl=US&ceid=US:en'[0m
[2m2026-04-04T16:03:25.115615Z[0m [[32m[1minfo     [0m] [1mparsed                        [0m [36mchannel[0m=[35mgoogle_benzinga[0m [36mraw[0m=[35m100[0m
[2m2026-04-04T16:03:25.115778Z[0m [[32m[1minfo     [0m] [1mcrawling                      [0m [36mchannel[0m=[35m'Google News (all)'[0m [36mtag[0m=[35mgoogle_broad[0m
[2m2026-04-04T16:03:27.551707Z[0m [[32m[1minfo     [0m] [1mfetch                         [0m [36mstatus[0m=[35m200[0m [36murl[0m=[35m'https://news.google.com/rss/search?q=CDNS+stock+news&hl=en-US&gl=US&ceid=US:en'[0m
[2m2026-04-04T16:03:27.702553Z[0m [[32m[1minfo     [0m] [1mparsed                        [0m [36mchannel[0m=[35mgoogle_broad[0m [36mraw[0m=[35m100[0m
[2m2026-04-04T16:03:30.135328Z[0m [[32m[1minfo     [0m] [1mfetch                         [0m [36mstatus[0m=[35m200[0m [36murl[0m=[35m'https://news.google.com/rss/search?q=CDNS+earnings+analysis&hl=en-US&gl=US&ceid=US:en'[0m
[2m2026-04-04T16:03:30.174163Z[0m [[32m[1minfo     [0m] [1mparsed                        [0m [36mchannel[0m=[35mgoogle_broad[0m [36mraw[0m=[35m41[0m
[2m2026-04-04T16:03:30.175910Z[0m [[32m[1minfo     [0m] [1mquality_filter                [0m [36minput[0m=[35m341[0m [36mpassed[0m=[35m1[0m
[2m2026-04-04T16:03:30.176178Z[0m [[32m[1minfo     [0m] [1mdedup                         [0m [36mafter[0m=[35m1[0m [36mbefore[0m=[35m1[0m
[2m2026-04-04T16:03:30.176303Z[0m [[32m[1minfo     [0m] [1mfulltext_selection            [0m [36mcandidates[0m=[35m0[0m [36mfiltered[0m=[35m1[0m [36mmode[0m=[35mhigh-value[0m [36mticker[0m=[35mCDNS[0m
[2m2026-04-04T16:03:30.177060Z[0m [[32m[1minfo     [0m] [1mcrawling                      [0m [36mchannel[0m=[35mGoogle->Benzinga[0m [36mtag[0m=[35mgoogle_benzinga[0m
[2m2026-04-04T16:03:33.165773Z[0m [[32m[1minfo     [0m] [1mfetch                         [0m [36mstatus[0m=[35m200[0m [36murl[0m=[35m'https://news.google.com/rss/search?q=SNPS+site:benzinga.com&hl=en-US&gl=US&ceid=US:en'[0m
[2m2026-04-04T16:03:33.311365Z[0m [[32m[1minfo     [0m] [1mparsed                        [0m [36mchannel[0m=[35mgoogle_benzinga[0m [36mraw[0m=[35m83[0m
[2m2026-04-04T16:03:35.316966Z[0m [[32m[1minfo     [0m] [1mfetch                         [0m [36mstatus[0m=[35m200[0m [36murl[0m=[35m'https://news.google.com/rss/search?q=SNPS+site:benzinga.com&hl=en-US&gl=US&ceid=US:en'[0m
[2m2026-04-04T16:03:35.367606Z[0m [[32m[1minfo     [0m] [1mparsed                        [0m [36mchannel[0m=[35mgoogle_benzinga[0m [36mraw[0m=[35m83[0m
[2m2026-04-04T16:03:35.367775Z[0m [[32m[1minfo     [0m] [1mcrawling                      [0m [36mchannel[0m=[35m'Google News (all)'[0m [36mtag[0m=[35mgoogle_broad[0m
[2m2026-04-04T16:03:37.802136Z[0m [[32m[1minfo     [0m] [1mfetch                         [0m [36mstatus[0m=[35m200[0m [36murl[0m=[35m'https://news.google.com/rss/search?q=SNPS+stock+news&hl=en-US&gl=US&ceid=US:en'[0m
[2m2026-04-04T16:03:37.938153Z[0m [[32m[1minfo     [0m] [1mparsed                        [0m [36mchannel[0m=[35mgoogle_broad[0m [36mraw[0m=[35m100[0m
[2m2026-04-04T16:03:40.446915Z[0m [[32m[1minfo     [0m] [1mfetch                         [0m [36mstatus[0m=[35m200[0m [36murl[0m=[35m'https://news.google.com/rss/search?q=SNPS+earnings+analysis&hl=en-US&gl=US&ceid=US:en'[0m
[2m2026-04-04T16:03:40.494824Z[0m [[32m[1minfo     [0m] [1mparsed                        [0m [36mchannel[0m=[35mgoogle_broad[0m [36mraw[0m=[35m55[0m
[2m2026-04-04T16:03:40.495778Z[0m [[32m[1minfo     [0m] [1mquality_filter                [0m [36minput[0m=[35m321[0m [36mpassed[0m=[35m0[0m
[2m2026-04-04T16:03:40.495910Z[0m [[32m[1minfo     [0m] [1mdedup                         [0m [36mafter[0m=[35m0[0m [36mbefore[0m=[35m0[0m
[2m2026-04-04T16:03:40.495984Z[0m [[32m[1minfo     [0m] [1mfulltext_selection            [0m [36mcandidates[0m=[35m0[0m [36mfiltered[0m=[35m0[0m [36mmode[0m=[35mhigh-value[0m [36mticker[0m=[35mSNPS[0m
[2m2026-04-04T16:03:40.496841Z[0m [[32m[1minfo     [0m] [1mcrawling                      [0m [36mchannel[0m=[35mGoogle->Benzinga[0m [36mtag[0m=[35mgoogle_benzinga[0m
[2m2026-04-04T16:03:43.034778Z[0m [[32m[1minfo     [0m] [1mfetch                         [0m [36mstatus[0m=[35m200[0m [36murl[0m=[35m'https://news.google.com/rss/search?q=NXPI+site:benzinga.com&hl=en-US&gl=US&ceid=US:en'[0m
[2m2026-04-04T16:03:43.064370Z[0m [[32m[1minfo     [0m] [1mparsed                        [0m [36mchannel[0m=[35mgoogle_benzinga[0m [36mraw[0m=[35m36[0m
[2m2026-04-04T16:03:45.069965Z[0m [[32m[1minfo     [0m] [1mfetch                         [0m [36mstatus[0m=[35m200[0m [36murl[0m=[35m'https://news.google.com/rss/search?q=NXPI+site:benzinga.com&hl=en-US&gl=US&ceid=US:en'[0m
[2m2026-04-04T16:03:45.093861Z[0m [[32m[1minfo     [0m] [1mparsed                        [0m [36mchannel[0m=[35mgoogle_benzinga[0m [36mraw[0m=[35m36[0m
[2m2026-04-04T16:03:45.094035Z[0m [[32m[1minfo     [0m] [1mcrawling                      [0m [36mchannel[0m=[35m'Google News (all)'[0m [36mtag[0m=[35mgoogle_broad[0m
[2m2026-04-04T16:03:47.625073Z[0m [[32m[1minfo     [0m] [1mfetch                         [0m [36mstatus[0m=[35m200[0m [36murl[0m=[35m'https://news.google.com/rss/search?q=NXPI+stock+news&hl=en-US&gl=US&ceid=US:en'[0m
[2m2026-04-04T16:03:47.767973Z[0m [[32m[1minfo     [0m] [1mparsed                        [0m [36mchannel[0m=[35mgoogle_broad[0m [36mraw[0m=[35m100[0m
[2m2026-04-04T16:03:50.260253Z[0m [[32m[1minfo     [0m] [1mfetch                         [0m [36mstatus[0m=[35m200[0m [36murl[0m=[35m'https://news.google.com/rss/search?q=NXPI+earnings+analysis&hl=en-US&gl=US&ceid=US:en'[0m
[2m2026-04-04T16:03:50.306953Z[0m [[32m[1minfo     [0m] [1mparsed                        [0m [36mchannel[0m=[35mgoogle_broad[0m [36mraw[0m=[35m53[0m
[2m2026-04-04T16:03:50.308316Z[0m [[32m[1minfo     [0m] [1mquality_filter                [0m [36minput[0m=[35m225[0m [36mpassed[0m=[35m2[0m
[2m2026-04-04T16:03:50.308687Z[0m [[32m[1minfo     [0m] [1mdedup                         [0m [36mafter[0m=[35m1[0m [36mbefore[0m=[35m2[0m
[2m2026-04-04T16:03:50.308790Z[0m [[32m[1minfo     [0m] [1mfulltext_selection            [0m [36mcandidates[0m=[35m1[0m [36mfiltered[0m=[35m1[0m [36mmode[0m=[35mhigh-value[0m [36mticker[0m=[35mNXPI[0m
[2m2026-04-04T16:03:52.687373Z[0m [[32m[1minfo     [0m] [1mfetch                         [0m [36mstatus[0m=[35m200[0m [36murl[0m=[35mhttps://www.msn.com/en-us/money/topstocks/here-s-what-to-expect-from-nxp-semiconductors-ne[0m
[2m2026-04-04T16:03:52.907282Z[0m [[32m[1minfo     [0m] [1mcrawling                      [0m [36mchannel[0m=[35mGoogle->Benzinga[0m [36mtag[0m=[35mgoogle_benzinga[0m
[2m2026-04-04T16:03:55.362888Z[0m [[32m[1minfo     [0m] [1mfetch                         [0m [36mstatus[0m=[35m200[0m [36murl[0m=[35m'https://news.google.com/rss/search?q=MPWR+monolithic+power+site:benzinga.com&hl=en-US&gl=U'[0m
[2m2026-04-04T16:03:55.380145Z[0m [[32m[1minfo     [0m] [1mparsed                        [0m [36mchannel[0m=[35mgoogle_benzinga[0m [36mraw[0m=[35m26[0m
[2m2026-04-04T16:03:57.825779Z[0m [[32m[1minfo     [0m] [1mfetch                         [0m [36mstatus[0m=[35m200[0m [36murl[0m=[35m'https://news.google.com/rss/search?q=monolithic+power+site:benzinga.com&hl=en-US&gl=US&cei'[0m
[2m2026-04-04T16:03:57.939203Z[0m [[32m[1minfo     [0m] [1mparsed                        [0m [36mchannel[0m=[35mgoogle_benzinga[0m [36mraw[0m=[35m68[0m
[2m2026-04-04T16:03:57.939383Z[0m [[32m[1minfo     [0m] [1mcrawling                      [0m [36mchannel[0m=[35m'Google News (all)'[0m [36mtag[0m=[35mgoogle_broad[0m
[2m2026-04-04T16:04:00.483281Z[0m [[32m[1minfo     [0m] [1mfetch                         [0m [36mstatus[0m=[35m200[0m [36murl[0m=[35m'https://news.google.com/rss/search?q=MPWR+monolithic+power+stock+news&hl=en-US&gl=US&ceid='[0m
[2m2026-04-04T16:04:00.634242Z[0m [[32m[1minfo     [0m] [1mparsed                        [0m [36mchannel[0m=[35mgoogle_broad[0m [36mraw[0m=[35m100[0m
[2m2026-04-04T16:04:03.157779Z[0m [[32m[1minfo     [0m] [1mfetch                         [0m [36mstatus[0m=[35m200[0m [36murl[0m=[35m'https://news.google.com/rss/search?q=MPWR+monolithic+power+earnings+analysis&hl=en-US&gl=U'[0m
[2m2026-04-04T16:04:03.211474Z[0m [[32m[1minfo     [0m] [1mparsed                        [0m [36mchannel[0m=[35mgoogle_broad[0m [36mraw[0m=[35m49[0m
[2m2026-04-04T16:04:03.214159Z[0m [[32m[1minfo     [0m] [1mquality_filter                [0m [36minput[0m=[35m243[0m [36mpassed[0m=[35m6[0m
[2m2026-04-04T16:04:03.215061Z[0m [[32m[1minfo     [0m] [1mdedup                         [0m [36mafter[0m=[35m6[0m [36mbefore[0m=[35m6[0m
[2m2026-04-04T16:04:03.215258Z[0m [[32m[1minfo     [0m] [1mfulltext_selection            [0m [36mcandidates[0m=[35m2[0m [36mfiltered[0m=[35m6[0m [36mmode[0m=[35mhigh-value[0m [36mticker[0m=[35mMPWR[0m
[2m2026-04-04T16:04:05.488869Z[0m [[32m[1minfo     [0m] [1mfetch                         [0m [36mstatus[0m=[35m200[0m [36murl[0m=[35mhttps://www.marketbeat.com/instant-alerts/monolithic-power-systems-inc-nasdaqmpwr-given-av[0m
[2m2026-04-04T16:04:05.883350Z[0m [[32m[1minfo     [0m] [1mfetch                         [0m [36mstatus[0m=[35m200[0m [36murl[0m=[35mhttps://www.marketbeat.com/instant-alerts/monolithic-power-systems-nasdaqmpwr-evp-sells-15[0m
[2m2026-04-04T16:04:06.137722Z[0m [[32m[1minfo     [0m] [1mcrawling                      [0m [36mchannel[0m=[35mGoogle->Benzinga[0m [36mtag[0m=[35mgoogle_benzinga[0m
[2m2026-04-04T16:04:09.223555Z[0m [[32m[1minfo     [0m] [1mfetch                         [0m [36mstatus[0m=[35m200[0m [36murl[0m=[35m'https://news.google.com/rss/search?q=TER+teradyne+site:benzinga.com&hl=en-US&gl=US&ceid=US'[0m
[2m2026-04-04T16:04:09.375233Z[0m [[32m[1minfo     [0m] [1mparsed                        [0m [36mchannel[0m=[35mgoogle_benzinga[0m [36mraw[0m=[35m100[0m
[2m2026-04-04T16:04:11.833972Z[0m [[32m[1minfo     [0m] [1mfetch                         [0m [36mstatus[0m=[35m200[0m [36murl[0m=[35m'https://news.google.com/rss/search?q=teradyne+site:benzinga.com&hl=en-US&gl=US&ceid=US:en'[0m
[2m2026-04-04T16:04:11.976365Z[0m [[32m[1minfo     [0m] [1mparsed                        [0m [36mchannel[0m=[35mgoogle_benzinga[0m [36mraw[0m=[35m100[0m
[2m2026-04-04T16:04:11.976580Z[0m [[32m[1minfo     [0m] [1mcrawling                      [0m [36mchannel[0m=[35m'Google News (all)'[0m [36mtag[0m=[35mgoogle_broad[0m
[2m2026-04-04T16:04:14.557383Z[0m [[32m[1minfo     [0m] [1mfetch                         [0m [36mstatus[0m=[35m200[0m [36murl[0m=[35m'https://news.google.com/rss/search?q=TER+teradyne+stock+news&hl=en-US&gl=US&ceid=US:en'[0m
[2m2026-04-04T16:04:14.700250Z[0m [[32m[1minfo     [0m] [1mparsed                        [0m [36mchannel[0m=[35mgoogle_broad[0m [36mraw[0m=[35m100[0m
[2m2026-04-04T16:04:17.118737Z[0m [[32m[1minfo     [0m] [1mfetch                         [0m [36mstatus[0m=[35m200[0m [36murl[0m=[35m'https://news.google.com/rss/search?q=TER+teradyne+earnings+analysis&hl=en-US&gl=US&ceid=US'[0m
[2m2026-04-04T16:04:17.165268Z[0m [[32m[1minfo     [0m] [1mparsed                        [0m [36mchannel[0m=[35mgoogle_broad[0m [36mraw[0m=[35m54[0m
[2m2026-04-04T16:04:17.167882Z[0m [[32m[1minfo     [0m] [1mquality_filter                [0m [36minput[0m=[35m354[0m [36mpassed[0m=[35m9[0m
[2m2026-04-04T16:04:17.169104Z[0m [[32m[1minfo     [0m] [1mdedup                         [0m [36mafter[0m=[35m7[0m [36mbefore[0m=[35m9[0m
[2m2026-04-04T16:04:17.169306Z[0m [[32m[1minfo     [0m] [1mfulltext_selection            [0m [36mcandidates[0m=[35m4[0m [36mfiltered[0m=[35m7[0m [36mmode[0m=[35mhigh-value[0m [36mticker[0m=[35mTER[0m
[2m2026-04-04T16:04:18.690018Z[0m [[32m[1minfo     [0m] [1mfetch                         [0m [36mstatus[0m=[35m403[0m [36murl[0m=[35mhttps://www.mexc.com/news/1003126[0m
[2m2026-04-04T16:04:19.883597Z[0m [[32m[1minfo     [0m] [1mfetch                         [0m [36mstatus[0m=[35m200[0m [36murl[0m=[35mhttps://www.inkl.com/news/what-to-expect-from-teradyne-s-q1-2026-earnings-report[0m
[2m2026-04-04T16:04:19.940373Z[0m [[32m[1minfo     [0m] [1mfetch                         [0m [36mstatus[0m=[35m200[0m [36murl[0m=[35mhttps://www.mexc.co/en-PH/news/1002928[0m
[2m2026-04-04T16:04:20.396141Z[0m [[32m[1minfo     [0m] [1mfetch                         [0m [36mstatus[0m=[35m200[0m [36murl[0m=[35mhttps://moneycheck.com/teradyne-ter-stock-surges-271-ahead-of-crucial-q1-2026-earnings-rep[0m
[2m2026-04-04T16:04:20.636096Z[0m [[32m[1minfo     [0m] [1mcrawling                      [0m [36mchannel[0m=[35mGoogle->Benzinga[0m [36mtag[0m=[35mgoogle_benzinga[0m
[2m2026-04-04T16:04:23.172324Z[0m [[32m[1minfo     [0m] [1mfetch                         [0m [36mstatus[0m=[35m200[0m [36murl[0m=[35m'https://news.google.com/rss/search?q=MCHP+microchip+technology+site:benzinga.com&hl=en-US&'[0m
[2m2026-04-04T16:04:23.198509Z[0m [[32m[1minfo     [0m] [1mparsed                        [0m [36mchannel[0m=[35mgoogle_benzinga[0m [36mraw[0m=[35m30[0m
[2m2026-04-04T16:04:25.636060Z[0m [[32m[1minfo     [0m] [1mfetch                         [0m [36mstatus[0m=[35m200[0m [36murl[0m=[35m'https://news.google.com/rss/search?q=microchip+technology+site:benzinga.com&hl=en-US&gl=US'[0m
[2m2026-04-04T16:04:25.776643Z[0m [[32m[1minfo     [0m] [1mparsed                        [0m [36mchannel[0m=[35mgoogle_benzinga[0m [36mraw[0m=[35m94[0m
[2m2026-04-04T16:04:25.776822Z[0m [[32m[1minfo     [0m] [1mcrawling                      [0m [36mchannel[0m=[35m'Google News (all)'[0m [36mtag[0m=[35mgoogle_broad[0m
[2m2026-04-04T16:04:28.375722Z[0m [[32m[1minfo     [0m] [1mfetch                         [0m [36mstatus[0m=[35m200[0m [36murl[0m=[35m'https://news.google.com/rss/search?q=MCHP+microchip+technology+stock+news&hl=en-US&gl=US&c'[0m
[2m2026-04-04T16:04:28.525784Z[0m [[32m[1minfo     [0m] [1mparsed                        [0m [36mchannel[0m=[35mgoogle_broad[0m [36mraw[0m=[35m100[0m
[2m2026-04-04T16:04:30.975375Z[0m [[32m[1minfo     [0m] [1mfetch                         [0m [36mstatus[0m=[35m200[0m [36murl[0m=[35m'https://news.google.com/rss/search?q=MCHP+microchip+technology+earnings+analysis&hl=en-US&'[0m
[2m2026-04-04T16:04:31.032349Z[0m [[32m[1minfo     [0m] [1mparsed                        [0m [36mchannel[0m=[35mgoogle_broad[0m [36mraw[0m=[35m59[0m
[2m2026-04-04T16:04:31.034983Z[0m [[32m[1minfo     [0m] [1mquality_filter                [0m [36minput[0m=[35m283[0m [36mpassed[0m=[35m8[0m
[2m2026-04-04T16:04:31.036075Z[0m [[32m[1minfo     [0m] [1mdedup                         [0m [36mafter[0m=[35m8[0m [36mbefore[0m=[35m8[0m
[2m2026-04-04T16:04:31.036259Z[0m [[32m[1minfo     [0m] [1mfulltext_selection            [0m [36mcandidates[0m=[35m8[0m [36mfiltered[0m=[35m8[0m [36mmode[0m=[35mhigh-value[0m [36mticker[0m=[35mMCHP[0m
[2m2026-04-04T16:04:32.682079Z[0m [[32m[1minfo     [0m] [1mfetch                         [0m [36mstatus[0m=[35m200[0m [36murl[0m=[35mhttps://www.marketbeat.com/instant-alerts/filing-perpetual-ltd-grows-position-in-microchip[0m
[2m2026-04-04T16:04:33.452323Z[0m [[32m[1minfo     [0m] [1mfetch                         [0m [36mstatus[0m=[35m429[0m [36murl[0m=[35mhttps://www.stocktitan.net/sec-filings/MCHP/form-4-microchip-technology-inc-insider-tradin[0m
[2m2026-04-04T16:04:33.511838Z[0m [[32m[1minfo     [0m] [1mfetch                         [0m [36mstatus[0m=[35m200[0m [36murl[0m=[35mhttps://www.stocktitan.net/sec-filings/MCHP/form-4-microchip-technology-inc-insider-tradin[0m
[2m2026-04-04T16:04:33.533850Z[0m [[32m[1minfo     [0m] [1mfetch                         [0m [36mstatus[0m=[35m200[0m [36murl[0m=[35mhttps://www.stocktitan.net/sec-filings/MCHP/form-4-microchip-technology-inc-insider-tradin[0m
[2m2026-04-04T16:04:33.772288Z[0m [[32m[1minfo     [0m] [1mfetch                         [0m [36mstatus[0m=[35m429[0m [36murl[0m=[35mhttps://www.stocktitan.net/sec-filings/MCHP/form-4-microchip-technology-inc-insider-tradin[0m
[2m2026-04-04T16:04:33.861323Z[0m [[32m[1minfo     [0m] [1mfetch                         [0m [36mstatus[0m=[35m429[0m [36murl[0m=[35mhttps://www.stocktitan.net/sec-filings/MCHP/form-4-microchip-technology-inc-insider-tradin[0m
[2m2026-04-04T16:04:34.399299Z[0m [[32m[1minfo     [0m] [1mfetch                         [0m [36mstatus[0m=[35m200[0m [36murl[0m=[35mhttps://www.msn.com/en-us/money/technologyinvesting/microchip-technology-mchp-will-address[0m
[2m2026-04-04T16:04:36.068831Z[0m [[32m[1minfo     [0m] [1mfetch                         [0m [36mstatus[0m=[35m200[0m [36murl[0m=[35mhttps://intellectia.ai/en/stock/MCHP/news[0m
[2m2026-04-04T16:04:36.678755Z[0m [[32m[1minfo     [0m] [1mcrawling                      [0m [36mchannel[0m=[35mGoogle->Benzinga[0m [36mtag[0m=[35mgoogle_benzinga[0m
[2m2026-04-04T16:04:39.405641Z[0m [[32m[1minfo     [0m] [1mfetch                         [0m [36mstatus[0m=[35m200[0m [36murl[0m=[35m'https://news.google.com/rss/search?q=ON+on+semiconductor+site:benzinga.com&hl=en-US&gl=US&'[0m
[2m2026-04-04T16:04:39.548387Z[0m [[32m[1minfo     [0m] [1mparsed                        [0m [36mchannel[0m=[35mgoogle_benzinga[0m [36mraw[0m=[35m100[0m
[2m2026-04-04T16:04:42.229969Z[0m [[32m[1minfo     [0m] [1mfetch                         [0m [36mstatus[0m=[35m200[0m [36murl[0m=[35m'https://news.google.com/rss/search?q=on+semiconductor+site:benzinga.com&hl=en-US&gl=US&cei'[0m
[2m2026-04-04T16:04:42.378518Z[0m [[32m[1minfo     [0m] [1mparsed                        [0m [36mchannel[0m=[35mgoogle_benzinga[0m [36mraw[0m=[35m100[0m
[2m2026-04-04T16:04:42.378679Z[0m [[32m[1minfo     [0m] [1mcrawling                      [0m [36mchannel[0m=[35m'Google News (all)'[0m [36mtag[0m=[35mgoogle_broad[0m
[2m2026-04-04T16:04:44.863825Z[0m [[32m[1minfo     [0m] [1mfetch                         [0m [36mstatus[0m=[35m200[0m [36murl[0m=[35m'https://news.google.com/rss/search?q=ON+on+semiconductor+stock+news&hl=en-US&gl=US&ceid=US'[0m
[2m2026-04-04T16:04:44.989784Z[0m [[32m[1minfo     [0m] [1mparsed                        [0m [36mchannel[0m=[35mgoogle_broad[0m [36mraw[0m=[35m82[0m
[2m2026-04-04T16:04:47.458921Z[0m [[32m[1minfo     [0m] [1mfetch                         [0m [36mstatus[0m=[35m200[0m [36murl[0m=[35m'https://news.google.com/rss/search?q=ON+on+semiconductor+earnings+analysis&hl=en-US&gl=US&'[0m
[2m2026-04-04T16:04:47.503340Z[0m [[32m[1minfo     [0m] [1mparsed                        [0m [36mchannel[0m=[35mgoogle_broad[0m [36mraw[0m=[35m50[0m
[2m2026-04-04T16:04:47.505121Z[0m [[32m[1minfo     [0m] [1mquality_filter                [0m [36minput[0m=[35m332[0m [36mpassed[0m=[35m0[0m
[2m2026-04-04T16:04:47.505293Z[0m [[32m[1minfo     [0m] [1mdedup                         [0m [36mafter[0m=[35m0[0m [36mbefore[0m=[35m0[0m
[2m2026-04-04T16:04:47.505370Z[0m [[32m[1minfo     [0m] [1mfulltext_selection            [0m [36mcandidates[0m=[35m0[0m [36mfiltered[0m=[35m0[0m [36mmode[0m=[35mhigh-value[0m [36mticker[0m=[35mON[0m
[2m2026-04-04T16:04:47.506096Z[0m [[32m[1minfo     [0m] [1mcrawling                      [0m [36mchannel[0m=[35mGoogle->Benzinga[0m [36mtag[0m=[35mgoogle_benzinga[0m
[2m2026-04-04T16:04:50.556047Z[0m [[32m[1minfo     [0m] [1mfetch                         [0m [36mstatus[0m=[35m200[0m [36murl[0m=[35m'https://news.google.com/rss/search?q=AAPL+apple+site:benzinga.com&hl=en-US&gl=US&ceid=US:e'[0m
[2m2026-04-04T16:04:50.707058Z[0m [[32m[1minfo     [0m] [1mparsed                        [0m [36mchannel[0m=[35mgoogle_benzinga[0m [36mraw[0m=[35m100[0m
[2m2026-04-04T16:04:53.250550Z[0m [[32m[1minfo     [0m] [1mfetch                         [0m [36mstatus[0m=[35m200[0m [36murl[0m=[35m'https://news.google.com/rss/search?q=apple+site:benzinga.com&hl=en-US&gl=US&ceid=US:en'[0m
[2m2026-04-04T16:04:53.399906Z[0m [[32m[1minfo     [0m] [1mparsed                        [0m [36mchannel[0m=[35mgoogle_benzinga[0m [36mraw[0m=[35m100[0m
[2m2026-04-04T16:04:53.400062Z[0m [[32m[1minfo     [0m] [1mcrawling                      [0m [36mchannel[0m=[35m'Google News (all)'[0m [36mtag[0m=[35mgoogle_broad[0m
[2m2026-04-04T16:04:55.967752Z[0m [[32m[1minfo     [0m] [1mfetch                         [0m [36mstatus[0m=[35m200[0m [36murl[0m=[35m'https://news.google.com/rss/search?q=AAPL+apple+stock+news&hl=en-US&gl=US&ceid=US:en'[0m
[2m2026-04-04T16:04:56.110493Z[0m [[32m[1minfo     [0m] [1mparsed                        [0m [36mchannel[0m=[35mgoogle_broad[0m [36mraw[0m=[35m100[0m
[2m2026-04-04T16:04:58.633401Z[0m [[32m[1minfo     [0m] [1mfetch                         [0m [36mstatus[0m=[35m200[0m [36murl[0m=[35m'https://news.google.com/rss/search?q=AAPL+apple+earnings+analysis&hl=en-US&gl=US&ceid=US:e'[0m
[2m2026-04-04T16:04:58.782884Z[0m [[32m[1minfo     [0m] [1mparsed                        [0m [36mchannel[0m=[35mgoogle_broad[0m [36mraw[0m=[35m100[0m
[2m2026-04-04T16:04:58.786935Z[0m [[32m[1minfo     [0m] [1mquality_filter                [0m [36minput[0m=[35m400[0m [36mpassed[0m=[35m16[0m
[2m2026-04-04T16:04:58.789023Z[0m [[32m[1minfo     [0m] [1mdedup                         [0m [36mafter[0m=[35m12[0m [36mbefore[0m=[35m16[0m
[2m2026-04-04T16:04:58.789291Z[0m [[32m[1minfo     [0m] [1mfulltext_selection            [0m [36mcandidates[0m=[35m8[0m [36mfiltered[0m=[35m12[0m [36mmode[0m=[35mhigh-value[0m [36mticker[0m=[35mAAPL[0m
[2m2026-04-04T16:05:00.499923Z[0m [[32m[1minfo     [0m] [1mfetch                         [0m [36mstatus[0m=[35m200[0m [36murl[0m=[35mhttps://www.marketbeat.com/instant-alerts/filing-apple-inc-aapl-shares-purchased-by-compto[0m
[2m2026-04-04T16:05:00.839473Z[0m [[32m[1minfo     [0m] [1mfetch                         [0m [36mstatus[0m=[35m200[0m [36murl[0m=[35mhttps://www.barchart.com/story/news/1123251/apple-just-turned-50-years-old-is-the-aapl-sto[0m
[2m2026-04-04T16:05:00.885467Z[0m [[32m[1minfo     [0m] [1mfetch                         [0m [36mstatus[0m=[35m200[0m [36murl[0m=[35mhttps://www.marketbeat.com/instant-alerts/apple-nasdaqaapl-ceo-timothy-cook-sells-64949-sh[0m
[2m2026-04-04T16:05:00.930075Z[0m [[32m[1minfo     [0m] [1mfetch                         [0m [36mstatus[0m=[35m200[0m [36murl[0m=[35mhttps://www.marketbeat.com/instant-alerts/filing-norden-group-llc-buys-44107-shares-of-app[0m
[2m2026-04-04T16:05:01.116742Z[0m [[32m[1minfo     [0m] [1mfetch                         [0m [36mstatus[0m=[35m200[0m [36murl[0m=[35mhttps://www.marketbeat.com/instant-alerts/filing-apple-inc-aapl-stock-holdings-reduced-by-[0m
[2m2026-04-04T16:05:02.125695Z[0m [[32m[1minfo     [0m] [1mfetch                         [0m [36mstatus[0m=[35m403[0m [36murl[0m=[35mhttps://au.investing.com/news/insider-trading-news/apple-ceo-tim-cook-sells-165-million-in[0m
[2m2026-04-04T16:05:02.327578Z[0m [[32m[1minfo     [0m] [1mfetch                         [0m [36mstatus[0m=[35m403[0m [36murl[0m=[35mhttps://www.thestreet.com/investing/stocks/early-apple-aapl-stock-investors-now-earn-a-5-2[0m
[2m2026-04-04T16:05:02.531957Z[0m [[32m[1minfo     [0m] [1mcrawling                      [0m [36mchannel[0m=[35mGoogle->Benzinga[0m [36mtag[0m=[35mgoogle_benzinga[0m
[2m2026-04-04T16:05:05.497870Z[0m [[32m[1minfo     [0m] [1mfetch                         [0m [36mstatus[0m=[35m200[0m [36murl[0m=[35m'https://news.google.com/rss/search?q=BRK.B+site:benzinga.com&hl=en-US&gl=US&ceid=US:en'[0m
[2m2026-04-04T16:05:05.643092Z[0m [[32m[1minfo     [0m] [1mparsed                        [0m [36mchannel[0m=[35mgoogle_benzinga[0m [36mraw[0m=[35m100[0m
[2m2026-04-04T16:05:07.648442Z[0m [[32m[1minfo     [0m] [1mfetch                         [0m [36mstatus[0m=[35m200[0m [36murl[0m=[35m'https://news.google.com/rss/search?q=BRK.B+site:benzinga.com&hl=en-US&gl=US&ceid=US:en'[0m
[2m2026-04-04T16:05:07.708989Z[0m [[32m[1minfo     [0m] [1mparsed                        [0m [36mchannel[0m=[35mgoogle_benzinga[0m [36mraw[0m=[35m100[0m
[2m2026-04-04T16:05:07.709155Z[0m [[32m[1minfo     [0m] [1mcrawling                      [0m [36mchannel[0m=[35m'Google News (all)'[0m [36mtag[0m=[35mgoogle_broad[0m
[2m2026-04-04T16:05:10.257538Z[0m [[32m[1minfo     [0m] [1mfetch                         [0m [36mstatus[0m=[35m200[0m [36murl[0m=[35m'https://news.google.com/rss/search?q=BRK.B+stock+news&hl=en-US&gl=US&ceid=US:en'[0m
[2m2026-04-04T16:05:10.400675Z[0m [[32m[1minfo     [0m] [1mparsed                        [0m [36mchannel[0m=[35mgoogle_broad[0m [36mraw[0m=[35m100[0m
[2m2026-04-04T16:05:12.967978Z[0m [[32m[1minfo     [0m] [1mfetch                         [0m [36mstatus[0m=[35m200[0m [36murl[0m=[35m'https://news.google.com/rss/search?q=BRK.B+earnings+analysis&hl=en-US&gl=US&ceid=US:en'[0m
[2m2026-04-04T16:05:13.118838Z[0m [[32m[1minfo     [0m] [1mparsed                        [0m [36mchannel[0m=[35mgoogle_broad[0m [36mraw[0m=[35m100[0m
[2m2026-04-04T16:05:13.120565Z[0m [[32m[1minfo     [0m] [1mquality_filter                [0m [36minput[0m=[35m400[0m [36mpassed[0m=[35m3[0m
[2m2026-04-04T16:05:13.120956Z[0m [[32m[1minfo     [0m] [1mdedup                         [0m [36mafter[0m=[35m3[0m [36mbefore[0m=[35m3[0m
[2m2026-04-04T16:05:13.121083Z[0m [[32m[1minfo     [0m] [1mfulltext_selection            [0m [36mcandidates[0m=[35m0[0m [36mfiltered[0m=[35m3[0m [36mmode[0m=[35mhigh-value[0m [36mticker[0m=[35mBRK.B[0m
[2m2026-04-04T16:05:13.121818Z[0m [[32m[1minfo     [0m] [1mcrawling                      [0m [36mchannel[0m=[35mGoogle->Benzinga[0m [36mtag[0m=[35mgoogle_benzinga[0m
[2m2026-04-04T16:05:15.756342Z[0m [[32m[1minfo     [0m] [1mfetch                         [0m [36mstatus[0m=[35m200[0m [36murl[0m=[35m'https://news.google.com/rss/search?q=WMT+site:benzinga.com&hl=en-US&gl=US&ceid=US:en'[0m
[2m2026-04-04T16:05:15.900550Z[0m [[32m[1minfo     [0m] [1mparsed                        [0m [36mchannel[0m=[35mgoogle_benzinga[0m [36mraw[0m=[35m100[0m
[2m2026-04-04T16:05:17.906086Z[0m [[32m[1minfo     [0m] [1mfetch                         [0m [36mstatus[0m=[35m200[0m [36murl[0m=[35m'https://news.google.com/rss/search?q=WMT+site:benzinga.com&hl=en-US&gl=US&ceid=US:en'[0m
[2m2026-04-04T16:05:17.966147Z[0m [[32m[1minfo     [0m] [1mparsed                        [0m [36mchannel[0m=[35mgoogle_benzinga[0m [36mraw[0m=[35m100[0m
[2m2026-04-04T16:05:17.966337Z[0m [[32m[1minfo     [0m] [1mcrawling                      [0m [36mchannel[0m=[35m'Google News (all)'[0m [36mtag[0m=[35mgoogle_broad[0m
[2m2026-04-04T16:05:20.612336Z[0m [[32m[1minfo     [0m] [1mfetch                         [0m [36mstatus[0m=[35m200[0m [36murl[0m=[35m'https://news.google.com/rss/search?q=WMT+stock+news&hl=en-US&gl=US&ceid=US:en'[0m
[2m2026-04-04T16:05:20.756296Z[0m [[32m[1minfo     [0m] [1mparsed                        [0m [36mchannel[0m=[35mgoogle_broad[0m [36mraw[0m=[35m100[0m
[2m2026-04-04T16:05:23.638287Z[0m [[32m[1minfo     [0m] [1mfetch                         [0m [36mstatus[0m=[35m200[0m [36murl[0m=[35m'https://news.google.com/rss/search?q=WMT+earnings+analysis&hl=en-US&gl=US&ceid=US:en'[0m
[2m2026-04-04T16:05:23.788308Z[0m [[32m[1minfo     [0m] [1mparsed                        [0m [36mchannel[0m=[35mgoogle_broad[0m [36mraw[0m=[35m100[0m
[2m2026-04-04T16:05:23.791850Z[0m [[32m[1minfo     [0m] [1mquality_filter                [0m [36minput[0m=[35m400[0m [36mpassed[0m=[35m15[0m
[2m2026-04-04T16:05:23.794017Z[0m [[32m[1minfo     [0m] [1mdedup                         [0m [36mafter[0m=[35m13[0m [36mbefore[0m=[35m15[0m
[2m2026-04-04T16:05:23.794342Z[0m [[32m[1minfo     [0m] [1mfulltext_selection            [0m [36mcandidates[0m=[35m8[0m [36mfiltered[0m=[35m13[0m [36mmode[0m=[35mhigh-value[0m [36mticker[0m=[35mWMT[0m
[2m2026-04-04T16:05:25.992832Z[0m [[32m[1minfo     [0m] [1mfetch                         [0m [36mstatus[0m=[35m200[0m [36murl[0m=[35mhttps://www.stocktitan.net/sec-filings/WMT/form-4-walmart-inc-insider-trading-activity-6f4[0m
[2m2026-04-04T16:05:26.254736Z[0m [[32m[1minfo     [0m] [1mfetch                         [0m [36mstatus[0m=[35m429[0m [36murl[0m=[35mhttps://www.stocktitan.net/sec-filings/WMT/form-4-walmart-inc-insider-trading-activity-db3[0m
[2m2026-04-04T16:05:26.259935Z[0m [[32m[1minfo     [0m] [1mfetch                         [0m [36mstatus[0m=[35m200[0m [36murl[0m=[35mhttps://www.marketbeat.com/instant-alerts/filing-walmart-inc-wmt-shares-purchased-by-compa[0m
[2m2026-04-04T16:05:26.269108Z[0m [[32m[1minfo     [0m] [1mfetch                         [0m [36mstatus[0m=[35m429[0m [36murl[0m=[35mhttps://www.stocktitan.net/sec-filings/WMT/form-4-walmart-inc-insider-trading-activity-291[0m
[2m2026-04-04T16:05:26.306076Z[0m [[32m[1minfo     [0m] [1mfetch                         [0m [36mstatus[0m=[35m429[0m [36murl[0m=[35mhttps://www.stocktitan.net/sec-filings/WMT/form-4-walmart-inc-insider-trading-activity-e6f[0m
[2m2026-04-04T16:05:26.348892Z[0m [[32m[1minfo     [0m] [1mfetch                         [0m [36mstatus[0m=[35m200[0m [36murl[0m=[35mhttps://www.stocktitan.net/sec-filings/WMT/form-4-walmart-inc-insider-trading-activity-f8c[0m
[2m2026-04-04T16:05:27.750392Z[0m [[32m[1minfo     [0m] [1mfetch                         [0m [36mstatus[0m=[35m429[0m [36murl[0m=[35mhttps://www.stocktitan.net/sec-filings/WMT/form-4-walmart-inc-insider-trading-activity-d9b[0m
[2m2026-04-04T16:05:27.807372Z[0m [[32m[1minfo     [0m] [1mfetch                         [0m [36mstatus[0m=[35m429[0m [36murl[0m=[35mhttps://www.stocktitan.net/sec-filings/WMT/form-4-walmart-inc-insider-trading-activity-bff[0m
[2m2026-04-04T16:05:28.011826Z[0m [[32m[1minfo     [0m] [1mcrawling                      [0m [36mchannel[0m=[35mGoogle->Benzinga[0m [36mtag[0m=[35mgoogle_benzinga[0m
[2m2026-04-04T16:05:30.648474Z[0m [[32m[1minfo     [0m] [1mfetch                         [0m [36mstatus[0m=[35m200[0m [36murl[0m=[35m'https://news.google.com/rss/search?q=JPM+site:benzinga.com&hl=en-US&gl=US&ceid=US:en'[0m
[2m2026-04-04T16:05:30.791295Z[0m [[32m[1minfo     [0m] [1mparsed                        [0m [36mchannel[0m=[35mgoogle_benzinga[0m [36mraw[0m=[35m100[0m
[2m2026-04-04T16:05:32.796413Z[0m [[32m[1minfo     [0m] [1mfetch                         [0m [36mstatus[0m=[35m200[0m [36murl[0m=[35m'https://news.google.com/rss/search?q=JPM+site:benzinga.com&hl=en-US&gl=US&ceid=US:en'[0m
[2m2026-04-04T16:05:32.855682Z[0m [[32m[1minfo     [0m] [1mparsed                        [0m [36mchannel[0m=[35mgoogle_benzinga[0m [36mraw[0m=[35m100[0m
[2m2026-04-04T16:05:32.855846Z[0m [[32m[1minfo     [0m] [1mcrawling                      [0m [36mchannel[0m=[35m'Google News (all)'[0m [36mtag[0m=[35mgoogle_broad[0m
[2m2026-04-04T16:05:35.505104Z[0m [[32m[1minfo     [0m] [1mfetch                         [0m [36mstatus[0m=[35m200[0m [36murl[0m=[35m'https://news.google.com/rss/search?q=JPM+stock+news&hl=en-US&gl=US&ceid=US:en'[0m
[2m2026-04-04T16:05:35.648731Z[0m [[32m[1minfo     [0m] [1mparsed                        [0m [36mchannel[0m=[35mgoogle_broad[0m [36mraw[0m=[35m100[0m
[2m2026-04-04T16:05:38.191884Z[0m [[32m[1minfo     [0m] [1mfetch                         [0m [36mstatus[0m=[35m200[0m [36murl[0m=[35m'https://news.google.com/rss/search?q=JPM+earnings+analysis&hl=en-US&gl=US&ceid=US:en'[0m
[2m2026-04-04T16:05:38.342552Z[0m [[32m[1minfo     [0m] [1mparsed                        [0m [36mchannel[0m=[35mgoogle_broad[0m [36mraw[0m=[35m100[0m
[2m2026-04-04T16:05:38.344853Z[0m [[32m[1minfo     [0m] [1mquality_filter                [0m [36minput[0m=[35m400[0m [36mpassed[0m=[35m5[0m
[2m2026-04-04T16:05:38.345631Z[0m [[32m[1minfo     [0m] [1mdedup                         [0m [36mafter[0m=[35m5[0m [36mbefore[0m=[35m5[0m
[2m2026-04-04T16:05:38.345789Z[0m [[32m[1minfo     [0m] [1mfulltext_selection            [0m [36mcandidates[0m=[35m5[0m [36mfiltered[0m=[35m5[0m [36mmode[0m=[35mhigh-value[0m [36mticker[0m=[35mJPM[0m
[2m2026-04-04T16:05:40.305438Z[0m [[32m[1minfo     [0m] [1mfetch                         [0m [36mstatus[0m=[35m403[0m [36murl[0m=[35mhttps://www.tipranks.com/news/jpmorgan-stock-jpm-looks-undervalued-despite-ai-and-apple-ca[0m
[2m2026-04-04T16:05:40.420385Z[0m [[32m[1minfo     [0m] [1mfetch                         [0m [36mstatus[0m=[35m200[0m [36murl[0m=[35mhttps://www.marketbeat.com/instant-alerts/filing-financial-planning-hawaii-inc-acquires-sh[0m
[2m2026-04-04T16:05:40.459001Z[0m [[32m[1minfo     [0m] [1mfetch                         [0m [36mstatus[0m=[35m200[0m [36murl[0m=[35mhttps://www.marketbeat.com/instant-alerts/filing-mn-services-vermogensbeheer-bv-has-20368-[0m
[2m2026-04-04T16:05:40.500700Z[0m [[32m[1minfo     [0m] [1mfetch                         [0m [36mstatus[0m=[35m200[0m [36murl[0m=[35mhttps://www.marketbeat.com/instant-alerts/filing-sjbenen-advisory-llc-buys-shares-of-9118-[0m
[2m2026-04-04T16:05:40.552137Z[0m [[32m[1minfo     [0m] [1mfetch                         [0m [36mstatus[0m=[35m200[0m [36murl[0m=[35mhttps://www.marketbeat.com/instant-alerts/filing-retirement-systems-of-alabama-has-30361-m[0m
[2m2026-04-04T16:05:40.774576Z[0m [[32m[1minfo     [0m] [1mcrawling                      [0m [36mchannel[0m=[35mGoogle->Benzinga[0m [36mtag[0m=[35mgoogle_benzinga[0m
[2m2026-04-04T16:05:43.372895Z[0m [[32m[1minfo     [0m] [1mfetch                         [0m [36mstatus[0m=[35m200[0m [36murl[0m=[35m'https://news.google.com/rss/search?q=JNJ+site:benzinga.com&hl=en-US&gl=US&ceid=US:en'[0m
[2m2026-04-04T16:05:43.508368Z[0m [[32m[1minfo     [0m] [1mparsed                        [0m [36mchannel[0m=[35mgoogle_benzinga[0m [36mraw[0m=[35m100[0m
[2m2026-04-04T16:05:45.513433Z[0m [[32m[1minfo     [0m] [1mfetch                         [0m [36mstatus[0m=[35m200[0m [36murl[0m=[35m'https://news.google.com/rss/search?q=JNJ+site:benzinga.com&hl=en-US&gl=US&ceid=US:en'[0m
[2m2026-04-04T16:05:45.573347Z[0m [[32m[1minfo     [0m] [1mparsed                        [0m [36mchannel[0m=[35mgoogle_benzinga[0m [36mraw[0m=[35m100[0m
[2m2026-04-04T16:05:45.573507Z[0m [[32m[1minfo     [0m] [1mcrawling                      [0m [36mchannel[0m=[35m'Google News (all)'[0m [36mtag[0m=[35mgoogle_broad[0m
[2m2026-04-04T16:05:48.182876Z[0m [[32m[1minfo     [0m] [1mfetch                         [0m [36mstatus[0m=[35m200[0m [36murl[0m=[35m'https://news.google.com/rss/search?q=JNJ+stock+news&hl=en-US&gl=US&ceid=US:en'[0m
[2m2026-04-04T16:05:48.321460Z[0m [[32m[1minfo     [0m] [1mparsed                        [0m [36mchannel[0m=[35mgoogle_broad[0m [36mraw[0m=[35m100[0m
[2m2026-04-04T16:05:50.827442Z[0m [[32m[1minfo     [0m] [1mfetch                         [0m [36mstatus[0m=[35m200[0m [36murl[0m=[35m'https://news.google.com/rss/search?q=JNJ+earnings+analysis&hl=en-US&gl=US&ceid=US:en'[0m
[2m2026-04-04T16:05:50.897285Z[0m [[32m[1minfo     [0m] [1mparsed                        [0m [36mchannel[0m=[35mgoogle_broad[0m [36mraw[0m=[35m65[0m
[2m2026-04-04T16:05:50.899693Z[0m [[32m[1minfo     [0m] [1mquality_filter                [0m [36minput[0m=[35m365[0m [36mpassed[0m=[35m4[0m
[2m2026-04-04T16:05:50.900368Z[0m [[32m[1minfo     [0m] [1mdedup                         [0m [36mafter[0m=[35m4[0m [36mbefore[0m=[35m4[0m
[2m2026-04-04T16:05:50.900552Z[0m [[32m[1minfo     [0m] [1mfulltext_selection            [0m [36mcandidates[0m=[35m4[0m [36mfiltered[0m=[35m4[0m [36mmode[0m=[35mhigh-value[0m [36mticker[0m=[35mJNJ[0m
[2m2026-04-04T16:05:52.545039Z[0m [[32m[1minfo     [0m] [1mfetch                         [0m [36mstatus[0m=[35m200[0m [36murl[0m=[35mhttps://www.marketbeat.com/instant-alerts/filing-johnson-johnson-jnj-stock-holdings-lifted[0m
[2m2026-04-04T16:05:52.956811Z[0m [[32m[1minfo     [0m] [1mfetch                         [0m [36mstatus[0m=[35m200[0m [36murl[0m=[35mhttps://www.marketbeat.com/instant-alerts/filing-triad-investment-management-invests-105-m[0m
[2m2026-04-04T16:05:53.003042Z[0m [[32m[1minfo     [0m] [1mfetch                         [0m [36mstatus[0m=[35m200[0m [36murl[0m=[35mhttps://www.marketbeat.com/instant-alerts/filing-pinestone-asset-management-inc-reduces-st[0m
[2m2026-04-04T16:05:53.317090Z[0m [[32m[1minfo     [0m] [1mfetch                         [0m [36mstatus[0m=[35m200[0m [36murl[0m=[35mhttps://www.marketbeat.com/instant-alerts/filing-shrier-wealth-management-llc-acquires-sha[0m
[2m2026-04-04T16:05:53.580026Z[0m [[32m[1minfo     [0m] [1mcrawling                      [0m [36mchannel[0m=[35mGoogle->Benzinga[0m [36mtag[0m=[35mgoogle_benzinga[0m
[2m2026-04-04T16:05:56.343103Z[0m [[32m[1minfo     [0m] [1mfetch                         [0m [36mstatus[0m=[35m200[0m [36murl[0m=[35m'https://news.google.com/rss/search?q=COST+site:benzinga.com&hl=en-US&gl=US&ceid=US:en'[0m
[2m2026-04-04T16:05:56.478572Z[0m [[32m[1minfo     [0m] [1mparsed                        [0m [36mchannel[0m=[35mgoogle_benzinga[0m [36mraw[0m=[35m100[0m
[2m2026-04-04T16:05:58.483781Z[0m [[32m[1minfo     [0m] [1mfetch                         [0m [36mstatus[0m=[35m200[0m [36murl[0m=[35m'https://news.google.com/rss/search?q=COST+site:benzinga.com&hl=en-US&gl=US&ceid=US:en'[0m
[2m2026-04-04T16:05:58.543235Z[0m [[32m[1minfo     [0m] [1mparsed                        [0m [36mchannel[0m=[35mgoogle_benzinga[0m [36mraw[0m=[35m100[0m
[2m2026-04-04T16:05:58.543403Z[0m [[32m[1minfo     [0m] [1mcrawling                      [0m [36mchannel[0m=[35m'Google News (all)'[0m [36mtag[0m=[35mgoogle_broad[0m
[2m2026-04-04T16:06:01.104833Z[0m [[32m[1minfo     [0m] [1mfetch                         [0m [36mstatus[0m=[35m200[0m [36murl[0m=[35m'https://news.google.com/rss/search?q=COST+stock+news&hl=en-US&gl=US&ceid=US:en'[0m
[2m2026-04-04T16:06:01.346471Z[0m [[32m[1minfo     [0m] [1mparsed                        [0m [36mchannel[0m=[35mgoogle_broad[0m [36mraw[0m=[35m100[0m
[2m2026-04-04T16:06:03.993426Z[0m [[32m[1minfo     [0m] [1mfetch                         [0m [36mstatus[0m=[35m200[0m [36murl[0m=[35m'https://news.google.com/rss/search?q=COST+earnings+analysis&hl=en-US&gl=US&ceid=US:en'[0m
[2m2026-04-04T16:06:04.144184Z[0m [[32m[1minfo     [0m] [1mparsed                        [0m [36mchannel[0m=[35mgoogle_broad[0m [36mraw[0m=[35m100[0m
[2m2026-04-04T16:06:04.145876Z[0m [[32m[1minfo     [0m] [1mquality_filter                [0m [36minput[0m=[35m400[0m [36mpassed[0m=[35m2[0m
[2m2026-04-04T16:06:04.146360Z[0m [[32m[1minfo     [0m] [1mdedup                         [0m [36mafter[0m=[35m2[0m [36mbefore[0m=[35m2[0m
[2m2026-04-04T16:06:04.146510Z[0m [[32m[1minfo     [0m] [1mfulltext_selection            [0m [36mcandidates[0m=[35m1[0m [36mfiltered[0m=[35m2[0m [36mmode[0m=[35mhigh-value[0m [36mticker[0m=[35mCOST[0m
[2m2026-04-04T16:06:06.066601Z[0m [[32m[1minfo     [0m] [1mfetch                         [0m [36mstatus[0m=[35m403[0m [36murl[0m=[35mhttps://www.tipranks.com/news/costco-stock-cost-pops-on-significant-growth-runway-for-anot[0m
[2m2026-04-04T16:06:06.269026Z[0m [[32m[1minfo     [0m] [1mcrawling                      [0m [36mchannel[0m=[35mGoogle->Benzinga[0m [36mtag[0m=[35mgoogle_benzinga[0m
[2m2026-04-04T16:06:09.464905Z[0m [[32m[1minfo     [0m] [1mfetch                         [0m [36mstatus[0m=[35m200[0m [36murl[0m=[35m'https://news.google.com/rss/search?q=ABBV+site:benzinga.com&hl=en-US&gl=US&ceid=US:en'[0m
[2m2026-04-04T16:06:09.584526Z[0m [[32m[1minfo     [0m] [1mparsed                        [0m [36mchannel[0m=[35mgoogle_benzinga[0m [36mraw[0m=[35m77[0m
[2m2026-04-04T16:06:11.589527Z[0m [[32m[1minfo     [0m] [1mfetch                         [0m [36mstatus[0m=[35m200[0m [36murl[0m=[35m'https://news.google.com/rss/search?q=ABBV+site:benzinga.com&hl=en-US&gl=US&ceid=US:en'[0m
[2m2026-04-04T16:06:11.636913Z[0m [[32m[1minfo     [0m] [1mparsed                        [0m [36mchannel[0m=[35mgoogle_benzinga[0m [36mraw[0m=[35m77[0m
[2m2026-04-04T16:06:11.637073Z[0m [[32m[1minfo     [0m] [1mcrawling                      [0m [36mchannel[0m=[35m'Google News (all)'[0m [36mtag[0m=[35mgoogle_broad[0m
[2m2026-04-04T16:06:14.161050Z[0m [[32m[1minfo     [0m] [1mfetch                         [0m [36mstatus[0m=[35m200[0m [36murl[0m=[35m'https://news.google.com/rss/search?q=ABBV+stock+news&hl=en-US&gl=US&ceid=US:en'[0m
[2m2026-04-04T16:06:14.296253Z[0m [[32m[1minfo     [0m] [1mparsed                        [0m [36mchannel[0m=[35mgoogle_broad[0m [36mraw[0m=[35m100[0m
[2m2026-04-04T16:06:16.818965Z[0m [[32m[1minfo     [0m] [1mfetch                         [0m [36mstatus[0m=[35m200[0m [36murl[0m=[35m'https://news.google.com/rss/search?q=ABBV+earnings+analysis&hl=en-US&gl=US&ceid=US:en'[0m
[2m2026-04-04T16:06:16.877854Z[0m [[32m[1minfo     [0m] [1mparsed                        [0m [36mchannel[0m=[35mgoogle_broad[0m [36mraw[0m=[35m61[0m
[2m2026-04-04T16:06:16.879174Z[0m [[32m[1minfo     [0m] [1mquality_filter                [0m [36minput[0m=[35m315[0m [36mpassed[0m=[35m1[0m
[2m2026-04-04T16:06:16.879519Z[0m [[32m[1minfo     [0m] [1mdedup                         [0m [36mafter[0m=[35m1[0m [36mbefore[0m=[35m1[0m
[2m2026-04-04T16:06:16.879646Z[0m [[32m[1minfo     [0m] [1mfulltext_selection            [0m [36mcandidates[0m=[35m0[0m [36mfiltered[0m=[35m1[0m [36mmode[0m=[35mhigh-value[0m [36mticker[0m=[35mABBV[0m
[2m2026-04-04T16:06:16.880379Z[0m [[32m[1minfo     [0m] [1mcrawling                      [0m [36mchannel[0m=[35mGoogle->Benzinga[0m [36mtag[0m=[35mgoogle_benzinga[0m
[2m2026-04-04T16:06:19.605960Z[0m [[32m[1minfo     [0m] [1mfetch                         [0m [36mstatus[0m=[35m200[0m [36murl[0m=[35m'https://news.google.com/rss/search?q=NFLX+site:benzinga.com&hl=en-US&gl=US&ceid=US:en'[0m
[2m2026-04-04T16:06:19.747737Z[0m [[32m[1minfo     [0m] [1mparsed                        [0m [36mchannel[0m=[35mgoogle_benzinga[0m [36mraw[0m=[35m100[0m
[2m2026-04-04T16:06:21.755080Z[0m [[32m[1minfo     [0m] [1mfetch                         [0m [36mstatus[0m=[35m200[0m [36murl[0m=[35m'https://news.google.com/rss/search?q=NFLX+site:benzinga.com&hl=en-US&gl=US&ceid=US:en'[0m
[2m2026-04-04T16:06:21.814421Z[0m [[32m[1minfo     [0m] [1mparsed                        [0m [36mchannel[0m=[35mgoogle_benzinga[0m [36mraw[0m=[35m100[0m
[2m2026-04-04T16:06:21.814582Z[0m [[32m[1minfo     [0m] [1mcrawling                      [0m [36mchannel[0m=[35m'Google News (all)'[0m [36mtag[0m=[35mgoogle_broad[0m
[2m2026-04-04T16:06:24.318761Z[0m [[32m[1minfo     [0m] [1mfetch                         [0m [36mstatus[0m=[35m200[0m [36murl[0m=[35m'https://news.google.com/rss/search?q=NFLX+stock+news&hl=en-US&gl=US&ceid=US:en'[0m
[2m2026-04-04T16:06:24.455324Z[0m [[32m[1minfo     [0m] [1mparsed                        [0m [36mchannel[0m=[35mgoogle_broad[0m [36mraw[0m=[35m100[0m
[2m2026-04-04T16:06:27.099689Z[0m [[32m[1minfo     [0m] [1mfetch                         [0m [36mstatus[0m=[35m200[0m [36murl[0m=[35m'https://news.google.com/rss/search?q=NFLX+earnings+analysis&hl=en-US&gl=US&ceid=US:en'[0m
[2m2026-04-04T16:06:27.242563Z[0m [[32m[1minfo     [0m] [1mparsed                        [0m [36mchannel[0m=[35mgoogle_broad[0m [36mraw[0m=[35m100[0m
[2m2026-04-04T16:06:27.245529Z[0m [[32m[1minfo     [0m] [1mquality_filter                [0m [36minput[0m=[35m400[0m [36mpassed[0m=[35m11[0m
[2m2026-04-04T16:06:27.247016Z[0m [[32m[1minfo     [0m] [1mdedup                         [0m [36mafter[0m=[35m11[0m [36mbefore[0m=[35m11[0m
[2m2026-04-04T16:06:27.247312Z[0m [[32m[1minfo     [0m] [1mfulltext_selection            [0m [36mcandidates[0m=[35m4[0m [36mfiltered[0m=[35m11[0m [36mmode[0m=[35mhigh-value[0m [36mticker[0m=[35mNFLX[0m
[2m2026-04-04T16:06:28.665849Z[0m [[32m[1minfo     [0m] [1mfetch                         [0m [36mstatus[0m=[35m403[0m [36murl[0m=[35mhttps://www.investing.com/news/insider-trading-news/neumann-netflix-cfo-sells-28m-in-nflx-[0m
[2m2026-04-04T16:06:29.001501Z[0m [[32m[1minfo     [0m] [1mfetch                         [0m [36mstatus[0m=[35m200[0m [36murl[0m=[35mhttps://www.marketbeat.com/instant-alerts/filing-netflix-inc-nflx-shares-acquired-by-balbo[0m
[2m2026-04-04T16:06:29.706696Z[0m [[32m[1minfo     [0m] [1mfetch                         [0m [36mstatus[0m=[35m429[0m [36murl[0m=[35mhttps://www.stocktitan.net/sec-filings/NFLX/form-4-netflix-inc-insider-trading-activity-9f[0m
[2m2026-04-04T16:06:31.940739Z[0m [[32m[1minfo     [0m] [1mfetch                         [0m [36mstatus[0m=[35m200[0m [36murl[0m=[35mhttps://coincentral.com/netflix-nflx-stock-why-is-co-founder-reed-hastings-selling-40m-in-[0m
[2m2026-04-04T16:06:32.398060Z[0m [[32m[1minfo     [0m] [1mcrawling                      [0m [36mchannel[0m=[35mGoogle->Benzinga[0m [36mtag[0m=[35mgoogle_benzinga[0m
[2m2026-04-04T16:06:35.407933Z[0m [[32m[1minfo     [0m] [1mfetch                         [0m [36mstatus[0m=[35m200[0m [36murl[0m=[35m'https://news.google.com/rss/search?q=PG+site:benzinga.com&hl=en-US&gl=US&ceid=US:en'[0m
[2m2026-04-04T16:06:35.535084Z[0m [[32m[1minfo     [0m] [1mparsed                        [0m [36mchannel[0m=[35mgoogle_benzinga[0m [36mraw[0m=[35m85[0m
[2m2026-04-04T16:06:37.539888Z[0m [[32m[1minfo     [0m] [1mfetch                         [0m [36mstatus[0m=[35m200[0m [36murl[0m=[35m'https://news.google.com/rss/search?q=PG+site:benzinga.com&hl=en-US&gl=US&ceid=US:en'[0m
[2m2026-04-04T16:06:37.591452Z[0m [[32m[1minfo     [0m] [1mparsed                        [0m [36mchannel[0m=[35mgoogle_benzinga[0m [36mraw[0m=[35m85[0m
[2m2026-04-04T16:06:37.591621Z[0m [[32m[1minfo     [0m] [1mcrawling                      [0m [36mchannel[0m=[35m'Google News (all)'[0m [36mtag[0m=[35mgoogle_broad[0m
[2m2026-04-04T16:06:40.302444Z[0m [[32m[1minfo     [0m] [1mfetch                         [0m [36mstatus[0m=[35m200[0m [36murl[0m=[35m'https://news.google.com/rss/search?q=PG+stock+news&hl=en-US&gl=US&ceid=US:en'[0m
[2m2026-04-04T16:06:40.447570Z[0m [[32m[1minfo     [0m] [1mparsed                        [0m [36mchannel[0m=[35mgoogle_broad[0m [36mraw[0m=[35m100[0m
[2m2026-04-04T16:06:42.958753Z[0m [[32m[1minfo     [0m] [1mfetch                         [0m [36mstatus[0m=[35m200[0m [36murl[0m=[35m'https://news.google.com/rss/search?q=PG+earnings+analysis&hl=en-US&gl=US&ceid=US:en'[0m
[2m2026-04-04T16:06:43.072287Z[0m [[32m[1minfo     [0m] [1mparsed                        [0m [36mchannel[0m=[35mgoogle_broad[0m [36mraw[0m=[35m66[0m
[2m2026-04-04T16:06:43.073304Z[0m [[32m[1minfo     [0m] [1mquality_filter                [0m [36minput[0m=[35m336[0m [36mpassed[0m=[35m0[0m
[2m2026-04-04T16:06:43.073461Z[0m [[32m[1minfo     [0m] [1mdedup                         [0m [36mafter[0m=[35m0[0m [36mbefore[0m=[35m0[0m
[2m2026-04-04T16:06:43.073537Z[0m [[32m[1minfo     [0m] [1mfulltext_selection            [0m [36mcandidates[0m=[35m0[0m [36mfiltered[0m=[35m0[0m [36mmode[0m=[35mhigh-value[0m [36mticker[0m=[35mPG[0m
[2m2026-04-04T16:06:43.074273Z[0m [[32m[1minfo     [0m] [1mcrawling                      [0m [36mchannel[0m=[35mGoogle->Benzinga[0m [36mtag[0m=[35mgoogle_benzinga[0m
[2m2026-04-04T16:06:45.825179Z[0m [[32m[1minfo     [0m] [1mfetch                         [0m [36mstatus[0m=[35m200[0m [36murl[0m=[35m'https://news.google.com/rss/search?q=HD+site:benzinga.com&hl=en-US&gl=US&ceid=US:en'[0m
[2m2026-04-04T16:06:45.966600Z[0m [[32m[1minfo     [0m] [1mparsed                        [0m [36mchannel[0m=[35mgoogle_benzinga[0m [36mraw[0m=[35m100[0m
[2m2026-04-04T16:06:47.972827Z[0m [[32m[1minfo     [0m] [1mfetch                         [0m [36mstatus[0m=[35m200[0m [36murl[0m=[35m'https://news.google.com/rss/search?q=HD+site:benzinga.com&hl=en-US&gl=US&ceid=US:en'[0m
[2m2026-04-04T16:06:48.032792Z[0m [[32m[1minfo     [0m] [1mparsed                        [0m [36mchannel[0m=[35mgoogle_benzinga[0m [36mraw[0m=[35m100[0m
[2m2026-04-04T16:06:48.032984Z[0m [[32m[1minfo     [0m] [1mcrawling                      [0m [36mchannel[0m=[35m'Google News (all)'[0m [36mtag[0m=[35mgoogle_broad[0m
[2m2026-04-04T16:06:50.503583Z[0m [[32m[1minfo     [0m] [1mfetch                         [0m [36mstatus[0m=[35m200[0m [36murl[0m=[35m'https://news.google.com/rss/search?q=HD+stock+news&hl=en-US&gl=US&ceid=US:en'[0m
[2m2026-04-04T16:06:50.648020Z[0m [[32m[1minfo     [0m] [1mparsed                        [0m [36mchannel[0m=[35mgoogle_broad[0m [36mraw[0m=[35m100[0m
[2m2026-04-04T16:06:53.277594Z[0m [[32m[1minfo     [0m] [1mfetch                         [0m [36mstatus[0m=[35m200[0m [36murl[0m=[35m'https://news.google.com/rss/search?q=HD+earnings+analysis&hl=en-US&gl=US&ceid=US:en'[0m
[2m2026-04-04T16:06:53.425916Z[0m [[32m[1minfo     [0m] [1mparsed                        [0m [36mchannel[0m=[35mgoogle_broad[0m [36mraw[0m=[35m98[0m
[2m2026-04-04T16:06:53.427951Z[0m [[32m[1minfo     [0m] [1mquality_filter                [0m [36minput[0m=[35m398[0m [36mpassed[0m=[35m2[0m
[2m2026-04-04T16:06:53.428373Z[0m [[32m[1minfo     [0m] [1mdedup                         [0m [36mafter[0m=[35m2[0m [36mbefore[0m=[35m2[0m
[2m2026-04-04T16:06:53.428514Z[0m [[32m[1minfo     [0m] [1mfulltext_selection            [0m [36mcandidates[0m=[35m1[0m [36mfiltered[0m=[35m2[0m [36mmode[0m=[35mhigh-value[0m [36mticker[0m=[35mHD[0m
[2m2026-04-04T16:06:55.540875Z[0m [[32m[1minfo     [0m] [1mfetch                         [0m [36mstatus[0m=[35m200[0m [36murl[0m=[35mhttps://www.marketbeat.com/instant-alerts/filing-the-home-depot-inc-hd-stock-holdings-less[0m
[2m2026-04-04T16:06:55.776032Z[0m [[32m[1minfo     [0m] [1mcrawling                      [0m [36mchannel[0m=[35mGoogle->Benzinga[0m [36mtag[0m=[35mgoogle_benzinga[0m
[2m2026-04-04T16:06:58.402674Z[0m [[32m[1minfo     [0m] [1mfetch                         [0m [36mstatus[0m=[35m200[0m [36murl[0m=[35m'https://news.google.com/rss/search?q=BAC+site:benzinga.com&hl=en-US&gl=US&ceid=US:en'[0m
[2m2026-04-04T16:06:58.534183Z[0m [[32m[1minfo     [0m] [1mparsed                        [0m [36mchannel[0m=[35mgoogle_benzinga[0m [36mraw[0m=[35m100[0m
[2m2026-04-04T16:07:00.539403Z[0m [[32m[1minfo     [0m] [1mfetch                         [0m [36mstatus[0m=[35m200[0m [36murl[0m=[35m'https://news.google.com/rss/search?q=BAC+site:benzinga.com&hl=en-US&gl=US&ceid=US:en'[0m
[2m2026-04-04T16:07:00.598222Z[0m [[32m[1minfo     [0m] [1mparsed                        [0m [36mchannel[0m=[35mgoogle_benzinga[0m [36mraw[0m=[35m100[0m
[2m2026-04-04T16:07:00.598393Z[0m [[32m[1minfo     [0m] [1mcrawling                      [0m [36mchannel[0m=[35m'Google News (all)'[0m [36mtag[0m=[35mgoogle_broad[0m
[2m2026-04-04T16:07:03.189506Z[0m [[32m[1minfo     [0m] [1mfetch                         [0m [36mstatus[0m=[35m200[0m [36murl[0m=[35m'https://news.google.com/rss/search?q=BAC+stock+news&hl=en-US&gl=US&ceid=US:en'[0m
[2m2026-04-04T16:07:03.327096Z[0m [[32m[1minfo     [0m] [1mparsed                        [0m [36mchannel[0m=[35mgoogle_broad[0m [36mraw[0m=[35m100[0m
[2m2026-04-04T16:07:05.838957Z[0m [[32m[1minfo     [0m] [1mfetch                         [0m [36mstatus[0m=[35m200[0m [36murl[0m=[35m'https://news.google.com/rss/search?q=BAC+earnings+analysis&hl=en-US&gl=US&ceid=US:en'[0m
[2m2026-04-04T16:07:05.959946Z[0m [[32m[1minfo     [0m] [1mparsed                        [0m [36mchannel[0m=[35mgoogle_broad[0m [36mraw[0m=[35m69[0m
[2m2026-04-04T16:07:05.961404Z[0m [[32m[1minfo     [0m] [1mquality_filter                [0m [36minput[0m=[35m369[0m [36mpassed[0m=[35m1[0m
[2m2026-04-04T16:07:05.961675Z[0m [[32m[1minfo     [0m] [1mdedup                         [0m [36mafter[0m=[35m1[0m [36mbefore[0m=[35m1[0m
[2m2026-04-04T16:07:05.961790Z[0m [[32m[1minfo     [0m] [1mfulltext_selection            [0m [36mcandidates[0m=[35m1[0m [36mfiltered[0m=[35m1[0m [36mmode[0m=[35mhigh-value[0m [36mticker[0m=[35mBAC[0m
[2m2026-04-04T16:07:08.650605Z[0m [[32m[1minfo     [0m] [1mfetch                         [0m [36mstatus[0m=[35m200[0m [36murl[0m=[35mhttps://www.marketbeat.com/instant-alerts/filing-bank-of-america-corporation-bac-stock-hol[0m
[2m2026-04-04T16:07:09.292306Z[0m [[32m[1minfo     [0m] [1mcrawling                      [0m [36mchannel[0m=[35mGoogle->Benzinga[0m [36mtag[0m=[35mgoogle_benzinga[0m
[2m2026-04-04T16:07:11.853244Z[0m [[32m[1minfo     [0m] [1mfetch                         [0m [36mstatus[0m=[35m200[0m [36murl[0m=[35m'https://news.google.com/rss/search?q=KO+site:benzinga.com&hl=en-US&gl=US&ceid=US:en'[0m
[2m2026-04-04T16:07:12.004592Z[0m [[32m[1minfo     [0m] [1mparsed                        [0m [36mchannel[0m=[35mgoogle_benzinga[0m [36mraw[0m=[35m100[0m
[2m2026-04-04T16:07:14.010307Z[0m [[32m[1minfo     [0m] [1mfetch                         [0m [36mstatus[0m=[35m200[0m [36murl[0m=[35m'https://news.google.com/rss/search?q=KO+site:benzinga.com&hl=en-US&gl=US&ceid=US:en'[0m
[2m2026-04-04T16:07:14.071306Z[0m [[32m[1minfo     [0m] [1mparsed                        [0m [36mchannel[0m=[35mgoogle_benzinga[0m [36mraw[0m=[35m100[0m
[2m2026-04-04T16:07:14.071469Z[0m [[32m[1minfo     [0m] [1mcrawling                      [0m [36mchannel[0m=[35m'Google News (all)'[0m [36mtag[0m=[35mgoogle_broad[0m
[2m2026-04-04T16:07:16.657956Z[0m [[32m[1minfo     [0m] [1mfetch                         [0m [36mstatus[0m=[35m200[0m [36murl[0m=[35m'https://news.google.com/rss/search?q=KO+stock+news&hl=en-US&gl=US&ceid=US:en'[0m
[2m2026-04-04T16:07:16.808271Z[0m [[32m[1minfo     [0m] [1mparsed                        [0m [36mchannel[0m=[35mgoogle_broad[0m [36mraw[0m=[35m100[0m
[2m2026-04-04T16:07:19.301432Z[0m [[32m[1minfo     [0m] [1mfetch                         [0m [36mstatus[0m=[35m200[0m [36murl[0m=[35m'https://news.google.com/rss/search?q=KO+earnings+analysis&hl=en-US&gl=US&ceid=US:en'[0m
[2m2026-04-04T16:07:19.359204Z[0m [[32m[1minfo     [0m] [1mparsed                        [0m [36mchannel[0m=[35mgoogle_broad[0m [36mraw[0m=[35m61[0m
[2m2026-04-04T16:07:19.362153Z[0m [[32m[1minfo     [0m] [1mquality_filter                [0m [36minput[0m=[35m361[0m [36mpassed[0m=[35m9[0m
[2m2026-04-04T16:07:19.363542Z[0m [[32m[1minfo     [0m] [1mdedup                         [0m [36mafter[0m=[35m8[0m [36mbefore[0m=[35m9[0m
[2m2026-04-04T16:07:19.363762Z[0m [[32m[1minfo     [0m] [1mfulltext_selection            [0m [36mcandidates[0m=[35m0[0m [36mfiltered[0m=[35m8[0m [36mmode[0m=[35mhigh-value[0m [36mticker[0m=[35mKO[0m
[2m2026-04-04T16:07:19.364563Z[0m [[32m[1minfo     [0m] [1mcrawling                      [0m [36mchannel[0m=[35mGoogle->Benzinga[0m [36mtag[0m=[35mgoogle_benzinga[0m
[2m2026-04-04T16:07:22.419959Z[0m [[32m[1minfo     [0m] [1mfetch                         [0m [36mstatus[0m=[35m200[0m [36murl[0m=[35m'https://news.google.com/rss/search?q=CSCO+site:benzinga.com&hl=en-US&gl=US&ceid=US:en'[0m
[2m2026-04-04T16:07:22.569499Z[0m [[32m[1minfo     [0m] [1mparsed                        [0m [36mchannel[0m=[35mgoogle_benzinga[0m [36mraw[0m=[35m100[0m
[2m2026-04-04T16:07:24.574816Z[0m [[32m[1minfo     [0m] [1mfetch                         [0m [36mstatus[0m=[35m200[0m [36murl[0m=[35m'https://news.google.com/rss/search?q=CSCO+site:benzinga.com&hl=en-US&gl=US&ceid=US:en'[0m
[2m2026-04-04T16:07:24.634868Z[0m [[32m[1minfo     [0m] [1mparsed                        [0m [36mchannel[0m=[35mgoogle_benzinga[0m [36mraw[0m=[35m100[0m
[2m2026-04-04T16:07:24.635030Z[0m [[32m[1minfo     [0m] [1mcrawling                      [0m [36mchannel[0m=[35m'Google News (all)'[0m [36mtag[0m=[35mgoogle_broad[0m
[2m2026-04-04T16:07:27.195781Z[0m [[32m[1minfo     [0m] [1mfetch                         [0m [36mstatus[0m=[35m200[0m [36murl[0m=[35m'https://news.google.com/rss/search?q=CSCO+stock+news&hl=en-US&gl=US&ceid=US:en'[0m
[2m2026-04-04T16:07:27.339044Z[0m [[32m[1minfo     [0m] [1mparsed                        [0m [36mchannel[0m=[35mgoogle_broad[0m [36mraw[0m=[35m100[0m
[2m2026-04-04T16:07:29.864593Z[0m [[32m[1minfo     [0m] [1mfetch                         [0m [36mstatus[0m=[35m200[0m [36murl[0m=[35m'https://news.google.com/rss/search?q=CSCO+earnings+analysis&hl=en-US&gl=US&ceid=US:en'[0m
[2m2026-04-04T16:07:30.015107Z[0m [[32m[1minfo     [0m] [1mparsed                        [0m [36mchannel[0m=[35mgoogle_broad[0m [36mraw[0m=[35m100[0m
[2m2026-04-04T16:07:30.016806Z[0m [[32m[1minfo     [0m] [1mquality_filter                [0m [36minput[0m=[35m400[0m [36mpassed[0m=[35m2[0m
[2m2026-04-04T16:07:30.017162Z[0m [[32m[1minfo     [0m] [1mdedup                         [0m [36mafter[0m=[35m2[0m [36mbefore[0m=[35m2[0m
[2m2026-04-04T16:07:30.017348Z[0m [[32m[1minfo     [0m] [1mfulltext_selection            [0m [36mcandidates[0m=[35m1[0m [36mfiltered[0m=[35m2[0m [36mmode[0m=[35mhigh-value[0m [36mticker[0m=[35mCSCO[0m
[2m2026-04-04T16:07:32.735112Z[0m [[32m[1minfo     [0m] [1mfetch                         [0m [36mstatus[0m=[35m200[0m [36murl[0m=[35mhttps://www.marketbeat.com/instant-alerts/filing-cisco-systems-inc-csco-stock-holdings-low[0m
[2m2026-04-04T16:07:33.078775Z[0m [[32m[1minfo     [0m] [1mcrawling                      [0m [36mchannel[0m=[35mGoogle->Benzinga[0m [36mtag[0m=[35mgoogle_benzinga[0m
[2m2026-04-04T16:07:35.638676Z[0m [[32m[1minfo     [0m] [1mfetch                         [0m [36mstatus[0m=[35m200[0m [36murl[0m=[35m'https://news.google.com/rss/search?q=MRK+site:benzinga.com&hl=en-US&gl=US&ceid=US:en'[0m
[2m2026-04-04T16:07:35.782428Z[0m [[32m[1minfo     [0m] [1mparsed                        [0m [36mchannel[0m=[35mgoogle_benzinga[0m [36mraw[0m=[35m100[0m
[2m2026-04-04T16:07:37.787484Z[0m [[32m[1minfo     [0m] [1mfetch                         [0m [36mstatus[0m=[35m200[0m [36murl[0m=[35m'https://news.google.com/rss/search?q=MRK+site:benzinga.com&hl=en-US&gl=US&ceid=US:en'[0m
[2m2026-04-04T16:07:37.848299Z[0m [[32m[1minfo     [0m] [1mparsed                        [0m [36mchannel[0m=[35mgoogle_benzinga[0m [36mraw[0m=[35m100[0m
[2m2026-04-04T16:07:37.848462Z[0m [[32m[1minfo     [0m] [1mcrawling                      [0m [36mchannel[0m=[35m'Google News (all)'[0m [36mtag[0m=[35mgoogle_broad[0m
[2m2026-04-04T16:07:40.418321Z[0m [[32m[1minfo     [0m] [1mfetch                         [0m [36mstatus[0m=[35m200[0m [36murl[0m=[35m'https://news.google.com/rss/search?q=MRK+stock+news&hl=en-US&gl=US&ceid=US:en'[0m
[2m2026-04-04T16:07:40.562601Z[0m [[32m[1minfo     [0m] [1mparsed                        [0m [36mchannel[0m=[35mgoogle_broad[0m [36mraw[0m=[35m100[0m
[2m2026-04-04T16:07:42.983077Z[0m [[32m[1minfo     [0m] [1mfetch                         [0m [36mstatus[0m=[35m200[0m [36murl[0m=[35m'https://news.google.com/rss/search?q=MRK+earnings+analysis&hl=en-US&gl=US&ceid=US:en'[0m
[2m2026-04-04T16:07:43.040437Z[0m [[32m[1minfo     [0m] [1mparsed                        [0m [36mchannel[0m=[35mgoogle_broad[0m [36mraw[0m=[35m60[0m
[2m2026-04-04T16:07:43.041973Z[0m [[32m[1minfo     [0m] [1mquality_filter                [0m [36minput[0m=[35m360[0m [36mpassed[0m=[35m2[0m
[2m2026-04-04T16:07:43.042341Z[0m [[32m[1minfo     [0m] [1mdedup                         [0m [36mafter[0m=[35m2[0m [36mbefore[0m=[35m2[0m
[2m2026-04-04T16:07:43.042465Z[0m [[32m[1minfo     [0m] [1mfulltext_selection            [0m [36mcandidates[0m=[35m2[0m [36mfiltered[0m=[35m2[0m [36mmode[0m=[35mhigh-value[0m [36mticker[0m=[35mMRK[0m
[2m2026-04-04T16:07:45.081867Z[0m [[32m[1minfo     [0m] [1mfetch                         [0m [36mstatus[0m=[35m200[0m [36murl[0m=[35mhttps://www.marketbeat.com/instant-alerts/filing-merck-co-inc-mrk-shares-purchased-by-quin[0m
[2m2026-04-04T16:07:45.082415Z[0m [[32m[1minfo     [0m] [1mfetch                         [0m [36mstatus[0m=[35m200[0m [36murl[0m=[35mhttps://www.marketbeat.com/instant-alerts/filing-merck-co-inc-mrk-shares-bought-by-aberdee[0m
[2m2026-04-04T16:07:45.431046Z[0m [[32m[1minfo     [0m] [1mcrawling                      [0m [36mchannel[0m=[35mGoogle->Benzinga[0m [36mtag[0m=[35mgoogle_benzinga[0m
[2m2026-04-04T16:07:48.031498Z[0m [[32m[1minfo     [0m] [1mfetch                         [0m [36mstatus[0m=[35m200[0m [36murl[0m=[35m'https://news.google.com/rss/search?q=PM+site:benzinga.com&hl=en-US&gl=US&ceid=US:en'[0m
[2m2026-04-04T16:07:48.174064Z[0m [[32m[1minfo     [0m] [1mparsed                        [0m [36mchannel[0m=[35mgoogle_benzinga[0m [36mraw[0m=[35m100[0m
[2m2026-04-04T16:07:50.179908Z[0m [[32m[1minfo     [0m] [1mfetch                         [0m [36mstatus[0m=[35m200[0m [36murl[0m=[35m'https://news.google.com/rss/search?q=PM+site:benzinga.com&hl=en-US&gl=US&ceid=US:en'[0m
[2m2026-04-04T16:07:50.238858Z[0m [[32m[1minfo     [0m] [1mparsed                        [0m [36mchannel[0m=[35mgoogle_benzinga[0m [36mraw[0m=[35m100[0m
[2m2026-04-04T16:07:50.239024Z[0m [[32m[1minfo     [0m] [1mcrawling                      [0m [36mchannel[0m=[35m'Google News (all)'[0m [36mtag[0m=[35mgoogle_broad[0m
[2m2026-04-04T16:07:52.769117Z[0m [[32m[1minfo     [0m] [1mfetch                         [0m [36mstatus[0m=[35m200[0m [36murl[0m=[35m'https://news.google.com/rss/search?q=PM+stock+news&hl=en-US&gl=US&ceid=US:en'[0m
[2m2026-04-04T16:07:52.895165Z[0m [[32m[1minfo     [0m] [1mparsed                        [0m [36mchannel[0m=[35mgoogle_broad[0m [36mraw[0m=[35m88[0m
[2m2026-04-04T16:07:55.377817Z[0m [[32m[1minfo     [0m] [1mfetch                         [0m [36mstatus[0m=[35m200[0m [36murl[0m=[35m'https://news.google.com/rss/search?q=PM+earnings+analysis&hl=en-US&gl=US&ceid=US:en'[0m
[2m2026-04-04T16:07:55.398065Z[0m [[32m[1minfo     [0m] [1mparsed                        [0m [36mchannel[0m=[35mgoogle_broad[0m [36mraw[0m=[35m30[0m
[2m2026-04-04T16:07:55.399836Z[0m [[32m[1minfo     [0m] [1mquality_filter                [0m [36minput[0m=[35m318[0m [36mpassed[0m=[35m0[0m
[2m2026-04-04T16:07:55.399979Z[0m [[32m[1minfo     [0m] [1mdedup                         [0m [36mafter[0m=[35m0[0m [36mbefore[0m=[35m0[0m
[2m2026-04-04T16:07:55.400052Z[0m [[32m[1minfo     [0m] [1mfulltext_selection            [0m [36mcandidates[0m=[35m0[0m [36mfiltered[0m=[35m0[0m [36mmode[0m=[35mhigh-value[0m [36mticker[0m=[35mPM[0m
[2m2026-04-04T16:07:55.400849Z[0m [[32m[1minfo     [0m] [1mcrawling                      [0m [36mchannel[0m=[35mGoogle->Benzinga[0m [36mtag[0m=[35mgoogle_benzinga[0m
[2m2026-04-04T16:07:57.970085Z[0m [[32m[1minfo     [0m] [1mfetch                         [0m [36mstatus[0m=[35m200[0m [36murl[0m=[35m'https://news.google.com/rss/search?q=UNH+site:benzinga.com&hl=en-US&gl=US&ceid=US:en'[0m
[2m2026-04-04T16:07:58.113368Z[0m [[32m[1minfo     [0m] [1mparsed                        [0m [36mchannel[0m=[35mgoogle_benzinga[0m [36mraw[0m=[35m100[0m
[2m2026-04-04T16:08:00.118822Z[0m [[32m[1minfo     [0m] [1mfetch                         [0m [36mstatus[0m=[35m200[0m [36murl[0m=[35m'https://news.google.com/rss/search?q=UNH+site:benzinga.com&hl=en-US&gl=US&ceid=US:en'[0m
[2m2026-04-04T16:08:00.213704Z[0m [[32m[1minfo     [0m] [1mparsed                        [0m [36mchannel[0m=[35mgoogle_benzinga[0m [36mraw[0m=[35m100[0m
[2m2026-04-04T16:08:00.213882Z[0m [[32m[1minfo     [0m] [1mcrawling                      [0m [36mchannel[0m=[35m'Google News (all)'[0m [36mtag[0m=[35mgoogle_broad[0m
[2m2026-04-04T16:08:02.758773Z[0m [[32m[1minfo     [0m] [1mfetch                         [0m [36mstatus[0m=[35m200[0m [36murl[0m=[35m'https://news.google.com/rss/search?q=UNH+stock+news&hl=en-US&gl=US&ceid=US:en'[0m
[2m2026-04-04T16:08:02.948428Z[0m [[32m[1minfo     [0m] [1mparsed                        [0m [36mchannel[0m=[35mgoogle_broad[0m [36mraw[0m=[35m100[0m
[2m2026-04-04T16:08:05.533768Z[0m [[32m[1minfo     [0m] [1mfetch                         [0m [36mstatus[0m=[35m200[0m [36murl[0m=[35m'https://news.google.com/rss/search?q=UNH+earnings+analysis&hl=en-US&gl=US&ceid=US:en'[0m
[2m2026-04-04T16:08:05.677724Z[0m [[32m[1minfo     [0m] [1mparsed                        [0m [36mchannel[0m=[35mgoogle_broad[0m [36mraw[0m=[35m100[0m
[2m2026-04-04T16:08:05.679897Z[0m [[32m[1minfo     [0m] [1mquality_filter                [0m [36minput[0m=[35m400[0m [36mpassed[0m=[35m4[0m
[2m2026-04-04T16:08:05.680583Z[0m [[32m[1minfo     [0m] [1mdedup                         [0m [36mafter[0m=[35m4[0m [36mbefore[0m=[35m4[0m
[2m2026-04-04T16:08:05.680758Z[0m [[32m[1minfo     [0m] [1mfulltext_selection            [0m [36mcandidates[0m=[35m2[0m [36mfiltered[0m=[35m4[0m [36mmode[0m=[35mhigh-value[0m [36mticker[0m=[35mUNH[0m
[2m2026-04-04T16:08:08.055624Z[0m [[32m[1minfo     [0m] [1mfetch                         [0m [36mstatus[0m=[35m200[0m [36murl[0m=[35mhttps://www.barchart.com/story/news/1122677/unitedhealth-stock-is-down-nearly-50-over-the-[0m
[2m2026-04-04T16:08:08.193381Z[0m [[32m[1minfo     [0m] [1mfetch                         [0m [36mstatus[0m=[35m200[0m [36murl[0m=[35mhttps://www.marketbeat.com/instant-alerts/unitedhealth-group-nyseunh-shares-up-12-after-an[0m
[2m2026-04-04T16:08:08.461266Z[0m [[32m[1minfo     [0m] [1mcrawling                      [0m [36mchannel[0m=[35mGoogle->Benzinga[0m [36mtag[0m=[35mgoogle_benzinga[0m
[2m2026-04-04T16:08:11.118603Z[0m [[32m[1minfo     [0m] [1mfetch                         [0m [36mstatus[0m=[35m200[0m [36murl[0m=[35m'https://news.google.com/rss/search?q=MS+site:benzinga.com&hl=en-US&gl=US&ceid=US:en'[0m
[2m2026-04-04T16:08:11.261731Z[0m [[32m[1minfo     [0m] [1mparsed                        [0m [36mchannel[0m=[35mgoogle_benzinga[0m [36mraw[0m=[35m100[0m
[2m2026-04-04T16:08:13.266875Z[0m [[32m[1minfo     [0m] [1mfetch                         [0m [36mstatus[0m=[35m200[0m [36murl[0m=[35m'https://news.google.com/rss/search?q=MS+site:benzinga.com&hl=en-US&gl=US&ceid=US:en'[0m
[2m2026-04-04T16:08:13.327253Z[0m [[32m[1minfo     [0m] [1mparsed                        [0m [36mchannel[0m=[35mgoogle_benzinga[0m [36mraw[0m=[35m100[0m
[2m2026-04-04T16:08:13.327422Z[0m [[32m[1minfo     [0m] [1mcrawling                      [0m [36mchannel[0m=[35m'Google News (all)'[0m [36mtag[0m=[35mgoogle_broad[0m
[2m2026-04-04T16:08:15.873122Z[0m [[32m[1minfo     [0m] [1mfetch                         [0m [36mstatus[0m=[35m200[0m [36murl[0m=[35m'https://news.google.com/rss/search?q=MS+stock+news&hl=en-US&gl=US&ceid=US:en'[0m
[2m2026-04-04T16:08:15.995535Z[0m [[32m[1minfo     [0m] [1mparsed                        [0m [36mchannel[0m=[35mgoogle_broad[0m [36mraw[0m=[35m82[0m
[2m2026-04-04T16:08:18.494709Z[0m [[32m[1minfo     [0m] [1mfetch                         [0m [36mstatus[0m=[35m200[0m [36murl[0m=[35m'https://news.google.com/rss/search?q=MS+earnings+analysis&hl=en-US&gl=US&ceid=US:en'[0m
[2m2026-04-04T16:08:18.612038Z[0m [[32m[1minfo     [0m] [1mparsed                        [0m [36mchannel[0m=[35mgoogle_broad[0m [36mraw[0m=[35m73[0m
[2m2026-04-04T16:08:18.613921Z[0m [[32m[1minfo     [0m] [1mquality_filter                [0m [36minput[0m=[35m355[0m [36mpassed[0m=[35m1[0m
[2m2026-04-04T16:08:18.614222Z[0m [[32m[1minfo     [0m] [1mdedup                         [0m [36mafter[0m=[35m1[0m [36mbefore[0m=[35m1[0m
[2m2026-04-04T16:08:18.614337Z[0m [[32m[1minfo     [0m] [1mfulltext_selection            [0m [36mcandidates[0m=[35m1[0m [36mfiltered[0m=[35m1[0m [36mmode[0m=[35mhigh-value[0m [36mticker[0m=[35mMS[0m
[2m2026-04-04T16:08:20.522041Z[0m [[32m[1minfo     [0m] [1mfetch                         [0m [36mstatus[0m=[35m200[0m [36murl[0m=[35mhttps://www.msn.com/en-us/money/topstocks/will-morgan-stanley-ms-beat-estimates-again-in-i[0m
[2m2026-04-04T16:08:20.749344Z[0m [[32m[1minfo     [0m] [1mcrawling                      [0m [36mchannel[0m=[35mGoogle->Benzinga[0m [36mtag[0m=[35mgoogle_benzinga[0m
[2m2026-04-04T16:08:23.410599Z[0m [[32m[1minfo     [0m] [1mfetch                         [0m [36mstatus[0m=[35m200[0m [36murl[0m=[35m'https://news.google.com/rss/search?q=GS+site:benzinga.com&hl=en-US&gl=US&ceid=US:en'[0m
[2m2026-04-04T16:08:23.545707Z[0m [[32m[1minfo     [0m] [1mparsed                        [0m [36mchannel[0m=[35mgoogle_benzinga[0m [36mraw[0m=[35m100[0m
[2m2026-04-04T16:08:25.550981Z[0m [[32m[1minfo     [0m] [1mfetch                         [0m [36mstatus[0m=[35m200[0m [36murl[0m=[35m'https://news.google.com/rss/search?q=GS+site:benzinga.com&hl=en-US&gl=US&ceid=US:en'[0m
[2m2026-04-04T16:08:25.609853Z[0m [[32m[1minfo     [0m] [1mparsed                        [0m [36mchannel[0m=[35mgoogle_benzinga[0m [36mraw[0m=[35m100[0m
[2m2026-04-04T16:08:25.610021Z[0m [[32m[1minfo     [0m] [1mcrawling                      [0m [36mchannel[0m=[35m'Google News (all)'[0m [36mtag[0m=[35mgoogle_broad[0m
[2m2026-04-04T16:08:28.158439Z[0m [[32m[1minfo     [0m] [1mfetch                         [0m [36mstatus[0m=[35m200[0m [36murl[0m=[35m'https://news.google.com/rss/search?q=GS+stock+news&hl=en-US&gl=US&ceid=US:en'[0m
[2m2026-04-04T16:08:28.258690Z[0m [[32m[1minfo     [0m] [1mparsed                        [0m [36mchannel[0m=[35mgoogle_broad[0m [36mraw[0m=[35m100[0m
[2m2026-04-04T16:08:30.776171Z[0m [[32m[1minfo     [0m] [1mfetch                         [0m [36mstatus[0m=[35m200[0m [36murl[0m=[35m'https://news.google.com/rss/search?q=GS+earnings+analysis&hl=en-US&gl=US&ceid=US:en'[0m
[2m2026-04-04T16:08:30.854401Z[0m [[32m[1minfo     [0m] [1mparsed                        [0m [36mchannel[0m=[35mgoogle_broad[0m [36mraw[0m=[35m73[0m
[2m2026-04-04T16:08:30.856431Z[0m [[32m[1minfo     [0m] [1mquality_filter                [0m [36minput[0m=[35m373[0m [36mpassed[0m=[35m0[0m
[2m2026-04-04T16:08:30.856597Z[0m [[32m[1minfo     [0m] [1mdedup                         [0m [36mafter[0m=[35m0[0m [36mbefore[0m=[35m0[0m
[2m2026-04-04T16:08:30.856673Z[0m [[32m[1minfo     [0m] [1mfulltext_selection            [0m [36mcandidates[0m=[35m0[0m [36mfiltered[0m=[35m0[0m [36mmode[0m=[35mhigh-value[0m [36mticker[0m=[35mGS[0m
[2m2026-04-04T16:08:30.857413Z[0m [[32m[1minfo     [0m] [1mcrawling                      [0m [36mchannel[0m=[35mGoogle->Benzinga[0m [36mtag[0m=[35mgoogle_benzinga[0m
[2m2026-04-04T16:08:33.420026Z[0m [[32m[1minfo     [0m] [1mfetch                         [0m [36mstatus[0m=[35m200[0m [36murl[0m=[35m'https://news.google.com/rss/search?q=WFC+site:benzinga.com&hl=en-US&gl=US&ceid=US:en'[0m
[2m2026-04-04T16:08:33.541910Z[0m [[32m[1minfo     [0m] [1mparsed                        [0m [36mchannel[0m=[35mgoogle_benzinga[0m [36mraw[0m=[35m88[0m
[2m2026-04-04T16:08:35.546945Z[0m [[32m[1minfo     [0m] [1mfetch                         [0m [36mstatus[0m=[35m200[0m [36murl[0m=[35m'https://news.google.com/rss/search?q=WFC+site:benzinga.com&hl=en-US&gl=US&ceid=US:en'[0m
[2m2026-04-04T16:08:35.600306Z[0m [[32m[1minfo     [0m] [1mparsed                        [0m [36mchannel[0m=[35mgoogle_benzinga[0m [36mraw[0m=[35m88[0m
[2m2026-04-04T16:08:35.600491Z[0m [[32m[1minfo     [0m] [1mcrawling                      [0m [36mchannel[0m=[35m'Google News (all)'[0m [36mtag[0m=[35mgoogle_broad[0m
[2m2026-04-04T16:08:38.149142Z[0m [[32m[1minfo     [0m] [1mfetch                         [0m [36mstatus[0m=[35m200[0m [36murl[0m=[35m'https://news.google.com/rss/search?q=WFC+stock+news&hl=en-US&gl=US&ceid=US:en'[0m
[2m2026-04-04T16:08:38.278686Z[0m [[32m[1minfo     [0m] [1mparsed                        [0m [36mchannel[0m=[35mgoogle_broad[0m [36mraw[0m=[35m100[0m
[2m2026-04-04T16:08:40.772721Z[0m [[32m[1minfo     [0m] [1mfetch                         [0m [36mstatus[0m=[35m200[0m [36murl[0m=[35m'https://news.google.com/rss/search?q=WFC+earnings+analysis&hl=en-US&gl=US&ceid=US:en'[0m
[2m2026-04-04T16:08:40.843084Z[0m [[32m[1minfo     [0m] [1mparsed                        [0m [36mchannel[0m=[35mgoogle_broad[0m [36mraw[0m=[35m71[0m
[2m2026-04-04T16:08:40.843973Z[0m [[32m[1minfo     [0m] [1mquality_filter                [0m [36minput[0m=[35m347[0m [36mpassed[0m=[35m0[0m
[2m2026-04-04T16:08:40.844092Z[0m [[32m[1minfo     [0m] [1mdedup                         [0m [36mafter[0m=[35m0[0m [36mbefore[0m=[35m0[0m
[2m2026-04-04T16:08:40.844165Z[0m [[32m[1minfo     [0m] [1mfulltext_selection            [0m [36mcandidates[0m=[35m0[0m [36mfiltered[0m=[35m0[0m [36mmode[0m=[35mhigh-value[0m [36mticker[0m=[35mWFC[0m
[2m2026-04-04T16:08:40.845080Z[0m [[32m[1minfo     [0m] [1mcrawling                      [0m [36mchannel[0m=[35mGoogle->Benzinga[0m [36mtag[0m=[35mgoogle_benzinga[0m
[2m2026-04-04T16:08:43.417127Z[0m [[32m[1minfo     [0m] [1mfetch                         [0m [36mstatus[0m=[35m200[0m [36murl[0m=[35m'https://news.google.com/rss/search?q=MCD+site:benzinga.com&hl=en-US&gl=US&ceid=US:en'[0m
[2m2026-04-04T16:08:43.567526Z[0m [[32m[1minfo     [0m] [1mparsed                        [0m [36mchannel[0m=[35mgoogle_benzinga[0m [36mraw[0m=[35m100[0m
[2m2026-04-04T16:08:45.572755Z[0m [[32m[1minfo     [0m] [1mfetch                         [0m [36mstatus[0m=[35m200[0m [36murl[0m=[35m'https://news.google.com/rss/search?q=MCD+site:benzinga.com&hl=en-US&gl=US&ceid=US:en'[0m
[2m2026-04-04T16:08:45.633864Z[0m [[32m[1minfo     [0m] [1mparsed                        [0m [36mchannel[0m=[35mgoogle_benzinga[0m [36mraw[0m=[35m100[0m
[2m2026-04-04T16:08:45.634031Z[0m [[32m[1minfo     [0m] [1mcrawling                      [0m [36mchannel[0m=[35m'Google News (all)'[0m [36mtag[0m=[35mgoogle_broad[0m
[2m2026-04-04T16:08:48.210013Z[0m [[32m[1minfo     [0m] [1mfetch                         [0m [36mstatus[0m=[35m200[0m [36murl[0m=[35m'https://news.google.com/rss/search?q=MCD+stock+news&hl=en-US&gl=US&ceid=US:en'[0m
[2m2026-04-04T16:08:48.357060Z[0m [[32m[1minfo     [0m] [1mparsed                        [0m [36mchannel[0m=[35mgoogle_broad[0m [36mraw[0m=[35m100[0m
[2m2026-04-04T16:08:50.899900Z[0m [[32m[1minfo     [0m] [1mfetch                         [0m [36mstatus[0m=[35m200[0m [36murl[0m=[35m'https://news.google.com/rss/search?q=MCD+earnings+analysis&hl=en-US&gl=US&ceid=US:en'[0m
[2m2026-04-04T16:08:51.051775Z[0m [[32m[1minfo     [0m] [1mparsed                        [0m [36mchannel[0m=[35mgoogle_broad[0m [36mraw[0m=[35m100[0m
[2m2026-04-04T16:08:51.053903Z[0m [[32m[1minfo     [0m] [1mquality_filter                [0m [36minput[0m=[35m400[0m [36mpassed[0m=[35m3[0m
[2m2026-04-04T16:08:51.054440Z[0m [[32m[1minfo     [0m] [1mdedup                         [0m [36mafter[0m=[35m3[0m [36mbefore[0m=[35m3[0m
[2m2026-04-04T16:08:51.054585Z[0m [[32m[1minfo     [0m] [1mfulltext_selection            [0m [36mcandidates[0m=[35m2[0m [36mfiltered[0m=[35m3[0m [36mmode[0m=[35mhigh-value[0m [36mticker[0m=[35mMCD[0m
[2m2026-04-04T16:08:53.252085Z[0m [[32m[1minfo     [0m] [1mfetch                         [0m [36mstatus[0m=[35m200[0m [36murl[0m=[35mhttps://www.marketbeat.com/instant-alerts/filing-aberdeen-group-plc-trims-stake-in-mcdonal[0m
[2m2026-04-04T16:08:54.039408Z[0m [[32m[1minfo     [0m] [1mfetch                         [0m [36mstatus[0m=[35m200[0m [36murl[0m=[35mhttps://www.marketbeat.com/instant-alerts/filing-thurston-springer-miller-herd-titak-inc-b[0m
[2m2026-04-04T16:08:54.675859Z[0m [[32m[1minfo     [0m] [1mcrawling                      [0m [36mchannel[0m=[35mGoogle->Benzinga[0m [36mtag[0m=[35mgoogle_benzinga[0m
[2m2026-04-04T16:08:57.252293Z[0m [[32m[1minfo     [0m] [1mfetch                         [0m [36mstatus[0m=[35m200[0m [36murl[0m=[35m'https://news.google.com/rss/search?q=TMUS+site:benzinga.com&hl=en-US&gl=US&ceid=US:en'[0m
[2m2026-04-04T16:08:57.378499Z[0m [[32m[1minfo     [0m] [1mparsed                        [0m [36mchannel[0m=[35mgoogle_benzinga[0m [36mraw[0m=[35m82[0m
[2m2026-04-04T16:08:59.384680Z[0m [[32m[1minfo     [0m] [1mfetch                         [0m [36mstatus[0m=[35m200[0m [36murl[0m=[35m'https://news.google.com/rss/search?q=TMUS+site:benzinga.com&hl=en-US&gl=US&ceid=US:en'[0m
[2m2026-04-04T16:08:59.434296Z[0m [[32m[1minfo     [0m] [1mparsed                        [0m [36mchannel[0m=[35mgoogle_benzinga[0m [36mraw[0m=[35m82[0m
[2m2026-04-04T16:08:59.434457Z[0m [[32m[1minfo     [0m] [1mcrawling                      [0m [36mchannel[0m=[35m'Google News (all)'[0m [36mtag[0m=[35mgoogle_broad[0m
[2m2026-04-04T16:09:01.984077Z[0m [[32m[1minfo     [0m] [1mfetch                         [0m [36mstatus[0m=[35m200[0m [36murl[0m=[35m'https://news.google.com/rss/search?q=TMUS+stock+news&hl=en-US&gl=US&ceid=US:en'[0m
[2m2026-04-04T16:09:02.166030Z[0m [[32m[1minfo     [0m] [1mparsed                        [0m [36mchannel[0m=[35mgoogle_broad[0m [36mraw[0m=[35m100[0m
[2m2026-04-04T16:09:04.691699Z[0m [[32m[1minfo     [0m] [1mfetch                         [0m [36mstatus[0m=[35m200[0m [36murl[0m=[35m'https://news.google.com/rss/search?q=TMUS+earnings+analysis&hl=en-US&gl=US&ceid=US:en'[0m
[2m2026-04-04T16:09:04.752593Z[0m [[32m[1minfo     [0m] [1mparsed                        [0m [36mchannel[0m=[35mgoogle_broad[0m [36mraw[0m=[35m66[0m
[2m2026-04-04T16:09:04.753950Z[0m [[32m[1minfo     [0m] [1mquality_filter                [0m [36minput[0m=[35m330[0m [36mpassed[0m=[35m1[0m
[2m2026-04-04T16:09:04.754305Z[0m [[32m[1minfo     [0m] [1mdedup                         [0m [36mafter[0m=[35m1[0m [36mbefore[0m=[35m1[0m
[2m2026-04-04T16:09:04.754431Z[0m [[32m[1minfo     [0m] [1mfulltext_selection            [0m [36mcandidates[0m=[35m0[0m [36mfiltered[0m=[35m1[0m [36mmode[0m=[35mhigh-value[0m [36mticker[0m=[35mTMUS[0m
[2m2026-04-04T16:09:04.755146Z[0m [[32m[1minfo     [0m] [1mcrawling                      [0m [36mchannel[0m=[35mGoogle->Benzinga[0m [36mtag[0m=[35mgoogle_benzinga[0m
[2m2026-04-04T16:09:07.347622Z[0m [[32m[1minfo     [0m] [1mfetch                         [0m [36mstatus[0m=[35m200[0m [36murl[0m=[35m'https://news.google.com/rss/search?q=LIN+site:benzinga.com&hl=en-US&gl=US&ceid=US:en'[0m
[2m2026-04-04T16:09:07.431085Z[0m [[32m[1minfo     [0m] [1mparsed                        [0m [36mchannel[0m=[35mgoogle_benzinga[0m [36mraw[0m=[35m100[0m
[2m2026-04-04T16:09:09.436859Z[0m [[32m[1minfo     [0m] [1mfetch                         [0m [36mstatus[0m=[35m200[0m [36murl[0m=[35m'https://news.google.com/rss/search?q=LIN+site:benzinga.com&hl=en-US&gl=US&ceid=US:en'[0m
[2m2026-04-04T16:09:09.496610Z[0m [[32m[1minfo     [0m] [1mparsed                        [0m [36mchannel[0m=[35mgoogle_benzinga[0m [36mraw[0m=[35m100[0m
[2m2026-04-04T16:09:09.496784Z[0m [[32m[1minfo     [0m] [1mcrawling                      [0m [36mchannel[0m=[35m'Google News (all)'[0m [36mtag[0m=[35mgoogle_broad[0m
[2m2026-04-04T16:09:11.987006Z[0m [[32m[1minfo     [0m] [1mfetch                         [0m [36mstatus[0m=[35m200[0m [36murl[0m=[35m'https://news.google.com/rss/search?q=LIN+stock+news&hl=en-US&gl=US&ceid=US:en'[0m
[2m2026-04-04T16:09:12.046970Z[0m [[32m[1minfo     [0m] [1mparsed                        [0m [36mchannel[0m=[35mgoogle_broad[0m [36mraw[0m=[35m63[0m
[2m2026-04-04T16:09:14.563676Z[0m [[32m[1minfo     [0m] [1mfetch                         [0m [36mstatus[0m=[35m200[0m [36murl[0m=[35m'https://news.google.com/rss/search?q=LIN+earnings+analysis&hl=en-US&gl=US&ceid=US:en'[0m
[2m2026-04-04T16:09:14.624049Z[0m [[32m[1minfo     [0m] [1mparsed                        [0m [36mchannel[0m=[35mgoogle_broad[0m [36mraw[0m=[35m72[0m
[2m2026-04-04T16:09:14.625604Z[0m [[32m[1minfo     [0m] [1mquality_filter                [0m [36minput[0m=[35m335[0m [36mpassed[0m=[35m2[0m
[2m2026-04-04T16:09:14.625982Z[0m [[32m[1minfo     [0m] [1mdedup                         [0m [36mafter[0m=[35m2[0m [36mbefore[0m=[35m2[0m
[2m2026-04-04T16:09:14.626103Z[0m [[32m[1minfo     [0m] [1mfulltext_selection            [0m [36mcandidates[0m=[35m0[0m [36mfiltered[0m=[35m2[0m [36mmode[0m=[35mhigh-value[0m [36mticker[0m=[35mLIN[0m
[2m2026-04-04T16:09:14.626884Z[0m [[32m[1minfo     [0m] [1mcrawling                      [0m [36mchannel[0m=[35mGoogle->Benzinga[0m [36mtag[0m=[35mgoogle_benzinga[0m
[2m2026-04-04T16:09:17.113664Z[0m [[32m[1minfo     [0m] [1mfetch                         [0m [36mstatus[0m=[35m200[0m [36murl[0m=[35m'https://news.google.com/rss/search?q=PEP+site:benzinga.com&hl=en-US&gl=US&ceid=US:en'[0m
[2m2026-04-04T16:09:17.236508Z[0m [[32m[1minfo     [0m] [1mparsed                        [0m [36mchannel[0m=[35mgoogle_benzinga[0m [36mraw[0m=[35m77[0m
[2m2026-04-04T16:09:19.242156Z[0m [[32m[1minfo     [0m] [1mfetch                         [0m [36mstatus[0m=[35m200[0m [36murl[0m=[35m'https://news.google.com/rss/search?q=PEP+site:benzinga.com&hl=en-US&gl=US&ceid=US:en'[0m
[2m2026-04-04T16:09:19.290104Z[0m [[32m[1minfo     [0m] [1mparsed                        [0m [36mchannel[0m=[35mgoogle_benzinga[0m [36mraw[0m=[35m77[0m
[2m2026-04-04T16:09:19.290285Z[0m [[32m[1minfo     [0m] [1mcrawling                      [0m [36mchannel[0m=[35m'Google News (all)'[0m [36mtag[0m=[35mgoogle_broad[0m
[2m2026-04-04T16:09:21.808087Z[0m [[32m[1minfo     [0m] [1mfetch                         [0m [36mstatus[0m=[35m200[0m [36murl[0m=[35m'https://news.google.com/rss/search?q=PEP+stock+news&hl=en-US&gl=US&ceid=US:en'[0m
[2m2026-04-04T16:09:21.950740Z[0m [[32m[1minfo     [0m] [1mparsed                        [0m [36mchannel[0m=[35mgoogle_broad[0m [36mraw[0m=[35m100[0m
[2m2026-04-04T16:09:24.487379Z[0m [[32m[1minfo     [0m] [1mfetch                         [0m [36mstatus[0m=[35m200[0m [36murl[0m=[35m'https://news.google.com/rss/search?q=PEP+earnings+analysis&hl=en-US&gl=US&ceid=US:en'[0m
[2m2026-04-04T16:09:24.551249Z[0m [[32m[1minfo     [0m] [1mparsed                        [0m [36mchannel[0m=[35mgoogle_broad[0m [36mraw[0m=[35m68[0m
[2m2026-04-04T16:09:24.552790Z[0m [[32m[1minfo     [0m] [1mquality_filter                [0m [36minput[0m=[35m322[0m [36mpassed[0m=[35m1[0m
[2m2026-04-04T16:09:24.553046Z[0m [[32m[1minfo     [0m] [1mdedup                         [0m [36mafter[0m=[35m1[0m [36mbefore[0m=[35m1[0m
[2m2026-04-04T16:09:24.553143Z[0m [[32m[1minfo     [0m] [1mfulltext_selection            [0m [36mcandidates[0m=[35m1[0m [36mfiltered[0m=[35m1[0m [36mmode[0m=[35mhigh-value[0m [36mticker[0m=[35mPEP[0m
[2m2026-04-04T16:09:26.284241Z[0m [[32m[1minfo     [0m] [1mfetch                         [0m [36mstatus[0m=[35m200[0m [36murl[0m=[35mhttps://www.tradingview.com/news/zacks:cba967511094b:0-3-consistent-dividend-payers-outper[0m
[2m2026-04-04T16:09:26.628660Z[0m [[32m[1minfo     [0m] [1mcrawling                      [0m [36mchannel[0m=[35mGoogle->Benzinga[0m [36mtag[0m=[35mgoogle_benzinga[0m
[2m2026-04-04T16:09:29.325105Z[0m [[32m[1minfo     [0m] [1mfetch                         [0m [36mstatus[0m=[35m200[0m [36murl[0m=[35m'https://news.google.com/rss/search?q=INTC+intel+site:benzinga.com&hl=en-US&gl=US&ceid=US:e'[0m
[2m2026-04-04T16:09:29.476016Z[0m [[32m[1minfo     [0m] [1mparsed                        [0m [36mchannel[0m=[35mgoogle_benzinga[0m [36mraw[0m=[35m100[0m
[2m2026-04-04T16:09:31.971547Z[0m [[32m[1minfo     [0m] [1mfetch                         [0m [36mstatus[0m=[35m200[0m [36murl[0m=[35m'https://news.google.com/rss/search?q=intel+site:benzinga.com&hl=en-US&gl=US&ceid=US:en'[0m
[2m2026-04-04T16:09:32.115173Z[0m [[32m[1minfo     [0m] [1mparsed                        [0m [36mchannel[0m=[35mgoogle_benzinga[0m [36mraw[0m=[35m100[0m
[2m2026-04-04T16:09:32.115354Z[0m [[32m[1minfo     [0m] [1mcrawling                      [0m [36mchannel[0m=[35m'Google News (all)'[0m [36mtag[0m=[35mgoogle_broad[0m
[2m2026-04-04T16:09:34.744787Z[0m [[32m[1minfo     [0m] [1mfetch                         [0m [36mstatus[0m=[35m200[0m [36murl[0m=[35m'https://news.google.com/rss/search?q=INTC+intel+stock+news&hl=en-US&gl=US&ceid=US:en'[0m
[2m2026-04-04T16:09:34.887886Z[0m [[32m[1minfo     [0m] [1mparsed                        [0m [36mchannel[0m=[35mgoogle_broad[0m [36mraw[0m=[35m100[0m
[2m2026-04-04T16:09:37.412190Z[0m [[32m[1minfo     [0m] [1mfetch                         [0m [36mstatus[0m=[35m200[0m [36murl[0m=[35m'https://news.google.com/rss/search?q=INTC+intel+earnings+analysis&hl=en-US&gl=US&ceid=US:e'[0m
[2m2026-04-04T16:09:37.555203Z[0m [[32m[1minfo     [0m] [1mparsed                        [0m [36mchannel[0m=[35mgoogle_broad[0m [36mraw[0m=[35m100[0m
[2m2026-04-04T16:09:37.559188Z[0m [[32m[1minfo     [0m] [1mquality_filter                [0m [36minput[0m=[35m400[0m [36mpassed[0m=[35m18[0m
[2m2026-04-04T16:09:37.561871Z[0m [[32m[1minfo     [0m] [1mdedup                         [0m [36mafter[0m=[35m15[0m [36mbefore[0m=[35m18[0m
[2m2026-04-04T16:09:37.562165Z[0m [[32m[1minfo     [0m] [1mfulltext_selection            [0m [36mcandidates[0m=[35m8[0m [36mfiltered[0m=[35m15[0m [36mmode[0m=[35mhigh-value[0m [36mticker[0m=[35mINTC[0m
[2m2026-04-04T16:09:39.150638Z[0m [[32m[1minfo     [0m] [1mfetch                         [0m [36mstatus[0m=[35m403[0m [36murl[0m=[35mhttps://www.tipranks.com/news/intel-plans-to-ramp-up-relationship-with-sambanova-intel-sto[0m
[2m2026-04-04T16:09:39.755269Z[0m [[32m[1minfo     [0m] [1mfetch                         [0m [36mstatus[0m=[35m200[0m [36murl[0m=[35mhttps://seekingalpha.com/article/4888174-intel-the-easy-money-is-gone[0m
[2m2026-04-04T16:09:39.861102Z[0m [[32m[1minfo     [0m] [1mfetch                         [0m [36mstatus[0m=[35m401[0m [36murl[0m=[35mhttps://www.marketwatch.com/story/intels-stock-has-been-climbing-and-this-could-be-its-nex[0m
[2m2026-04-04T16:09:41.190540Z[0m [[32m[1minfo     [0m] [1mfetch                         [0m [36mstatus[0m=[35m200[0m [36murl[0m=[35mhttps://247wallst.com/investing/2026/04/04/intels-panther-lake-chip-is-seriously-impressiv[0m
[2m2026-04-04T16:09:41.191573Z[0m [[32m[1minfo     [0m] [1mfetch                         [0m [36mstatus[0m=[35m200[0m [36murl[0m=[35mhttps://247wallst.com/investing/2026/04/02/intel-climbs-4-as-ai-hardware-momentum-and-fab-[0m
[2m2026-04-04T16:09:41.271339Z[0m [[31m[1merror    [0m] [1mfetch_error                   [0m [36merror[0m=[35m'400, message=\'Got more than 8190 bytes when reading: b"connect-src \\\'self\\\' wss:'[0m [36murl[0m=[35mhttps://finance.yahoo.com/markets/stocks/articles/intel-intc-stock-tra[0m
[2m2026-04-04T16:09:41.988274Z[0m [[32m[1minfo     [0m] [1mfetch                         [0m [36mstatus[0m=[35m200[0m [36murl[0m=[35mhttps://www.theglobeandmail.com/investing/markets/stocks/INTC/pressreleases/1139751/erste-[0m
[2m2026-04-04T16:09:42.420972Z[0m [[32m[1minfo     [0m] [1mcrawling                      [0m [36mchannel[0m=[35mGoogle->Benzinga[0m [36mtag[0m=[35mgoogle_benzinga[0m
[2m2026-04-04T16:09:45.047090Z[0m [[32m[1minfo     [0m] [1mfetch                         [0m [36mstatus[0m=[35m200[0m [36murl[0m=[35m'https://news.google.com/rss/search?q=VZ+site:benzinga.com&hl=en-US&gl=US&ceid=US:en'[0m
[2m2026-04-04T16:09:45.190708Z[0m [[32m[1minfo     [0m] [1mparsed                        [0m [36mchannel[0m=[35mgoogle_benzinga[0m [36mraw[0m=[35m100[0m
[2m2026-04-04T16:09:47.196373Z[0m [[32m[1minfo     [0m] [1mfetch                         [0m [36mstatus[0m=[35m200[0m [36murl[0m=[35m'https://news.google.com/rss/search?q=VZ+site:benzinga.com&hl=en-US&gl=US&ceid=US:en'[0m
[2m2026-04-04T16:09:47.256466Z[0m [[32m[1minfo     [0m] [1mparsed                        [0m [36mchannel[0m=[35mgoogle_benzinga[0m [36mraw[0m=[35m100[0m
[2m2026-04-04T16:09:47.256644Z[0m [[32m[1minfo     [0m] [1mcrawling                      [0m [36mchannel[0m=[35m'Google News (all)'[0m [36mtag[0m=[35mgoogle_broad[0m
[2m2026-04-04T16:09:49.889372Z[0m [[32m[1minfo     [0m] [1mfetch                         [0m [36mstatus[0m=[35m200[0m [36murl[0m=[35m'https://news.google.com/rss/search?q=VZ+stock+news&hl=en-US&gl=US&ceid=US:en'[0m
[2m2026-04-04T16:09:50.032220Z[0m [[32m[1minfo     [0m] [1mparsed                        [0m [36mchannel[0m=[35mgoogle_broad[0m [36mraw[0m=[35m100[0m
[2m2026-04-04T16:09:52.579281Z[0m [[32m[1minfo     [0m] [1mfetch                         [0m [36mstatus[0m=[35m200[0m [36murl[0m=[35m'https://news.google.com/rss/search?q=VZ+earnings+analysis&hl=en-US&gl=US&ceid=US:en'[0m
[2m2026-04-04T16:09:52.641338Z[0m [[32m[1minfo     [0m] [1mparsed                        [0m [36mchannel[0m=[35mgoogle_broad[0m [36mraw[0m=[35m69[0m
[2m2026-04-04T16:09:52.643453Z[0m [[32m[1minfo     [0m] [1mquality_filter                [0m [36minput[0m=[35m369[0m [36mpassed[0m=[35m2[0m
[2m2026-04-04T16:09:52.643826Z[0m [[32m[1minfo     [0m] [1mdedup                         [0m [36mafter[0m=[35m2[0m [36mbefore[0m=[35m2[0m
[2m2026-04-04T16:09:52.643938Z[0m [[32m[1minfo     [0m] [1mfulltext_selection            [0m [36mcandidates[0m=[35m1[0m [36mfiltered[0m=[35m2[0m [36mmode[0m=[35mhigh-value[0m [36mticker[0m=[35mVZ[0m
[2m2026-04-04T16:09:54.663441Z[0m [[32m[1minfo     [0m] [1mfetch                         [0m [36mstatus[0m=[35m200[0m [36murl[0m=[35mhttps://www.marketbeat.com/instant-alerts/verizon-communications-nysevz-stock-rating-upgra[0m
[2m2026-04-04T16:09:54.876982Z[0m [[32m[1minfo     [0m] [1mcrawling                      [0m [36mchannel[0m=[35mGoogle->Benzinga[0m [36mtag[0m=[35mgoogle_benzinga[0m
[2m2026-04-04T16:09:57.406711Z[0m [[32m[1minfo     [0m] [1mfetch                         [0m [36mstatus[0m=[35m200[0m [36murl[0m=[35m'https://news.google.com/rss/search?q=AMGN+site:benzinga.com&hl=en-US&gl=US&ceid=US:en'[0m
[2m2026-04-04T16:09:57.548778Z[0m [[32m[1minfo     [0m] [1mparsed                        [0m [36mchannel[0m=[35mgoogle_benzinga[0m [36mraw[0m=[35m100[0m
[2m2026-04-04T16:09:59.553947Z[0m [[32m[1minfo     [0m] [1mfetch                         [0m [36mstatus[0m=[35m200[0m [36murl[0m=[35m'https://news.google.com/rss/search?q=AMGN+site:benzinga.com&hl=en-US&gl=US&ceid=US:en'[0m
[2m2026-04-04T16:09:59.613075Z[0m [[32m[1minfo     [0m] [1mparsed                        [0m [36mchannel[0m=[35mgoogle_benzinga[0m [36mraw[0m=[35m100[0m
[2m2026-04-04T16:09:59.613262Z[0m [[32m[1minfo     [0m] [1mcrawling                      [0m [36mchannel[0m=[35m'Google News (all)'[0m [36mtag[0m=[35mgoogle_broad[0m
[2m2026-04-04T16:10:02.257438Z[0m [[32m[1minfo     [0m] [1mfetch                         [0m [36mstatus[0m=[35m200[0m [36murl[0m=[35m'https://news.google.com/rss/search?q=AMGN+stock+news&hl=en-US&gl=US&ceid=US:en'[0m
[2m2026-04-04T16:10:02.452031Z[0m [[32m[1minfo     [0m] [1mparsed                        [0m [36mchannel[0m=[35mgoogle_broad[0m [36mraw[0m=[35m100[0m
[2m2026-04-04T16:10:04.872926Z[0m [[32m[1minfo     [0m] [1mfetch                         [0m [36mstatus[0m=[35m200[0m [36murl[0m=[35m'https://news.google.com/rss/search?q=AMGN+earnings+analysis&hl=en-US&gl=US&ceid=US:en'[0m
[2m2026-04-04T16:10:04.916692Z[0m [[32m[1minfo     [0m] [1mparsed                        [0m [36mchannel[0m=[35mgoogle_broad[0m [36mraw[0m=[35m48[0m
[2m2026-04-04T16:10:04.918539Z[0m [[32m[1minfo     [0m] [1mquality_filter                [0m [36minput[0m=[35m348[0m [36mpassed[0m=[35m2[0m
[2m2026-04-04T16:10:04.918922Z[0m [[32m[1minfo     [0m] [1mdedup                         [0m [36mafter[0m=[35m2[0m [36mbefore[0m=[35m2[0m
[2m2026-04-04T16:10:04.919044Z[0m [[32m[1minfo     [0m] [1mfulltext_selection            [0m [36mcandidates[0m=[35m1[0m [36mfiltered[0m=[35m2[0m [36mmode[0m=[35mhigh-value[0m [36mticker[0m=[35mAMGN[0m
[2m2026-04-04T16:10:07.935398Z[0m [[32m[1minfo     [0m] [1mfetch                         [0m [36mstatus[0m=[35m200[0m [36murl[0m=[35mhttps://www.marketbeat.com/instant-alerts/filing-dorato-capital-management-invests-158-mil[0m
[2m2026-04-04T16:10:08.275868Z[0m [[32m[1minfo     [0m] [1mcrawling                      [0m [36mchannel[0m=[35mGoogle->Benzinga[0m [36mtag[0m=[35mgoogle_benzinga[0m
[2m2026-04-04T16:10:10.734147Z[0m [[32m[1minfo     [0m] [1mfetch                         [0m [36mstatus[0m=[35m200[0m [36murl[0m=[35m'https://news.google.com/rss/search?q=ABT+site:benzinga.com&hl=en-US&gl=US&ceid=US:en'[0m
[2m2026-04-04T16:10:10.788835Z[0m [[32m[1minfo     [0m] [1mparsed                        [0m [36mchannel[0m=[35mgoogle_benzinga[0m [36mraw[0m=[35m55[0m
[2m2026-04-04T16:10:12.794095Z[0m [[32m[1minfo     [0m] [1mfetch                         [0m [36mstatus[0m=[35m200[0m [36murl[0m=[35m'https://news.google.com/rss/search?q=ABT+site:benzinga.com&hl=en-US&gl=US&ceid=US:en'[0m
[2m2026-04-04T16:10:12.828296Z[0m [[32m[1minfo     [0m] [1mparsed                        [0m [36mchannel[0m=[35mgoogle_benzinga[0m [36mraw[0m=[35m55[0m
[2m2026-04-04T16:10:12.828476Z[0m [[32m[1minfo     [0m] [1mcrawling                      [0m [36mchannel[0m=[35m'Google News (all)'[0m [36mtag[0m=[35mgoogle_broad[0m
[2m2026-04-04T16:10:15.326737Z[0m [[32m[1minfo     [0m] [1mfetch                         [0m [36mstatus[0m=[35m200[0m [36murl[0m=[35m'https://news.google.com/rss/search?q=ABT+stock+news&hl=en-US&gl=US&ceid=US:en'[0m
[2m2026-04-04T16:10:15.470240Z[0m [[32m[1minfo     [0m] [1mparsed                        [0m [36mchannel[0m=[35mgoogle_broad[0m [36mraw[0m=[35m100[0m
[2m2026-04-04T16:10:18.006152Z[0m [[32m[1minfo     [0m] [1mfetch                         [0m [36mstatus[0m=[35m200[0m [36murl[0m=[35m'https://news.google.com/rss/search?q=ABT+earnings+analysis&hl=en-US&gl=US&ceid=US:en'[0m
[2m2026-04-04T16:10:18.061760Z[0m [[32m[1minfo     [0m] [1mparsed                        [0m [36mchannel[0m=[35mgoogle_broad[0m [36mraw[0m=[35m56[0m
[2m2026-04-04T16:10:18.063840Z[0m [[32m[1minfo     [0m] [1mquality_filter                [0m [36minput[0m=[35m266[0m [36mpassed[0m=[35m7[0m
[2m2026-04-04T16:10:18.064866Z[0m [[32m[1minfo     [0m] [1mdedup                         [0m [36mafter[0m=[35m7[0m [36mbefore[0m=[35m7[0m
[2m2026-04-04T16:10:18.065086Z[0m [[32m[1minfo     [0m] [1mfulltext_selection            [0m [36mcandidates[0m=[35m0[0m [36mfiltered[0m=[35m7[0m [36mmode[0m=[35mhigh-value[0m [36mticker[0m=[35mABT[0m
[2m2026-04-04T16:10:18.065822Z[0m [[32m[1minfo     [0m] [1mcrawling                      [0m [36mchannel[0m=[35mGoogle->Benzinga[0m [36mtag[0m=[35mgoogle_benzinga[0m
[2m2026-04-04T16:10:21.298260Z[0m [[32m[1minfo     [0m] [1mfetch                         [0m [36mstatus[0m=[35m200[0m [36murl[0m=[35m'https://news.google.com/rss/search?q=DIS+site:benzinga.com&hl=en-US&gl=US&ceid=US:en'[0m
[2m2026-04-04T16:10:21.434507Z[0m [[32m[1minfo     [0m] [1mparsed                        [0m [36mchannel[0m=[35mgoogle_benzinga[0m [36mraw[0m=[35m100[0m
[2m2026-04-04T16:10:23.439918Z[0m [[32m[1minfo     [0m] [1mfetch                         [0m [36mstatus[0m=[35m200[0m [36murl[0m=[35m'https://news.google.com/rss/search?q=DIS+site:benzinga.com&hl=en-US&gl=US&ceid=US:en'[0m
[2m2026-04-04T16:10:23.499162Z[0m [[32m[1minfo     [0m] [1mparsed                        [0m [36mchannel[0m=[35mgoogle_benzinga[0m [36mraw[0m=[35m100[0m
[2m2026-04-04T16:10:23.499343Z[0m [[32m[1minfo     [0m] [1mcrawling                      [0m [36mchannel[0m=[35m'Google News (all)'[0m [36mtag[0m=[35mgoogle_broad[0m
[2m2026-04-04T16:10:26.073364Z[0m [[32m[1minfo     [0m] [1mfetch                         [0m [36mstatus[0m=[35m200[0m [36murl[0m=[35m'https://news.google.com/rss/search?q=DIS+stock+news&hl=en-US&gl=US&ceid=US:en'[0m
[2m2026-04-04T16:10:26.217483Z[0m [[32m[1minfo     [0m] [1mparsed                        [0m [36mchannel[0m=[35mgoogle_broad[0m [36mraw[0m=[35m100[0m
[2m2026-04-04T16:10:28.802042Z[0m [[32m[1minfo     [0m] [1mfetch                         [0m [36mstatus[0m=[35m200[0m [36murl[0m=[35m'https://news.google.com/rss/search?q=DIS+earnings+analysis&hl=en-US&gl=US&ceid=US:en'[0m
[2m2026-04-04T16:10:28.951412Z[0m [[32m[1minfo     [0m] [1mparsed                        [0m [36mchannel[0m=[35mgoogle_broad[0m [36mraw[0m=[35m100[0m
[2m2026-04-04T16:10:28.953897Z[0m [[32m[1minfo     [0m] [1mquality_filter                [0m [36minput[0m=[35m400[0m [36mpassed[0m=[35m9[0m
[2m2026-04-04T16:10:28.955172Z[0m [[32m[1minfo     [0m] [1mdedup                         [0m [36mafter[0m=[35m9[0m [36mbefore[0m=[35m9[0m
[2m2026-04-04T16:10:28.955423Z[0m [[32m[1minfo     [0m] [1mfulltext_selection            [0m [36mcandidates[0m=[35m0[0m [36mfiltered[0m=[35m9[0m [36mmode[0m=[35mhigh-value[0m [36mticker[0m=[35mDIS[0m
[2m2026-04-04T16:10:28.956145Z[0m [[32m[1minfo     [0m] [1mcrawling                      [0m [36mchannel[0m=[35mGoogle->Benzinga[0m [36mtag[0m=[35mgoogle_benzinga[0m
[2m2026-04-04T16:10:31.418333Z[0m [[32m[1minfo     [0m] [1mfetch                         [0m [36mstatus[0m=[35m200[0m [36murl[0m=[35m'https://news.google.com/rss/search?q=GILD+site:benzinga.com&hl=en-US&gl=US&ceid=US:en'[0m
[2m2026-04-04T16:10:31.449292Z[0m [[32m[1minfo     [0m] [1mparsed                        [0m [36mchannel[0m=[35mgoogle_benzinga[0m [36mraw[0m=[35m39[0m
[2m2026-04-04T16:10:33.454317Z[0m [[32m[1minfo     [0m] [1mfetch                         [0m [36mstatus[0m=[35m200[0m [36murl[0m=[35m'https://news.google.com/rss/search?q=GILD+site:benzinga.com&hl=en-US&gl=US&ceid=US:en'[0m
[2m2026-04-04T16:10:33.478697Z[0m [[32m[1minfo     [0m] [1mparsed                        [0m [36mchannel[0m=[35mgoogle_benzinga[0m [36mraw[0m=[35m39[0m
[2m2026-04-04T16:10:33.478858Z[0m [[32m[1minfo     [0m] [1mcrawling                      [0m [36mchannel[0m=[35m'Google News (all)'[0m [36mtag[0m=[35mgoogle_broad[0m
[2m2026-04-04T16:10:36.168939Z[0m [[32m[1minfo     [0m] [1mfetch                         [0m [36mstatus[0m=[35m200[0m [36murl[0m=[35m'https://news.google.com/rss/search?q=GILD+stock+news&hl=en-US&gl=US&ceid=US:en'[0m
[2m2026-04-04T16:10:36.312559Z[0m [[32m[1minfo     [0m] [1mparsed                        [0m [36mchannel[0m=[35mgoogle_broad[0m [36mraw[0m=[35m100[0m
[2m2026-04-04T16:10:38.911142Z[0m [[32m[1minfo     [0m] [1mfetch                         [0m [36mstatus[0m=[35m200[0m [36murl[0m=[35m'https://news.google.com/rss/search?q=GILD+earnings+analysis&hl=en-US&gl=US&ceid=US:en'[0m
[2m2026-04-04T16:10:39.034309Z[0m [[32m[1minfo     [0m] [1mparsed                        [0m [36mchannel[0m=[35mgoogle_broad[0m [36mraw[0m=[35m78[0m
[2m2026-04-04T16:10:39.035108Z[0m [[32m[1minfo     [0m] [1mquality_filter                [0m [36minput[0m=[35m256[0m [36mpassed[0m=[35m0[0m
[2m2026-04-04T16:10:39.035268Z[0m [[32m[1minfo     [0m] [1mdedup                         [0m [36mafter[0m=[35m0[0m [36mbefore[0m=[35m0[0m
[2m2026-04-04T16:10:39.035378Z[0m [[32m[1minfo     [0m] [1mfulltext_selection            [0m [36mcandidates[0m=[35m0[0m [36mfiltered[0m=[35m0[0m [36mmode[0m=[35mhigh-value[0m [36mticker[0m=[35mGILD[0m
[2m2026-04-04T16:10:39.036142Z[0m [[32m[1minfo     [0m] [1mcrawling                      [0m [36mchannel[0m=[35mGoogle->Benzinga[0m [36mtag[0m=[35mgoogle_benzinga[0m
[2m2026-04-04T16:10:41.491609Z[0m [[32m[1minfo     [0m] [1mfetch                         [0m [36mstatus[0m=[35m200[0m [36murl[0m=[35m'https://news.google.com/rss/search?q=APH+site:benzinga.com&hl=en-US&gl=US&ceid=US:en'[0m
[2m2026-04-04T16:10:41.521274Z[0m [[32m[1minfo     [0m] [1mparsed                        [0m [36mchannel[0m=[35mgoogle_benzinga[0m [36mraw[0m=[35m32[0m
[2m2026-04-04T16:10:43.526428Z[0m [[32m[1minfo     [0m] [1mfetch                         [0m [36mstatus[0m=[35m200[0m [36murl[0m=[35m'https://news.google.com/rss/search?q=APH+site:benzinga.com&hl=en-US&gl=US&ceid=US:en'[0m
[2m2026-04-04T16:10:43.546738Z[0m [[32m[1minfo     [0m] [1mparsed                        [0m [36mchannel[0m=[35mgoogle_benzinga[0m [36mraw[0m=[35m32[0m
[2m2026-04-04T16:10:43.546898Z[0m [[32m[1minfo     [0m] [1mcrawling                      [0m [36mchannel[0m=[35m'Google News (all)'[0m [36mtag[0m=[35mgoogle_broad[0m
[2m2026-04-04T16:10:46.070736Z[0m [[32m[1minfo     [0m] [1mfetch                         [0m [36mstatus[0m=[35m200[0m [36murl[0m=[35m'https://news.google.com/rss/search?q=APH+stock+news&hl=en-US&gl=US&ceid=US:en'[0m
[2m2026-04-04T16:10:46.206472Z[0m [[32m[1minfo     [0m] [1mparsed                        [0m [36mchannel[0m=[35mgoogle_broad[0m [36mraw[0m=[35m100[0m
[2m2026-04-04T16:10:48.671172Z[0m [[32m[1minfo     [0m] [1mfetch                         [0m [36mstatus[0m=[35m200[0m [36murl[0m=[35m'https://news.google.com/rss/search?q=APH+earnings+analysis&hl=en-US&gl=US&ceid=US:en'[0m
[2m2026-04-04T16:10:48.703829Z[0m [[32m[1minfo     [0m] [1mparsed                        [0m [36mchannel[0m=[35mgoogle_broad[0m [36mraw[0m=[35m42[0m
[2m2026-04-04T16:10:48.705190Z[0m [[32m[1minfo     [0m] [1mquality_filter                [0m [36minput[0m=[35m206[0m [36mpassed[0m=[35m2[0m
[2m2026-04-04T16:10:48.705550Z[0m [[32m[1minfo     [0m] [1mdedup                         [0m [36mafter[0m=[35m2[0m [36mbefore[0m=[35m2[0m
[2m2026-04-04T16:10:48.705672Z[0m [[32m[1minfo     [0m] [1mfulltext_selection            [0m [36mcandidates[0m=[35m1[0m [36mfiltered[0m=[35m2[0m [36mmode[0m=[35mhigh-value[0m [36mticker[0m=[35mAPH[0m
[2m2026-04-04T16:10:50.759791Z[0m [[32m[1minfo     [0m] [1mfetch                         [0m [36mstatus[0m=[35m200[0m [36murl[0m=[35mhttps://www.marketbeat.com/instant-alerts/filing-amphenol-corporation-aph-shares-bought-by[0m
[2m2026-04-04T16:10:51.102711Z[0m [[32m[1minfo     [0m] [1mcrawling                      [0m [36mchannel[0m=[35mGoogle->Benzinga[0m [36mtag[0m=[35mgoogle_benzinga[0m
[2m2026-04-04T16:10:53.563129Z[0m [[32m[1minfo     [0m] [1mfetch                         [0m [36mstatus[0m=[35m200[0m [36murl[0m=[35m'https://news.google.com/rss/search?q=TJX+site:benzinga.com&hl=en-US&gl=US&ceid=US:en'[0m
[2m2026-04-04T16:10:53.615701Z[0m [[32m[1minfo     [0m] [1mparsed                        [0m [36mchannel[0m=[35mgoogle_benzinga[0m [36mraw[0m=[35m54[0m
[2m2026-04-04T16:10:55.621004Z[0m [[32m[1minfo     [0m] [1mfetch                         [0m [36mstatus[0m=[35m200[0m [36murl[0m=[35m'https://news.google.com/rss/search?q=TJX+site:benzinga.com&hl=en-US&gl=US&ceid=US:en'[0m
[2m2026-04-04T16:10:55.654407Z[0m [[32m[1minfo     [0m] [1mparsed                        [0m [36mchannel[0m=[35mgoogle_benzinga[0m [36mraw[0m=[35m54[0m
[2m2026-04-04T16:10:55.654572Z[0m [[32m[1minfo     [0m] [1mcrawling                      [0m [36mchannel[0m=[35m'Google News (all)'[0m [36mtag[0m=[35mgoogle_broad[0m
[2m2026-04-04T16:10:58.303878Z[0m [[32m[1minfo     [0m] [1mfetch                         [0m [36mstatus[0m=[35m200[0m [36murl[0m=[35m'https://news.google.com/rss/search?q=TJX+stock+news&hl=en-US&gl=US&ceid=US:en'[0m
[2m2026-04-04T16:10:58.440512Z[0m [[32m[1minfo     [0m] [1mparsed                        [0m [36mchannel[0m=[35mgoogle_broad[0m [36mraw[0m=[35m100[0m
[2m2026-04-04T16:11:00.956345Z[0m [[32m[1minfo     [0m] [1mfetch                         [0m [36mstatus[0m=[35m200[0m [36murl[0m=[35m'https://news.google.com/rss/search?q=TJX+earnings+analysis&hl=en-US&gl=US&ceid=US:en'[0m
[2m2026-04-04T16:11:01.013000Z[0m [[32m[1minfo     [0m] [1mparsed                        [0m [36mchannel[0m=[35mgoogle_broad[0m [36mraw[0m=[35m59[0m
[2m2026-04-04T16:11:01.014917Z[0m [[32m[1minfo     [0m] [1mquality_filter                [0m [36minput[0m=[35m267[0m [36mpassed[0m=[35m6[0m
[2m2026-04-04T16:11:01.015691Z[0m [[32m[1minfo     [0m] [1mdedup                         [0m [36mafter[0m=[35m5[0m [36mbefore[0m=[35m6[0m
[2m2026-04-04T16:11:01.015848Z[0m [[32m[1minfo     [0m] [1mfulltext_selection            [0m [36mcandidates[0m=[35m2[0m [36mfiltered[0m=[35m5[0m [36mmode[0m=[35mhigh-value[0m [36mticker[0m=[35mTJX[0m
[2m2026-04-04T16:11:03.095852Z[0m [[32m[1minfo     [0m] [1mfetch                         [0m [36mstatus[0m=[35m403[0m [36murl[0m=[35mhttps://www.investing.com/news/analyst-ratings/ubs-reiterates-tjx-stock-buy-rating-on-mark[0m
[2m2026-04-04T16:11:03.804063Z[0m [[32m[1minfo     [0m] [1mfetch                         [0m [36mstatus[0m=[35m200[0m [36murl[0m=[35mhttps://www.msn.com/en-us/money/topstocks/why-is-tjx-tjx-down-0-7-since-last-earnings-repo[0m
[2m2026-04-04T16:11:04.050073Z[0m [[32m[1minfo     [0m] [1mcrawling                      [0m [36mchannel[0m=[35mGoogle->Benzinga[0m [36mtag[0m=[35mgoogle_benzinga[0m
[2m2026-04-04T16:11:06.608884Z[0m [[32m[1minfo     [0m] [1mfetch                         [0m [36mstatus[0m=[35m200[0m [36murl[0m=[35m'https://news.google.com/rss/search?q=SCHW+site:benzinga.com&hl=en-US&gl=US&ceid=US:en'[0m
[2m2026-04-04T16:11:06.667173Z[0m [[32m[1minfo     [0m] [1mparsed                        [0m [36mchannel[0m=[35mgoogle_benzinga[0m [36mraw[0m=[35m61[0m
[2m2026-04-04T16:11:08.672371Z[0m [[32m[1minfo     [0m] [1mfetch                         [0m [36mstatus[0m=[35m200[0m [36murl[0m=[35m'https://news.google.com/rss/search?q=SCHW+site:benzinga.com&hl=en-US&gl=US&ceid=US:en'[0m
[2m2026-04-04T16:11:08.709996Z[0m [[32m[1minfo     [0m] [1mparsed                        [0m [36mchannel[0m=[35mgoogle_benzinga[0m [36mraw[0m=[35m61[0m
[2m2026-04-04T16:11:08.710157Z[0m [[32m[1minfo     [0m] [1mcrawling                      [0m [36mchannel[0m=[35m'Google News (all)'[0m [36mtag[0m=[35mgoogle_broad[0m
[2m2026-04-04T16:11:11.256774Z[0m [[32m[1minfo     [0m] [1mfetch                         [0m [36mstatus[0m=[35m200[0m [36murl[0m=[35m'https://news.google.com/rss/search?q=SCHW+stock+news&hl=en-US&gl=US&ceid=US:en'[0m
[2m2026-04-04T16:11:11.399753Z[0m [[32m[1minfo     [0m] [1mparsed                        [0m [36mchannel[0m=[35mgoogle_broad[0m [36mraw[0m=[35m100[0m
[2m2026-04-04T16:11:13.845711Z[0m [[32m[1minfo     [0m] [1mfetch                         [0m [36mstatus[0m=[35m200[0m [36murl[0m=[35m'https://news.google.com/rss/search?q=SCHW+earnings+analysis&hl=en-US&gl=US&ceid=US:en'[0m
[2m2026-04-04T16:11:13.875606Z[0m [[32m[1minfo     [0m] [1mparsed                        [0m [36mchannel[0m=[35mgoogle_broad[0m [36mraw[0m=[35m36[0m
[2m2026-04-04T16:11:13.877361Z[0m [[32m[1minfo     [0m] [1mquality_filter                [0m [36minput[0m=[35m258[0m [36mpassed[0m=[35m4[0m
[2m2026-04-04T16:11:13.877977Z[0m [[32m[1minfo     [0m] [1mdedup                         [0m [36mafter[0m=[35m4[0m [36mbefore[0m=[35m4[0m
[2m2026-04-04T16:11:13.878124Z[0m [[32m[1minfo     [0m] [1mfulltext_selection            [0m [36mcandidates[0m=[35m0[0m [36mfiltered[0m=[35m4[0m [36mmode[0m=[35mhigh-value[0m [36mticker[0m=[35mSCHW[0m
[2m2026-04-04T16:11:13.878904Z[0m [[32m[1minfo     [0m] [1mcrawling                      [0m [36mchannel[0m=[35mGoogle->Benzinga[0m [36mtag[0m=[35mgoogle_benzinga[0m
[2m2026-04-04T16:11:16.423177Z[0m [[32m[1minfo     [0m] [1mfetch                         [0m [36mstatus[0m=[35m200[0m [36murl[0m=[35m'https://news.google.com/rss/search?q=PFE+site:benzinga.com&hl=en-US&gl=US&ceid=US:en'[0m
[2m2026-04-04T16:11:16.572013Z[0m [[32m[1minfo     [0m] [1mparsed                        [0m [36mchannel[0m=[35mgoogle_benzinga[0m [36mraw[0m=[35m100[0m
[2m2026-04-04T16:11:18.578657Z[0m [[32m[1minfo     [0m] [1mfetch                         [0m [36mstatus[0m=[35m200[0m [36murl[0m=[35m'https://news.google.com/rss/search?q=PFE+site:benzinga.com&hl=en-US&gl=US&ceid=US:en'[0m
[2m2026-04-04T16:11:18.639099Z[0m [[32m[1minfo     [0m] [1mparsed                        [0m [36mchannel[0m=[35mgoogle_benzinga[0m [36mraw[0m=[35m100[0m
[2m2026-04-04T16:11:18.639285Z[0m [[32m[1minfo     [0m] [1mcrawling                      [0m [36mchannel[0m=[35m'Google News (all)'[0m [36mtag[0m=[35mgoogle_broad[0m
[2m2026-04-04T16:11:21.210719Z[0m [[32m[1minfo     [0m] [1mfetch                         [0m [36mstatus[0m=[35m200[0m [36murl[0m=[35m'https://news.google.com/rss/search?q=PFE+stock+news&hl=en-US&gl=US&ceid=US:en'[0m
[2m2026-04-04T16:11:21.384857Z[0m [[32m[1minfo     [0m] [1mparsed                        [0m [36mchannel[0m=[35mgoogle_broad[0m [36mraw[0m=[35m100[0m
[2m2026-04-04T16:11:23.944015Z[0m [[32m[1minfo     [0m] [1mfetch                         [0m [36mstatus[0m=[35m200[0m [36murl[0m=[35m'https://news.google.com/rss/search?q=PFE+earnings+analysis&hl=en-US&gl=US&ceid=US:en'[0m
[2m2026-04-04T16:11:24.084190Z[0m [[32m[1minfo     [0m] [1mparsed                        [0m [36mchannel[0m=[35mgoogle_broad[0m [36mraw[0m=[35m94[0m
[2m2026-04-04T16:11:24.085984Z[0m [[32m[1minfo     [0m] [1mquality_filter                [0m [36minput[0m=[35m394[0m [36mpassed[0m=[35m3[0m
[2m2026-04-04T16:11:24.086415Z[0m [[32m[1minfo     [0m] [1mdedup                         [0m [36mafter[0m=[35m2[0m [36mbefore[0m=[35m3[0m
[2m2026-04-04T16:11:24.086540Z[0m [[32m[1minfo     [0m] [1mfulltext_selection            [0m [36mcandidates[0m=[35m1[0m [36mfiltered[0m=[35m2[0m [36mmode[0m=[35mhigh-value[0m [36mticker[0m=[35mPFE[0m
[2m2026-04-04T16:11:26.431902Z[0m [[32m[1minfo     [0m] [1mfetch                         [0m [36mstatus[0m=[35m200[0m [36murl[0m=[35mhttps://www.marketbeat.com/instant-alerts/filing-pfizer-inc-pfe-stock-position-reduced-by-[0m
[2m2026-04-04T16:11:26.694532Z[0m [[32m[1minfo     [0m] [1mcrawling                      [0m [36mchannel[0m=[35mGoogle->Benzinga[0m [36mtag[0m=[35mgoogle_benzinga[0m
[2m2026-04-04T16:11:29.756873Z[0m [[32m[1minfo     [0m] [1mfetch                         [0m [36mstatus[0m=[35m200[0m [36murl[0m=[35m'https://news.google.com/rss/search?q=HON+site:benzinga.com&hl=en-US&gl=US&ceid=US:en'[0m
[2m2026-04-04T16:11:29.895273Z[0m [[32m[1minfo     [0m] [1mparsed                        [0m [36mchannel[0m=[35mgoogle_benzinga[0m [36mraw[0m=[35m91[0m
[2m2026-04-04T16:11:31.900730Z[0m [[32m[1minfo     [0m] [1mfetch                         [0m [36mstatus[0m=[35m200[0m [36murl[0m=[35m'https://news.google.com/rss/search?q=HON+site:benzinga.com&hl=en-US&gl=US&ceid=US:en'[0m
[2m2026-04-04T16:11:31.955707Z[0m [[32m[1minfo     [0m] [1mparsed                        [0m [36mchannel[0m=[35mgoogle_benzinga[0m [36mraw[0m=[35m91[0m
[2m2026-04-04T16:11:31.955874Z[0m [[32m[1minfo     [0m] [1mcrawling                      [0m [36mchannel[0m=[35m'Google News (all)'[0m [36mtag[0m=[35mgoogle_broad[0m
[2m2026-04-04T16:11:34.506105Z[0m [[32m[1minfo     [0m] [1mfetch                         [0m [36mstatus[0m=[35m200[0m [36murl[0m=[35m'https://news.google.com/rss/search?q=HON+stock+news&hl=en-US&gl=US&ceid=US:en'[0m
[2m2026-04-04T16:11:34.651125Z[0m [[32m[1minfo     [0m] [1mparsed                        [0m [36mchannel[0m=[35mgoogle_broad[0m [36mraw[0m=[35m100[0m
[2m2026-04-04T16:11:37.466519Z[0m [[32m[1minfo     [0m] [1mfetch                         [0m [36mstatus[0m=[35m200[0m [36murl[0m=[35m'https://news.google.com/rss/search?q=HON+earnings+analysis&hl=en-US&gl=US&ceid=US:en'[0m
[2m2026-04-04T16:11:37.526295Z[0m [[32m[1minfo     [0m] [1mparsed                        [0m [36mchannel[0m=[35mgoogle_broad[0m [36mraw[0m=[35m64[0m
[2m2026-04-04T16:11:37.528434Z[0m [[32m[1minfo     [0m] [1mquality_filter                [0m [36minput[0m=[35m346[0m [36mpassed[0m=[35m7[0m
[2m2026-04-04T16:11:37.529364Z[0m [[32m[1minfo     [0m] [1mdedup                         [0m [36mafter[0m=[35m5[0m [36mbefore[0m=[35m7[0m
[2m2026-04-04T16:11:37.529520Z[0m [[32m[1minfo     [0m] [1mfulltext_selection            [0m [36mcandidates[0m=[35m3[0m [36mfiltered[0m=[35m5[0m [36mmode[0m=[35mhigh-value[0m [36mticker[0m=[35mHON[0m
[2m2026-04-04T16:11:40.075537Z[0m [[32m[1minfo     [0m] [1mfetch                         [0m [36mstatus[0m=[35m200[0m [36murl[0m=[35mhttps://intellectia.ai/en/stock/HON/earnings[0m
[2m2026-04-04T16:11:40.435759Z[0m [[32m[1minfo     [0m] [1mfetch                         [0m [36mstatus[0m=[35m200[0m [36murl[0m=[35mhttps://quartr.com/companies/hon-precision-inc_22454[0m
[2m2026-04-04T16:11:42.257919Z[0m [[31m[1merror    [0m] [1mfetch_error                   [0m [36merror[0m=[35m'400, message=\'Got more than 8190 bytes when reading: b"connect-src \\\'self\\\' wss:'[0m [36murl[0m=[35mhttps://uk.finance.yahoo.com/quote/2317.TW/[0m
[2m2026-04-04T16:11:42.460868Z[0m [[32m[1minfo     [0m] [1mcrawling                      [0m [36mchannel[0m=[35mGoogle->Benzinga[0m [36mtag[0m=[35mgoogle_benzinga[0m
[2m2026-04-04T16:11:45.576042Z[0m [[32m[1minfo     [0m] [1mfetch                         [0m [36mstatus[0m=[35m200[0m [36murl[0m=[35m'https://news.google.com/rss/search?q=LOW+site:benzinga.com&hl=en-US&gl=US&ceid=US:en'[0m
[2m2026-04-04T16:11:45.726668Z[0m [[32m[1minfo     [0m] [1mparsed                        [0m [36mchannel[0m=[35mgoogle_benzinga[0m [36mraw[0m=[35m100[0m
[2m2026-04-04T16:11:47.731801Z[0m [[32m[1minfo     [0m] [1mfetch                         [0m [36mstatus[0m=[35m200[0m [36murl[0m=[35m'https://news.google.com/rss/search?q=LOW+site:benzinga.com&hl=en-US&gl=US&ceid=US:en'[0m
[2m2026-04-04T16:11:47.792402Z[0m [[32m[1minfo     [0m] [1mparsed                        [0m [36mchannel[0m=[35mgoogle_benzinga[0m [36mraw[0m=[35m100[0m
[2m2026-04-04T16:11:47.792585Z[0m [[32m[1minfo     [0m] [1mcrawling                      [0m [36mchannel[0m=[35m'Google News (all)'[0m [36mtag[0m=[35mgoogle_broad[0m
[2m2026-04-04T16:11:50.378568Z[0m [[32m[1minfo     [0m] [1mfetch                         [0m [36mstatus[0m=[35m200[0m [36murl[0m=[35m'https://news.google.com/rss/search?q=LOW+stock+news&hl=en-US&gl=US&ceid=US:en'[0m
[2m2026-04-04T16:11:50.529857Z[0m [[32m[1minfo     [0m] [1mparsed                        [0m [36mchannel[0m=[35mgoogle_broad[0m [36mraw[0m=[35m100[0m
[2m2026-04-04T16:11:53.170892Z[0m [[32m[1minfo     [0m] [1mfetch                         [0m [36mstatus[0m=[35m200[0m [36murl[0m=[35m'https://news.google.com/rss/search?q=LOW+earnings+analysis&hl=en-US&gl=US&ceid=US:en'[0m
[2m2026-04-04T16:11:53.322972Z[0m [[32m[1minfo     [0m] [1mparsed                        [0m [36mchannel[0m=[35mgoogle_broad[0m [36mraw[0m=[35m100[0m
[2m2026-04-04T16:11:53.325857Z[0m [[32m[1minfo     [0m] [1mquality_filter                [0m [36minput[0m=[35m400[0m [36mpassed[0m=[35m11[0m
[2m2026-04-04T16:11:53.327413Z[0m [[32m[1minfo     [0m] [1mdedup                         [0m [36mafter[0m=[35m11[0m [36mbefore[0m=[35m11[0m
[2m2026-04-04T16:11:53.327672Z[0m [[32m[1minfo     [0m] [1mfulltext_selection            [0m [36mcandidates[0m=[35m2[0m [36mfiltered[0m=[35m11[0m [36mmode[0m=[35mhigh-value[0m [36mticker[0m=[35mLOW[0m
[2m2026-04-04T16:11:55.331532Z[0m [[32m[1minfo     [0m] [1mfetch                         [0m [36mstatus[0m=[35m403[0m [36murl[0m=[35mhttps://www.investing.com/news/stock-market-news/which-global-stocks-offer-highquality-div[0m
[2m2026-04-04T16:11:56.886540Z[0m [[31m[1merror    [0m] [1mfetch_error                   [0m [36merror[0m=[35m'400, message=\'Got more than 8190 bytes when reading: b"connect-src \\\'self\\\' wss:'[0m [36murl[0m=[35mhttps://sg.finance.yahoo.com/news/coinbase-stock-dips-barclays-holds-1[0m
[2m2026-04-04T16:11:57.089713Z[0m [[32m[1minfo     [0m] [1mcrawling                      [0m [36mchannel[0m=[35mGoogle->Benzinga[0m [36mtag[0m=[35mgoogle_benzinga[0m
[2m2026-04-04T16:12:00.342782Z[0m [[32m[1minfo     [0m] [1mfetch                         [0m [36mstatus[0m=[35m200[0m [36murl[0m=[35m'https://news.google.com/rss/search?q=WELL+site:benzinga.com&hl=en-US&gl=US&ceid=US:en'[0m
[2m2026-04-04T16:12:00.486132Z[0m [[32m[1minfo     [0m] [1mparsed                        [0m [36mchannel[0m=[35mgoogle_benzinga[0m [36mraw[0m=[35m100[0m
[2m2026-04-04T16:12:02.491952Z[0m [[32m[1minfo     [0m] [1mfetch                         [0m [36mstatus[0m=[35m200[0m [36murl[0m=[35m'https://news.google.com/rss/search?q=WELL+site:benzinga.com&hl=en-US&gl=US&ceid=US:en'[0m
[2m2026-04-04T16:12:02.734358Z[0m [[32m[1minfo     [0m] [1mparsed                        [0m [36mchannel[0m=[35mgoogle_benzinga[0m [36mraw[0m=[35m100[0m
[2m2026-04-04T16:12:02.734539Z[0m [[32m[1minfo     [0m] [1mcrawling                      [0m [36mchannel[0m=[35m'Google News (all)'[0m [36mtag[0m=[35mgoogle_broad[0m
[2m2026-04-04T16:12:05.202523Z[0m [[32m[1minfo     [0m] [1mfetch                         [0m [36mstatus[0m=[35m200[0m [36murl[0m=[35m'https://news.google.com/rss/search?q=WELL+stock+news&hl=en-US&gl=US&ceid=US:en'[0m
[2m2026-04-04T16:12:05.262590Z[0m [[32m[1minfo     [0m] [1mparsed                        [0m [36mchannel[0m=[35mgoogle_broad[0m [36mraw[0m=[35m63[0m
[2m2026-04-04T16:12:07.762759Z[0m [[32m[1minfo     [0m] [1mfetch                         [0m [36mstatus[0m=[35m200[0m [36murl[0m=[35m'https://news.google.com/rss/search?q=WELL+earnings+analysis&hl=en-US&gl=US&ceid=US:en'[0m
[2m2026-04-04T16:12:07.874886Z[0m [[32m[1minfo     [0m] [1mparsed                        [0m [36mchannel[0m=[35mgoogle_broad[0m [36mraw[0m=[35m63[0m
[2m2026-04-04T16:12:07.877179Z[0m [[32m[1minfo     [0m] [1mquality_filter                [0m [36minput[0m=[35m326[0m [36mpassed[0m=[35m8[0m
[2m2026-04-04T16:12:07.878188Z[0m [[32m[1minfo     [0m] [1mdedup                         [0m [36mafter[0m=[35m4[0m [36mbefore[0m=[35m8[0m
[2m2026-04-04T16:12:07.878368Z[0m [[32m[1minfo     [0m] [1mfulltext_selection            [0m [36mcandidates[0m=[35m1[0m [36mfiltered[0m=[35m4[0m [36mmode[0m=[35mhigh-value[0m [36mticker[0m=[35mWELL[0m
[2m2026-04-04T16:12:10.061155Z[0m [[32m[1minfo     [0m] [1mfetch                         [0m [36mstatus[0m=[35m200[0m [36murl[0m=[35mhttps://www.marketbeat.com/instant-alerts/filing-welltower-inc-well-stock-position-increas[0m
[2m2026-04-04T16:12:10.404225Z[0m [[32m[1minfo     [0m] [1mcrawling                      [0m [36mchannel[0m=[35mGoogle->Benzinga[0m [36mtag[0m=[35mgoogle_benzinga[0m
[2m2026-04-04T16:12:13.435893Z[0m [[32m[1minfo     [0m] [1mfetch                         [0m [36mstatus[0m=[35m200[0m [36murl[0m=[35m'https://news.google.com/rss/search?q=NEM+site:benzinga.com&hl=en-US&gl=US&ceid=US:en'[0m
[2m2026-04-04T16:12:13.575136Z[0m [[32m[1minfo     [0m] [1mparsed                        [0m [36mchannel[0m=[35mgoogle_benzinga[0m [36mraw[0m=[35m92[0m
[2m2026-04-04T16:12:15.580683Z[0m [[32m[1minfo     [0m] [1mfetch                         [0m [36mstatus[0m=[35m200[0m [36murl[0m=[35m'https://news.google.com/rss/search?q=NEM+site:benzinga.com&hl=en-US&gl=US&ceid=US:en'[0m
[2m2026-04-04T16:12:15.637098Z[0m [[32m[1minfo     [0m] [1mparsed                        [0m [36mchannel[0m=[35mgoogle_benzinga[0m [36mraw[0m=[35m92[0m
[2m2026-04-04T16:12:15.637277Z[0m [[32m[1minfo     [0m] [1mcrawling                      [0m [36mchannel[0m=[35m'Google News (all)'[0m [36mtag[0m=[35mgoogle_broad[0m
[2m2026-04-04T16:12:18.143455Z[0m [[32m[1minfo     [0m] [1mfetch                         [0m [36mstatus[0m=[35m200[0m [36murl[0m=[35m'https://news.google.com/rss/search?q=NEM+stock+news&hl=en-US&gl=US&ceid=US:en'[0m
[2m2026-04-04T16:12:18.281984Z[0m [[32m[1minfo     [0m] [1mparsed                        [0m [36mchannel[0m=[35mgoogle_broad[0m [36mraw[0m=[35m100[0m
[2m2026-04-04T16:12:20.730569Z[0m [[32m[1minfo     [0m] [1mfetch                         [0m [36mstatus[0m=[35m200[0m [36murl[0m=[35m'https://news.google.com/rss/search?q=NEM+earnings+analysis&hl=en-US&gl=US&ceid=US:en'[0m
[2m2026-04-04T16:12:20.789324Z[0m [[32m[1minfo     [0m] [1mparsed                        [0m [36mchannel[0m=[35mgoogle_broad[0m [36mraw[0m=[35m63[0m
[2m2026-04-04T16:12:20.790863Z[0m [[32m[1minfo     [0m] [1mquality_filter                [0m [36minput[0m=[35m347[0m [36mpassed[0m=[35m1[0m
[2m2026-04-04T16:12:20.791150Z[0m [[32m[1minfo     [0m] [1mdedup                         [0m [36mafter[0m=[35m1[0m [36mbefore[0m=[35m1[0m
[2m2026-04-04T16:12:20.791276Z[0m [[32m[1minfo     [0m] [1mfulltext_selection            [0m [36mcandidates[0m=[35m0[0m [36mfiltered[0m=[35m1[0m [36mmode[0m=[35mhigh-value[0m [36mticker[0m=[35mNEM[0m
[2m2026-04-04T16:12:20.791992Z[0m [[32m[1minfo     [0m] [1mcrawling                      [0m [36mchannel[0m=[35mGoogle->Benzinga[0m [36mtag[0m=[35mgoogle_benzinga[0m
[2m2026-04-04T16:12:23.349389Z[0m [[32m[1minfo     [0m] [1mfetch                         [0m [36mstatus[0m=[35m200[0m [36murl[0m=[35m'https://news.google.com/rss/search?q=CB+site:benzinga.com&hl=en-US&gl=US&ceid=US:en'[0m
[2m2026-04-04T16:12:23.396274Z[0m [[32m[1minfo     [0m] [1mparsed                        [0m [36mchannel[0m=[35mgoogle_benzinga[0m [36mraw[0m=[35m54[0m
[2m2026-04-04T16:12:25.402286Z[0m [[32m[1minfo     [0m] [1mfetch                         [0m [36mstatus[0m=[35m200[0m [36murl[0m=[35m'https://news.google.com/rss/search?q=CB+site:benzinga.com&hl=en-US&gl=US&ceid=US:en'[0m
[2m2026-04-04T16:12:25.435647Z[0m [[32m[1minfo     [0m] [1mparsed                        [0m [36mchannel[0m=[35mgoogle_benzinga[0m [36mraw[0m=[35m54[0m
[2m2026-04-04T16:12:25.435810Z[0m [[32m[1minfo     [0m] [1mcrawling                      [0m [36mchannel[0m=[35m'Google News (all)'[0m [36mtag[0m=[35mgoogle_broad[0m
[2m2026-04-04T16:12:27.869732Z[0m [[32m[1minfo     [0m] [1mfetch                         [0m [36mstatus[0m=[35m200[0m [36murl[0m=[35m'https://news.google.com/rss/search?q=CB+stock+news&hl=en-US&gl=US&ceid=US:en'[0m
[2m2026-04-04T16:12:27.933734Z[0m [[32m[1minfo     [0m] [1mparsed                        [0m [36mchannel[0m=[35mgoogle_broad[0m [36mraw[0m=[35m70[0m
[2m2026-04-04T16:12:30.361826Z[0m [[32m[1minfo     [0m] [1mfetch                         [0m [36mstatus[0m=[35m200[0m [36murl[0m=[35m'https://news.google.com/rss/search?q=CB+earnings+analysis&hl=en-US&gl=US&ceid=US:en'[0m
[2m2026-04-04T16:12:30.421344Z[0m [[32m[1minfo     [0m] [1mparsed                        [0m [36mchannel[0m=[35mgoogle_broad[0m [36mraw[0m=[35m63[0m
[2m2026-04-04T16:12:30.422142Z[0m [[32m[1minfo     [0m] [1mquality_filter                [0m [36minput[0m=[35m241[0m [36mpassed[0m=[35m0[0m
[2m2026-04-04T16:12:30.422320Z[0m [[32m[1minfo     [0m] [1mdedup                         [0m [36mafter[0m=[35m0[0m [36mbefore[0m=[35m0[0m
[2m2026-04-04T16:12:30.422404Z[0m [[32m[1minfo     [0m] [1mfulltext_selection            [0m [36mcandidates[0m=[35m0[0m [36mfiltered[0m=[35m0[0m [36mmode[0m=[35mhigh-value[0m [36mticker[0m=[35mCB[0m
[2m2026-04-04T16:12:30.423181Z[0m [[32m[1minfo     [0m] [1mcrawling                      [0m [36mchannel[0m=[35mGoogle->Benzinga[0m [36mtag[0m=[35mgoogle_benzinga[0m
[2m2026-04-04T16:12:32.879161Z[0m [[32m[1minfo     [0m] [1mfetch                         [0m [36mstatus[0m=[35m200[0m [36murl[0m=[35m'https://news.google.com/rss/search?q=PLD+site:benzinga.com&hl=en-US&gl=US&ceid=US:en'[0m
[2m2026-04-04T16:12:32.895520Z[0m [[32m[1minfo     [0m] [1mparsed                        [0m [36mchannel[0m=[35mgoogle_benzinga[0m [36mraw[0m=[35m23[0m
[2m2026-04-04T16:12:34.900749Z[0m [[32m[1minfo     [0m] [1mfetch                         [0m [36mstatus[0m=[35m200[0m [36murl[0m=[35m'https://news.google.com/rss/search?q=PLD+site:benzinga.com&hl=en-US&gl=US&ceid=US:en'[0m
[2m2026-04-04T16:12:34.915934Z[0m [[32m[1minfo     [0m] [1mparsed                        [0m [36mchannel[0m=[35mgoogle_benzinga[0m [36mraw[0m=[35m23[0m
[2m2026-04-04T16:12:34.916092Z[0m [[32m[1minfo     [0m] [1mcrawling                      [0m [36mchannel[0m=[35m'Google News (all)'[0m [36mtag[0m=[35mgoogle_broad[0m
[2m2026-04-04T16:12:37.357146Z[0m [[32m[1minfo     [0m] [1mfetch                         [0m [36mstatus[0m=[35m200[0m [36murl[0m=[35m'https://news.google.com/rss/search?q=PLD+stock+news&hl=en-US&gl=US&ceid=US:en'[0m
[2m2026-04-04T16:12:37.431386Z[0m [[32m[1minfo     [0m] [1mparsed                        [0m [36mchannel[0m=[35mgoogle_broad[0m [36mraw[0m=[35m75[0m
[2m2026-04-04T16:12:39.845628Z[0m [[32m[1minfo     [0m] [1mfetch                         [0m [36mstatus[0m=[35m200[0m [36murl[0m=[35m'https://news.google.com/rss/search?q=PLD+earnings+analysis&hl=en-US&gl=US&ceid=US:en'[0m
[2m2026-04-04T16:12:39.877647Z[0m [[32m[1minfo     [0m] [1mparsed                        [0m [36mchannel[0m=[35mgoogle_broad[0m [36mraw[0m=[35m41[0m
[2m2026-04-04T16:12:39.879907Z[0m [[32m[1minfo     [0m] [1mquality_filter                [0m [36minput[0m=[35m162[0m [36mpassed[0m=[35m10[0m
[2m2026-04-04T16:12:39.881139Z[0m [[32m[1minfo     [0m] [1mdedup                         [0m [36mafter[0m=[35m7[0m [36mbefore[0m=[35m10[0m
[2m2026-04-04T16:12:39.881357Z[0m [[32m[1minfo     [0m] [1mfulltext_selection            [0m [36mcandidates[0m=[35m2[0m [36mfiltered[0m=[35m7[0m [36mmode[0m=[35mhigh-value[0m [36mticker[0m=[35mPLD[0m
[2m2026-04-04T16:12:42.970968Z[0m [[32m[1minfo     [0m] [1mfetch                         [0m [36mstatus[0m=[35m200[0m [36murl[0m=[35mhttps://www.stocktitan.net/sec-filings/PLD/form-4-prologis-inc-insider-trading-activity-b3[0m
[2m2026-04-04T16:12:43.461019Z[0m [[32m[1minfo     [0m] [1mfetch                         [0m [36mstatus[0m=[35m200[0m [36murl[0m=[35mhttps://www.stocktitan.net/sec-filings/PLD/form-4-prologis-inc-insider-trading-activity-17[0m
[2m2026-04-04T16:12:43.681226Z[0m [[32m[1minfo     [0m] [1mcrawling                      [0m [36mchannel[0m=[35mGoogle->Benzinga[0m [36mtag[0m=[35mgoogle_benzinga[0m
[2m2026-04-04T16:12:46.127788Z[0m [[32m[1minfo     [0m] [1mfetch                         [0m [36mstatus[0m=[35m200[0m [36murl[0m=[35m'https://news.google.com/rss/search?q=GLW+site:benzinga.com&hl=en-US&gl=US&ceid=US:en'[0m
[2m2026-04-04T16:12:46.172930Z[0m [[32m[1minfo     [0m] [1mparsed                        [0m [36mchannel[0m=[35mgoogle_benzinga[0m [36mraw[0m=[35m50[0m
[2m2026-04-04T16:12:48.178504Z[0m [[32m[1minfo     [0m] [1mfetch                         [0m [36mstatus[0m=[35m200[0m [36murl[0m=[35m'https://news.google.com/rss/search?q=GLW+site:benzinga.com&hl=en-US&gl=US&ceid=US:en'[0m
[2m2026-04-04T16:12:48.209708Z[0m [[32m[1minfo     [0m] [1mparsed                        [0m [36mchannel[0m=[35mgoogle_benzinga[0m [36mraw[0m=[35m50[0m
[2m2026-04-04T16:12:48.209879Z[0m [[32m[1minfo     [0m] [1mcrawling                      [0m [36mchannel[0m=[35m'Google News (all)'[0m [36mtag[0m=[35mgoogle_broad[0m
[2m2026-04-04T16:12:50.748908Z[0m [[32m[1minfo     [0m] [1mfetch                         [0m [36mstatus[0m=[35m200[0m [36murl[0m=[35m'https://news.google.com/rss/search?q=GLW+stock+news&hl=en-US&gl=US&ceid=US:en'[0m
[2m2026-04-04T16:12:50.887589Z[0m [[32m[1minfo     [0m] [1mparsed                        [0m [36mchannel[0m=[35mgoogle_broad[0m [36mraw[0m=[35m100[0m
[2m2026-04-04T16:12:53.407875Z[0m [[32m[1minfo     [0m] [1mfetch                         [0m [36mstatus[0m=[35m200[0m [36murl[0m=[35m'https://news.google.com/rss/search?q=GLW+earnings+analysis&hl=en-US&gl=US&ceid=US:en'[0m
[2m2026-04-04T16:12:53.464662Z[0m [[32m[1minfo     [0m] [1mparsed                        [0m [36mchannel[0m=[35mgoogle_broad[0m [36mraw[0m=[35m59[0m
[2m2026-04-04T16:12:53.466101Z[0m [[32m[1minfo     [0m] [1mquality_filter                [0m [36minput[0m=[35m259[0m [36mpassed[0m=[35m2[0m
[2m2026-04-04T16:12:53.466470Z[0m [[32m[1minfo     [0m] [1mdedup                         [0m [36mafter[0m=[35m2[0m [36mbefore[0m=[35m2[0m
[2m2026-04-04T16:12:53.466593Z[0m [[32m[1minfo     [0m] [1mfulltext_selection            [0m [36mcandidates[0m=[35m0[0m [36mfiltered[0m=[35m2[0m [36mmode[0m=[35mhigh-value[0m [36mticker[0m=[35mGLW[0m
[2m2026-04-04T16:12:53.467295Z[0m [[32m[1minfo     [0m] [1mcrawling                      [0m [36mchannel[0m=[35mGoogle->Benzinga[0m [36mtag[0m=[35mgoogle_benzinga[0m
[2m2026-04-04T16:12:56.517816Z[0m [[32m[1minfo     [0m] [1mfetch                         [0m [36mstatus[0m=[35m200[0m [36murl[0m=[35m'https://news.google.com/rss/search?q=ACN+site:benzinga.com&hl=en-US&gl=US&ceid=US:en'[0m
[2m2026-04-04T16:12:56.646253Z[0m [[32m[1minfo     [0m] [1mparsed                        [0m [36mchannel[0m=[35mgoogle_benzinga[0m [36mraw[0m=[35m87[0m
[2m2026-04-04T16:12:58.651645Z[0m [[32m[1minfo     [0m] [1mfetch                         [0m [36mstatus[0m=[35m200[0m [36murl[0m=[35m'https://news.google.com/rss/search?q=ACN+site:benzinga.com&hl=en-US&gl=US&ceid=US:en'[0m
[2m2026-04-04T16:12:58.704125Z[0m [[32m[1minfo     [0m] [1mparsed                        [0m [36mchannel[0m=[35mgoogle_benzinga[0m [36mraw[0m=[35m87[0m
[2m2026-04-04T16:12:58.704317Z[0m [[32m[1minfo     [0m] [1mcrawling                      [0m [36mchannel[0m=[35m'Google News (all)'[0m [36mtag[0m=[35mgoogle_broad[0m
[2m2026-04-04T16:13:01.239413Z[0m [[32m[1minfo     [0m] [1mfetch                         [0m [36mstatus[0m=[35m200[0m [36murl[0m=[35m'https://news.google.com/rss/search?q=ACN+stock+news&hl=en-US&gl=US&ceid=US:en'[0m
[2m2026-04-04T16:13:01.462993Z[0m [[32m[1minfo     [0m] [1mparsed                        [0m [36mchannel[0m=[35mgoogle_broad[0m [36mraw[0m=[35m100[0m
[2m2026-04-04T16:13:04.005302Z[0m [[32m[1minfo     [0m] [1mfetch                         [0m [36mstatus[0m=[35m200[0m [36murl[0m=[35m'https://news.google.com/rss/search?q=ACN+earnings+analysis&hl=en-US&gl=US&ceid=US:en'[0m
[2m2026-04-04T16:13:04.065710Z[0m [[32m[1minfo     [0m] [1mparsed                        [0m [36mchannel[0m=[35mgoogle_broad[0m [36mraw[0m=[35m65[0m
[2m2026-04-04T16:13:04.067458Z[0m [[32m[1minfo     [0m] [1mquality_filter                [0m [36minput[0m=[35m339[0m [36mpassed[0m=[35m3[0m
[2m2026-04-04T16:13:04.067902Z[0m [[32m[1minfo     [0m] [1mdedup                         [0m [36mafter[0m=[35m2[0m [36mbefore[0m=[35m3[0m
[2m2026-04-04T16:13:04.068023Z[0m [[32m[1minfo     [0m] [1mfulltext_selection            [0m [36mcandidates[0m=[35m0[0m [36mfiltered[0m=[35m2[0m [36mmode[0m=[35mhigh-value[0m [36mticker[0m=[35mACN[0m
[2m2026-04-04T16:13:04.068764Z[0m [[32m[1minfo     [0m] [1mcrawling                      [0m [36mchannel[0m=[35mGoogle->Benzinga[0m [36mtag[0m=[35mgoogle_benzinga[0m
[2m2026-04-04T16:13:06.514487Z[0m [[32m[1minfo     [0m] [1mfetch                         [0m [36mstatus[0m=[35m200[0m [36murl[0m=[35m'https://news.google.com/rss/search?q=BMY+site:benzinga.com&hl=en-US&gl=US&ceid=US:en'[0m
[2m2026-04-04T16:13:06.567816Z[0m [[32m[1minfo     [0m] [1mparsed                        [0m [36mchannel[0m=[35mgoogle_benzinga[0m [36mraw[0m=[35m54[0m
[2m2026-04-04T16:13:08.573462Z[0m [[32m[1minfo     [0m] [1mfetch                         [0m [36mstatus[0m=[35m200[0m [36murl[0m=[35m'https://news.google.com/rss/search?q=BMY+site:benzinga.com&hl=en-US&gl=US&ceid=US:en'[0m
[2m2026-04-04T16:13:08.606338Z[0m [[32m[1minfo     [0m] [1mparsed                        [0m [36mchannel[0m=[35mgoogle_benzinga[0m [36mraw[0m=[35m54[0m
[2m2026-04-04T16:13:08.606507Z[0m [[32m[1minfo     [0m] [1mcrawling                      [0m [36mchannel[0m=[35m'Google News (all)'[0m [36mtag[0m=[35mgoogle_broad[0m
[2m2026-04-04T16:13:11.439980Z[0m [[32m[1minfo     [0m] [1mfetch                         [0m [36mstatus[0m=[35m200[0m [36murl[0m=[35m'https://news.google.com/rss/search?q=BMY+stock+news&hl=en-US&gl=US&ceid=US:en'[0m
[2m2026-04-04T16:13:11.577773Z[0m [[32m[1minfo     [0m] [1mparsed                        [0m [36mchannel[0m=[35mgoogle_broad[0m [36mraw[0m=[35m100[0m
[2m2026-04-04T16:13:14.040893Z[0m [[32m[1minfo     [0m] [1mfetch                         [0m [36mstatus[0m=[35m200[0m [36murl[0m=[35m'https://news.google.com/rss/search?q=BMY+earnings+analysis&hl=en-US&gl=US&ceid=US:en'[0m
[2m2026-04-04T16:13:14.102037Z[0m [[32m[1minfo     [0m] [1mparsed                        [0m [36mchannel[0m=[35mgoogle_broad[0m [36mraw[0m=[35m66[0m
[2m2026-04-04T16:13:14.103666Z[0m [[32m[1minfo     [0m] [1mquality_filter                [0m [36minput[0m=[35m274[0m [36mpassed[0m=[35m2[0m
[2m2026-04-04T16:13:14.104008Z[0m [[32m[1minfo     [0m] [1mdedup                         [0m [36mafter[0m=[35m2[0m [36mbefore[0m=[35m2[0m
[2m2026-04-04T16:13:14.104118Z[0m [[32m[1minfo     [0m] [1mfulltext_selection            [0m [36mcandidates[0m=[35m1[0m [36mfiltered[0m=[35m2[0m [36mmode[0m=[35mhigh-value[0m [36mticker[0m=[35mBMY[0m
[2m2026-04-04T16:13:16.029053Z[0m [[32m[1minfo     [0m] [1mfetch                         [0m [36mstatus[0m=[35m403[0m [36murl[0m=[35mhttps://au.investing.com/news/insider-trading-news/elkins-bristol-myers-squibb-cfo-sells-1[0m
[2m2026-04-04T16:13:16.231273Z[0m [[32m[1minfo     [0m] [1mcrawling                      [0m [36mchannel[0m=[35mGoogle->Benzinga[0m [36mtag[0m=[35mgoogle_benzinga[0m
[2m2026-04-04T16:13:19.200913Z[0m [[32m[1minfo     [0m] [1mfetch                         [0m [36mstatus[0m=[35m200[0m [36murl[0m=[35m'https://news.google.com/rss/search?q=MDT+site:benzinga.com&hl=en-US&gl=US&ceid=US:en'[0m
[2m2026-04-04T16:13:19.244326Z[0m [[32m[1minfo     [0m] [1mparsed                        [0m [36mchannel[0m=[35mgoogle_benzinga[0m [36mraw[0m=[35m48[0m
[2m2026-04-04T16:13:21.249582Z[0m [[32m[1minfo     [0m] [1mfetch                         [0m [36mstatus[0m=[35m200[0m [36murl[0m=[35m'https://news.google.com/rss/search?q=MDT+site:benzinga.com&hl=en-US&gl=US&ceid=US:en'[0m
[2m2026-04-04T16:13:21.279818Z[0m [[32m[1minfo     [0m] [1mparsed                        [0m [36mchannel[0m=[35mgoogle_benzinga[0m [36mraw[0m=[35m48[0m
[2m2026-04-04T16:13:21.279972Z[0m [[32m[1minfo     [0m] [1mcrawling                      [0m [36mchannel[0m=[35m'Google News (all)'[0m [36mtag[0m=[35mgoogle_broad[0m
[2m2026-04-04T16:13:23.974974Z[0m [[32m[1minfo     [0m] [1mfetch                         [0m [36mstatus[0m=[35m200[0m [36murl[0m=[35m'https://news.google.com/rss/search?q=MDT+stock+news&hl=en-US&gl=US&ceid=US:en'[0m
[2m2026-04-04T16:13:24.120260Z[0m [[32m[1minfo     [0m] [1mparsed                        [0m [36mchannel[0m=[35mgoogle_broad[0m [36mraw[0m=[35m100[0m
[2m2026-04-04T16:13:26.562638Z[0m [[32m[1minfo     [0m] [1mfetch                         [0m [36mstatus[0m=[35m200[0m [36murl[0m=[35m'https://news.google.com/rss/search?q=MDT+earnings+analysis&hl=en-US&gl=US&ceid=US:en'[0m
[2m2026-04-04T16:13:26.616413Z[0m [[32m[1minfo     [0m] [1mparsed                        [0m [36mchannel[0m=[35mgoogle_broad[0m [36mraw[0m=[35m54[0m
[2m2026-04-04T16:13:26.617800Z[0m [[32m[1minfo     [0m] [1mquality_filter                [0m [36minput[0m=[35m250[0m [36mpassed[0m=[35m2[0m
[2m2026-04-04T16:13:26.618158Z[0m [[32m[1minfo     [0m] [1mdedup                         [0m [36mafter[0m=[35m2[0m [36mbefore[0m=[35m2[0m
[2m2026-04-04T16:13:26.618296Z[0m [[32m[1minfo     [0m] [1mfulltext_selection            [0m [36mcandidates[0m=[35m1[0m [36mfiltered[0m=[35m2[0m [36mmode[0m=[35mhigh-value[0m [36mticker[0m=[35mMDT[0m
[2m2026-04-04T16:13:28.658999Z[0m [[32m[1minfo     [0m] [1mfetch                         [0m [36mstatus[0m=[35m200[0m [36murl[0m=[35mhttps://www.marketbeat.com/instant-alerts/filing-genesis-financial-group-llc-acquires-shar[0m
[2m2026-04-04T16:13:28.998885Z[0m [[32m[1minfo     [0m] [1mcrawling                      [0m [36mchannel[0m=[35mGoogle->Benzinga[0m [36mtag[0m=[35mgoogle_benzinga[0m
[2m2026-04-04T16:13:31.984125Z[0m [[32m[1minfo     [0m] [1mfetch                         [0m [36mstatus[0m=[35m200[0m [36murl[0m=[35m'https://news.google.com/rss/search?q=PGR+site:benzinga.com&hl=en-US&gl=US&ceid=US:en'[0m
[2m2026-04-04T16:13:31.998919Z[0m [[32m[1minfo     [0m] [1mparsed                        [0m [36mchannel[0m=[35mgoogle_benzinga[0m [36mraw[0m=[35m22[0m
[2m2026-04-04T16:13:34.004008Z[0m [[32m[1minfo     [0m] [1mfetch                         [0m [36mstatus[0m=[35m200[0m [36murl[0m=[35m'https://news.google.com/rss/search?q=PGR+site:benzinga.com&hl=en-US&gl=US&ceid=US:en'[0m
[2m2026-04-04T16:13:34.018726Z[0m [[32m[1minfo     [0m] [1mparsed                        [0m [36mchannel[0m=[35mgoogle_benzinga[0m [36mraw[0m=[35m22[0m
[2m2026-04-04T16:13:34.018884Z[0m [[32m[1minfo     [0m] [1mcrawling                      [0m [36mchannel[0m=[35m'Google News (all)'[0m [36mtag[0m=[35mgoogle_broad[0m
[2m2026-04-04T16:13:36.548001Z[0m [[32m[1minfo     [0m] [1mfetch                         [0m [36mstatus[0m=[35m200[0m [36murl[0m=[35m'https://news.google.com/rss/search?q=PGR+stock+news&hl=en-US&gl=US&ceid=US:en'[0m
[2m2026-04-04T16:13:36.690846Z[0m [[32m[1minfo     [0m] [1mparsed                        [0m [36mchannel[0m=[35mgoogle_broad[0m [36mraw[0m=[35m100[0m
[2m2026-04-04T16:13:39.067813Z[0m [[32m[1minfo     [0m] [1mfetch                         [0m [36mstatus[0m=[35m200[0m [36murl[0m=[35m'https://news.google.com/rss/search?q=PGR+earnings+analysis&hl=en-US&gl=US&ceid=US:en'[0m
[2m2026-04-04T16:13:39.090775Z[0m [[32m[1minfo     [0m] [1mparsed                        [0m [36mchannel[0m=[35mgoogle_broad[0m [36mraw[0m=[35m35[0m
[2m2026-04-04T16:13:39.092321Z[0m [[32m[1minfo     [0m] [1mquality_filter                [0m [36minput[0m=[35m179[0m [36mpassed[0m=[35m4[0m
[2m2026-04-04T16:13:39.092838Z[0m [[32m[1minfo     [0m] [1mdedup                         [0m [36mafter[0m=[35m2[0m [36mbefore[0m=[35m4[0m
[2m2026-04-04T16:13:39.092966Z[0m [[32m[1minfo     [0m] [1mfulltext_selection            [0m [36mcandidates[0m=[35m1[0m [36mfiltered[0m=[35m2[0m [36mmode[0m=[35mhigh-value[0m [36mticker[0m=[35mPGR[0m
[2m2026-04-04T16:13:41.764804Z[0m [[32m[1minfo     [0m] [1mcrawling                      [0m [36mchannel[0m=[35mGoogle->Benzinga[0m [36mtag[0m=[35mgoogle_benzinga[0m
[2m2026-04-04T16:13:44.799804Z[0m [[32m[1minfo     [0m] [1mfetch                         [0m [36mstatus[0m=[35m200[0m [36murl[0m=[35m'https://news.google.com/rss/search?q=COF+site:benzinga.com&hl=en-US&gl=US&ceid=US:en'[0m
[2m2026-04-04T16:13:44.857165Z[0m [[32m[1minfo     [0m] [1mparsed                        [0m [36mchannel[0m=[35mgoogle_benzinga[0m [36mraw[0m=[35m59[0m
[2m2026-04-04T16:13:46.862698Z[0m [[32m[1minfo     [0m] [1mfetch                         [0m [36mstatus[0m=[35m200[0m [36murl[0m=[35m'https://news.google.com/rss/search?q=COF+site:benzinga.com&hl=en-US&gl=US&ceid=US:en'[0m
[2m2026-04-04T16:13:46.900556Z[0m [[32m[1minfo     [0m] [1mparsed                        [0m [36mchannel[0m=[35mgoogle_benzinga[0m [36mraw[0m=[35m59[0m
[2m2026-04-04T16:13:46.900724Z[0m [[32m[1minfo     [0m] [1mcrawling                      [0m [36mchannel[0m=[35m'Google News (all)'[0m [36mtag[0m=[35mgoogle_broad[0m
[2m2026-04-04T16:13:49.443617Z[0m [[32m[1minfo     [0m] [1mfetch                         [0m [36mstatus[0m=[35m200[0m [36murl[0m=[35m'https://news.google.com/rss/search?q=COF+stock+news&hl=en-US&gl=US&ceid=US:en'[0m
[2m2026-04-04T16:13:49.582759Z[0m [[32m[1minfo     [0m] [1mparsed                        [0m [36mchannel[0m=[35mgoogle_broad[0m [36mraw[0m=[35m100[0m
[2m2026-04-04T16:13:52.019489Z[0m [[32m[1minfo     [0m] [1mfetch                         [0m [36mstatus[0m=[35m200[0m [36murl[0m=[35m'https://news.google.com/rss/search?q=COF+earnings+analysis&hl=en-US&gl=US&ceid=US:en'[0m
[2m2026-04-04T16:13:52.055341Z[0m [[32m[1minfo     [0m] [1mparsed                        [0m [36mchannel[0m=[35mgoogle_broad[0m [36mraw[0m=[35m47[0m
[2m2026-04-04T16:13:52.056748Z[0m [[32m[1minfo     [0m] [1mquality_filter                [0m [36minput[0m=[35m265[0m [36mpassed[0m=[35m1[0m
[2m2026-04-04T16:13:52.057011Z[0m [[32m[1minfo     [0m] [1mdedup                         [0m [36mafter[0m=[35m1[0m [36mbefore[0m=[35m1[0m
[2m2026-04-04T16:13:52.057113Z[0m [[32m[1minfo     [0m] [1mfulltext_selection            [0m [36mcandidates[0m=[35m0[0m [36mfiltered[0m=[35m1[0m [36mmode[0m=[35mhigh-value[0m [36mticker[0m=[35mCOF[0m
[2m2026-04-04T16:13:52.057834Z[0m [[32m[1minfo     [0m] [1mcrawling                      [0m [36mchannel[0m=[35mGoogle->Benzinga[0m [36mtag[0m=[35mgoogle_benzinga[0m
[2m2026-04-04T16:13:54.449474Z[0m [[32m[1minfo     [0m] [1mfetch                         [0m [36mstatus[0m=[35m200[0m [36murl[0m=[35m'https://news.google.com/rss/search?q=MCK+site:benzinga.com&hl=en-US&gl=US&ceid=US:en'[0m
[2m2026-04-04T16:13:54.463684Z[0m [[32m[1minfo     [0m] [1mparsed                        [0m [36mchannel[0m=[35mgoogle_benzinga[0m [36mraw[0m=[35m21[0m
[2m2026-04-04T16:13:56.469118Z[0m [[32m[1minfo     [0m] [1mfetch                         [0m [36mstatus[0m=[35m200[0m [36murl[0m=[35m'https://news.google.com/rss/search?q=MCK+site:benzinga.com&hl=en-US&gl=US&ceid=US:en'[0m
[2m2026-04-04T16:13:56.483333Z[0m [[32m[1minfo     [0m] [1mparsed                        [0m [36mchannel[0m=[35mgoogle_benzinga[0m [36mraw[0m=[35m21[0m
[2m2026-04-04T16:13:56.483491Z[0m [[32m[1minfo     [0m] [1mcrawling                      [0m [36mchannel[0m=[35m'Google News (all)'[0m [36mtag[0m=[35mgoogle_broad[0m
[2m2026-04-04T16:13:59.040789Z[0m [[32m[1minfo     [0m] [1mfetch                         [0m [36mstatus[0m=[35m200[0m [36murl[0m=[35m'https://news.google.com/rss/search?q=MCK+stock+news&hl=en-US&gl=US&ceid=US:en'[0m
[2m2026-04-04T16:13:59.170816Z[0m [[32m[1minfo     [0m] [1mparsed                        [0m [36mchannel[0m=[35mgoogle_broad[0m [36mraw[0m=[35m100[0m
[2m2026-04-04T16:14:01.572820Z[0m [[32m[1minfo     [0m] [1mfetch                         [0m [36mstatus[0m=[35m200[0m [36murl[0m=[35m'https://news.google.com/rss/search?q=MCK+earnings+analysis&hl=en-US&gl=US&ceid=US:en'[0m
[2m2026-04-04T16:14:01.655270Z[0m [[32m[1minfo     [0m] [1mparsed                        [0m [36mchannel[0m=[35mgoogle_broad[0m [36mraw[0m=[35m39[0m
[2m2026-04-04T16:14:01.665444Z[0m [[32m[1minfo     [0m] [1mquality_filter                [0m [36minput[0m=[35m181[0m [36mpassed[0m=[35m2[0m
[2m2026-04-04T16:14:01.665858Z[0m [[32m[1minfo     [0m] [1mdedup                         [0m [36mafter[0m=[35m2[0m [36mbefore[0m=[35m2[0m
[2m2026-04-04T16:14:01.665988Z[0m [[32m[1minfo     [0m] [1mfulltext_selection            [0m [36mcandidates[0m=[35m1[0m [36mfiltered[0m=[35m2[0m [36mmode[0m=[35mhigh-value[0m [36mticker[0m=[35mMCK[0m
[2m2026-04-04T16:14:05.275086Z[0m [[32m[1minfo     [0m] [1mfetch                         [0m [36mstatus[0m=[35m200[0m [36murl[0m=[35mhttps://intellectia.ai/en/stock/MCK/earnings[0m
[2m2026-04-04T16:14:05.887011Z[0m [[32m[1minfo     [0m] [1mcrawling                      [0m [36mchannel[0m=[35mGoogle->Benzinga[0m [36mtag[0m=[35mgoogle_benzinga[0m
[2m2026-04-04T16:14:08.808905Z[0m [[32m[1minfo     [0m] [1mfetch                         [0m [36mstatus[0m=[35m200[0m [36murl[0m=[35m'https://news.google.com/rss/search?q=HCA+site:benzinga.com&hl=en-US&gl=US&ceid=US:en'[0m
[2m2026-04-04T16:14:08.866285Z[0m [[32m[1minfo     [0m] [1mparsed                        [0m [36mchannel[0m=[35mgoogle_benzinga[0m [36mraw[0m=[35m62[0m
[2m2026-04-04T16:14:10.871758Z[0m [[32m[1minfo     [0m] [1mfetch                         [0m [36mstatus[0m=[35m200[0m [36murl[0m=[35m'https://news.google.com/rss/search?q=HCA+site:benzinga.com&hl=en-US&gl=US&ceid=US:en'[0m
[2m2026-04-04T16:14:10.910035Z[0m [[32m[1minfo     [0m] [1mparsed                        [0m [36mchannel[0m=[35mgoogle_benzinga[0m [36mraw[0m=[35m62[0m
[2m2026-04-04T16:14:10.910224Z[0m [[32m[1minfo     [0m] [1mcrawling                      [0m [36mchannel[0m=[35m'Google News (all)'[0m [36mtag[0m=[35mgoogle_broad[0m
[2m2026-04-04T16:14:13.670635Z[0m [[32m[1minfo     [0m] [1mfetch                         [0m [36mstatus[0m=[35m200[0m [36murl[0m=[35m'https://news.google.com/rss/search?q=HCA+stock+news&hl=en-US&gl=US&ceid=US:en'[0m
[2m2026-04-04T16:14:13.814352Z[0m [[32m[1minfo     [0m] [1mparsed                        [0m [36mchannel[0m=[35mgoogle_broad[0m [36mraw[0m=[35m100[0m
[2m2026-04-04T16:14:16.250971Z[0m [[32m[1minfo     [0m] [1mfetch                         [0m [36mstatus[0m=[35m200[0m [36murl[0m=[35m'https://news.google.com/rss/search?q=HCA+earnings+analysis&hl=en-US&gl=US&ceid=US:en'[0m
[2m2026-04-04T16:14:16.293952Z[0m [[32m[1minfo     [0m] [1mparsed                        [0m [36mchannel[0m=[35mgoogle_broad[0m [36mraw[0m=[35m47[0m
[2m2026-04-04T16:14:16.295626Z[0m [[32m[1minfo     [0m] [1mquality_filter                [0m [36minput[0m=[35m271[0m [36mpassed[0m=[35m5[0m
[2m2026-04-04T16:14:16.296198Z[0m [[32m[1minfo     [0m] [1mdedup                         [0m [36mafter[0m=[35m4[0m [36mbefore[0m=[35m5[0m
[2m2026-04-04T16:14:16.296373Z[0m [[32m[1minfo     [0m] [1mfulltext_selection            [0m [36mcandidates[0m=[35m3[0m [36mfiltered[0m=[35m4[0m [36mmode[0m=[35mhigh-value[0m [36mticker[0m=[35mHCA[0m
[2m2026-04-04T16:14:18.531325Z[0m [[32m[1minfo     [0m] [1mfetch                         [0m [36mstatus[0m=[35m403[0m [36murl[0m=[35mhttps://www.investing.com/news/analyst-ratings/cantor-fitzgerald-reiterates-hca-healthcare[0m
[2m2026-04-04T16:14:19.177313Z[0m [[32m[1minfo     [0m] [1mfetch                         [0m [36mstatus[0m=[35m200[0m [36murl[0m=[35mhttps://intellectia.ai/en/stock/HCA/news[0m
[2m2026-04-04T16:14:19.710061Z[0m [[32m[1minfo     [0m] [1mfetch                         [0m [36mstatus[0m=[35m200[0m [36murl[0m=[35mhttps://www.investors.com/research/ibd-stock-of-the-day/hca-stock-of-the-day-ai-winner-pal[0m
[2m2026-04-04T16:14:20.132858Z[0m [[32m[1minfo     [0m] [1mcrawling                      [0m [36mchannel[0m=[35mGoogle->Benzinga[0m [36mtag[0m=[35mgoogle_benzinga[0m
[2m2026-04-04T16:14:22.730164Z[0m [[32m[1minfo     [0m] [1mfetch                         [0m [36mstatus[0m=[35m200[0m [36murl[0m=[35m'https://news.google.com/rss/search?q=MO+site:benzinga.com&hl=en-US&gl=US&ceid=US:en'[0m
[2m2026-04-04T16:14:22.865346Z[0m [[32m[1minfo     [0m] [1mparsed                        [0m [36mchannel[0m=[35mgoogle_benzinga[0m [36mraw[0m=[35m100[0m
[2m2026-04-04T16:14:24.870695Z[0m [[32m[1minfo     [0m] [1mfetch                         [0m [36mstatus[0m=[35m200[0m [36murl[0m=[35m'https://news.google.com/rss/search?q=MO+site:benzinga.com&hl=en-US&gl=US&ceid=US:en'[0m
[2m2026-04-04T16:14:24.933373Z[0m [[32m[1minfo     [0m] [1mparsed                        [0m [36mchannel[0m=[35mgoogle_benzinga[0m [36mraw[0m=[35m100[0m
[2m2026-04-04T16:14:24.933539Z[0m [[32m[1minfo     [0m] [1mcrawling                      [0m [36mchannel[0m=[35m'Google News (all)'[0m [36mtag[0m=[35mgoogle_broad[0m
[2m2026-04-04T16:14:27.592078Z[0m [[32m[1minfo     [0m] [1mfetch                         [0m [36mstatus[0m=[35m200[0m [36murl[0m=[35m'https://news.google.com/rss/search?q=MO+stock+news&hl=en-US&gl=US&ceid=US:en'[0m
[2m2026-04-04T16:14:27.728740Z[0m [[32m[1minfo     [0m] [1mparsed                        [0m [36mchannel[0m=[35mgoogle_broad[0m [36mraw[0m=[35m100[0m
[2m2026-04-04T16:14:30.207543Z[0m [[32m[1minfo     [0m] [1mfetch                         [0m [36mstatus[0m=[35m200[0m [36murl[0m=[35m'https://news.google.com/rss/search?q=MO+earnings+analysis&hl=en-US&gl=US&ceid=US:en'[0m
[2m2026-04-04T16:14:30.257573Z[0m [[32m[1minfo     [0m] [1mparsed                        [0m [36mchannel[0m=[35mgoogle_broad[0m [36mraw[0m=[35m59[0m
[2m2026-04-04T16:14:30.259235Z[0m [[32m[1minfo     [0m] [1mquality_filter                [0m [36minput[0m=[35m359[0m [36mpassed[0m=[35m0[0m
[2m2026-04-04T16:14:30.259374Z[0m [[32m[1minfo     [0m] [1mdedup                         [0m [36mafter[0m=[35m0[0m [36mbefore[0m=[35m0[0m
[2m2026-04-04T16:14:30.259447Z[0m [[32m[1minfo     [0m] [1mfulltext_selection            [0m [36mcandidates[0m=[35m0[0m [36mfiltered[0m=[35m0[0m [36mmode[0m=[35mhigh-value[0m [36mticker[0m=[35mMO[0m
[2m2026-04-04T16:14:30.260141Z[0m [[32m[1minfo     [0m] [1mcrawling                      [0m [36mchannel[0m=[35mGoogle->Benzinga[0m [36mtag[0m=[35mgoogle_benzinga[0m
[2m2026-04-04T16:14:33.251636Z[0m [[32m[1minfo     [0m] [1mfetch                         [0m [36mstatus[0m=[35m200[0m [36murl[0m=[35m'https://news.google.com/rss/search?q=SBUX+site:benzinga.com&hl=en-US&gl=US&ceid=US:en'[0m
[2m2026-04-04T16:14:33.402695Z[0m [[32m[1minfo     [0m] [1mparsed                        [0m [36mchannel[0m=[35mgoogle_benzinga[0m [36mraw[0m=[35m100[0m
[2m2026-04-04T16:14:35.408405Z[0m [[32m[1minfo     [0m] [1mfetch                         [0m [36mstatus[0m=[35m200[0m [36murl[0m=[35m'https://news.google.com/rss/search?q=SBUX+site:benzinga.com&hl=en-US&gl=US&ceid=US:en'[0m
[2m2026-04-04T16:14:35.468457Z[0m [[32m[1minfo     [0m] [1mparsed                        [0m [36mchannel[0m=[35mgoogle_benzinga[0m [36mraw[0m=[35m100[0m
[2m2026-04-04T16:14:35.468638Z[0m [[32m[1minfo     [0m] [1mcrawling                      [0m [36mchannel[0m=[35m'Google News (all)'[0m [36mtag[0m=[35mgoogle_broad[0m
[2m2026-04-04T16:14:38.077044Z[0m [[32m[1minfo     [0m] [1mfetch                         [0m [36mstatus[0m=[35m200[0m [36murl[0m=[35m'https://news.google.com/rss/search?q=SBUX+stock+news&hl=en-US&gl=US&ceid=US:en'[0m
[2m2026-04-04T16:14:38.222718Z[0m [[32m[1minfo     [0m] [1mparsed                        [0m [36mchannel[0m=[35mgoogle_broad[0m [36mraw[0m=[35m100[0m
[2m2026-04-04T16:14:40.820787Z[0m [[32m[1minfo     [0m] [1mfetch                         [0m [36mstatus[0m=[35m200[0m [36murl[0m=[35m'https://news.google.com/rss/search?q=SBUX+earnings+analysis&hl=en-US&gl=US&ceid=US:en'[0m
[2m2026-04-04T16:14:40.971864Z[0m [[32m[1minfo     [0m] [1mparsed                        [0m [36mchannel[0m=[35mgoogle_broad[0m [36mraw[0m=[35m100[0m
[2m2026-04-04T16:14:40.973657Z[0m [[32m[1minfo     [0m] [1mquality_filter                [0m [36minput[0m=[35m400[0m [36mpassed[0m=[35m3[0m
[2m2026-04-04T16:14:40.974177Z[0m [[32m[1minfo     [0m] [1mdedup                         [0m [36mafter[0m=[35m3[0m [36mbefore[0m=[35m3[0m
[2m2026-04-04T16:14:40.974328Z[0m [[32m[1minfo     [0m] [1mfulltext_selection            [0m [36mcandidates[0m=[35m2[0m [36mfiltered[0m=[35m3[0m [36mmode[0m=[35mhigh-value[0m [36mticker[0m=[35mSBUX[0m
[2m2026-04-04T16:14:44.072399Z[0m [[32m[1minfo     [0m] [1mfetch                         [0m [36mstatus[0m=[35m200[0m [36murl[0m=[35mhttps://blockonomi.com/starbucks-sbux-stock-flat-despite-china-partnership-closure-and-emp[0m
[2m2026-04-04T16:14:44.624950Z[0m [[32m[1minfo     [0m] [1mfetch                         [0m [36mstatus[0m=[35m200[0m [36murl[0m=[35mhttps://coincentral.com/starbucks-sbux-stock-unmoved-as-china-deal-and-bonus-plan-land-on-[0m
[2m2026-04-04T16:14:44.857622Z[0m [[32m[1minfo     [0m] [1mcrawling                      [0m [36mchannel[0m=[35mGoogle->Benzinga[0m [36mtag[0m=[35mgoogle_benzinga[0m
[2m2026-04-04T16:14:47.931979Z[0m [[32m[1minfo     [0m] [1mfetch                         [0m [36mstatus[0m=[35m200[0m [36murl[0m=[35m'https://news.google.com/rss/search?q=CMCSA+site:benzinga.com&hl=en-US&gl=US&ceid=US:en'[0m
[2m2026-04-04T16:14:48.083089Z[0m [[32m[1minfo     [0m] [1mparsed                        [0m [36mchannel[0m=[35mgoogle_benzinga[0m [36mraw[0m=[35m100[0m
[2m2026-04-04T16:14:50.088980Z[0m [[32m[1minfo     [0m] [1mfetch                         [0m [36mstatus[0m=[35m200[0m [36murl[0m=[35m'https://news.google.com/rss/search?q=CMCSA+site:benzinga.com&hl=en-US&gl=US&ceid=US:en'[0m
[2m2026-04-04T16:14:50.149912Z[0m [[32m[1minfo     [0m] [1mparsed                        [0m [36mchannel[0m=[35mgoogle_benzinga[0m [36mraw[0m=[35m100[0m
[2m2026-04-04T16:14:50.150070Z[0m [[32m[1minfo     [0m] [1mcrawling                      [0m [36mchannel[0m=[35m'Google News (all)'[0m [36mtag[0m=[35mgoogle_broad[0m
[2m2026-04-04T16:14:52.650066Z[0m [[32m[1minfo     [0m] [1mfetch                         [0m [36mstatus[0m=[35m200[0m [36murl[0m=[35m'https://news.google.com/rss/search?q=CMCSA+stock+news&hl=en-US&gl=US&ceid=US:en'[0m
[2m2026-04-04T16:14:52.794562Z[0m [[32m[1minfo     [0m] [1mparsed                        [0m [36mchannel[0m=[35mgoogle_broad[0m [36mraw[0m=[35m100[0m
[2m2026-04-04T16:14:55.281514Z[0m [[32m[1minfo     [0m] [1mfetch                         [0m [36mstatus[0m=[35m200[0m [36murl[0m=[35m'https://news.google.com/rss/search?q=CMCSA+earnings+analysis&hl=en-US&gl=US&ceid=US:en'[0m
[2m2026-04-04T16:14:55.394701Z[0m [[32m[1minfo     [0m] [1mparsed                        [0m [36mchannel[0m=[35mgoogle_broad[0m [36mraw[0m=[35m65[0m
[2m2026-04-04T16:14:55.396504Z[0m [[32m[1minfo     [0m] [1mquality_filter                [0m [36minput[0m=[35m365[0m [36mpassed[0m=[35m1[0m
[2m2026-04-04T16:14:55.396781Z[0m [[32m[1minfo     [0m] [1mdedup                         [0m [36mafter[0m=[35m1[0m [36mbefore[0m=[35m1[0m
[2m2026-04-04T16:14:55.396886Z[0m [[32m[1minfo     [0m] [1mfulltext_selection            [0m [36mcandidates[0m=[35m0[0m [36mfiltered[0m=[35m1[0m [36mmode[0m=[35mhigh-value[0m [36mticker[0m=[35mCMCSA[0m
[2m2026-04-04T16:14:55.397616Z[0m [[32m[1minfo     [0m] [1mcrawling                      [0m [36mchannel[0m=[35mGoogle->Benzinga[0m [36mtag[0m=[35mgoogle_benzinga[0m
[2m2026-04-04T16:14:57.950999Z[0m [[32m[1minfo     [0m] [1mfetch                         [0m [36mstatus[0m=[35m200[0m [36murl[0m=[35m'https://news.google.com/rss/search?q=CVS+site:benzinga.com&hl=en-US&gl=US&ceid=US:en'[0m
[2m2026-04-04T16:14:58.087385Z[0m [[32m[1minfo     [0m] [1mparsed                        [0m [36mchannel[0m=[35mgoogle_benzinga[0m [36mraw[0m=[35m100[0m
[2m2026-04-04T16:15:00.094120Z[0m [[32m[1minfo     [0m] [1mfetch                         [0m [36mstatus[0m=[35m200[0m [36murl[0m=[35m'https://news.google.com/rss/search?q=CVS+site:benzinga.com&hl=en-US&gl=US&ceid=US:en'[0m
[2m2026-04-04T16:15:00.244365Z[0m [[32m[1minfo     [0m] [1mparsed                        [0m [36mchannel[0m=[35mgoogle_benzinga[0m [36mraw[0m=[35m100[0m
[2m2026-04-04T16:15:00.244556Z[0m [[32m[1minfo     [0m] [1mcrawling                      [0m [36mchannel[0m=[35m'Google News (all)'[0m [36mtag[0m=[35mgoogle_broad[0m
[2m2026-04-04T16:15:02.864549Z[0m [[32m[1minfo     [0m] [1mfetch                         [0m [36mstatus[0m=[35m200[0m [36murl[0m=[35m'https://news.google.com/rss/search?q=CVS+stock+news&hl=en-US&gl=US&ceid=US:en'[0m
[2m2026-04-04T16:15:03.062520Z[0m [[32m[1minfo     [0m] [1mparsed                        [0m [36mchannel[0m=[35mgoogle_broad[0m [36mraw[0m=[35m100[0m
[2m2026-04-04T16:15:05.555731Z[0m [[32m[1minfo     [0m] [1mfetch                         [0m [36mstatus[0m=[35m200[0m [36murl[0m=[35m'https://news.google.com/rss/search?q=CVS+earnings+analysis&hl=en-US&gl=US&ceid=US:en'[0m
[2m2026-04-04T16:15:05.676398Z[0m [[32m[1minfo     [0m] [1mparsed                        [0m [36mchannel[0m=[35mgoogle_broad[0m [36mraw[0m=[35m71[0m
[2m2026-04-04T16:15:05.678766Z[0m [[32m[1minfo     [0m] [1mquality_filter                [0m [36minput[0m=[35m371[0m [36mpassed[0m=[35m8[0m
[2m2026-04-04T16:15:05.679820Z[0m [[32m[1minfo     [0m] [1mdedup                         [0m [36mafter[0m=[35m7[0m [36mbefore[0m=[35m8[0m
[2m2026-04-04T16:15:05.680027Z[0m [[32m[1minfo     [0m] [1mfulltext_selection            [0m [36mcandidates[0m=[35m2[0m [36mfiltered[0m=[35m7[0m [36mmode[0m=[35mhigh-value[0m [36mticker[0m=[35mCVS[0m
[2m2026-04-04T16:15:07.696035Z[0m [[32m[1minfo     [0m] [1mfetch                         [0m [36mstatus[0m=[35m200[0m [36murl[0m=[35mhttps://www.marketbeat.com/instant-alerts/filing-aberdeen-group-plc-lowers-stake-in-cvs-he[0m
[2m2026-04-04T16:15:07.756444Z[0m [[32m[1minfo     [0m] [1mfetch                         [0m [36mstatus[0m=[35m200[0m [36murl[0m=[35mhttps://www.marketbeat.com/instant-alerts/filing-toth-financial-advisory-corp-boosts-stock[0m
[2m2026-04-04T16:15:08.008467Z[0m [[32m[1minfo     [0m] [1mcrawling                      [0m [36mchannel[0m=[35mGoogle->Benzinga[0m [36mtag[0m=[35mgoogle_benzinga[0m
[2m2026-04-04T16:15:11.063697Z[0m [[32m[1minfo     [0m] [1mfetch                         [0m [36mstatus[0m=[35m200[0m [36murl[0m=[35m'https://news.google.com/rss/search?q=UPS+site:benzinga.com&hl=en-US&gl=US&ceid=US:en'[0m
[2m2026-04-04T16:15:11.199889Z[0m [[32m[1minfo     [0m] [1mparsed                        [0m [36mchannel[0m=[35mgoogle_benzinga[0m [36mraw[0m=[35m100[0m
[2m2026-04-04T16:15:13.205268Z[0m [[32m[1minfo     [0m] [1mfetch                         [0m [36mstatus[0m=[35m200[0m [36murl[0m=[35m'https://news.google.com/rss/search?q=UPS+site:benzinga.com&hl=en-US&gl=US&ceid=US:en'[0m
[2m2026-04-04T16:15:13.265257Z[0m [[32m[1minfo     [0m] [1mparsed                        [0m [36mchannel[0m=[35mgoogle_benzinga[0m [36mraw[0m=[35m100[0m
[2m2026-04-04T16:15:13.265424Z[0m [[32m[1minfo     [0m] [1mcrawling                      [0m [36mchannel[0m=[35m'Google News (all)'[0m [36mtag[0m=[35mgoogle_broad[0m
[2m2026-04-04T16:15:15.971093Z[0m [[32m[1minfo     [0m] [1mfetch                         [0m [36mstatus[0m=[35m200[0m [36murl[0m=[35m'https://news.google.com/rss/search?q=UPS+stock+news&hl=en-US&gl=US&ceid=US:en'[0m
[2m2026-04-04T16:15:16.114829Z[0m [[32m[1minfo     [0m] [1mparsed                        [0m [36mchannel[0m=[35mgoogle_broad[0m [36mraw[0m=[35m100[0m
[2m2026-04-04T16:15:18.678584Z[0m [[32m[1minfo     [0m] [1mfetch                         [0m [36mstatus[0m=[35m200[0m [36murl[0m=[35m'https://news.google.com/rss/search?q=UPS+earnings+analysis&hl=en-US&gl=US&ceid=US:en'[0m
[2m2026-04-04T16:15:18.829776Z[0m [[32m[1minfo     [0m] [1mparsed                        [0m [36mchannel[0m=[35mgoogle_broad[0m [36mraw[0m=[35m100[0m
[2m2026-04-04T16:15:18.831473Z[0m [[32m[1minfo     [0m] [1mquality_filter                [0m [36minput[0m=[35m400[0m [36mpassed[0m=[35m3[0m
[2m2026-04-04T16:15:18.831960Z[0m [[32m[1minfo     [0m] [1mdedup                         [0m [36mafter[0m=[35m3[0m [36mbefore[0m=[35m3[0m
[2m2026-04-04T16:15:18.832098Z[0m [[32m[1minfo     [0m] [1mfulltext_selection            [0m [36mcandidates[0m=[35m2[0m [36mfiltered[0m=[35m3[0m [36mmode[0m=[35mhigh-value[0m [36mticker[0m=[35mUPS[0m
[2m2026-04-04T16:15:21.893595Z[0m [[32m[1minfo     [0m] [1mfetch                         [0m [36mstatus[0m=[35m200[0m [36murl[0m=[35mhttps://intellectia.ai/en/stock/UPS/earnings[0m
[2m2026-04-04T16:15:22.290141Z[0m [[32m[1minfo     [0m] [1mfetch                         [0m [36mstatus[0m=[35m200[0m [36murl[0m=[35mhttps://www.etnownews.com/markets/9-small-cap-stocks-shine-amid-market-ups-and-downs-deliv[0m
[2m2026-04-04T16:15:22.557124Z[0m [[32m[1minfo     [0m] [1mcrawling                      [0m [36mchannel[0m=[35mGoogle->Benzinga[0m [36mtag[0m=[35mgoogle_benzinga[0m
[2m2026-04-04T16:15:25.028769Z[0m [[32m[1minfo     [0m] [1mfetch                         [0m [36mstatus[0m=[35m200[0m [36murl[0m=[35m'https://news.google.com/rss/search?q=EQIX+site:benzinga.com&hl=en-US&gl=US&ceid=US:en'[0m
[2m2026-04-04T16:15:25.098000Z[0m [[32m[1minfo     [0m] [1mparsed                        [0m [36mchannel[0m=[35mgoogle_benzinga[0m [36mraw[0m=[35m70[0m
[2m2026-04-04T16:15:27.103416Z[0m [[32m[1minfo     [0m] [1mfetch                         [0m [36mstatus[0m=[35m200[0m [36murl[0m=[35m'https://news.google.com/rss/search?q=EQIX+site:benzinga.com&hl=en-US&gl=US&ceid=US:en'[0m
[2m2026-04-04T16:15:27.145789Z[0m [[32m[1minfo     [0m] [1mparsed                        [0m [36mchannel[0m=[35mgoogle_benzinga[0m [36mraw[0m=[35m70[0m
[2m2026-04-04T16:15:27.145950Z[0m [[32m[1minfo     [0m] [1mcrawling                      [0m [36mchannel[0m=[35m'Google News (all)'[0m [36mtag[0m=[35mgoogle_broad[0m
[2m2026-04-04T16:15:29.724305Z[0m [[32m[1minfo     [0m] [1mfetch                         [0m [36mstatus[0m=[35m200[0m [36murl[0m=[35m'https://news.google.com/rss/search?q=EQIX+stock+news&hl=en-US&gl=US&ceid=US:en'[0m
[2m2026-04-04T16:15:29.867770Z[0m [[32m[1minfo     [0m] [1mparsed                        [0m [36mchannel[0m=[35mgoogle_broad[0m [36mraw[0m=[35m100[0m
[2m2026-04-04T16:15:32.256663Z[0m [[32m[1minfo     [0m] [1mfetch                         [0m [36mstatus[0m=[35m200[0m [36murl[0m=[35m'https://news.google.com/rss/search?q=EQIX+earnings+analysis&hl=en-US&gl=US&ceid=US:en'[0m
[2m2026-04-04T16:15:32.278642Z[0m [[32m[1minfo     [0m] [1mparsed                        [0m [36mchannel[0m=[35mgoogle_broad[0m [36mraw[0m=[35m34[0m
[2m2026-04-04T16:15:32.280360Z[0m [[32m[1minfo     [0m] [1mquality_filter                [0m [36minput[0m=[35m274[0m [36mpassed[0m=[35m4[0m
[2m2026-04-04T16:15:32.280847Z[0m [[32m[1minfo     [0m] [1mdedup                         [0m [36mafter[0m=[35m3[0m [36mbefore[0m=[35m4[0m
[2m2026-04-04T16:15:32.280995Z[0m [[32m[1minfo     [0m] [1mfulltext_selection            [0m [36mcandidates[0m=[35m2[0m [36mfiltered[0m=[35m3[0m [36mmode[0m=[35mhigh-value[0m [36mticker[0m=[35mEQIX[0m
[2m2026-04-04T16:15:35.276257Z[0m [[32m[1minfo     [0m] [1mfetch                         [0m [36mstatus[0m=[35m200[0m [36murl[0m=[35mhttps://intellectia.ai/en/stock/EQIX/news[0m
[2m2026-04-04T16:15:35.449821Z[0m [[32m[1minfo     [0m] [1mfetch                         [0m [36mstatus[0m=[35m200[0m [36murl[0m=[35mhttps://intellectia.ai/en/stock/EQIX/earnings[0m
[2m2026-04-04T16:15:36.061554Z[0m [[32m[1minfo     [0m] [1mcrawling                      [0m [36mchannel[0m=[35mGoogle->Benzinga[0m [36mtag[0m=[35mgoogle_benzinga[0m
[2m2026-04-04T16:15:39.115682Z[0m [[32m[1minfo     [0m] [1mfetch                         [0m [36mstatus[0m=[35m200[0m [36murl[0m=[35m'https://news.google.com/rss/search?q=NKE+site:benzinga.com&hl=en-US&gl=US&ceid=US:en'[0m
[2m2026-04-04T16:15:39.248543Z[0m [[32m[1minfo     [0m] [1mparsed                        [0m [36mchannel[0m=[35mgoogle_benzinga[0m [36mraw[0m=[35m100[0m
[2m2026-04-04T16:15:41.253961Z[0m [[32m[1minfo     [0m] [1mfetch                         [0m [36mstatus[0m=[35m200[0m [36murl[0m=[35m'https://news.google.com/rss/search?q=NKE+site:benzinga.com&hl=en-US&gl=US&ceid=US:en'[0m
[2m2026-04-04T16:15:41.313117Z[0m [[32m[1minfo     [0m] [1mparsed                        [0m [36mchannel[0m=[35mgoogle_benzinga[0m [36mraw[0m=[35m100[0m
[2m2026-04-04T16:15:41.313306Z[0m [[32m[1minfo     [0m] [1mcrawling                      [0m [36mchannel[0m=[35m'Google News (all)'[0m [36mtag[0m=[35mgoogle_broad[0m
[2m2026-04-04T16:15:44.045317Z[0m [[32m[1minfo     [0m] [1mfetch                         [0m [36mstatus[0m=[35m200[0m [36murl[0m=[35m'https://news.google.com/rss/search?q=NKE+stock+news&hl=en-US&gl=US&ceid=US:en'[0m
[2m2026-04-04T16:15:44.195719Z[0m [[32m[1minfo     [0m] [1mparsed                        [0m [36mchannel[0m=[35mgoogle_broad[0m [36mraw[0m=[35m100[0m
[2m2026-04-04T16:15:46.823967Z[0m [[32m[1minfo     [0m] [1mfetch                         [0m [36mstatus[0m=[35m200[0m [36murl[0m=[35m'https://news.google.com/rss/search?q=NKE+earnings+analysis&hl=en-US&gl=US&ceid=US:en'[0m
[2m2026-04-04T16:15:46.975183Z[0m [[32m[1minfo     [0m] [1mparsed                        [0m [36mchannel[0m=[35mgoogle_broad[0m [36mraw[0m=[35m100[0m
[2m2026-04-04T16:15:46.976674Z[0m [[32m[1minfo     [0m] [1mquality_filter                [0m [36minput[0m=[35m400[0m [36mpassed[0m=[35m1[0m
[2m2026-04-04T16:15:46.976925Z[0m [[32m[1minfo     [0m] [1mdedup                         [0m [36mafter[0m=[35m1[0m [36mbefore[0m=[35m1[0m
[2m2026-04-04T16:15:46.977020Z[0m [[32m[1minfo     [0m] [1mfulltext_selection            [0m [36mcandidates[0m=[35m1[0m [36mfiltered[0m=[35m1[0m [36mmode[0m=[35mhigh-value[0m [36mticker[0m=[35mNKE[0m
[2m2026-04-04T16:15:49.510185Z[0m [[32m[1minfo     [0m] [1mfetch                         [0m [36mstatus[0m=[35m403[0m [36murl[0m=[35mhttps://www.gurufocus.com/news/8769041/nke-downgraded-by-goldman-sachs-target-price-lowere[0m
[2m2026-04-04T16:15:49.712351Z[0m [[32m[1minfo     [0m] [1mcrawling                      [0m [36mchannel[0m=[35mGoogle->Benzinga[0m [36mtag[0m=[35mgoogle_benzinga[0m
[2m2026-04-04T16:15:52.118718Z[0m [[32m[1minfo     [0m] [1mfetch                         [0m [36mstatus[0m=[35m200[0m [36murl[0m=[35m'https://news.google.com/rss/search?q=WMB+site:benzinga.com&hl=en-US&gl=US&ceid=US:en'[0m
[2m2026-04-04T16:15:52.139160Z[0m [[32m[1minfo     [0m] [1mparsed                        [0m [36mchannel[0m=[35mgoogle_benzinga[0m [36mraw[0m=[35m22[0m
[2m2026-04-04T16:15:54.145527Z[0m [[32m[1minfo     [0m] [1mfetch                         [0m [36mstatus[0m=[35m200[0m [36murl[0m=[35m'https://news.google.com/rss/search?q=WMB+site:benzinga.com&hl=en-US&gl=US&ceid=US:en'[0m
[2m2026-04-04T16:15:54.160687Z[0m [[32m[1minfo     [0m] [1mparsed                        [0m [36mchannel[0m=[35mgoogle_benzinga[0m [36mraw[0m=[35m22[0m
[2m2026-04-04T16:15:54.160847Z[0m [[32m[1minfo     [0m] [1mcrawling                      [0m [36mchannel[0m=[35m'Google News (all)'[0m [36mtag[0m=[35mgoogle_broad[0m
[2m2026-04-04T16:15:56.662445Z[0m [[32m[1minfo     [0m] [1mfetch                         [0m [36mstatus[0m=[35m200[0m [36murl[0m=[35m'https://news.google.com/rss/search?q=WMB+stock+news&hl=en-US&gl=US&ceid=US:en'[0m
[2m2026-04-04T16:15:56.805376Z[0m [[32m[1minfo     [0m] [1mparsed                        [0m [36mchannel[0m=[35mgoogle_broad[0m [36mraw[0m=[35m99[0m
[2m2026-04-04T16:15:59.195662Z[0m [[32m[1minfo     [0m] [1mfetch                         [0m [36mstatus[0m=[35m200[0m [36murl[0m=[35m'https://news.google.com/rss/search?q=WMB+earnings+analysis&hl=en-US&gl=US&ceid=US:en'[0m
[2m2026-04-04T16:15:59.239117Z[0m [[32m[1minfo     [0m] [1mparsed                        [0m [36mchannel[0m=[35mgoogle_broad[0m [36mraw[0m=[35m48[0m
[2m2026-04-04T16:15:59.240486Z[0m [[32m[1minfo     [0m] [1mquality_filter                [0m [36minput[0m=[35m191[0m [36mpassed[0m=[35m2[0m
[2m2026-04-04T16:15:59.240914Z[0m [[32m[1minfo     [0m] [1mdedup                         [0m [36mafter[0m=[35m2[0m [36mbefore[0m=[35m2[0m
[2m2026-04-04T16:15:59.241041Z[0m [[32m[1minfo     [0m] [1mfulltext_selection            [0m [36mcandidates[0m=[35m0[0m [36mfiltered[0m=[35m2[0m [36mmode[0m=[35mhigh-value[0m [36mticker[0m=[35mWMB[0m
[2m2026-04-04T16:15:59.241767Z[0m [[32m[1minfo     [0m] [1mcrawling                      [0m [36mchannel[0m=[35mGoogle->Benzinga[0m [36mtag[0m=[35mgoogle_benzinga[0m
[2m2026-04-04T16:16:02.251365Z[0m [[32m[1minfo     [0m] [1mfetch                         [0m [36mstatus[0m=[35m200[0m [36murl[0m=[35m'https://news.google.com/rss/search?q=FDX+site:benzinga.com&hl=en-US&gl=US&ceid=US:en'[0m
[2m2026-04-04T16:16:02.430046Z[0m [[32m[1minfo     [0m] [1mparsed                        [0m [36mchannel[0m=[35mgoogle_benzinga[0m [36mraw[0m=[35m100[0m
[2m2026-04-04T16:16:04.435841Z[0m [[32m[1minfo     [0m] [1mfetch                         [0m [36mstatus[0m=[35m200[0m [36murl[0m=[35m'https://news.google.com/rss/search?q=FDX+site:benzinga.com&hl=en-US&gl=US&ceid=US:en'[0m
[2m2026-04-04T16:16:04.497553Z[0m [[32m[1minfo     [0m] [1mparsed                        [0m [36mchannel[0m=[35mgoogle_benzinga[0m [36mraw[0m=[35m100[0m
[2m2026-04-04T16:16:04.497719Z[0m [[32m[1minfo     [0m] [1mcrawling                      [0m [36mchannel[0m=[35m'Google News (all)'[0m [36mtag[0m=[35mgoogle_broad[0m
[2m2026-04-04T16:16:07.095523Z[0m [[32m[1minfo     [0m] [1mfetch                         [0m [36mstatus[0m=[35m200[0m [36murl[0m=[35m'https://news.google.com/rss/search?q=FDX+stock+news&hl=en-US&gl=US&ceid=US:en'[0m
[2m2026-04-04T16:16:07.239480Z[0m [[32m[1minfo     [0m] [1mparsed                        [0m [36mchannel[0m=[35mgoogle_broad[0m [36mraw[0m=[35m100[0m
[2m2026-04-04T16:16:09.892910Z[0m [[32m[1minfo     [0m] [1mfetch                         [0m [36mstatus[0m=[35m200[0m [36murl[0m=[35m'https://news.google.com/rss/search?q=FDX+earnings+analysis&hl=en-US&gl=US&ceid=US:en'[0m
[2m2026-04-04T16:16:10.046238Z[0m [[32m[1minfo     [0m] [1mparsed                        [0m [36mchannel[0m=[35mgoogle_broad[0m [36mraw[0m=[35m100[0m
[2m2026-04-04T16:16:10.047851Z[0m [[32m[1minfo     [0m] [1mquality_filter                [0m [36minput[0m=[35m400[0m [36mpassed[0m=[35m1[0m
[2m2026-04-04T16:16:10.048100Z[0m [[32m[1minfo     [0m] [1mdedup                         [0m [36mafter[0m=[35m1[0m [36mbefore[0m=[35m1[0m
[2m2026-04-04T16:16:10.048221Z[0m [[32m[1minfo     [0m] [1mfulltext_selection            [0m [36mcandidates[0m=[35m0[0m [36mfiltered[0m=[35m1[0m [36mmode[0m=[35mhigh-value[0m [36mticker[0m=[35mFDX[0m
[2m2026-04-04T16:16:10.049017Z[0m [[32m[1minfo     [0m] [1mcrawling                      [0m [36mchannel[0m=[35mGoogle->Benzinga[0m [36mtag[0m=[35mgoogle_benzinga[0m
[2m2026-04-04T16:16:12.406610Z[0m [[32m[1minfo     [0m] [1mfetch                         [0m [36mstatus[0m=[35m200[0m [36murl[0m=[35m'https://news.google.com/rss/search?q=MRSH+site:benzinga.com&hl=en-US&gl=US&ceid=US:en'[0m
[2m2026-04-04T16:16:12.414056Z[0m [[32m[1minfo     [0m] [1mparsed                        [0m [36mchannel[0m=[35mgoogle_benzinga[0m [36mraw[0m=[35m6[0m
[2m2026-04-04T16:16:14.419056Z[0m [[32m[1minfo     [0m] [1mfetch                         [0m [36mstatus[0m=[35m200[0m [36murl[0m=[35m'https://news.google.com/rss/search?q=MRSH+site:benzinga.com&hl=en-US&gl=US&ceid=US:en'[0m
[2m2026-04-04T16:16:14.424548Z[0m [[32m[1minfo     [0m] [1mparsed                        [0m [36mchannel[0m=[35mgoogle_benzinga[0m [36mraw[0m=[35m6[0m
[2m2026-04-04T16:16:14.424711Z[0m [[32m[1minfo     [0m] [1mcrawling                      [0m [36mchannel[0m=[35m'Google News (all)'[0m [36mtag[0m=[35mgoogle_broad[0m
[2m2026-04-04T16:16:16.970110Z[0m [[32m[1minfo     [0m] [1mfetch                         [0m [36mstatus[0m=[35m200[0m [36murl[0m=[35m'https://news.google.com/rss/search?q=MRSH+stock+news&hl=en-US&gl=US&ceid=US:en'[0m
[2m2026-04-04T16:16:17.114659Z[0m [[32m[1minfo     [0m] [1mparsed                        [0m [36mchannel[0m=[35mgoogle_broad[0m [36mraw[0m=[35m100[0m
[2m2026-04-04T16:16:19.585866Z[0m [[32m[1minfo     [0m] [1mfetch                         [0m [36mstatus[0m=[35m200[0m [36murl[0m=[35m'https://news.google.com/rss/search?q=MRSH+earnings+analysis&hl=en-US&gl=US&ceid=US:en'[0m
[2m2026-04-04T16:16:19.617551Z[0m [[32m[1minfo     [0m] [1mparsed                        [0m [36mchannel[0m=[35mgoogle_broad[0m [36mraw[0m=[35m41[0m
[2m2026-04-04T16:16:19.619495Z[0m [[32m[1minfo     [0m] [1mquality_filter                [0m [36minput[0m=[35m153[0m [36mpassed[0m=[35m6[0m
[2m2026-04-04T16:16:19.620391Z[0m [[32m[1minfo     [0m] [1mdedup                         [0m [36mafter[0m=[35m6[0m [36mbefore[0m=[35m6[0m
[2m2026-04-04T16:16:19.620586Z[0m [[32m[1minfo     [0m] [1mfulltext_selection            [0m [36mcandidates[0m=[35m3[0m [36mfiltered[0m=[35m6[0m [36mmode[0m=[35mhigh-value[0m [36mticker[0m=[35mMRSH[0m
[2m2026-04-04T16:16:21.806968Z[0m [[32m[1minfo     [0m] [1mfetch                         [0m [36mstatus[0m=[35m200[0m [36murl[0m=[35mhttps://www.marketbeat.com/instant-alerts/filing-spire-wealth-management-has-154000-stake-[0m
[2m2026-04-04T16:16:22.245679Z[0m [[32m[1minfo     [0m] [1mfetch                         [0m [36mstatus[0m=[35m200[0m [36murl[0m=[35mhttps://www.msn.com/en-us/money/savingandinvesting/marsh-mclennan-companies-inc-mrsh-targe[0m
[2m2026-04-04T16:16:23.030517Z[0m [[31m[1merror    [0m] [1mfetch_error                   [0m [36merror[0m=[35m'400, message=\'Got more than 8190 bytes when reading: b"connect-src \\\'self\\\' wss:'[0m [36murl[0m=[35mhttps://finance.yahoo.com/markets/stocks/articles/investment-story-shi[0m
[2m2026-04-04T16:16:23.234092Z[0m [[32m[1minfo     [0m] [1mcrawling                      [0m [36mchannel[0m=[35mGoogle->Benzinga[0m [36mtag[0m=[35mgoogle_benzinga[0m
[2m2026-04-04T16:16:25.649596Z[0m [[32m[1minfo     [0m] [1mfetch                         [0m [36mstatus[0m=[35m200[0m [36murl[0m=[35m'https://news.google.com/rss/search?q=SHW+site:benzinga.com&hl=en-US&gl=US&ceid=US:en'[0m
[2m2026-04-04T16:16:25.674936Z[0m [[32m[1minfo     [0m] [1mparsed                        [0m [36mchannel[0m=[35mgoogle_benzinga[0m [36mraw[0m=[35m39[0m
[2m2026-04-04T16:16:27.680146Z[0m [[32m[1minfo     [0m] [1mfetch                         [0m [36mstatus[0m=[35m200[0m [36murl[0m=[35m'https://news.google.com/rss/search?q=SHW+site:benzinga.com&hl=en-US&gl=US&ceid=US:en'[0m
[2m2026-04-04T16:16:27.704471Z[0m [[32m[1minfo     [0m] [1mparsed                        [0m [36mchannel[0m=[35mgoogle_benzinga[0m [36mraw[0m=[35m39[0m
[2m2026-04-04T16:16:27.704685Z[0m [[32m[1minfo     [0m] [1mcrawling                      [0m [36mchannel[0m=[35m'Google News (all)'[0m [36mtag[0m=[35mgoogle_broad[0m
[2m2026-04-04T16:16:30.245198Z[0m [[32m[1minfo     [0m] [1mfetch                         [0m [36mstatus[0m=[35m200[0m [36murl[0m=[35m'https://news.google.com/rss/search?q=SHW+stock+news&hl=en-US&gl=US&ceid=US:en'[0m
[2m2026-04-04T16:16:30.354854Z[0m [[32m[1minfo     [0m] [1mparsed                        [0m [36mchannel[0m=[35mgoogle_broad[0m [36mraw[0m=[35m100[0m
[2m2026-04-04T16:16:32.858557Z[0m [[32m[1minfo     [0m] [1mfetch                         [0m [36mstatus[0m=[35m200[0m [36murl[0m=[35m'https://news.google.com/rss/search?q=SHW+earnings+analysis&hl=en-US&gl=US&ceid=US:en'[0m
[2m2026-04-04T16:16:32.913247Z[0m [[32m[1minfo     [0m] [1mparsed                        [0m [36mchannel[0m=[35mgoogle_broad[0m [36mraw[0m=[35m54[0m
[2m2026-04-04T16:16:32.914698Z[0m [[32m[1minfo     [0m] [1mquality_filter                [0m [36minput[0m=[35m232[0m [36mpassed[0m=[35m2[0m
[2m2026-04-04T16:16:32.915068Z[0m [[32m[1minfo     [0m] [1mdedup                         [0m [36mafter[0m=[35m2[0m [36mbefore[0m=[35m2[0m
[2m2026-04-04T16:16:32.915179Z[0m [[32m[1minfo     [0m] [1mfulltext_selection            [0m [36mcandidates[0m=[35m2[0m [36mfiltered[0m=[35m2[0m [36mmode[0m=[35mhigh-value[0m [36mticker[0m=[35mSHW[0m
[2m2026-04-04T16:16:34.708668Z[0m [[32m[1minfo     [0m] [1mfetch                         [0m [36mstatus[0m=[35m403[0m [36murl[0m=[35mhttps://www.gurufocus.com/news/8769098/sherwinwilliams-shw-analyst-rating-update-by-ubs-pr[0m
[2m2026-04-04T16:16:35.671630Z[0m [[32m[1minfo     [0m] [1mfetch                         [0m [36mstatus[0m=[35m200[0m [36murl[0m=[35mhttps://www.marketbeat.com/instant-alerts/ubs-group-issues-pessimistic-forecast-for-sherwi[0m
[2m2026-04-04T16:16:35.919431Z[0m [[32m[1minfo     [0m] [1mcrawling                      [0m [36mchannel[0m=[35mGoogle->Benzinga[0m [36mtag[0m=[35mgoogle_benzinga[0m
[2m2026-04-04T16:16:38.854284Z[0m [[32m[1minfo     [0m] [1mfetch                         [0m [36mstatus[0m=[35m200[0m [36murl[0m=[35m'https://news.google.com/rss/search?q=AMT+site:benzinga.com&hl=en-US&gl=US&ceid=US:en'[0m
[2m2026-04-04T16:16:38.906856Z[0m [[32m[1minfo     [0m] [1mparsed                        [0m [36mchannel[0m=[35mgoogle_benzinga[0m [36mraw[0m=[35m62[0m
[2m2026-04-04T16:16:40.912563Z[0m [[32m[1minfo     [0m] [1mfetch                         [0m [36mstatus[0m=[35m200[0m [36murl[0m=[35m'https://news.google.com/rss/search?q=AMT+site:benzinga.com&hl=en-US&gl=US&ceid=US:en'[0m
[2m2026-04-04T16:16:40.950118Z[0m [[32m[1minfo     [0m] [1mparsed                        [0m [36mchannel[0m=[35mgoogle_benzinga[0m [36mraw[0m=[35m62[0m
[2m2026-04-04T16:16:40.950314Z[0m [[32m[1minfo     [0m] [1mcrawling                      [0m [36mchannel[0m=[35m'Google News (all)'[0m [36mtag[0m=[35mgoogle_broad[0m
[2m2026-04-04T16:16:43.528008Z[0m [[32m[1minfo     [0m] [1mfetch                         [0m [36mstatus[0m=[35m200[0m [36murl[0m=[35m'https://news.google.com/rss/search?q=AMT+stock+news&hl=en-US&gl=US&ceid=US:en'[0m
[2m2026-04-04T16:16:43.672526Z[0m [[32m[1minfo     [0m] [1mparsed                        [0m [36mchannel[0m=[35mgoogle_broad[0m [36mraw[0m=[35m100[0m
[2m2026-04-04T16:16:46.085175Z[0m [[32m[1minfo     [0m] [1mfetch                         [0m [36mstatus[0m=[35m200[0m [36murl[0m=[35m'https://news.google.com/rss/search?q=AMT+earnings+analysis&hl=en-US&gl=US&ceid=US:en'[0m
[2m2026-04-04T16:16:46.130687Z[0m [[32m[1minfo     [0m] [1mparsed                        [0m [36mchannel[0m=[35mgoogle_broad[0m [36mraw[0m=[35m52[0m
[2m2026-04-04T16:16:46.132032Z[0m [[32m[1minfo     [0m] [1mquality_filter                [0m [36minput[0m=[35m276[0m [36mpassed[0m=[35m1[0m
[2m2026-04-04T16:16:46.132368Z[0m [[32m[1minfo     [0m] [1mdedup                         [0m [36mafter[0m=[35m1[0m [36mbefore[0m=[35m1[0m
[2m2026-04-04T16:16:46.132485Z[0m [[32m[1minfo     [0m] [1mfulltext_selection            [0m [36mcandidates[0m=[35m0[0m [36mfiltered[0m=[35m1[0m [36mmode[0m=[35mhigh-value[0m [36mticker[0m=[35mAMT[0m
[2m2026-04-04T16:16:46.133300Z[0m [[32m[1minfo     [0m] [1mcrawling                      [0m [36mchannel[0m=[35mGoogle->Benzinga[0m [36mtag[0m=[35mgoogle_benzinga[0m
[2m2026-04-04T16:16:49.151411Z[0m [[32m[1minfo     [0m] [1mfetch                         [0m [36mstatus[0m=[35m200[0m [36murl[0m=[35m'https://news.google.com/rss/search?q=BX+site:benzinga.com&hl=en-US&gl=US&ceid=US:en'[0m
[2m2026-04-04T16:16:49.301560Z[0m [[32m[1minfo     [0m] [1mparsed                        [0m [36mchannel[0m=[35mgoogle_benzinga[0m [36mraw[0m=[35m100[0m
[2m2026-04-04T16:16:51.307251Z[0m [[32m[1minfo     [0m] [1mfetch                         [0m [36mstatus[0m=[35m200[0m [36murl[0m=[35m'https://news.google.com/rss/search?q=BX+site:benzinga.com&hl=en-US&gl=US&ceid=US:en'[0m
[2m2026-04-04T16:16:51.367524Z[0m [[32m[1minfo     [0m] [1mparsed                        [0m [36mchannel[0m=[35mgoogle_benzinga[0m [36mraw[0m=[35m100[0m
[2m2026-04-04T16:16:51.367684Z[0m [[32m[1minfo     [0m] [1mcrawling                      [0m [36mchannel[0m=[35m'Google News (all)'[0m [36mtag[0m=[35mgoogle_broad[0m
[2m2026-04-04T16:16:53.855656Z[0m [[32m[1minfo     [0m] [1mfetch                         [0m [36mstatus[0m=[35m200[0m [36murl[0m=[35m'https://news.google.com/rss/search?q=BX+stock+news&hl=en-US&gl=US&ceid=US:en'[0m
[2m2026-04-04T16:16:53.999465Z[0m [[32m[1minfo     [0m] [1mparsed                        [0m [36mchannel[0m=[35mgoogle_broad[0m [36mraw[0m=[35m100[0m
[2m2026-04-04T16:16:56.556431Z[0m [[32m[1minfo     [0m] [1mfetch                         [0m [36mstatus[0m=[35m200[0m [36murl[0m=[35m'https://news.google.com/rss/search?q=BX+earnings+analysis&hl=en-US&gl=US&ceid=US:en'[0m
[2m2026-04-04T16:16:56.600163Z[0m [[32m[1minfo     [0m] [1mparsed                        [0m [36mchannel[0m=[35mgoogle_broad[0m [36mraw[0m=[35m49[0m
[2m2026-04-04T16:16:56.602734Z[0m [[32m[1minfo     [0m] [1mquality_filter                [0m [36minput[0m=[35m349[0m [36mpassed[0m=[35m5[0m
[2m2026-04-04T16:16:56.603438Z[0m [[32m[1minfo     [0m] [1mdedup                         [0m [36mafter[0m=[35m5[0m [36mbefore[0m=[35m5[0m
[2m2026-04-04T16:16:56.603613Z[0m [[32m[1minfo     [0m] [1mfulltext_selection            [0m [36mcandidates[0m=[35m1[0m [36mfiltered[0m=[35m5[0m [36mmode[0m=[35mhigh-value[0m [36mticker[0m=[35mBX[0m
[2m2026-04-04T16:16:59.435615Z[0m [[32m[1minfo     [0m] [1mfetch                         [0m [36mstatus[0m=[35m200[0m [36murl[0m=[35mhttps://www.stocktitan.net/sec-filings/BX/form-4-blackstone-inc-insider-trading-activity-0[0m
[2m2026-04-04T16:16:59.641725Z[0m [[32m[1minfo     [0m] [1mcrawling                      [0m [36mchannel[0m=[35mGoogle->Benzinga[0m [36mtag[0m=[35mgoogle_benzinga[0m
[2m2026-04-04T16:17:02.565105Z[0m [[32m[1minfo     [0m] [1mfetch                         [0m [36mstatus[0m=[35m200[0m [36murl[0m=[35m'https://news.google.com/rss/search?q=JCI+site:benzinga.com&hl=en-US&gl=US&ceid=US:en'[0m
[2m2026-04-04T16:17:02.612013Z[0m [[32m[1minfo     [0m] [1mparsed                        [0m [36mchannel[0m=[35mgoogle_benzinga[0m [36mraw[0m=[35m40[0m
[2m2026-04-04T16:17:04.617167Z[0m [[32m[1minfo     [0m] [1mfetch                         [0m [36mstatus[0m=[35m200[0m [36murl[0m=[35m'https://news.google.com/rss/search?q=JCI+site:benzinga.com&hl=en-US&gl=US&ceid=US:en'[0m
[2m2026-04-04T16:17:04.642531Z[0m [[32m[1minfo     [0m] [1mparsed                        [0m [36mchannel[0m=[35mgoogle_benzinga[0m [36mraw[0m=[35m40[0m
[2m2026-04-04T16:17:04.642694Z[0m [[32m[1minfo     [0m] [1mcrawling                      [0m [36mchannel[0m=[35m'Google News (all)'[0m [36mtag[0m=[35mgoogle_broad[0m
[2m2026-04-04T16:17:07.167785Z[0m [[32m[1minfo     [0m] [1mfetch                         [0m [36mstatus[0m=[35m200[0m [36murl[0m=[35m'https://news.google.com/rss/search?q=JCI+stock+news&hl=en-US&gl=US&ceid=US:en'[0m
[2m2026-04-04T16:17:07.319786Z[0m [[32m[1minfo     [0m] [1mparsed                        [0m [36mchannel[0m=[35mgoogle_broad[0m [36mraw[0m=[35m100[0m
[2m2026-04-04T16:17:09.756117Z[0m [[32m[1minfo     [0m] [1mfetch                         [0m [36mstatus[0m=[35m200[0m [36murl[0m=[35m'https://news.google.com/rss/search?q=JCI+earnings+analysis&hl=en-US&gl=US&ceid=US:en'[0m
[2m2026-04-04T16:17:09.800250Z[0m [[32m[1minfo     [0m] [1mparsed                        [0m [36mchannel[0m=[35mgoogle_broad[0m [36mraw[0m=[35m48[0m
[2m2026-04-04T16:17:09.801669Z[0m [[32m[1minfo     [0m] [1mquality_filter                [0m [36minput[0m=[35m228[0m [36mpassed[0m=[35m1[0m
[2m2026-04-04T16:17:09.801942Z[0m [[32m[1minfo     [0m] [1mdedup                         [0m [36mafter[0m=[35m1[0m [36mbefore[0m=[35m1[0m
[2m2026-04-04T16:17:09.802048Z[0m [[32m[1minfo     [0m] [1mfulltext_selection            [0m [36mcandidates[0m=[35m0[0m [36mfiltered[0m=[35m1[0m [36mmode[0m=[35mhigh-value[0m [36mticker[0m=[35mJCI[0m
[2m2026-04-04T16:17:09.802781Z[0m [[32m[1minfo     [0m] [1mcrawling                      [0m [36mchannel[0m=[35mGoogle->Benzinga[0m [36mtag[0m=[35mgoogle_benzinga[0m
[2m2026-04-04T16:17:12.267986Z[0m [[32m[1minfo     [0m] [1mfetch                         [0m [36mstatus[0m=[35m200[0m [36murl[0m=[35m'https://news.google.com/rss/search?q=MMM+site:benzinga.com&hl=en-US&gl=US&ceid=US:en'[0m
[2m2026-04-04T16:17:12.296621Z[0m [[32m[1minfo     [0m] [1mparsed                        [0m [36mchannel[0m=[35mgoogle_benzinga[0m [36mraw[0m=[35m34[0m
[2m2026-04-04T16:17:14.301861Z[0m [[32m[1minfo     [0m] [1mfetch                         [0m [36mstatus[0m=[35m200[0m [36murl[0m=[35m'https://news.google.com/rss/search?q=MMM+site:benzinga.com&hl=en-US&gl=US&ceid=US:en'[0m
[2m2026-04-04T16:17:14.324105Z[0m [[32m[1minfo     [0m] [1mparsed                        [0m [36mchannel[0m=[35mgoogle_benzinga[0m [36mraw[0m=[35m34[0m
[2m2026-04-04T16:17:14.324286Z[0m [[32m[1minfo     [0m] [1mcrawling                      [0m [36mchannel[0m=[35m'Google News (all)'[0m [36mtag[0m=[35mgoogle_broad[0m
[2m2026-04-04T16:17:16.833669Z[0m [[32m[1minfo     [0m] [1mfetch                         [0m [36mstatus[0m=[35m200[0m [36murl[0m=[35m'https://news.google.com/rss/search?q=MMM+stock+news&hl=en-US&gl=US&ceid=US:en'[0m
[2m2026-04-04T16:17:16.977725Z[0m [[32m[1minfo     [0m] [1mparsed                        [0m [36mchannel[0m=[35mgoogle_broad[0m [36mraw[0m=[35m100[0m
[2m2026-04-04T16:17:19.400834Z[0m [[32m[1minfo     [0m] [1mfetch                         [0m [36mstatus[0m=[35m200[0m [36murl[0m=[35m'https://news.google.com/rss/search?q=MMM+earnings+analysis&hl=en-US&gl=US&ceid=US:en'[0m
[2m2026-04-04T16:17:19.424163Z[0m [[32m[1minfo     [0m] [1mparsed                        [0m [36mchannel[0m=[35mgoogle_broad[0m [36mraw[0m=[35m37[0m
[2m2026-04-04T16:17:19.425594Z[0m [[32m[1minfo     [0m] [1mquality_filter                [0m [36minput[0m=[35m205[0m [36mpassed[0m=[35m3[0m
[2m2026-04-04T16:17:19.426035Z[0m [[32m[1minfo     [0m] [1mdedup                         [0m [36mafter[0m=[35m3[0m [36mbefore[0m=[35m3[0m
[2m2026-04-04T16:17:19.426164Z[0m [[32m[1minfo     [0m] [1mfulltext_selection            [0m [36mcandidates[0m=[35m1[0m [36mfiltered[0m=[35m3[0m [36mmode[0m=[35mhigh-value[0m [36mticker[0m=[35mMMM[0m
[2m2026-04-04T16:17:21.218898Z[0m [[32m[1minfo     [0m] [1mfetch                         [0m [36mstatus[0m=[35m200[0m [36murl[0m=[35mhttps://www.marketbeat.com/instant-alerts/3m-nysemmm-stock-unloaded-sen-tina-smith-2026-04[0m
[2m2026-04-04T16:17:21.477733Z[0m [[32m[1minfo     [0m] [1mcrawling                      [0m [36mchannel[0m=[35mGoogle->Benzinga[0m [36mtag[0m=[35mgoogle_benzinga[0m
[2m2026-04-04T16:17:23.911156Z[0m [[32m[1minfo     [0m] [1mfetch                         [0m [36mstatus[0m=[35m200[0m [36murl[0m=[35m'https://news.google.com/rss/search?q=ECL+site:benzinga.com&hl=en-US&gl=US&ceid=US:en'[0m
[2m2026-04-04T16:17:23.927101Z[0m [[32m[1minfo     [0m] [1mparsed                        [0m [36mchannel[0m=[35mgoogle_benzinga[0m [36mraw[0m=[35m19[0m
[2m2026-04-04T16:17:25.932178Z[0m [[32m[1minfo     [0m] [1mfetch                         [0m [36mstatus[0m=[35m200[0m [36murl[0m=[35m'https://news.google.com/rss/search?q=ECL+site:benzinga.com&hl=en-US&gl=US&ceid=US:en'[0m
[2m2026-04-04T16:17:25.945042Z[0m [[32m[1minfo     [0m] [1mparsed                        [0m [36mchannel[0m=[35mgoogle_benzinga[0m [36mraw[0m=[35m19[0m
[2m2026-04-04T16:17:25.945200Z[0m [[32m[1minfo     [0m] [1mcrawling                      [0m [36mchannel[0m=[35m'Google News (all)'[0m [36mtag[0m=[35mgoogle_broad[0m
[2m2026-04-04T16:17:28.423193Z[0m [[32m[1minfo     [0m] [1mfetch                         [0m [36mstatus[0m=[35m200[0m [36murl[0m=[35m'https://news.google.com/rss/search?q=ECL+stock+news&hl=en-US&gl=US&ceid=US:en'[0m
[2m2026-04-04T16:17:28.551014Z[0m [[32m[1minfo     [0m] [1mparsed                        [0m [36mchannel[0m=[35mgoogle_broad[0m [36mraw[0m=[35m83[0m
[2m2026-04-04T16:17:30.979525Z[0m [[32m[1minfo     [0m] [1mfetch                         [0m [36mstatus[0m=[35m200[0m [36murl[0m=[35m'https://news.google.com/rss/search?q=ECL+earnings+analysis&hl=en-US&gl=US&ceid=US:en'[0m
[2m2026-04-04T16:17:31.021078Z[0m [[32m[1minfo     [0m] [1mparsed                        [0m [36mchannel[0m=[35mgoogle_broad[0m [36mraw[0m=[35m45[0m
[2m2026-04-04T16:17:31.023434Z[0m [[32m[1minfo     [0m] [1mquality_filter                [0m [36minput[0m=[35m166[0m [36mpassed[0m=[35m10[0m
[2m2026-04-04T16:17:31.024793Z[0m [[32m[1minfo     [0m] [1mdedup                         [0m [36mafter[0m=[35m8[0m [36mbefore[0m=[35m10[0m
[2m2026-04-04T16:17:31.025028Z[0m [[32m[1minfo     [0m] [1mfulltext_selection            [0m [36mcandidates[0m=[35m0[0m [36mfiltered[0m=[35m8[0m [36mmode[0m=[35mhigh-value[0m [36mticker[0m=[35mECL[0m
[2m2026-04-04T16:17:31.025785Z[0m [[32m[1minfo     [0m] [1mcrawling                      [0m [36mchannel[0m=[35mGoogle->Benzinga[0m [36mtag[0m=[35mgoogle_benzinga[0m
[2m2026-04-04T16:17:34.020051Z[0m [[32m[1minfo     [0m] [1mfetch                         [0m [36mstatus[0m=[35m200[0m [36murl[0m=[35m'https://news.google.com/rss/search?q=ADP+site:benzinga.com&hl=en-US&gl=US&ceid=US:en'[0m
[2m2026-04-04T16:17:34.171525Z[0m [[32m[1minfo     [0m] [1mparsed                        [0m [36mchannel[0m=[35mgoogle_benzinga[0m [36mraw[0m=[35m100[0m
[2m2026-04-04T16:17:36.185156Z[0m [[32m[1minfo     [0m] [1mfetch                         [0m [36mstatus[0m=[35m200[0m [36murl[0m=[35m'https://news.google.com/rss/search?q=ADP+site:benzinga.com&hl=en-US&gl=US&ceid=US:en'[0m
[2m2026-04-04T16:17:36.246740Z[0m [[32m[1minfo     [0m] [1mparsed                        [0m [36mchannel[0m=[35mgoogle_benzinga[0m [36mraw[0m=[35m100[0m
[2m2026-04-04T16:17:36.246903Z[0m [[32m[1minfo     [0m] [1mcrawling                      [0m [36mchannel[0m=[35m'Google News (all)'[0m [36mtag[0m=[35mgoogle_broad[0m
[2m2026-04-04T16:17:38.851974Z[0m [[32m[1minfo     [0m] [1mfetch                         [0m [36mstatus[0m=[35m200[0m [36murl[0m=[35m'https://news.google.com/rss/search?q=ADP+stock+news&hl=en-US&gl=US&ceid=US:en'[0m
[2m2026-04-04T16:17:38.995494Z[0m [[32m[1minfo     [0m] [1mparsed                        [0m [36mchannel[0m=[35mgoogle_broad[0m [36mraw[0m=[35m100[0m
[2m2026-04-04T16:17:41.481751Z[0m [[32m[1minfo     [0m] [1mfetch                         [0m [36mstatus[0m=[35m200[0m [36murl[0m=[35m'https://news.google.com/rss/search?q=ADP+earnings+analysis&hl=en-US&gl=US&ceid=US:en'[0m
[2m2026-04-04T16:17:41.539755Z[0m [[32m[1minfo     [0m] [1mparsed                        [0m [36mchannel[0m=[35mgoogle_broad[0m [36mraw[0m=[35m62[0m
[2m2026-04-04T16:17:41.541195Z[0m [[32m[1minfo     [0m] [1mquality_filter                [0m [36minput[0m=[35m362[0m [36mpassed[0m=[35m0[0m
[2m2026-04-04T16:17:41.541371Z[0m [[32m[1minfo     [0m] [1mdedup                         [0m [36mafter[0m=[35m0[0m [36mbefore[0m=[35m0[0m
[2m2026-04-04T16:17:41.541450Z[0m [[32m[1minfo     [0m] [1mfulltext_selection            [0m [36mcandidates[0m=[35m0[0m [36mfiltered[0m=[35m0[0m [36mmode[0m=[35mhigh-value[0m [36mticker[0m=[35mADP[0m
[2m2026-04-04T16:17:41.542167Z[0m [[32m[1minfo     [0m] [1mcrawling                      [0m [36mchannel[0m=[35mGoogle->Benzinga[0m [36mtag[0m=[35mgoogle_benzinga[0m
[2m2026-04-04T16:17:44.532868Z[0m [[32m[1minfo     [0m] [1mfetch                         [0m [36mstatus[0m=[35m200[0m [36murl[0m=[35m'https://news.google.com/rss/search?q=PNC+site:benzinga.com&hl=en-US&gl=US&ceid=US:en'[0m
[2m2026-04-04T16:17:44.664587Z[0m [[32m[1minfo     [0m] [1mparsed                        [0m [36mchannel[0m=[35mgoogle_benzinga[0m [36mraw[0m=[35m88[0m
[2m2026-04-04T16:17:46.670051Z[0m [[32m[1minfo     [0m] [1mfetch                         [0m [36mstatus[0m=[35m200[0m [36murl[0m=[35m'https://news.google.com/rss/search?q=PNC+site:benzinga.com&hl=en-US&gl=US&ceid=US:en'[0m
[2m2026-04-04T16:17:46.721797Z[0m [[32m[1minfo     [0m] [1mparsed                        [0m [36mchannel[0m=[35mgoogle_benzinga[0m [36mraw[0m=[35m88[0m
[2m2026-04-04T16:17:46.721957Z[0m [[32m[1minfo     [0m] [1mcrawling                      [0m [36mchannel[0m=[35m'Google News (all)'[0m [36mtag[0m=[35mgoogle_broad[0m
[2m2026-04-04T16:17:49.224753Z[0m [[32m[1minfo     [0m] [1mfetch                         [0m [36mstatus[0m=[35m200[0m [36murl[0m=[35m'https://news.google.com/rss/search?q=PNC+stock+news&hl=en-US&gl=US&ceid=US:en'[0m
[2m2026-04-04T16:17:49.367798Z[0m [[32m[1minfo     [0m] [1mparsed                        [0m [36mchannel[0m=[35mgoogle_broad[0m [36mraw[0m=[35m100[0m
[2m2026-04-04T16:17:51.817870Z[0m [[32m[1minfo     [0m] [1mfetch                         [0m [36mstatus[0m=[35m200[0m [36murl[0m=[35m'https://news.google.com/rss/search?q=PNC+earnings+analysis&hl=en-US&gl=US&ceid=US:en'[0m
[2m2026-04-04T16:17:51.862752Z[0m [[32m[1minfo     [0m] [1mparsed                        [0m [36mchannel[0m=[35mgoogle_broad[0m [36mraw[0m=[35m51[0m
[2m2026-04-04T16:17:51.865683Z[0m [[32m[1minfo     [0m] [1mquality_filter                [0m [36minput[0m=[35m327[0m [36mpassed[0m=[35m12[0m
[2m2026-04-04T16:17:51.867345Z[0m [[32m[1minfo     [0m] [1mdedup                         [0m [36mafter[0m=[35m11[0m [36mbefore[0m=[35m12[0m
[2m2026-04-04T16:17:51.867594Z[0m [[32m[1minfo     [0m] [1mfulltext_selection            [0m [36mcandidates[0m=[35m3[0m [36mfiltered[0m=[35m11[0m [36mmode[0m=[35mhigh-value[0m [36mticker[0m=[35mPNC[0m
[2m2026-04-04T16:17:54.062074Z[0m [[32m[1minfo     [0m] [1mfetch                         [0m [36mstatus[0m=[35m403[0m [36murl[0m=[35mhttps://www.marketscreener.com/news/the-pnc-financial-services-group-inc-declares-quarterl[0m
[2m2026-04-04T16:17:54.966999Z[0m [[32m[1minfo     [0m] [1mfetch                         [0m [36mstatus[0m=[35m200[0m [36murl[0m=[35mhttps://businessjournaldaily.com/pnc-declares-dividend-of-1-70-on-common-stock-2/[0m
[2m2026-04-04T16:17:55.645453Z[0m [[32m[1minfo     [0m] [1mfetch                         [0m [36mstatus[0m=[35m200[0m [36murl[0m=[35mhttps://www.sharewise.com/de/news_articles/Will_The_PNC_Financial_Services_Group_PNC_Beat_[0m
[2m2026-04-04T16:17:55.850063Z[0m [[32m[1minfo     [0m] [1mcrawling                      [0m [36mchannel[0m=[35mGoogle->Benzinga[0m [36mtag[0m=[35mgoogle_benzinga[0m
[2m2026-04-04T16:17:58.348955Z[0m [[32m[1minfo     [0m] [1mfetch                         [0m [36mstatus[0m=[35m200[0m [36murl[0m=[35m'https://news.google.com/rss/search?q=USB+site:benzinga.com&hl=en-US&gl=US&ceid=US:en'[0m
[2m2026-04-04T16:17:58.471667Z[0m [[32m[1minfo     [0m] [1mparsed                        [0m [36mchannel[0m=[35mgoogle_benzinga[0m [36mraw[0m=[35m84[0m
[2m2026-04-04T16:18:00.477829Z[0m [[32m[1minfo     [0m] [1mfetch                         [0m [36mstatus[0m=[35m200[0m [36murl[0m=[35m'https://news.google.com/rss/search?q=USB+site:benzinga.com&hl=en-US&gl=US&ceid=US:en'[0m
[2m2026-04-04T16:18:00.528278Z[0m [[32m[1minfo     [0m] [1mparsed                        [0m [36mchannel[0m=[35mgoogle_benzinga[0m [36mraw[0m=[35m84[0m
[2m2026-04-04T16:18:00.528440Z[0m [[32m[1minfo     [0m] [1mcrawling                      [0m [36mchannel[0m=[35m'Google News (all)'[0m [36mtag[0m=[35mgoogle_broad[0m
[2m2026-04-04T16:18:03.069890Z[0m [[32m[1minfo     [0m] [1mfetch                         [0m [36mstatus[0m=[35m200[0m [36murl[0m=[35m'https://news.google.com/rss/search?q=USB+stock+news&hl=en-US&gl=US&ceid=US:en'[0m
[2m2026-04-04T16:18:03.201192Z[0m [[32m[1minfo     [0m] [1mparsed                        [0m [36mchannel[0m=[35mgoogle_broad[0m [36mraw[0m=[35m91[0m
[2m2026-04-04T16:18:05.712020Z[0m [[32m[1minfo     [0m] [1mfetch                         [0m [36mstatus[0m=[35m200[0m [36murl[0m=[35m'https://news.google.com/rss/search?q=USB+earnings+analysis&hl=en-US&gl=US&ceid=US:en'[0m
[2m2026-04-04T16:18:05.760756Z[0m [[32m[1minfo     [0m] [1mparsed                        [0m [36mchannel[0m=[35mgoogle_broad[0m [36mraw[0m=[35m56[0m
[2m2026-04-04T16:18:05.762247Z[0m [[32m[1minfo     [0m] [1mquality_filter                [0m [36minput[0m=[35m315[0m [36mpassed[0m=[35m2[0m
[2m2026-04-04T16:18:05.762615Z[0m [[32m[1minfo     [0m] [1mdedup                         [0m [36mafter[0m=[35m2[0m [36mbefore[0m=[35m2[0m
[2m2026-04-04T16:18:05.762712Z[0m [[32m[1minfo     [0m] [1mfulltext_selection            [0m [36mcandidates[0m=[35m2[0m [36mfiltered[0m=[35m2[0m [36mmode[0m=[35mhigh-value[0m [36mticker[0m=[35mUSB[0m
[2m2026-04-04T16:18:08.112801Z[0m [[32m[1minfo     [0m] [1mfetch                         [0m [36mstatus[0m=[35m200[0m [36murl[0m=[35mhttps://www.msn.com/en-us/money/topstocks/will-us-bancorp-usb-beat-estimates-again-in-its-[0m
[2m2026-04-04T16:18:08.611647Z[0m [[32m[1minfo     [0m] [1mfetch                         [0m [36mstatus[0m=[35m200[0m [36murl[0m=[35mhttps://www.sharewise.com/de/news_articles/Will_US_Bancorp_USB_Beat_Estimates_Again_in_Its[0m
[2m2026-04-04T16:18:08.815840Z[0m [[32m[1minfo     [0m] [1mcrawling                      [0m [36mchannel[0m=[35mGoogle->Benzinga[0m [36mtag[0m=[35mgoogle_benzinga[0m
[2m2026-04-04T16:18:11.274376Z[0m [[32m[1minfo     [0m] [1mfetch                         [0m [36mstatus[0m=[35m200[0m [36murl[0m=[35m'https://news.google.com/rss/search?q=EMR+site:benzinga.com&hl=en-US&gl=US&ceid=US:en'[0m
[2m2026-04-04T16:18:11.294509Z[0m [[32m[1minfo     [0m] [1mparsed                        [0m [36mchannel[0m=[35mgoogle_benzinga[0m [36mraw[0m=[35m22[0m
[2m2026-04-04T16:18:13.300595Z[0m [[32m[1minfo     [0m] [1mfetch                         [0m [36mstatus[0m=[35m200[0m [36murl[0m=[35m'https://news.google.com/rss/search?q=EMR+site:benzinga.com&hl=en-US&gl=US&ceid=US:en'[0m
[2m2026-04-04T16:18:13.315099Z[0m [[32m[1minfo     [0m] [1mparsed                        [0m [36mchannel[0m=[35mgoogle_benzinga[0m [36mraw[0m=[35m22[0m
[2m2026-04-04T16:18:13.315269Z[0m [[32m[1minfo     [0m] [1mcrawling                      [0m [36mchannel[0m=[35m'Google News (all)'[0m [36mtag[0m=[35mgoogle_broad[0m
[2m2026-04-04T16:18:15.844865Z[0m [[32m[1minfo     [0m] [1mfetch                         [0m [36mstatus[0m=[35m200[0m [36murl[0m=[35m'https://news.google.com/rss/search?q=EMR+stock+news&hl=en-US&gl=US&ceid=US:en'[0m
[2m2026-04-04T16:18:15.964056Z[0m [[32m[1minfo     [0m] [1mparsed                        [0m [36mchannel[0m=[35mgoogle_broad[0m [36mraw[0m=[35m74[0m
[2m2026-04-04T16:18:18.424432Z[0m [[32m[1minfo     [0m] [1mfetch                         [0m [36mstatus[0m=[35m200[0m [36murl[0m=[35m'https://news.google.com/rss/search?q=EMR+earnings+analysis&hl=en-US&gl=US&ceid=US:en'[0m
[2m2026-04-04T16:18:18.476936Z[0m [[32m[1minfo     [0m] [1mparsed                        [0m [36mchannel[0m=[35mgoogle_broad[0m [36mraw[0m=[35m51[0m
[2m2026-04-04T16:18:18.477990Z[0m [[32m[1minfo     [0m] [1mquality_filter                [0m [36minput[0m=[35m169[0m [36mpassed[0m=[35m1[0m
[2m2026-04-04T16:18:18.478191Z[0m [[32m[1minfo     [0m] [1mdedup                         [0m [36mafter[0m=[35m1[0m [36mbefore[0m=[35m1[0m
[2m2026-04-04T16:18:18.478359Z[0m [[32m[1minfo     [0m] [1mfulltext_selection            [0m [36mcandidates[0m=[35m1[0m [36mfiltered[0m=[35m1[0m [36mmode[0m=[35mhigh-value[0m [36mticker[0m=[35mEMR[0m
[2m2026-04-04T16:18:21.495883Z[0m [[32m[1minfo     [0m] [1mfetch                         [0m [36mstatus[0m=[35m200[0m [36murl[0m=[35mhttps://intellectia.ai/en/stock/EMR/technical[0m
[2m2026-04-04T16:18:22.102978Z[0m [[32m[1minfo     [0m] [1mcrawling                      [0m [36mchannel[0m=[35mGoogle->Benzinga[0m [36mtag[0m=[35mgoogle_benzinga[0m
[2m2026-04-04T16:18:24.953408Z[0m [[32m[1minfo     [0m] [1mfetch                         [0m [36mstatus[0m=[35m200[0m [36murl[0m=[35m'https://news.google.com/rss/search?q=ITW+site:benzinga.com&hl=en-US&gl=US&ceid=US:en'[0m
[2m2026-04-04T16:18:24.966482Z[0m [[32m[1minfo     [0m] [1mparsed                        [0m [36mchannel[0m=[35mgoogle_benzinga[0m [36mraw[0m=[35m11[0m
[2m2026-04-04T16:18:26.971380Z[0m [[32m[1minfo     [0m] [1mfetch                         [0m [36mstatus[0m=[35m200[0m [36murl[0m=[35m'https://news.google.com/rss/search?q=ITW+site:benzinga.com&hl=en-US&gl=US&ceid=US:en'[0m
[2m2026-04-04T16:18:26.979718Z[0m [[32m[1minfo     [0m] [1mparsed                        [0m [36mchannel[0m=[35mgoogle_benzinga[0m [36mraw[0m=[35m11[0m
[2m2026-04-04T16:18:26.979870Z[0m [[32m[1minfo     [0m] [1mcrawling                      [0m [36mchannel[0m=[35m'Google News (all)'[0m [36mtag[0m=[35mgoogle_broad[0m
[2m2026-04-04T16:18:29.459926Z[0m [[32m[1minfo     [0m] [1mfetch                         [0m [36mstatus[0m=[35m200[0m [36murl[0m=[35m'https://news.google.com/rss/search?q=ITW+stock+news&hl=en-US&gl=US&ceid=US:en'[0m
[2m2026-04-04T16:18:29.601619Z[0m [[32m[1minfo     [0m] [1mparsed                        [0m [36mchannel[0m=[35mgoogle_broad[0m [36mraw[0m=[35m97[0m
[2m2026-04-04T16:18:32.103085Z[0m [[32m[1minfo     [0m] [1mfetch                         [0m [36mstatus[0m=[35m200[0m [36murl[0m=[35m'https://news.google.com/rss/search?q=ITW+earnings+analysis&hl=en-US&gl=US&ceid=US:en'[0m
[2m2026-04-04T16:18:32.145592Z[0m [[32m[1minfo     [0m] [1mparsed                        [0m [36mchannel[0m=[35mgoogle_broad[0m [36mraw[0m=[35m46[0m
[2m2026-04-04T16:18:32.147202Z[0m [[32m[1minfo     [0m] [1mquality_filter                [0m [36minput[0m=[35m165[0m [36mpassed[0m=[35m3[0m
[2m2026-04-04T16:18:32.147760Z[0m [[32m[1minfo     [0m] [1mdedup                         [0m [36mafter[0m=[35m3[0m [36mbefore[0m=[35m3[0m
[2m2026-04-04T16:18:32.147884Z[0m [[32m[1minfo     [0m] [1mfulltext_selection            [0m [36mcandidates[0m=[35m1[0m [36mfiltered[0m=[35m3[0m [36mmode[0m=[35mhigh-value[0m [36mticker[0m=[35mITW[0m
[2m2026-04-04T16:18:34.112358Z[0m [[32m[1minfo     [0m] [1mfetch                         [0m [36mstatus[0m=[35m403[0m [36murl[0m=[35mhttps://www.bitget.com/news/detail/12560605335036[0m
[2m2026-04-04T16:18:34.314713Z[0m [[32m[1minfo     [0m] [1mcrawling                      [0m [36mchannel[0m=[35mGoogle->Benzinga[0m [36mtag[0m=[35mgoogle_benzinga[0m
[2m2026-04-04T16:18:36.729359Z[0m [[32m[1minfo     [0m] [1mfetch                         [0m [36mstatus[0m=[35m200[0m [36murl[0m=[35m'https://news.google.com/rss/search?q=MNST+site:benzinga.com&hl=en-US&gl=US&ceid=US:en'[0m
[2m2026-04-04T16:18:36.746236Z[0m [[32m[1minfo     [0m] [1mparsed                        [0m [36mchannel[0m=[35mgoogle_benzinga[0m [36mraw[0m=[35m25[0m
[2m2026-04-04T16:18:38.751515Z[0m [[32m[1minfo     [0m] [1mfetch                         [0m [36mstatus[0m=[35m200[0m [36murl[0m=[35m'https://news.google.com/rss/search?q=MNST+site:benzinga.com&hl=en-US&gl=US&ceid=US:en'[0m
[2m2026-04-04T16:18:38.768271Z[0m [[32m[1minfo     [0m] [1mparsed                        [0m [36mchannel[0m=[35mgoogle_benzinga[0m [36mraw[0m=[35m25[0m
[2m2026-04-04T16:18:38.768428Z[0m [[32m[1minfo     [0m] [1mcrawling                      [0m [36mchannel[0m=[35m'Google News (all)'[0m [36mtag[0m=[35mgoogle_broad[0m
[2m2026-04-04T16:18:41.303792Z[0m [[32m[1minfo     [0m] [1mfetch                         [0m [36mstatus[0m=[35m200[0m [36murl[0m=[35m'https://news.google.com/rss/search?q=MNST+stock+news&hl=en-US&gl=US&ceid=US:en'[0m
[2m2026-04-04T16:18:41.446346Z[0m [[32m[1minfo     [0m] [1mparsed                        [0m [36mchannel[0m=[35mgoogle_broad[0m [36mraw[0m=[35m98[0m
[2m2026-04-04T16:18:43.878860Z[0m [[32m[1minfo     [0m] [1mfetch                         [0m [36mstatus[0m=[35m200[0m [36murl[0m=[35m'https://news.google.com/rss/search?q=MNST+earnings+analysis&hl=en-US&gl=US&ceid=US:en'[0m
[2m2026-04-04T16:18:43.923982Z[0m [[32m[1minfo     [0m] [1mparsed                        [0m [36mchannel[0m=[35mgoogle_broad[0m [36mraw[0m=[35m51[0m
[2m2026-04-04T16:18:43.925458Z[0m [[32m[1minfo     [0m] [1mquality_filter                [0m [36minput[0m=[35m199[0m [36mpassed[0m=[35m3[0m
[2m2026-04-04T16:18:43.925885Z[0m [[32m[1minfo     [0m] [1mdedup                         [0m [36mafter[0m=[35m3[0m [36mbefore[0m=[35m3[0m
[2m2026-04-04T16:18:43.926017Z[0m [[32m[1minfo     [0m] [1mfulltext_selection            [0m [36mcandidates[0m=[35m0[0m [36mfiltered[0m=[35m3[0m [36mmode[0m=[35mhigh-value[0m [36mticker[0m=[35mMNST[0m
[2m2026-04-04T16:18:43.926750Z[0m [[32m[1minfo     [0m] [1mcrawling                      [0m [36mchannel[0m=[35mGoogle->Benzinga[0m [36mtag[0m=[35mgoogle_benzinga[0m
[2m2026-04-04T16:18:46.334199Z[0m [[32m[1minfo     [0m] [1mfetch                         [0m [36mstatus[0m=[35m200[0m [36murl[0m=[35m'https://news.google.com/rss/search?q=CRH+site:benzinga.com&hl=en-US&gl=US&ceid=US:en'[0m
[2m2026-04-04T16:18:46.348460Z[0m [[32m[1minfo     [0m] [1mparsed                        [0m [36mchannel[0m=[35mgoogle_benzinga[0m [36mraw[0m=[35m21[0m
[2m2026-04-04T16:18:48.353493Z[0m [[32m[1minfo     [0m] [1mfetch                         [0m [36mstatus[0m=[35m200[0m [36murl[0m=[35m'https://news.google.com/rss/search?q=CRH+site:benzinga.com&hl=en-US&gl=US&ceid=US:en'[0m
[2m2026-04-04T16:18:48.367599Z[0m [[32m[1minfo     [0m] [1mparsed                        [0m [36mchannel[0m=[35mgoogle_benzinga[0m [36mraw[0m=[35m21[0m
[2m2026-04-04T16:18:48.367756Z[0m [[32m[1minfo     [0m] [1mcrawling                      [0m [36mchannel[0m=[35m'Google News (all)'[0m [36mtag[0m=[35mgoogle_broad[0m
[2m2026-04-04T16:18:50.918067Z[0m [[32m[1minfo     [0m] [1mfetch                         [0m [36mstatus[0m=[35m200[0m [36murl[0m=[35m'https://news.google.com/rss/search?q=CRH+stock+news&hl=en-US&gl=US&ceid=US:en'[0m
[2m2026-04-04T16:18:51.051789Z[0m [[32m[1minfo     [0m] [1mparsed                        [0m [36mchannel[0m=[35mgoogle_broad[0m [36mraw[0m=[35m100[0m
[2m2026-04-04T16:18:53.720948Z[0m [[32m[1minfo     [0m] [1mfetch                         [0m [36mstatus[0m=[35m200[0m [36murl[0m=[35m'https://news.google.com/rss/search?q=CRH+earnings+analysis&hl=en-US&gl=US&ceid=US:en'[0m
[2m2026-04-04T16:18:53.754548Z[0m [[32m[1minfo     [0m] [1mparsed                        [0m [36mchannel[0m=[35mgoogle_broad[0m [36mraw[0m=[35m50[0m
[2m2026-04-04T16:18:53.756058Z[0m [[32m[1minfo     [0m] [1mquality_filter                [0m [36minput[0m=[35m192[0m [36mpassed[0m=[35m4[0m
[2m2026-04-04T16:18:53.756612Z[0m [[32m[1minfo     [0m] [1mdedup                         [0m [36mafter[0m=[35m2[0m [36mbefore[0m=[35m4[0m
[2m2026-04-04T16:18:53.756746Z[0m [[32m[1minfo     [0m] [1mfulltext_selection            [0m [36mcandidates[0m=[35m2[0m [36mfiltered[0m=[35m2[0m [36mmode[0m=[35mhigh-value[0m [36mticker[0m=[35mCRH[0m
[2m2026-04-04T16:18:56.203786Z[0m [[32m[1minfo     [0m] [1mfetch                         [0m [36mstatus[0m=[35m200[0m [36murl[0m=[35mhttps://intellectia.ai/en/stock/CRH/earnings[0m
[2m2026-04-04T16:18:57.106492Z[0m [[31m[1merror    [0m] [1mfetch_error                   [0m [36merror[0m=[35m'400, message=\'Got more than 8190 bytes when reading: b"connect-src \\\'self\\\' wss:'[0m [36murl[0m=[35mhttps://finance.yahoo.com/markets/stocks/articles/crh-crh-stock-dips-w[0m
[2m2026-04-04T16:18:57.308869Z[0m [[32m[1minfo     [0m] [1mcrawling                      [0m [36mchannel[0m=[35mGoogle->Benzinga[0m [36mtag[0m=[35mgoogle_benzinga[0m
[2m2026-04-04T16:18:59.703698Z[0m [[32m[1minfo     [0m] [1mfetch                         [0m [36mstatus[0m=[35m200[0m [36murl[0m=[35m'https://news.google.com/rss/search?q=CL+colgate-palmolive+site:benzinga.com&hl=en-US&gl=US'[0m
[2m2026-04-04T16:18:59.724174Z[0m [[32m[1minfo     [0m] [1mparsed                        [0m [36mchannel[0m=[35mgoogle_benzinga[0m [36mraw[0m=[35m23[0m
[2m2026-04-04T16:19:02.075542Z[0m [[32m[1minfo     [0m] [1mfetch                         [0m [36mstatus[0m=[35m200[0m [36murl[0m=[35m'https://news.google.com/rss/search?q=colgate-palmolive+site:benzinga.com&hl=en-US&gl=US&ce'[0m
[2m2026-04-04T16:19:02.164182Z[0m [[32m[1minfo     [0m] [1mparsed                        [0m [36mchannel[0m=[35mgoogle_benzinga[0m [36mraw[0m=[35m48[0m
[2m2026-04-04T16:19:02.164376Z[0m [[32m[1minfo     [0m] [1mcrawling                      [0m [36mchannel[0m=[35m'Google News (all)'[0m [36mtag[0m=[35mgoogle_broad[0m
[2m2026-04-04T16:19:05.074887Z[0m [[32m[1minfo     [0m] [1mfetch                         [0m [36mstatus[0m=[35m200[0m [36murl[0m=[35m'https://news.google.com/rss/search?q=CL+colgate-palmolive+stock+news&hl=en-US&gl=US&ceid=U'[0m
[2m2026-04-04T16:19:05.224519Z[0m [[32m[1minfo     [0m] [1mparsed                        [0m [36mchannel[0m=[35mgoogle_broad[0m [36mraw[0m=[35m100[0m
[2m2026-04-04T16:19:07.700906Z[0m [[32m[1minfo     [0m] [1mfetch                         [0m [36mstatus[0m=[35m200[0m [36murl[0m=[35m'https://news.google.com/rss/search?q=CL+colgate-palmolive+earnings+analysis&hl=en-US&gl=US'[0m
[2m2026-04-04T16:19:07.744760Z[0m [[32m[1minfo     [0m] [1mparsed                        [0m [36mchannel[0m=[35mgoogle_broad[0m [36mraw[0m=[35m49[0m
[2m2026-04-04T16:19:07.747230Z[0m [[32m[1minfo     [0m] [1mquality_filter                [0m [36minput[0m=[35m220[0m [36mpassed[0m=[35m4[0m
[2m2026-04-04T16:19:07.747852Z[0m [[32m[1minfo     [0m] [1mdedup                         [0m [36mafter[0m=[35m4[0m [36mbefore[0m=[35m4[0m
[2m2026-04-04T16:19:07.748003Z[0m [[32m[1minfo     [0m] [1mfulltext_selection            [0m [36mcandidates[0m=[35m1[0m [36mfiltered[0m=[35m4[0m [36mmode[0m=[35mhigh-value[0m [36mticker[0m=[35mCL[0m
[2m2026-04-04T16:19:09.907880Z[0m [[32m[1minfo     [0m] [1mfetch                         [0m [36mstatus[0m=[35m200[0m [36murl[0m=[35mhttps://www.marketbeat.com/instant-alerts/filing-compagnie-lombard-odier-scma-trims-stake-[0m
[2m2026-04-04T16:19:10.161643Z[0m [[32m[1minfo     [0m] [1mcrawling                      [0m [36mchannel[0m=[35mGoogle->Benzinga[0m [36mtag[0m=[35mgoogle_benzinga[0m
[2m2026-04-04T16:19:12.613331Z[0m [[32m[1minfo     [0m] [1mfetch                         [0m [36mstatus[0m=[35m200[0m [36murl[0m=[35m'https://news.google.com/rss/search?q=ORLY+site:benzinga.com&hl=en-US&gl=US&ceid=US:en'[0m
[2m2026-04-04T16:19:12.630373Z[0m [[32m[1minfo     [0m] [1mparsed                        [0m [36mchannel[0m=[35mgoogle_benzinga[0m [36mraw[0m=[35m21[0m
[2m2026-04-04T16:19:14.635314Z[0m [[32m[1minfo     [0m] [1mfetch                         [0m [36mstatus[0m=[35m200[0m [36murl[0m=[35m'https://news.google.com/rss/search?q=ORLY+site:benzinga.com&hl=en-US&gl=US&ceid=US:en'[0m
[2m2026-04-04T16:19:14.649979Z[0m [[32m[1minfo     [0m] [1mparsed                        [0m [36mchannel[0m=[35mgoogle_benzinga[0m [36mraw[0m=[35m21[0m
[2m2026-04-04T16:19:14.650147Z[0m [[32m[1minfo     [0m] [1mcrawling                      [0m [36mchannel[0m=[35m'Google News (all)'[0m [36mtag[0m=[35mgoogle_broad[0m
[2m2026-04-04T16:19:17.094661Z[0m [[32m[1minfo     [0m] [1mfetch                         [0m [36mstatus[0m=[35m200[0m [36murl[0m=[35m'https://news.google.com/rss/search?q=ORLY+stock+news&hl=en-US&gl=US&ceid=US:en'[0m
[2m2026-04-04T16:19:17.217646Z[0m [[32m[1minfo     [0m] [1mparsed                        [0m [36mchannel[0m=[35mgoogle_broad[0m [36mraw[0m=[35m79[0m
[2m2026-04-04T16:19:19.681303Z[0m [[32m[1minfo     [0m] [1mfetch                         [0m [36mstatus[0m=[35m200[0m [36murl[0m=[35m'https://news.google.com/rss/search?q=ORLY+earnings+analysis&hl=en-US&gl=US&ceid=US:en'[0m
[2m2026-04-04T16:19:19.714747Z[0m [[32m[1minfo     [0m] [1mparsed                        [0m [36mchannel[0m=[35mgoogle_broad[0m [36mraw[0m=[35m42[0m
[2m2026-04-04T16:19:19.716152Z[0m [[32m[1minfo     [0m] [1mquality_filter                [0m [36minput[0m=[35m163[0m [36mpassed[0m=[35m2[0m
[2m2026-04-04T16:19:19.716577Z[0m [[32m[1minfo     [0m] [1mdedup                         [0m [36mafter[0m=[35m2[0m [36mbefore[0m=[35m2[0m
[2m2026-04-04T16:19:19.716708Z[0m [[32m[1minfo     [0m] [1mfulltext_selection            [0m [36mcandidates[0m=[35m0[0m [36mfiltered[0m=[35m2[0m [36mmode[0m=[35mhigh-value[0m [36mticker[0m=[35mORLY[0m
[2m2026-04-04T16:19:19.717458Z[0m [[32m[1minfo     [0m] [1mcrawling                      [0m [36mchannel[0m=[35mGoogle->Benzinga[0m [36mtag[0m=[35mgoogle_benzinga[0m
[2m2026-04-04T16:19:22.659107Z[0m [[32m[1minfo     [0m] [1mfetch                         [0m [36mstatus[0m=[35m200[0m [36murl[0m=[35m'https://news.google.com/rss/search?q=MDLZ+site:benzinga.com&hl=en-US&gl=US&ceid=US:en'[0m
[2m2026-04-04T16:19:22.691113Z[0m [[32m[1minfo     [0m] [1mparsed                        [0m [36mchannel[0m=[35mgoogle_benzinga[0m [36mraw[0m=[35m42[0m
[2m2026-04-04T16:19:24.696761Z[0m [[32m[1minfo     [0m] [1mfetch                         [0m [36mstatus[0m=[35m200[0m [36murl[0m=[35m'https://news.google.com/rss/search?q=MDLZ+site:benzinga.com&hl=en-US&gl=US&ceid=US:en'[0m
[2m2026-04-04T16:19:24.722274Z[0m [[32m[1minfo     [0m] [1mparsed                        [0m [36mchannel[0m=[35mgoogle_benzinga[0m [36mraw[0m=[35m42[0m
[2m2026-04-04T16:19:24.722432Z[0m [[32m[1minfo     [0m] [1mcrawling                      [0m [36mchannel[0m=[35m'Google News (all)'[0m [36mtag[0m=[35mgoogle_broad[0m
[2m2026-04-04T16:19:27.187489Z[0m [[32m[1minfo     [0m] [1mfetch                         [0m [36mstatus[0m=[35m200[0m [36murl[0m=[35m'https://news.google.com/rss/search?q=MDLZ+stock+news&hl=en-US&gl=US&ceid=US:en'[0m
[2m2026-04-04T16:19:27.338856Z[0m [[32m[1minfo     [0m] [1mparsed                        [0m [36mchannel[0m=[35mgoogle_broad[0m [36mraw[0m=[35m100[0m
[2m2026-04-04T16:19:29.850889Z[0m [[32m[1minfo     [0m] [1mfetch                         [0m [36mstatus[0m=[35m200[0m [36murl[0m=[35m'https://news.google.com/rss/search?q=MDLZ+earnings+analysis&hl=en-US&gl=US&ceid=US:en'[0m
[2m2026-04-04T16:19:29.894671Z[0m [[32m[1minfo     [0m] [1mparsed                        [0m [36mchannel[0m=[35mgoogle_broad[0m [36mraw[0m=[35m47[0m
[2m2026-04-04T16:19:29.896346Z[0m [[32m[1minfo     [0m] [1mquality_filter                [0m [36minput[0m=[35m231[0m [36mpassed[0m=[35m4[0m
[2m2026-04-04T16:19:29.896948Z[0m [[32m[1minfo     [0m] [1mdedup                         [0m [36mafter[0m=[35m4[0m [36mbefore[0m=[35m4[0m
[2m2026-04-04T16:19:29.897119Z[0m [[32m[1minfo     [0m] [1mfulltext_selection            [0m [36mcandidates[0m=[35m0[0m [36mfiltered[0m=[35m4[0m [36mmode[0m=[35mhigh-value[0m [36mticker[0m=[35mMDLZ[0m
[2m2026-04-04T16:19:29.897888Z[0m [[32m[1minfo     [0m] [1mcrawling                      [0m [36mchannel[0m=[35mGoogle->Benzinga[0m [36mtag[0m=[35mgoogle_benzinga[0m
[2m2026-04-04T16:19:32.404267Z[0m [[32m[1minfo     [0m] [1mfetch                         [0m [36mstatus[0m=[35m200[0m [36murl[0m=[35m'https://news.google.com/rss/search?q=CI+the+cigna+group+site:benzinga.com&hl=en-US&gl=US&c'[0m
[2m2026-04-04T16:19:32.435671Z[0m [[32m[1minfo     [0m] [1mparsed                        [0m [36mchannel[0m=[35mgoogle_benzinga[0m [36mraw[0m=[35m38[0m
[2m2026-04-04T16:19:34.848117Z[0m [[32m[1minfo     [0m] [1mfetch                         [0m [36mstatus[0m=[35m200[0m [36murl[0m=[35m'https://news.google.com/rss/search?q=the+cigna+group+site:benzinga.com&hl=en-US&gl=US&ceid'[0m
[2m2026-04-04T16:19:34.904066Z[0m [[32m[1minfo     [0m] [1mparsed                        [0m [36mchannel[0m=[35mgoogle_benzinga[0m [36mraw[0m=[35m58[0m
[2m2026-04-04T16:19:34.904246Z[0m [[32m[1minfo     [0m] [1mcrawling                      [0m [36mchannel[0m=[35m'Google News (all)'[0m [36mtag[0m=[35mgoogle_broad[0m
[2m2026-04-04T16:19:37.422565Z[0m [[32m[1minfo     [0m] [1mfetch                         [0m [36mstatus[0m=[35m200[0m [36murl[0m=[35m'https://news.google.com/rss/search?q=CI+the+cigna+group+stock+news&hl=en-US&gl=US&ceid=US:'[0m
[2m2026-04-04T16:19:37.565412Z[0m [[32m[1minfo     [0m] [1mparsed                        [0m [36mchannel[0m=[35mgoogle_broad[0m [36mraw[0m=[35m100[0m
[2m2026-04-04T16:19:40.013849Z[0m [[32m[1minfo     [0m] [1mfetch                         [0m [36mstatus[0m=[35m200[0m [36murl[0m=[35m'https://news.google.com/rss/search?q=CI+the+cigna+group+earnings+analysis&hl=en-US&gl=US&c'[0m
[2m2026-04-04T16:19:40.043930Z[0m [[32m[1minfo     [0m] [1mparsed                        [0m [36mchannel[0m=[35mgoogle_broad[0m [36mraw[0m=[35m35[0m
[2m2026-04-04T16:19:40.046176Z[0m [[32m[1minfo     [0m] [1mquality_filter                [0m [36minput[0m=[35m231[0m [36mpassed[0m=[35m2[0m
[2m2026-04-04T16:19:40.046544Z[0m [[32m[1minfo     [0m] [1mdedup                         [0m [36mafter[0m=[35m2[0m [36mbefore[0m=[35m2[0m
[2m2026-04-04T16:19:40.046664Z[0m [[32m[1minfo     [0m] [1mfulltext_selection            [0m [36mcandidates[0m=[35m0[0m [36mfiltered[0m=[35m2[0m [36mmode[0m=[35mhigh-value[0m [36mticker[0m=[35mCI[0m
[2m2026-04-04T16:19:40.047507Z[0m [[32m[1minfo     [0m] [1mcrawling                      [0m [36mchannel[0m=[35mGoogle->Benzinga[0m [36mtag[0m=[35mgoogle_benzinga[0m
[2m2026-04-04T16:19:42.977315Z[0m [[32m[1minfo     [0m] [1mfetch                         [0m [36mstatus[0m=[35m200[0m [36murl[0m=[35m'https://news.google.com/rss/search?q=TDG+site:benzinga.com&hl=en-US&gl=US&ceid=US:en'[0m
[2m2026-04-04T16:19:42.993417Z[0m [[32m[1minfo     [0m] [1mparsed                        [0m [36mchannel[0m=[35mgoogle_benzinga[0m [36mraw[0m=[35m21[0m
[2m2026-04-04T16:19:44.998872Z[0m [[32m[1minfo     [0m] [1mfetch                         [0m [36mstatus[0m=[35m200[0m [36murl[0m=[35m'https://news.google.com/rss/search?q=TDG+site:benzinga.com&hl=en-US&gl=US&ceid=US:en'[0m
[2m2026-04-04T16:19:45.013055Z[0m [[32m[1minfo     [0m] [1mparsed                        [0m [36mchannel[0m=[35mgoogle_benzinga[0m [36mraw[0m=[35m21[0m
[2m2026-04-04T16:19:45.013230Z[0m [[32m[1minfo     [0m] [1mcrawling                      [0m [36mchannel[0m=[35m'Google News (all)'[0m [36mtag[0m=[35mgoogle_broad[0m
[2m2026-04-04T16:19:47.504276Z[0m [[32m[1minfo     [0m] [1mfetch                         [0m [36mstatus[0m=[35m200[0m [36murl[0m=[35m'https://news.google.com/rss/search?q=TDG+stock+news&hl=en-US&gl=US&ceid=US:en'[0m
[2m2026-04-04T16:19:47.631572Z[0m [[32m[1minfo     [0m] [1mparsed                        [0m [36mchannel[0m=[35mgoogle_broad[0m [36mraw[0m=[35m85[0m
[2m2026-04-04T16:19:50.041114Z[0m [[32m[1minfo     [0m] [1mfetch                         [0m [36mstatus[0m=[35m200[0m [36murl[0m=[35m'https://news.google.com/rss/search?q=TDG+earnings+analysis&hl=en-US&gl=US&ceid=US:en'[0m
[2m2026-04-04T16:19:50.082990Z[0m [[32m[1minfo     [0m] [1mparsed                        [0m [36mchannel[0m=[35mgoogle_broad[0m [36mraw[0m=[35m46[0m
[2m2026-04-04T16:19:50.084048Z[0m [[32m[1minfo     [0m] [1mquality_filter                [0m [36minput[0m=[35m173[0m [36mpassed[0m=[35m1[0m
[2m2026-04-04T16:19:50.084440Z[0m [[32m[1minfo     [0m] [1mdedup                         [0m [36mafter[0m=[35m1[0m [36mbefore[0m=[35m1[0m
[2m2026-04-04T16:19:50.084600Z[0m [[32m[1minfo     [0m] [1mfulltext_selection            [0m [36mcandidates[0m=[35m0[0m [36mfiltered[0m=[35m1[0m [36mmode[0m=[35mhigh-value[0m [36mticker[0m=[35mTDG[0m
[2m2026-04-04T16:19:50.085364Z[0m [[32m[1minfo     [0m] [1mcrawling                      [0m [36mchannel[0m=[35mGoogle->Benzinga[0m [36mtag[0m=[35mgoogle_benzinga[0m
[2m2026-04-04T16:19:53.020286Z[0m [[32m[1minfo     [0m] [1mfetch                         [0m [36mstatus[0m=[35m200[0m [36murl[0m=[35m'https://news.google.com/rss/search?q=COR+site:benzinga.com&hl=en-US&gl=US&ceid=US:en'[0m
[2m2026-04-04T16:19:53.052296Z[0m [[32m[1minfo     [0m] [1mparsed                        [0m [36mchannel[0m=[35mgoogle_benzinga[0m [36mraw[0m=[35m41[0m
[2m2026-04-04T16:19:55.057787Z[0m [[32m[1minfo     [0m] [1mfetch                         [0m [36mstatus[0m=[35m200[0m [36murl[0m=[35m'https://news.google.com/rss/search?q=COR+site:benzinga.com&hl=en-US&gl=US&ceid=US:en'[0m
[2m2026-04-04T16:19:55.083526Z[0m [[32m[1minfo     [0m] [1mparsed                        [0m [36mchannel[0m=[35mgoogle_benzinga[0m [36mraw[0m=[35m41[0m
[2m2026-04-04T16:19:55.083687Z[0m [[32m[1minfo     [0m] [1mcrawling                      [0m [36mchannel[0m=[35m'Google News (all)'[0m [36mtag[0m=[35mgoogle_broad[0m
[2m2026-04-04T16:19:57.627353Z[0m [[32m[1minfo     [0m] [1mfetch                         [0m [36mstatus[0m=[35m200[0m [36murl[0m=[35m'https://news.google.com/rss/search?q=COR+stock+news&hl=en-US&gl=US&ceid=US:en'[0m
[2m2026-04-04T16:19:57.756592Z[0m [[32m[1minfo     [0m] [1mparsed                        [0m [36mchannel[0m=[35mgoogle_broad[0m [36mraw[0m=[35m89[0m
[2m2026-04-04T16:20:00.245480Z[0m [[32m[1minfo     [0m] [1mfetch                         [0m [36mstatus[0m=[35m200[0m [36murl[0m=[35m'https://news.google.com/rss/search?q=COR+earnings+analysis&hl=en-US&gl=US&ceid=US:en'[0m
[2m2026-04-04T16:20:00.392766Z[0m [[32m[1minfo     [0m] [1mparsed                        [0m [36mchannel[0m=[35mgoogle_broad[0m [36mraw[0m=[35m73[0m
[2m2026-04-04T16:20:00.401499Z[0m [[32m[1minfo     [0m] [1mquality_filter                [0m [36minput[0m=[35m244[0m [36mpassed[0m=[35m1[0m
[2m2026-04-04T16:20:00.401786Z[0m [[32m[1minfo     [0m] [1mdedup                         [0m [36mafter[0m=[35m1[0m [36mbefore[0m=[35m1[0m
[2m2026-04-04T16:20:00.401893Z[0m [[32m[1minfo     [0m] [1mfulltext_selection            [0m [36mcandidates[0m=[35m0[0m [36mfiltered[0m=[35m1[0m [36mmode[0m=[35mhigh-value[0m [36mticker[0m=[35mCOR[0m
[2m2026-04-04T16:20:00.402655Z[0m [[32m[1minfo     [0m] [1mcrawling                      [0m [36mchannel[0m=[35mGoogle->Benzinga[0m [36mtag[0m=[35mgoogle_benzinga[0m
[2m2026-04-04T16:20:02.863972Z[0m [[32m[1minfo     [0m] [1mfetch                         [0m [36mstatus[0m=[35m200[0m [36murl[0m=[35m'https://news.google.com/rss/search?q=AON+site:benzinga.com&hl=en-US&gl=US&ceid=US:en'[0m
[2m2026-04-04T16:20:02.974270Z[0m [[32m[1minfo     [0m] [1mparsed                        [0m [36mchannel[0m=[35mgoogle_benzinga[0m [36mraw[0m=[35m56[0m
[2m2026-04-04T16:20:04.979831Z[0m [[32m[1minfo     [0m] [1mfetch                         [0m [36mstatus[0m=[35m200[0m [36murl[0m=[35m'https://news.google.com/rss/search?q=AON+site:benzinga.com&hl=en-US&gl=US&ceid=US:en'[0m
[2m2026-04-04T16:20:05.022779Z[0m [[32m[1minfo     [0m] [1mparsed                        [0m [36mchannel[0m=[35mgoogle_benzinga[0m [36mraw[0m=[35m56[0m
[2m2026-04-04T16:20:05.023129Z[0m [[32m[1minfo     [0m] [1mcrawling                      [0m [36mchannel[0m=[35m'Google News (all)'[0m [36mtag[0m=[35mgoogle_broad[0m
[2m2026-04-04T16:20:07.577268Z[0m [[32m[1minfo     [0m] [1mfetch                         [0m [36mstatus[0m=[35m200[0m [36murl[0m=[35m'https://news.google.com/rss/search?q=AON+stock+news&hl=en-US&gl=US&ceid=US:en'[0m
[2m2026-04-04T16:20:07.720565Z[0m [[32m[1minfo     [0m] [1mparsed                        [0m [36mchannel[0m=[35mgoogle_broad[0m [36mraw[0m=[35m100[0m
[2m2026-04-04T16:20:10.279864Z[0m [[32m[1minfo     [0m] [1mfetch                         [0m [36mstatus[0m=[35m200[0m [36murl[0m=[35m'https://news.google.com/rss/search?q=AON+earnings+analysis&hl=en-US&gl=US&ceid=US:en'[0m
[2m2026-04-04T16:20:10.314042Z[0m [[32m[1minfo     [0m] [1mparsed                        [0m [36mchannel[0m=[35mgoogle_broad[0m [36mraw[0m=[35m46[0m
[2m2026-04-04T16:20:10.315344Z[0m [[32m[1minfo     [0m] [1mquality_filter                [0m [36minput[0m=[35m258[0m [36mpassed[0m=[35m1[0m
[2m2026-04-04T16:20:10.315648Z[0m [[32m[1minfo     [0m] [1mdedup                         [0m [36mafter[0m=[35m1[0m [36mbefore[0m=[35m1[0m
[2m2026-04-04T16:20:10.315755Z[0m [[32m[1minfo     [0m] [1mfulltext_selection            [0m [36mcandidates[0m=[35m1[0m [36mfiltered[0m=[35m1[0m [36mmode[0m=[35mhigh-value[0m [36mticker[0m=[35mAON[0m
[2m2026-04-04T16:20:12.278553Z[0m [[32m[1minfo     [0m] [1mfetch                         [0m [36mstatus[0m=[35m403[0m [36murl[0m=[35mhttps://www.bitget.com/news/detail/12560605335581[0m
[2m2026-04-04T16:20:12.480898Z[0m [[32m[1minfo     [0m] [1mcrawling                      [0m [36mchannel[0m=[35mGoogle->Benzinga[0m [36mtag[0m=[35mgoogle_benzinga[0m
[2m2026-04-04T16:20:15.231259Z[0m [[32m[1minfo     [0m] [1mfetch                         [0m [36mstatus[0m=[35m200[0m [36murl[0m=[35m'https://news.google.com/rss/search?q=GM+site:benzinga.com&hl=en-US&gl=US&ceid=US:en'[0m
[2m2026-04-04T16:20:15.367453Z[0m [[32m[1minfo     [0m] [1mparsed                        [0m [36mchannel[0m=[35mgoogle_benzinga[0m [36mraw[0m=[35m100[0m
[2m2026-04-04T16:20:17.373179Z[0m [[32m[1minfo     [0m] [1mfetch                         [0m [36mstatus[0m=[35m200[0m [36murl[0m=[35m'https://news.google.com/rss/search?q=GM+site:benzinga.com&hl=en-US&gl=US&ceid=US:en'[0m
[2m2026-04-04T16:20:17.433087Z[0m [[32m[1minfo     [0m] [1mparsed                        [0m [36mchannel[0m=[35mgoogle_benzinga[0m [36mraw[0m=[35m100[0m
[2m2026-04-04T16:20:17.433270Z[0m [[32m[1minfo     [0m] [1mcrawling                      [0m [36mchannel[0m=[35m'Google News (all)'[0m [36mtag[0m=[35mgoogle_broad[0m
[2m2026-04-04T16:20:20.107892Z[0m [[32m[1minfo     [0m] [1mfetch                         [0m [36mstatus[0m=[35m200[0m [36murl[0m=[35m'https://news.google.com/rss/search?q=GM+stock+news&hl=en-US&gl=US&ceid=US:en'[0m
[2m2026-04-04T16:20:20.251185Z[0m [[32m[1minfo     [0m] [1mparsed                        [0m [36mchannel[0m=[35mgoogle_broad[0m [36mraw[0m=[35m100[0m
[2m2026-04-04T16:20:22.982563Z[0m [[32m[1minfo     [0m] [1mfetch                         [0m [36mstatus[0m=[35m200[0m [36murl[0m=[35m'https://news.google.com/rss/search?q=GM+earnings+analysis&hl=en-US&gl=US&ceid=US:en'[0m
[2m2026-04-04T16:20:23.140250Z[0m [[32m[1minfo     [0m] [1mparsed                        [0m [36mchannel[0m=[35mgoogle_broad[0m [36mraw[0m=[35m100[0m
[2m2026-04-04T16:20:23.142096Z[0m [[32m[1minfo     [0m] [1mquality_filter                [0m [36minput[0m=[35m400[0m [36mpassed[0m=[35m1[0m
[2m2026-04-04T16:20:23.142395Z[0m [[32m[1minfo     [0m] [1mdedup                         [0m [36mafter[0m=[35m1[0m [36mbefore[0m=[35m1[0m
[2m2026-04-04T16:20:23.142508Z[0m [[32m[1minfo     [0m] [1mfulltext_selection            [0m [36mcandidates[0m=[35m0[0m [36mfiltered[0m=[35m1[0m [36mmode[0m=[35mhigh-value[0m [36mticker[0m=[35mGM[0m
[2m2026-04-04T16:20:23.143235Z[0m [[32m[1minfo     [0m] [1mcrawling                      [0m [36mchannel[0m=[35mGoogle->Benzinga[0m [36mtag[0m=[35mgoogle_benzinga[0m
[2m2026-04-04T16:20:25.554822Z[0m [[32m[1minfo     [0m] [1mfetch                         [0m [36mstatus[0m=[35m200[0m [36murl[0m=[35m'https://news.google.com/rss/search?q=ELV+site:benzinga.com&hl=en-US&gl=US&ceid=US:en'[0m
[2m2026-04-04T16:20:25.583182Z[0m [[32m[1minfo     [0m] [1mparsed                        [0m [36mchannel[0m=[35mgoogle_benzinga[0m [36mraw[0m=[35m34[0m
[2m2026-04-04T16:20:27.588362Z[0m [[32m[1minfo     [0m] [1mfetch                         [0m [36mstatus[0m=[35m200[0m [36murl[0m=[35m'https://news.google.com/rss/search?q=ELV+site:benzinga.com&hl=en-US&gl=US&ceid=US:en'[0m
[2m2026-04-04T16:20:27.610223Z[0m [[32m[1minfo     [0m] [1mparsed                        [0m [36mchannel[0m=[35mgoogle_benzinga[0m [36mraw[0m=[35m34[0m
[2m2026-04-04T16:20:27.610389Z[0m [[32m[1minfo     [0m] [1mcrawling                      [0m [36mchannel[0m=[35m'Google News (all)'[0m [36mtag[0m=[35mgoogle_broad[0m
[2m2026-04-04T16:20:30.202966Z[0m [[32m[1minfo     [0m] [1mfetch                         [0m [36mstatus[0m=[35m200[0m [36murl[0m=[35m'https://news.google.com/rss/search?q=ELV+stock+news&hl=en-US&gl=US&ceid=US:en'[0m
[2m2026-04-04T16:20:30.354360Z[0m [[32m[1minfo     [0m] [1mparsed                        [0m [36mchannel[0m=[35mgoogle_broad[0m [36mraw[0m=[35m100[0m
[2m2026-04-04T16:20:32.843700Z[0m [[32m[1minfo     [0m] [1mfetch                         [0m [36mstatus[0m=[35m200[0m [36murl[0m=[35m'https://news.google.com/rss/search?q=ELV+earnings+analysis&hl=en-US&gl=US&ceid=US:en'[0m
[2m2026-04-04T16:20:32.903560Z[0m [[32m[1minfo     [0m] [1mparsed                        [0m [36mchannel[0m=[35mgoogle_broad[0m [36mraw[0m=[35m62[0m
[2m2026-04-04T16:20:32.904991Z[0m [[32m[1minfo     [0m] [1mquality_filter                [0m [36minput[0m=[35m230[0m [36mpassed[0m=[35m2[0m
[2m2026-04-04T16:20:32.905395Z[0m [[32m[1minfo     [0m] [1mdedup                         [0m [36mafter[0m=[35m2[0m [36mbefore[0m=[35m2[0m
[2m2026-04-04T16:20:32.905520Z[0m [[32m[1minfo     [0m] [1mfulltext_selection            [0m [36mcandidates[0m=[35m1[0m [36mfiltered[0m=[35m2[0m [36mmode[0m=[35mhigh-value[0m [36mticker[0m=[35mELV[0m
[2m2026-04-04T16:20:34.951396Z[0m [[32m[1minfo     [0m] [1mfetch                         [0m [36mstatus[0m=[35m200[0m [36murl[0m=[35mhttps://www.sharewise.com/us/news_articles/Will_Elevance_Health_ELV_Beat_Estimates_Again_i[0m
[2m2026-04-04T16:20:35.155864Z[0m [[32m[1minfo     [0m] [1mcrawling                      [0m [36mchannel[0m=[35mGoogle->Benzinga[0m [36mtag[0m=[35mgoogle_benzinga[0m
[2m2026-04-04T16:20:38.270918Z[0m [[32m[1minfo     [0m] [1mfetch                         [0m [36mstatus[0m=[35m200[0m [36murl[0m=[35m'https://news.google.com/rss/search?q=WBD+site:benzinga.com&hl=en-US&gl=US&ceid=US:en'[0m
[2m2026-04-04T16:20:38.421996Z[0m [[32m[1minfo     [0m] [1mparsed                        [0m [36mchannel[0m=[35mgoogle_benzinga[0m [36mraw[0m=[35m100[0m
[2m2026-04-04T16:20:40.427483Z[0m [[32m[1minfo     [0m] [1mfetch                         [0m [36mstatus[0m=[35m200[0m [36murl[0m=[35m'https://news.google.com/rss/search?q=WBD+site:benzinga.com&hl=en-US&gl=US&ceid=US:en'[0m
[2m2026-04-04T16:20:40.488414Z[0m [[32m[1minfo     [0m] [1mparsed                        [0m [36mchannel[0m=[35mgoogle_benzinga[0m [36mraw[0m=[35m100[0m
[2m2026-04-04T16:20:40.488602Z[0m [[32m[1minfo     [0m] [1mcrawling                      [0m [36mchannel[0m=[35m'Google News (all)'[0m [36mtag[0m=[35mgoogle_broad[0m
[2m2026-04-04T16:20:43.034696Z[0m [[32m[1minfo     [0m] [1mfetch                         [0m [36mstatus[0m=[35m200[0m [36murl[0m=[35m'https://news.google.com/rss/search?q=WBD+stock+news&hl=en-US&gl=US&ceid=US:en'[0m
[2m2026-04-04T16:20:43.179048Z[0m [[32m[1minfo     [0m] [1mparsed                        [0m [36mchannel[0m=[35mgoogle_broad[0m [36mraw[0m=[35m100[0m
[2m2026-04-04T16:20:45.668070Z[0m [[32m[1minfo     [0m] [1mfetch                         [0m [36mstatus[0m=[35m200[0m [36murl[0m=[35m'https://news.google.com/rss/search?q=WBD+earnings+analysis&hl=en-US&gl=US&ceid=US:en'[0m
[2m2026-04-04T16:20:45.781038Z[0m [[32m[1minfo     [0m] [1mparsed                        [0m [36mchannel[0m=[35mgoogle_broad[0m [36mraw[0m=[35m67[0m
[2m2026-04-04T16:20:45.782143Z[0m [[32m[1minfo     [0m] [1mquality_filter                [0m [36minput[0m=[35m367[0m [36mpassed[0m=[35m0[0m
[2m2026-04-04T16:20:45.782387Z[0m [[32m[1minfo     [0m] [1mdedup                         [0m [36mafter[0m=[35m0[0m [36mbefore[0m=[35m0[0m
[2m2026-04-04T16:20:45.782468Z[0m [[32m[1minfo     [0m] [1mfulltext_selection            [0m [36mcandidates[0m=[35m0[0m [36mfiltered[0m=[35m0[0m [36mmode[0m=[35mhigh-value[0m [36mticker[0m=[35mWBD[0m
[2m2026-04-04T16:20:45.783175Z[0m [[32m[1minfo     [0m] [1mcrawling                      [0m [36mchannel[0m=[35mGoogle->Benzinga[0m [36mtag[0m=[35mgoogle_benzinga[0m
[2m2026-04-04T16:20:48.301390Z[0m [[32m[1minfo     [0m] [1mfetch                         [0m [36mstatus[0m=[35m200[0m [36murl[0m=[35m'https://news.google.com/rss/search?q=TEL+site:benzinga.com&hl=en-US&gl=US&ceid=US:en'[0m
[2m2026-04-04T16:20:48.426638Z[0m [[32m[1minfo     [0m] [1mparsed                        [0m [36mchannel[0m=[35mgoogle_benzinga[0m [36mraw[0m=[35m81[0m
[2m2026-04-04T16:20:50.432257Z[0m [[32m[1minfo     [0m] [1mfetch                         [0m [36mstatus[0m=[35m200[0m [36murl[0m=[35m'https://news.google.com/rss/search?q=TEL+site:benzinga.com&hl=en-US&gl=US&ceid=US:en'[0m
[2m2026-04-04T16:20:50.482940Z[0m [[32m[1minfo     [0m] [1mparsed                        [0m [36mchannel[0m=[35mgoogle_benzinga[0m [36mraw[0m=[35m81[0m
[2m2026-04-04T16:20:50.483109Z[0m [[32m[1minfo     [0m] [1mcrawling                      [0m [36mchannel[0m=[35m'Google News (all)'[0m [36mtag[0m=[35mgoogle_broad[0m
[2m2026-04-04T16:20:52.993023Z[0m [[32m[1minfo     [0m] [1mfetch                         [0m [36mstatus[0m=[35m200[0m [36murl[0m=[35m'https://news.google.com/rss/search?q=TEL+stock+news&hl=en-US&gl=US&ceid=US:en'[0m
[2m2026-04-04T16:20:53.122852Z[0m [[32m[1minfo     [0m] [1mparsed                        [0m [36mchannel[0m=[35mgoogle_broad[0m [36mraw[0m=[35m90[0m
[2m2026-04-04T16:20:55.651397Z[0m [[32m[1minfo     [0m] [1mfetch                         [0m [36mstatus[0m=[35m200[0m [36murl[0m=[35m'https://news.google.com/rss/search?q=TEL+earnings+analysis&hl=en-US&gl=US&ceid=US:en'[0m
[2m2026-04-04T16:20:55.706961Z[0m [[32m[1minfo     [0m] [1mparsed                        [0m [36mchannel[0m=[35mgoogle_broad[0m [36mraw[0m=[35m56[0m
[2m2026-04-04T16:20:55.708790Z[0m [[32m[1minfo     [0m] [1mquality_filter                [0m [36minput[0m=[35m308[0m [36mpassed[0m=[35m4[0m
[2m2026-04-04T16:20:55.709428Z[0m [[32m[1minfo     [0m] [1mdedup                         [0m [36mafter[0m=[35m3[0m [36mbefore[0m=[35m4[0m
[2m2026-04-04T16:20:55.709585Z[0m [[32m[1minfo     [0m] [1mfulltext_selection            [0m [36mcandidates[0m=[35m1[0m [36mfiltered[0m=[35m3[0m [36mmode[0m=[35mhigh-value[0m [36mticker[0m=[35mTEL[0m
[2m2026-04-04T16:20:58.511369Z[0m [[32m[1minfo     [0m] [1mfetch                         [0m [36mstatus[0m=[35m200[0m [36murl[0m=[35mhttps://www.marketbeat.com/instant-alerts/filing-te-connectivity-ltd-tel-stock-holdings-le[0m
[2m2026-04-04T16:20:59.151321Z[0m [[32m[1minfo     [0m] [1mcrawling                      [0m [36mchannel[0m=[35mGoogle->Benzinga[0m [36mtag[0m=[35mgoogle_benzinga[0m
[2m2026-04-04T16:21:01.541759Z[0m [[32m[1minfo     [0m] [1mfetch                         [0m [36mstatus[0m=[35m200[0m [36murl[0m=[35m'https://news.google.com/rss/search?q=TRV+site:benzinga.com&hl=en-US&gl=US&ceid=US:en'[0m
[2m2026-04-04T16:21:01.594475Z[0m [[32m[1minfo     [0m] [1mparsed                        [0m [36mchannel[0m=[35mgoogle_benzinga[0m [36mraw[0m=[35m15[0m
[2m2026-04-04T16:21:03.610432Z[0m [[32m[1minfo     [0m] [1mfetch                         [0m [36mstatus[0m=[35m200[0m [36murl[0m=[35m'https://news.google.com/rss/search?q=TRV+site:benzinga.com&hl=en-US&gl=US&ceid=US:en'[0m
[2m2026-04-04T16:21:03.623638Z[0m [[32m[1minfo     [0m] [1mparsed                        [0m [36mchannel[0m=[35mgoogle_benzinga[0m [36mraw[0m=[35m15[0m
[2m2026-04-04T16:21:03.623795Z[0m [[32m[1minfo     [0m] [1mcrawling                      [0m [36mchannel[0m=[35m'Google News (all)'[0m [36mtag[0m=[35mgoogle_broad[0m
[2m2026-04-04T16:21:06.089646Z[0m [[32m[1minfo     [0m] [1mfetch                         [0m [36mstatus[0m=[35m200[0m [36murl[0m=[35m'https://news.google.com/rss/search?q=TRV+stock+news&hl=en-US&gl=US&ceid=US:en'[0m
[2m2026-04-04T16:21:06.210082Z[0m [[32m[1minfo     [0m] [1mparsed                        [0m [36mchannel[0m=[35mgoogle_broad[0m [36mraw[0m=[35m76[0m
[2m2026-04-04T16:21:08.694187Z[0m [[32m[1minfo     [0m] [1mfetch                         [0m [36mstatus[0m=[35m200[0m [36murl[0m=[35m'https://news.google.com/rss/search?q=TRV+earnings+analysis&hl=en-US&gl=US&ceid=US:en'[0m
[2m2026-04-04T16:21:08.739086Z[0m [[32m[1minfo     [0m] [1mparsed                        [0m [36mchannel[0m=[35mgoogle_broad[0m [36mraw[0m=[35m50[0m
[2m2026-04-04T16:21:08.740367Z[0m [[32m[1minfo     [0m] [1mquality_filter                [0m [36minput[0m=[35m156[0m [36mpassed[0m=[35m2[0m
[2m2026-04-04T16:21:08.740762Z[0m [[32m[1minfo     [0m] [1mdedup                         [0m [36mafter[0m=[35m2[0m [36mbefore[0m=[35m2[0m
[2m2026-04-04T16:21:08.740892Z[0m [[32m[1minfo     [0m] [1mfulltext_selection            [0m [36mcandidates[0m=[35m0[0m [36mfiltered[0m=[35m2[0m [36mmode[0m=[35mhigh-value[0m [36mticker[0m=[35mTRV[0m
[2m2026-04-04T16:21:08.741610Z[0m [[32m[1minfo     [0m] [1mcrawling                      [0m [36mchannel[0m=[35mGoogle->Benzinga[0m [36mtag[0m=[35mgoogle_benzinga[0m
[2m2026-04-04T16:21:11.656768Z[0m [[32m[1minfo     [0m] [1mfetch                         [0m [36mstatus[0m=[35m200[0m [36murl[0m=[35m'https://news.google.com/rss/search?q=ROST+site:benzinga.com&hl=en-US&gl=US&ceid=US:en'[0m
[2m2026-04-04T16:21:11.674650Z[0m [[32m[1minfo     [0m] [1mparsed                        [0m [36mchannel[0m=[35mgoogle_benzinga[0m [36mraw[0m=[35m27[0m
[2m2026-04-04T16:21:13.679427Z[0m [[32m[1minfo     [0m] [1mfetch                         [0m [36mstatus[0m=[35m200[0m [36murl[0m=[35m'https://news.google.com/rss/search?q=ROST+site:benzinga.com&hl=en-US&gl=US&ceid=US:en'[0m
[2m2026-04-04T16:21:13.697373Z[0m [[32m[1minfo     [0m] [1mparsed                        [0m [36mchannel[0m=[35mgoogle_benzinga[0m [36mraw[0m=[35m27[0m
[2m2026-04-04T16:21:13.697530Z[0m [[32m[1minfo     [0m] [1mcrawling                      [0m [36mchannel[0m=[35m'Google News (all)'[0m [36mtag[0m=[35mgoogle_broad[0m
[2m2026-04-04T16:21:16.198308Z[0m [[32m[1minfo     [0m] [1mfetch                         [0m [36mstatus[0m=[35m200[0m [36murl[0m=[35m'https://news.google.com/rss/search?q=ROST+stock+news&hl=en-US&gl=US&ceid=US:en'[0m
[2m2026-04-04T16:21:16.323529Z[0m [[32m[1minfo     [0m] [1mparsed                        [0m [36mchannel[0m=[35mgoogle_broad[0m [36mraw[0m=[35m86[0m
[2m2026-04-04T16:21:18.753454Z[0m [[32m[1minfo     [0m] [1mfetch                         [0m [36mstatus[0m=[35m200[0m [36murl[0m=[35m'https://news.google.com/rss/search?q=ROST+earnings+analysis&hl=en-US&gl=US&ceid=US:en'[0m
[2m2026-04-04T16:21:18.786132Z[0m [[32m[1minfo     [0m] [1mparsed                        [0m [36mchannel[0m=[35mgoogle_broad[0m [36mraw[0m=[35m42[0m
[2m2026-04-04T16:21:18.787693Z[0m [[32m[1minfo     [0m] [1mquality_filter                [0m [36minput[0m=[35m182[0m [36mpassed[0m=[35m3[0m
[2m2026-04-04T16:21:18.788231Z[0m [[32m[1minfo     [0m] [1mdedup                         [0m [36mafter[0m=[35m3[0m [36mbefore[0m=[35m3[0m
[2m2026-04-04T16:21:18.788376Z[0m [[32m[1minfo     [0m] [1mfulltext_selection            [0m [36mcandidates[0m=[35m1[0m [36mfiltered[0m=[35m3[0m [36mmode[0m=[35mhigh-value[0m [36mticker[0m=[35mROST[0m
[2m2026-04-04T16:21:20.840712Z[0m [[32m[1minfo     [0m] [1mfetch                         [0m [36mstatus[0m=[35m200[0m [36murl[0m=[35mhttps://www.msn.com/en-us/money/topstocks/ross-stores-rost-up-3-since-last-earnings-report[0m
[2m2026-04-04T16:21:21.077715Z[0m [[32m[1minfo     [0m] [1mcrawling                      [0m [36mchannel[0m=[35mGoogle->Benzinga[0m [36mtag[0m=[35mgoogle_benzinga[0m
[2m2026-04-04T16:21:23.493087Z[0m [[32m[1minfo     [0m] [1mfetch                         [0m [36mstatus[0m=[35m200[0m [36murl[0m=[35m'https://news.google.com/rss/search?q=SPG+site:benzinga.com&hl=en-US&gl=US&ceid=US:en'[0m
[2m2026-04-04T16:21:23.503810Z[0m [[32m[1minfo     [0m] [1mparsed                        [0m [36mchannel[0m=[35mgoogle_benzinga[0m [36mraw[0m=[35m15[0m
[2m2026-04-04T16:21:25.508804Z[0m [[32m[1minfo     [0m] [1mfetch                         [0m [36mstatus[0m=[35m200[0m [36murl[0m=[35m'https://news.google.com/rss/search?q=SPG+site:benzinga.com&hl=en-US&gl=US&ceid=US:en'[0m
[2m2026-04-04T16:21:25.519496Z[0m [[32m[1minfo     [0m] [1mparsed                        [0m [36mchannel[0m=[35mgoogle_benzinga[0m [36mraw[0m=[35m15[0m
[2m2026-04-04T16:21:25.519652Z[0m [[32m[1minfo     [0m] [1mcrawling                      [0m [36mchannel[0m=[35m'Google News (all)'[0m [36mtag[0m=[35mgoogle_broad[0m
[2m2026-04-04T16:21:28.011583Z[0m [[32m[1minfo     [0m] [1mfetch                         [0m [36mstatus[0m=[35m200[0m [36murl[0m=[35m'https://news.google.com/rss/search?q=SPG+stock+news&hl=en-US&gl=US&ceid=US:en'[0m
[2m2026-04-04T16:21:28.161855Z[0m [[32m[1minfo     [0m] [1mparsed                        [0m [36mchannel[0m=[35mgoogle_broad[0m [36mraw[0m=[35m100[0m
[2m2026-04-04T16:21:30.638783Z[0m [[32m[1minfo     [0m] [1mfetch                         [0m [36mstatus[0m=[35m200[0m [36murl[0m=[35m'https://news.google.com/rss/search?q=SPG+earnings+analysis&hl=en-US&gl=US&ceid=US:en'[0m
[2m2026-04-04T16:21:30.678852Z[0m [[32m[1minfo     [0m] [1mparsed                        [0m [36mchannel[0m=[35mgoogle_broad[0m [36mraw[0m=[35m42[0m
[2m2026-04-04T16:21:30.681035Z[0m [[32m[1minfo     [0m] [1mquality_filter                [0m [36minput[0m=[35m172[0m [36mpassed[0m=[35m8[0m
[2m2026-04-04T16:21:30.682135Z[0m [[32m[1minfo     [0m] [1mdedup                         [0m [36mafter[0m=[35m8[0m [36mbefore[0m=[35m8[0m
[2m2026-04-04T16:21:30.682362Z[0m [[32m[1minfo     [0m] [1mfulltext_selection            [0m [36mcandidates[0m=[35m2[0m [36mfiltered[0m=[35m8[0m [36mmode[0m=[35mhigh-value[0m [36mticker[0m=[35mSPG[0m
[2m2026-04-04T16:21:33.252570Z[0m [[32m[1minfo     [0m] [1mfetch                         [0m [36mstatus[0m=[35m200[0m [36murl[0m=[35mhttps://www.marketbeat.com/instant-alerts/filing-aberdeen-group-plc-trims-stock-position-i[0m
[2m2026-04-04T16:21:33.352186Z[0m [[32m[1minfo     [0m] [1mfetch                         [0m [36mstatus[0m=[35m200[0m [36murl[0m=[35mhttps://www.stocktitan.net/sec-filings/SPG/form-4-simon-property-group-inc-insider-trading[0m
[2m2026-04-04T16:21:33.595346Z[0m [[32m[1minfo     [0m] [1mcrawling                      [0m [36mchannel[0m=[35mGoogle->Benzinga[0m [36mtag[0m=[35mgoogle_benzinga[0m
[2m2026-04-04T16:21:36.017348Z[0m [[32m[1minfo     [0m] [1mfetch                         [0m [36mstatus[0m=[35m200[0m [36murl[0m=[35m'https://news.google.com/rss/search?q=SRE+site:benzinga.com&hl=en-US&gl=US&ceid=US:en'[0m
[2m2026-04-04T16:21:36.031960Z[0m [[32m[1minfo     [0m] [1mparsed                        [0m [36mchannel[0m=[35mgoogle_benzinga[0m [36mraw[0m=[35m18[0m
[2m2026-04-04T16:21:38.037247Z[0m [[32m[1minfo     [0m] [1mfetch                         [0m [36mstatus[0m=[35m200[0m [36murl[0m=[35m'https://news.google.com/rss/search?q=SRE+site:benzinga.com&hl=en-US&gl=US&ceid=US:en'[0m
[2m2026-04-04T16:21:38.049642Z[0m [[32m[1minfo     [0m] [1mparsed                        [0m [36mchannel[0m=[35mgoogle_benzinga[0m [36mraw[0m=[35m18[0m
[2m2026-04-04T16:21:38.049803Z[0m [[32m[1minfo     [0m] [1mcrawling                      [0m [36mchannel[0m=[35m'Google News (all)'[0m [36mtag[0m=[35mgoogle_broad[0m
[2m2026-04-04T16:21:40.542404Z[0m [[32m[1minfo     [0m] [1mfetch                         [0m [36mstatus[0m=[35m200[0m [36murl[0m=[35m'https://news.google.com/rss/search?q=SRE+stock+news&hl=en-US&gl=US&ceid=US:en'[0m
[2m2026-04-04T16:21:40.680988Z[0m [[32m[1minfo     [0m] [1mparsed                        [0m [36mchannel[0m=[35mgoogle_broad[0m [36mraw[0m=[35m91[0m
[2m2026-04-04T16:21:43.073729Z[0m [[32m[1minfo     [0m] [1mfetch                         [0m [36mstatus[0m=[35m200[0m [36murl[0m=[35m'https://news.google.com/rss/search?q=SRE+earnings+analysis&hl=en-US&gl=US&ceid=US:en'[0m
[2m2026-04-04T16:21:43.119892Z[0m [[32m[1minfo     [0m] [1mparsed                        [0m [36mchannel[0m=[35mgoogle_broad[0m [36mraw[0m=[35m53[0m
[2m2026-04-04T16:21:43.122679Z[0m [[32m[1minfo     [0m] [1mquality_filter                [0m [36minput[0m=[35m180[0m [36mpassed[0m=[35m13[0m
[2m2026-04-04T16:21:43.124332Z[0m [[32m[1minfo     [0m] [1mdedup                         [0m [36mafter[0m=[35m8[0m [36mbefore[0m=[35m13[0m
[2m2026-04-04T16:21:43.124589Z[0m [[32m[1minfo     [0m] [1mfulltext_selection            [0m [36mcandidates[0m=[35m0[0m [36mfiltered[0m=[35m8[0m [36mmode[0m=[35mhigh-value[0m [36mticker[0m=[35mSRE[0m
[2m2026-04-04T16:21:43.125436Z[0m [[32m[1minfo     [0m] [1mcrawling                      [0m [36mchannel[0m=[35mGoogle->Benzinga[0m [36mtag[0m=[35mgoogle_benzinga[0m
[2m2026-04-04T16:21:45.577866Z[0m [[32m[1minfo     [0m] [1mfetch                         [0m [36mstatus[0m=[35m200[0m [36murl[0m=[35m'https://news.google.com/rss/search?q=TFC+site:benzinga.com&hl=en-US&gl=US&ceid=US:en'[0m
[2m2026-04-04T16:21:45.592070Z[0m [[32m[1minfo     [0m] [1mparsed                        [0m [36mchannel[0m=[35mgoogle_benzinga[0m [36mraw[0m=[35m21[0m
[2m2026-04-04T16:21:47.597149Z[0m [[32m[1minfo     [0m] [1mfetch                         [0m [36mstatus[0m=[35m200[0m [36murl[0m=[35m'https://news.google.com/rss/search?q=TFC+site:benzinga.com&hl=en-US&gl=US&ceid=US:en'[0m
[2m2026-04-04T16:21:47.611353Z[0m [[32m[1minfo     [0m] [1mparsed                        [0m [36mchannel[0m=[35mgoogle_benzinga[0m [36mraw[0m=[35m21[0m
[2m2026-04-04T16:21:47.611509Z[0m [[32m[1minfo     [0m] [1mcrawling                      [0m [36mchannel[0m=[35m'Google News (all)'[0m [36mtag[0m=[35mgoogle_broad[0m
[2m2026-04-04T16:21:50.102627Z[0m [[32m[1minfo     [0m] [1mfetch                         [0m [36mstatus[0m=[35m200[0m [36murl[0m=[35m'https://news.google.com/rss/search?q=TFC+stock+news&hl=en-US&gl=US&ceid=US:en'[0m
[2m2026-04-04T16:21:50.245259Z[0m [[32m[1minfo     [0m] [1mparsed                        [0m [36mchannel[0m=[35mgoogle_broad[0m [36mraw[0m=[35m100[0m
[2m2026-04-04T16:21:52.613555Z[0m [[32m[1minfo     [0m] [1mfetch                         [0m [36mstatus[0m=[35m200[0m [36murl[0m=[35m'https://news.google.com/rss/search?q=TFC+earnings+analysis&hl=en-US&gl=US&ceid=US:en'[0m
[2m2026-04-04T16:21:52.646433Z[0m [[32m[1minfo     [0m] [1mparsed                        [0m [36mchannel[0m=[35mgoogle_broad[0m [36mraw[0m=[35m42[0m
[2m2026-04-04T16:21:52.647176Z[0m [[32m[1minfo     [0m] [1mquality_filter                [0m [36minput[0m=[35m184[0m [36mpassed[0m=[35m0[0m
[2m2026-04-04T16:21:52.647415Z[0m [[32m[1minfo     [0m] [1mdedup                         [0m [36mafter[0m=[35m0[0m [36mbefore[0m=[35m0[0m
[2m2026-04-04T16:21:52.647508Z[0m [[32m[1minfo     [0m] [1mfulltext_selection            [0m [36mcandidates[0m=[35m0[0m [36mfiltered[0m=[35m0[0m [36mmode[0m=[35mhigh-value[0m [36mticker[0m=[35mTFC[0m
[2m2026-04-04T16:21:52.648352Z[0m [[32m[1minfo     [0m] [1mcrawling                      [0m [36mchannel[0m=[35mGoogle->Benzinga[0m [36mtag[0m=[35mgoogle_benzinga[0m
[2m2026-04-04T16:21:55.082720Z[0m [[32m[1minfo     [0m] [1mfetch                         [0m [36mstatus[0m=[35m200[0m [36murl[0m=[35m'https://news.google.com/rss/search?q=AZO+site:benzinga.com&hl=en-US&gl=US&ceid=US:en'[0m
[2m2026-04-04T16:21:55.096750Z[0m [[32m[1minfo     [0m] [1mparsed                        [0m [36mchannel[0m=[35mgoogle_benzinga[0m [36mraw[0m=[35m20[0m
[2m2026-04-04T16:21:57.101640Z[0m [[32m[1minfo     [0m] [1mfetch                         [0m [36mstatus[0m=[35m200[0m [36murl[0m=[35m'https://news.google.com/rss/search?q=AZO+site:benzinga.com&hl=en-US&gl=US&ceid=US:en'[0m
[2m2026-04-04T16:21:57.115817Z[0m [[32m[1minfo     [0m] [1mparsed                        [0m [36mchannel[0m=[35mgoogle_benzinga[0m [36mraw[0m=[35m20[0m
[2m2026-04-04T16:21:57.115976Z[0m [[32m[1minfo     [0m] [1mcrawling                      [0m [36mchannel[0m=[35m'Google News (all)'[0m [36mtag[0m=[35mgoogle_broad[0m
[2m2026-04-04T16:21:59.742252Z[0m [[32m[1minfo     [0m] [1mfetch                         [0m [36mstatus[0m=[35m200[0m [36murl[0m=[35m'https://news.google.com/rss/search?q=AZO+stock+news&hl=en-US&gl=US&ceid=US:en'[0m
[2m2026-04-04T16:21:59.812571Z[0m [[32m[1minfo     [0m] [1mparsed                        [0m [36mchannel[0m=[35mgoogle_broad[0m [36mraw[0m=[35m72[0m
[2m2026-04-04T16:22:02.297040Z[0m [[32m[1minfo     [0m] [1mfetch                         [0m [36mstatus[0m=[35m200[0m [36murl[0m=[35m'https://news.google.com/rss/search?q=AZO+earnings+analysis&hl=en-US&gl=US&ceid=US:en'[0m
[2m2026-04-04T16:22:02.419961Z[0m [[32m[1minfo     [0m] [1mparsed                        [0m [36mchannel[0m=[35mgoogle_broad[0m [36mraw[0m=[35m50[0m
[2m2026-04-04T16:22:02.423909Z[0m [[32m[1minfo     [0m] [1mquality_filter                [0m [36minput[0m=[35m162[0m [36mpassed[0m=[35m6[0m
[2m2026-04-04T16:22:02.424908Z[0m [[32m[1minfo     [0m] [1mdedup                         [0m [36mafter[0m=[35m6[0m [36mbefore[0m=[35m6[0m
[2m2026-04-04T16:22:02.425714Z[0m [[32m[1minfo     [0m] [1mfulltext_selection            [0m [36mcandidates[0m=[35m2[0m [36mfiltered[0m=[35m6[0m [36mmode[0m=[35mhigh-value[0m [36mticker[0m=[35mAZO[0m
[2m2026-04-04T16:22:05.007171Z[0m [[32m[1minfo     [0m] [1mfetch                         [0m [36mstatus[0m=[35m200[0m [36murl[0m=[35mhttps://www.stocktitan.net/sec-filings/AZO/form-4-autozone-inc-insider-trading-activity-05[0m
[2m2026-04-04T16:22:05.517763Z[0m [[32m[1minfo     [0m] [1mfetch                         [0m [36mstatus[0m=[35m200[0m [36murl[0m=[35mhttps://www.stocktitan.net/sec-filings/AZO/form-4-autozone-inc-insider-trading-activity-b0[0m
[2m2026-04-04T16:22:05.737715Z[0m [[32m[1minfo     [0m] [1mcrawling                      [0m [36mchannel[0m=[35mGoogle->Benzinga[0m [36mtag[0m=[35mgoogle_benzinga[0m
[2m2026-04-04T16:22:08.143739Z[0m [[32m[1minfo     [0m] [1mfetch                         [0m [36mstatus[0m=[35m200[0m [36murl[0m=[35m'https://news.google.com/rss/search?q=O+realty+income+corporation+site:benzinga.com&hl=en-U'[0m
[2m2026-04-04T16:22:08.169840Z[0m [[32m[1minfo     [0m] [1mparsed                        [0m [36mchannel[0m=[35mgoogle_benzinga[0m [36mraw[0m=[35m31[0m
[2m2026-04-04T16:22:10.734420Z[0m [[32m[1minfo     [0m] [1mfetch                         [0m [36mstatus[0m=[35m200[0m [36murl[0m=[35m'https://news.google.com/rss/search?q=realty+income+corporation+site:benzinga.com&hl=en-US&'[0m
[2m2026-04-04T16:22:10.869200Z[0m [[32m[1minfo     [0m] [1mparsed                        [0m [36mchannel[0m=[35mgoogle_benzinga[0m [36mraw[0m=[35m100[0m
[2m2026-04-04T16:22:10.869379Z[0m [[32m[1minfo     [0m] [1mcrawling                      [0m [36mchannel[0m=[35m'Google News (all)'[0m [36mtag[0m=[35mgoogle_broad[0m
[2m2026-04-04T16:22:13.490407Z[0m [[32m[1minfo     [0m] [1mfetch                         [0m [36mstatus[0m=[35m200[0m [36murl[0m=[35m'https://news.google.com/rss/search?q=O+realty+income+corporation+stock+news&hl=en-US&gl=US'[0m
[2m2026-04-04T16:22:13.626048Z[0m [[32m[1minfo     [0m] [1mparsed                        [0m [36mchannel[0m=[35mgoogle_broad[0m [36mraw[0m=[35m100[0m
[2m2026-04-04T16:22:16.114006Z[0m [[32m[1minfo     [0m] [1mfetch                         [0m [36mstatus[0m=[35m200[0m [36murl[0m=[35m'https://news.google.com/rss/search?q=O+realty+income+corporation+earnings+analysis&hl=en-U'[0m
[2m2026-04-04T16:22:16.174126Z[0m [[32m[1minfo     [0m] [1mparsed                        [0m [36mchannel[0m=[35mgoogle_broad[0m [36mraw[0m=[35m66[0m
[2m2026-04-04T16:22:16.176715Z[0m [[32m[1minfo     [0m] [1mquality_filter                [0m [36minput[0m=[35m297[0m [36mpassed[0m=[35m3[0m
[2m2026-04-04T16:22:16.177133Z[0m [[32m[1minfo     [0m] [1mdedup                         [0m [36mafter[0m=[35m3[0m [36mbefore[0m=[35m3[0m
[2m2026-04-04T16:22:16.177279Z[0m [[32m[1minfo     [0m] [1mfulltext_selection            [0m [36mcandidates[0m=[35m0[0m [36mfiltered[0m=[35m3[0m [36mmode[0m=[35mhigh-value[0m [36mticker[0m=[35mO[0m
[2m2026-04-04T16:22:16.177995Z[0m [[32m[1minfo     [0m] [1mcrawling                      [0m [36mchannel[0m=[35mGoogle->Benzinga[0m [36mtag[0m=[35mgoogle_benzinga[0m
[2m2026-04-04T16:22:19.123790Z[0m [[32m[1minfo     [0m] [1mfetch                         [0m [36mstatus[0m=[35m200[0m [36murl[0m=[35m'https://news.google.com/rss/search?q=APD+site:benzinga.com&hl=en-US&gl=US&ceid=US:en'[0m
[2m2026-04-04T16:22:19.136736Z[0m [[32m[1minfo     [0m] [1mparsed                        [0m [36mchannel[0m=[35mgoogle_benzinga[0m [36mraw[0m=[35m19[0m
[2m2026-04-04T16:22:21.141739Z[0m [[32m[1minfo     [0m] [1mfetch                         [0m [36mstatus[0m=[35m200[0m [36murl[0m=[35m'https://news.google.com/rss/search?q=APD+site:benzinga.com&hl=en-US&gl=US&ceid=US:en'[0m
[2m2026-04-04T16:22:21.154603Z[0m [[32m[1minfo     [0m] [1mparsed                        [0m [36mchannel[0m=[35mgoogle_benzinga[0m [36mraw[0m=[35m19[0m
[2m2026-04-04T16:22:21.154760Z[0m [[32m[1minfo     [0m] [1mcrawling                      [0m [36mchannel[0m=[35m'Google News (all)'[0m [36mtag[0m=[35mgoogle_broad[0m
[2m2026-04-04T16:22:23.735183Z[0m [[32m[1minfo     [0m] [1mfetch                         [0m [36mstatus[0m=[35m200[0m [36murl[0m=[35m'https://news.google.com/rss/search?q=APD+stock+news&hl=en-US&gl=US&ceid=US:en'[0m
[2m2026-04-04T16:22:23.838472Z[0m [[32m[1minfo     [0m] [1mparsed                        [0m [36mchannel[0m=[35mgoogle_broad[0m [36mraw[0m=[35m90[0m
[2m2026-04-04T16:22:26.193051Z[0m [[32m[1minfo     [0m] [1mfetch                         [0m [36mstatus[0m=[35m200[0m [36murl[0m=[35m'https://news.google.com/rss/search?q=APD+earnings+analysis&hl=en-US&gl=US&ceid=US:en'[0m
[2m2026-04-04T16:22:26.213529Z[0m [[32m[1minfo     [0m] [1mparsed                        [0m [36mchannel[0m=[35mgoogle_broad[0m [36mraw[0m=[35m32[0m
[2m2026-04-04T16:22:26.214796Z[0m [[32m[1minfo     [0m] [1mquality_filter                [0m [36minput[0m=[35m160[0m [36mpassed[0m=[35m2[0m
[2m2026-04-04T16:22:26.215111Z[0m [[32m[1minfo     [0m] [1mdedup                         [0m [36mafter[0m=[35m2[0m [36mbefore[0m=[35m2[0m
[2m2026-04-04T16:22:26.215242Z[0m [[32m[1minfo     [0m] [1mfulltext_selection            [0m [36mcandidates[0m=[35m1[0m [36mfiltered[0m=[35m2[0m [36mmode[0m=[35mhigh-value[0m [36mticker[0m=[35mAPD[0m
[2m2026-04-04T16:22:29.304127Z[0m [[32m[1minfo     [0m] [1mfetch                         [0m [36mstatus[0m=[35m200[0m [36murl[0m=[35mhttps://intellectia.ai/en/stock/APD/technical[0m
[2m2026-04-04T16:22:29.918296Z[0m [[32m[1minfo     [0m] [1mcrawling                      [0m [36mchannel[0m=[35mGoogle->Benzinga[0m [36mtag[0m=[35mgoogle_benzinga[0m
[2m2026-04-04T16:22:32.913424Z[0m [[32m[1minfo     [0m] [1mfetch                         [0m [36mstatus[0m=[35m200[0m [36murl[0m=[35m'https://news.google.com/rss/search?q=DLR+site:benzinga.com&hl=en-US&gl=US&ceid=US:en'[0m
[2m2026-04-04T16:22:32.933605Z[0m [[32m[1minfo     [0m] [1mparsed                        [0m [36mchannel[0m=[35mgoogle_benzinga[0m [36mraw[0m=[35m31[0m
[2m2026-04-04T16:22:34.938449Z[0m [[32m[1minfo     [0m] [1mfetch                         [0m [36mstatus[0m=[35m200[0m [36murl[0m=[35m'https://news.google.com/rss/search?q=DLR+site:benzinga.com&hl=en-US&gl=US&ceid=US:en'[0m
[2m2026-04-04T16:22:34.958437Z[0m [[32m[1minfo     [0m] [1mparsed                        [0m [36mchannel[0m=[35mgoogle_benzinga[0m [36mraw[0m=[35m31[0m
[2m2026-04-04T16:22:34.958595Z[0m [[32m[1minfo     [0m] [1mcrawling                      [0m [36mchannel[0m=[35m'Google News (all)'[0m [36mtag[0m=[35mgoogle_broad[0m
[2m2026-04-04T16:22:37.373725Z[0m [[32m[1minfo     [0m] [1mfetch                         [0m [36mstatus[0m=[35m200[0m [36murl[0m=[35m'https://news.google.com/rss/search?q=DLR+stock+news&hl=en-US&gl=US&ceid=US:en'[0m
[2m2026-04-04T16:22:37.410994Z[0m [[32m[1minfo     [0m] [1mparsed                        [0m [36mchannel[0m=[35mgoogle_broad[0m [36mraw[0m=[35m50[0m
[2m2026-04-04T16:22:39.839346Z[0m [[32m[1minfo     [0m] [1mfetch                         [0m [36mstatus[0m=[35m200[0m [36murl[0m=[35m'https://news.google.com/rss/search?q=DLR+earnings+analysis&hl=en-US&gl=US&ceid=US:en'[0m
[2m2026-04-04T16:22:39.883609Z[0m [[32m[1minfo     [0m] [1mparsed                        [0m [36mchannel[0m=[35mgoogle_broad[0m [36mraw[0m=[35m50[0m
[2m2026-04-04T16:22:39.884705Z[0m [[32m[1minfo     [0m] [1mquality_filter                [0m [36minput[0m=[35m162[0m [36mpassed[0m=[35m1[0m
[2m2026-04-04T16:22:39.884998Z[0m [[32m[1minfo     [0m] [1mdedup                         [0m [36mafter[0m=[35m1[0m [36mbefore[0m=[35m1[0m
[2m2026-04-04T16:22:39.885100Z[0m [[32m[1minfo     [0m] [1mfulltext_selection            [0m [36mcandidates[0m=[35m0[0m [36mfiltered[0m=[35m1[0m [36mmode[0m=[35mhigh-value[0m [36mticker[0m=[35mDLR[0m
[2m2026-04-04T16:22:39.885805Z[0m [[32m[1minfo     [0m] [1mcrawling                      [0m [36mchannel[0m=[35mGoogle->Benzinga[0m [36mtag[0m=[35mgoogle_benzinga[0m
[2m2026-04-04T16:22:42.291016Z[0m [[32m[1minfo     [0m] [1mfetch                         [0m [36mstatus[0m=[35m200[0m [36murl[0m=[35m'https://news.google.com/rss/search?q=AJG+site:benzinga.com&hl=en-US&gl=US&ceid=US:en'[0m
[2m2026-04-04T16:22:42.305339Z[0m [[32m[1minfo     [0m] [1mparsed                        [0m [36mchannel[0m=[35mgoogle_benzinga[0m [36mraw[0m=[35m21[0m
[2m2026-04-04T16:22:44.310281Z[0m [[32m[1minfo     [0m] [1mfetch                         [0m [36mstatus[0m=[35m200[0m [36murl[0m=[35m'https://news.google.com/rss/search?q=AJG+site:benzinga.com&hl=en-US&gl=US&ceid=US:en'[0m
[2m2026-04-04T16:22:44.324758Z[0m [[32m[1minfo     [0m] [1mparsed                        [0m [36mchannel[0m=[35mgoogle_benzinga[0m [36mraw[0m=[35m21[0m
[2m2026-04-04T16:22:44.324920Z[0m [[32m[1minfo     [0m] [1mcrawling                      [0m [36mchannel[0m=[35m'Google News (all)'[0m [36mtag[0m=[35mgoogle_broad[0m
[2m2026-04-04T16:22:46.861490Z[0m [[32m[1minfo     [0m] [1mfetch                         [0m [36mstatus[0m=[35m200[0m [36murl[0m=[35m'https://news.google.com/rss/search?q=AJG+stock+news&hl=en-US&gl=US&ceid=US:en'[0m
[2m2026-04-04T16:22:47.012903Z[0m [[32m[1minfo     [0m] [1mparsed                        [0m [36mchannel[0m=[35mgoogle_broad[0m [36mraw[0m=[35m100[0m
[2m2026-04-04T16:22:49.560974Z[0m [[32m[1minfo     [0m] [1mfetch                         [0m [36mstatus[0m=[35m200[0m [36murl[0m=[35m'https://news.google.com/rss/search?q=AJG+earnings+analysis&hl=en-US&gl=US&ceid=US:en'[0m
[2m2026-04-04T16:22:49.616990Z[0m [[32m[1minfo     [0m] [1mparsed                        [0m [36mchannel[0m=[35mgoogle_broad[0m [36mraw[0m=[35m58[0m
[2m2026-04-04T16:22:49.618957Z[0m [[32m[1minfo     [0m] [1mquality_filter                [0m [36minput[0m=[35m200[0m [36mpassed[0m=[35m7[0m
[2m2026-04-04T16:22:49.619904Z[0m [[32m[1minfo     [0m] [1mdedup                         [0m [36mafter[0m=[35m7[0m [36mbefore[0m=[35m7[0m
[2m2026-04-04T16:22:49.620109Z[0m [[32m[1minfo     [0m] [1mfulltext_selection            [0m [36mcandidates[0m=[35m2[0m [36mfiltered[0m=[35m7[0m [36mmode[0m=[35mhigh-value[0m [36mticker[0m=[35mAJG[0m
[2m2026-04-04T16:22:52.685400Z[0m [[32m[1minfo     [0m] [1mfetch                         [0m [36mstatus[0m=[35m200[0m [36murl[0m=[35mhttps://intellectia.ai/en/stock/AJG/earnings[0m
[2m2026-04-04T16:22:52.871804Z[0m [[32m[1minfo     [0m] [1mfetch                         [0m [36mstatus[0m=[35m200[0m [36murl[0m=[35mhttps://www.stocktitan.net/sec-filings/AJG/form-4-arthur-j-gallagher-co-insider-trading-ac[0m
[2m2026-04-04T16:22:53.301374Z[0m [[32m[1minfo     [0m] [1mcrawling                      [0m [36mchannel[0m=[35mGoogle->Benzinga[0m [36mtag[0m=[35mgoogle_benzinga[0m
[2m2026-04-04T16:22:55.759674Z[0m [[32m[1minfo     [0m] [1mfetch                         [0m [36mstatus[0m=[35m200[0m [36murl[0m=[35m'https://news.google.com/rss/search?q=AFL+site:benzinga.com&hl=en-US&gl=US&ceid=US:en'[0m
[2m2026-04-04T16:22:55.775185Z[0m [[32m[1minfo     [0m] [1mparsed                        [0m [36mchannel[0m=[35mgoogle_benzinga[0m [36mraw[0m=[35m23[0m
[2m2026-04-04T16:22:57.779983Z[0m [[32m[1minfo     [0m] [1mfetch                         [0m [36mstatus[0m=[35m200[0m [36murl[0m=[35m'https://news.google.com/rss/search?q=AFL+site:benzinga.com&hl=en-US&gl=US&ceid=US:en'[0m
[2m2026-04-04T16:22:57.795481Z[0m [[32m[1minfo     [0m] [1mparsed                        [0m [36mchannel[0m=[35mgoogle_benzinga[0m [36mraw[0m=[35m23[0m
[2m2026-04-04T16:22:57.795640Z[0m [[32m[1minfo     [0m] [1mcrawling                      [0m [36mchannel[0m=[35m'Google News (all)'[0m [36mtag[0m=[35mgoogle_broad[0m
[2m2026-04-04T16:23:00.293798Z[0m [[32m[1minfo     [0m] [1mfetch                         [0m [36mstatus[0m=[35m200[0m [36murl[0m=[35m'https://news.google.com/rss/search?q=AFL+stock+news&hl=en-US&gl=US&ceid=US:en'[0m
[2m2026-04-04T16:23:00.379282Z[0m [[32m[1minfo     [0m] [1mparsed                        [0m [36mchannel[0m=[35mgoogle_broad[0m [36mraw[0m=[35m67[0m
[2m2026-04-04T16:23:02.898743Z[0m [[32m[1minfo     [0m] [1mfetch                         [0m [36mstatus[0m=[35m200[0m [36murl[0m=[35m'https://news.google.com/rss/search?q=AFL+earnings+analysis&hl=en-US&gl=US&ceid=US:en'[0m
[2m2026-04-04T16:23:02.961298Z[0m [[32m[1minfo     [0m] [1mparsed                        [0m [36mchannel[0m=[35mgoogle_broad[0m [36mraw[0m=[35m66[0m
[2m2026-04-04T16:23:02.963017Z[0m [[32m[1minfo     [0m] [1mquality_filter                [0m [36minput[0m=[35m179[0m [36mpassed[0m=[35m4[0m
[2m2026-04-04T16:23:02.963642Z[0m [[32m[1minfo     [0m] [1mdedup                         [0m [36mafter[0m=[35m4[0m [36mbefore[0m=[35m4[0m
[2m2026-04-04T16:23:02.963804Z[0m [[32m[1minfo     [0m] [1mfulltext_selection            [0m [36mcandidates[0m=[35m0[0m [36mfiltered[0m=[35m4[0m [36mmode[0m=[35mhigh-value[0m [36mticker[0m=[35mAFL[0m
[2m2026-04-04T16:23:02.964660Z[0m [[32m[1minfo     [0m] [1mcrawling                      [0m [36mchannel[0m=[35mGoogle->Benzinga[0m [36mtag[0m=[35mgoogle_benzinga[0m
[2m2026-04-04T16:23:05.613053Z[0m [[32m[1minfo     [0m] [1mfetch                         [0m [36mstatus[0m=[35m200[0m [36murl[0m=[35m'https://news.google.com/rss/search?q=F+ford+motor+company+site:benzinga.com&hl=en-US&gl=US'[0m
[2m2026-04-04T16:23:05.756641Z[0m [[32m[1minfo     [0m] [1mparsed                        [0m [36mchannel[0m=[35mgoogle_benzinga[0m [36mraw[0m=[35m100[0m
[2m2026-04-04T16:23:08.284412Z[0m [[32m[1minfo     [0m] [1mfetch                         [0m [36mstatus[0m=[35m200[0m [36murl[0m=[35m'https://news.google.com/rss/search?q=ford+motor+company+site:benzinga.com&hl=en-US&gl=US&c'[0m
[2m2026-04-04T16:23:08.427360Z[0m [[32m[1minfo     [0m] [1mparsed                        [0m [36mchannel[0m=[35mgoogle_benzinga[0m [36mraw[0m=[35m100[0m
[2m2026-04-04T16:23:08.427535Z[0m [[32m[1minfo     [0m] [1mcrawling                      [0m [36mchannel[0m=[35m'Google News (all)'[0m [36mtag[0m=[35mgoogle_broad[0m
[2m2026-04-04T16:23:11.001954Z[0m [[32m[1minfo     [0m] [1mfetch                         [0m [36mstatus[0m=[35m200[0m [36murl[0m=[35m'https://news.google.com/rss/search?q=F+ford+motor+company+stock+news&hl=en-US&gl=US&ceid=U'[0m
[2m2026-04-04T16:23:11.144811Z[0m [[32m[1minfo     [0m] [1mparsed                        [0m [36mchannel[0m=[35mgoogle_broad[0m [36mraw[0m=[35m100[0m
[2m2026-04-04T16:23:13.755061Z[0m [[32m[1minfo     [0m] [1mfetch                         [0m [36mstatus[0m=[35m200[0m [36murl[0m=[35m'https://news.google.com/rss/search?q=F+ford+motor+company+earnings+analysis&hl=en-US&gl=US'[0m
[2m2026-04-04T16:23:13.899012Z[0m [[32m[1minfo     [0m] [1mparsed                        [0m [36mchannel[0m=[35mgoogle_broad[0m [36mraw[0m=[35m99[0m
[2m2026-04-04T16:23:13.902150Z[0m [[32m[1minfo     [0m] [1mquality_filter                [0m [36minput[0m=[35m399[0m [36mpassed[0m=[35m7[0m
[2m2026-04-04T16:23:13.903085Z[0m [[32m[1minfo     [0m] [1mdedup                         [0m [36mafter[0m=[35m6[0m [36mbefore[0m=[35m7[0m
[2m2026-04-04T16:23:13.903288Z[0m [[32m[1minfo     [0m] [1mfulltext_selection            [0m [36mcandidates[0m=[35m3[0m [36mfiltered[0m=[35m6[0m [36mmode[0m=[35mhigh-value[0m [36mticker[0m=[35mF[0m
[2m2026-04-04T16:23:17.064993Z[0m [[32m[1minfo     [0m] [1mfetch                         [0m [36mstatus[0m=[35m200[0m [36murl[0m=[35mhttps://www.theglobeandmail.com/investing/markets/stocks/F/pressreleases/1136413/ford-moto[0m
[2m2026-04-04T16:23:17.278432Z[0m [[32m[1minfo     [0m] [1mfetch                         [0m [36mstatus[0m=[35m200[0m [36murl[0m=[35mhttps://www.theglobeandmail.com/investing/markets/stocks/F/pressreleases/1132430/ford-face[0m
[2m2026-04-04T16:23:17.735626Z[0m [[32m[1minfo     [0m] [1mcrawling                      [0m [36mchannel[0m=[35mGoogle->Benzinga[0m [36mtag[0m=[35mgoogle_benzinga[0m
[2m2026-04-04T16:23:20.191834Z[0m [[32m[1minfo     [0m] [1mfetch                         [0m [36mstatus[0m=[35m200[0m [36murl[0m=[35m'https://news.google.com/rss/search?q=ALL+allstate+corporation+site:benzinga.com&hl=en-US&g'[0m
[2m2026-04-04T16:23:20.251777Z[0m [[32m[1minfo     [0m] [1mparsed                        [0m [36mchannel[0m=[35mgoogle_benzinga[0m [36mraw[0m=[35m57[0m
[2m2026-04-04T16:23:22.696415Z[0m [[32m[1minfo     [0m] [1mfetch                         [0m [36mstatus[0m=[35m200[0m [36murl[0m=[35m'https://news.google.com/rss/search?q=allstate+corporation+site:benzinga.com&hl=en-US&gl=US'[0m
[2m2026-04-04T16:23:22.749669Z[0m [[32m[1minfo     [0m] [1mparsed                        [0m [36mchannel[0m=[35mgoogle_benzinga[0m [36mraw[0m=[35m58[0m
[2m2026-04-04T16:23:22.749837Z[0m [[32m[1minfo     [0m] [1mcrawling                      [0m [36mchannel[0m=[35m'Google News (all)'[0m [36mtag[0m=[35mgoogle_broad[0m
[2m2026-04-04T16:23:25.299298Z[0m [[32m[1minfo     [0m] [1mfetch                         [0m [36mstatus[0m=[35m200[0m [36murl[0m=[35m'https://news.google.com/rss/search?q=ALL+allstate+corporation+stock+news&hl=en-US&gl=US&ce'[0m
[2m2026-04-04T16:23:25.429185Z[0m [[32m[1minfo     [0m] [1mparsed                        [0m [36mchannel[0m=[35mgoogle_broad[0m [36mraw[0m=[35m88[0m
[2m2026-04-04T16:23:27.966010Z[0m [[32m[1minfo     [0m] [1mfetch                         [0m [36mstatus[0m=[35m200[0m [36murl[0m=[35m'https://news.google.com/rss/search?q=ALL+allstate+corporation+earnings+analysis&hl=en-US&g'[0m
[2m2026-04-04T16:23:28.015131Z[0m [[32m[1minfo     [0m] [1mparsed                        [0m [36mchannel[0m=[35mgoogle_broad[0m [36mraw[0m=[35m57[0m
[2m2026-04-04T16:23:28.018268Z[0m [[32m[1minfo     [0m] [1mquality_filter                [0m [36minput[0m=[35m260[0m [36mpassed[0m=[35m6[0m
[2m2026-04-04T16:23:28.019138Z[0m [[32m[1minfo     [0m] [1mdedup                         [0m [36mafter[0m=[35m6[0m [36mbefore[0m=[35m6[0m
[2m2026-04-04T16:23:28.019338Z[0m [[32m[1minfo     [0m] [1mfulltext_selection            [0m [36mcandidates[0m=[35m2[0m [36mfiltered[0m=[35m6[0m [36mmode[0m=[35mhigh-value[0m [36mticker[0m=[35mALL[0m
[2m2026-04-04T16:23:30.118623Z[0m [[32m[1minfo     [0m] [1mfetch                         [0m [36mstatus[0m=[35m200[0m [36murl[0m=[35mhttps://www.defenseworld.net/2026/04/04/the-allstate-corporation-nyseall-given-average-rat[0m
[2m2026-04-04T16:23:30.162602Z[0m [[32m[1minfo     [0m] [1mfetch                         [0m [36mstatus[0m=[35m200[0m [36murl[0m=[35mhttps://www.marketbeat.com/instant-alerts/filing-the-allstate-corporation-all-shares-purch[0m
[2m2026-04-04T16:23:30.388920Z[0m [[32m[1minfo     [0m] [1mcrawling                      [0m [36mchannel[0m=[35mGoogle->Benzinga[0m [36mtag[0m=[35mgoogle_benzinga[0m
[2m2026-04-04T16:23:32.778126Z[0m [[32m[1minfo     [0m] [1mfetch                         [0m [36mstatus[0m=[35m200[0m [36murl[0m=[35m'https://news.google.com/rss/search?q=ZTS+site:benzinga.com&hl=en-US&gl=US&ceid=US:en'[0m
[2m2026-04-04T16:23:32.787223Z[0m [[32m[1minfo     [0m] [1mparsed                        [0m [36mchannel[0m=[35mgoogle_benzinga[0m [36mraw[0m=[35m7[0m
[2m2026-04-04T16:23:34.792345Z[0m [[32m[1minfo     [0m] [1mfetch                         [0m [36mstatus[0m=[35m200[0m [36murl[0m=[35m'https://news.google.com/rss/search?q=ZTS+site:benzinga.com&hl=en-US&gl=US&ceid=US:en'[0m
[2m2026-04-04T16:23:34.798467Z[0m [[32m[1minfo     [0m] [1mparsed                        [0m [36mchannel[0m=[35mgoogle_benzinga[0m [36mraw[0m=[35m7[0m
[2m2026-04-04T16:23:34.798625Z[0m [[32m[1minfo     [0m] [1mcrawling                      [0m [36mchannel[0m=[35m'Google News (all)'[0m [36mtag[0m=[35mgoogle_broad[0m
[2m2026-04-04T16:23:37.287812Z[0m [[32m[1minfo     [0m] [1mfetch                         [0m [36mstatus[0m=[35m200[0m [36murl[0m=[35m'https://news.google.com/rss/search?q=ZTS+stock+news&hl=en-US&gl=US&ceid=US:en'[0m
[2m2026-04-04T16:23:37.436432Z[0m [[32m[1minfo     [0m] [1mparsed                        [0m [36mchannel[0m=[35mgoogle_broad[0m [36mraw[0m=[35m100[0m
[2m2026-04-04T16:23:39.828130Z[0m [[32m[1minfo     [0m] [1mfetch                         [0m [36mstatus[0m=[35m200[0m [36murl[0m=[35m'https://news.google.com/rss/search?q=ZTS+earnings+analysis&hl=en-US&gl=US&ceid=US:en'[0m
[2m2026-04-04T16:23:39.848374Z[0m [[32m[1minfo     [0m] [1mparsed                        [0m [36mchannel[0m=[35mgoogle_broad[0m [36mraw[0m=[35m31[0m
[2m2026-04-04T16:23:39.849917Z[0m [[32m[1minfo     [0m] [1mquality_filter                [0m [36minput[0m=[35m145[0m [36mpassed[0m=[35m4[0m
[2m2026-04-04T16:23:39.850481Z[0m [[32m[1minfo     [0m] [1mdedup                         [0m [36mafter[0m=[35m3[0m [36mbefore[0m=[35m4[0m
[2m2026-04-04T16:23:39.850628Z[0m [[32m[1minfo     [0m] [1mfulltext_selection            [0m [36mcandidates[0m=[35m1[0m [36mfiltered[0m=[35m3[0m [36mmode[0m=[35mhigh-value[0m [36mticker[0m=[35mZTS[0m
[2m2026-04-04T16:23:42.397349Z[0m [[32m[1minfo     [0m] [1mfetch                         [0m [36mstatus[0m=[35m200[0m [36murl[0m=[35mhttps://www.marketbeat.com/instant-alerts/filing-nilsine-partners-llc-decreases-stock-posi[0m
[2m2026-04-04T16:23:42.610910Z[0m [[32m[1minfo     [0m] [1mcrawling                      [0m [36mchannel[0m=[35mGoogle->Benzinga[0m [36mtag[0m=[35mgoogle_benzinga[0m
[2m2026-04-04T16:23:45.543818Z[0m [[32m[1minfo     [0m] [1mfetch                         [0m [36mstatus[0m=[35m200[0m [36murl[0m=[35m'https://news.google.com/rss/search?q=AME+site:benzinga.com&hl=en-US&gl=US&ceid=US:en'[0m
[2m2026-04-04T16:23:45.601694Z[0m [[32m[1minfo     [0m] [1mparsed                        [0m [36mchannel[0m=[35mgoogle_benzinga[0m [36mraw[0m=[35m61[0m
[2m2026-04-04T16:23:47.606656Z[0m [[32m[1minfo     [0m] [1mfetch                         [0m [36mstatus[0m=[35m200[0m [36murl[0m=[35m'https://news.google.com/rss/search?q=AME+site:benzinga.com&hl=en-US&gl=US&ceid=US:en'[0m
[2m2026-04-04T16:23:47.643411Z[0m [[32m[1minfo     [0m] [1mparsed                        [0m [36mchannel[0m=[35mgoogle_benzinga[0m [36mraw[0m=[35m61[0m
[2m2026-04-04T16:23:47.643572Z[0m [[32m[1minfo     [0m] [1mcrawling                      [0m [36mchannel[0m=[35m'Google News (all)'[0m [36mtag[0m=[35mgoogle_broad[0m
[2m2026-04-04T16:23:50.089612Z[0m [[32m[1minfo     [0m] [1mfetch                         [0m [36mstatus[0m=[35m200[0m [36murl[0m=[35m'https://news.google.com/rss/search?q=AME+stock+news&hl=en-US&gl=US&ceid=US:en'[0m
[2m2026-04-04T16:23:50.149301Z[0m [[32m[1minfo     [0m] [1mparsed                        [0m [36mchannel[0m=[35mgoogle_broad[0m [36mraw[0m=[35m64[0m
[2m2026-04-04T16:23:52.580324Z[0m [[32m[1minfo     [0m] [1mfetch                         [0m [36mstatus[0m=[35m200[0m [36murl[0m=[35m'https://news.google.com/rss/search?q=AME+earnings+analysis&hl=en-US&gl=US&ceid=US:en'[0m
[2m2026-04-04T16:23:52.638704Z[0m [[32m[1minfo     [0m] [1mparsed                        [0m [36mchannel[0m=[35mgoogle_broad[0m [36mraw[0m=[35m63[0m
[2m2026-04-04T16:23:52.640373Z[0m [[32m[1minfo     [0m] [1mquality_filter                [0m [36minput[0m=[35m249[0m [36mpassed[0m=[35m3[0m
[2m2026-04-04T16:23:52.640823Z[0m [[32m[1minfo     [0m] [1mdedup                         [0m [36mafter[0m=[35m2[0m [36mbefore[0m=[35m3[0m
[2m2026-04-04T16:23:52.640961Z[0m [[32m[1minfo     [0m] [1mfulltext_selection            [0m [36mcandidates[0m=[35m0[0m [36mfiltered[0m=[35m2[0m [36mmode[0m=[35mhigh-value[0m [36mticker[0m=[35mAME[0m
[2m2026-04-04T16:23:52.641696Z[0m [[32m[1minfo     [0m] [1mcrawling                      [0m [36mchannel[0m=[35mGoogle->Benzinga[0m [36mtag[0m=[35mgoogle_benzinga[0m
[2m2026-04-04T16:23:55.018964Z[0m [[32m[1minfo     [0m] [1mfetch                         [0m [36mstatus[0m=[35m200[0m [36murl[0m=[35m'https://news.google.com/rss/search?q=GWW+site:benzinga.com&hl=en-US&gl=US&ceid=US:en'[0m
[2m2026-04-04T16:23:55.028253Z[0m [[32m[1minfo     [0m] [1mparsed                        [0m [36mchannel[0m=[35mgoogle_benzinga[0m [36mraw[0m=[35m12[0m
[2m2026-04-04T16:23:57.033344Z[0m [[32m[1minfo     [0m] [1mfetch                         [0m [36mstatus[0m=[35m200[0m [36murl[0m=[35m'https://news.google.com/rss/search?q=GWW+site:benzinga.com&hl=en-US&gl=US&ceid=US:en'[0m
[2m2026-04-04T16:23:57.042198Z[0m [[32m[1minfo     [0m] [1mparsed                        [0m [36mchannel[0m=[35mgoogle_benzinga[0m [36mraw[0m=[35m12[0m
[2m2026-04-04T16:23:57.042405Z[0m [[32m[1minfo     [0m] [1mcrawling                      [0m [36mchannel[0m=[35m'Google News (all)'[0m [36mtag[0m=[35mgoogle_broad[0m
[2m2026-04-04T16:23:59.530771Z[0m [[32m[1minfo     [0m] [1mfetch                         [0m [36mstatus[0m=[35m200[0m [36murl[0m=[35m'https://news.google.com/rss/search?q=GWW+stock+news&hl=en-US&gl=US&ceid=US:en'[0m
[2m2026-04-04T16:23:59.651509Z[0m [[32m[1minfo     [0m] [1mparsed                        [0m [36mchannel[0m=[35mgoogle_broad[0m [36mraw[0m=[35m79[0m
[2m2026-04-04T16:24:02.055597Z[0m [[32m[1minfo     [0m] [1mfetch                         [0m [36mstatus[0m=[35m200[0m [36murl[0m=[35m'https://news.google.com/rss/search?q=GWW+earnings+analysis&hl=en-US&gl=US&ceid=US:en'[0m
[2m2026-04-04T16:24:02.178050Z[0m [[32m[1minfo     [0m] [1mparsed                        [0m [36mchannel[0m=[35mgoogle_broad[0m [36mraw[0m=[35m42[0m
[2m2026-04-04T16:24:02.198198Z[0m [[32m[1minfo     [0m] [1mquality_filter                [0m [36minput[0m=[35m145[0m [36mpassed[0m=[35m11[0m
[2m2026-04-04T16:24:02.203833Z[0m [[32m[1minfo     [0m] [1mdedup                         [0m [36mafter[0m=[35m10[0m [36mbefore[0m=[35m11[0m
[2m2026-04-04T16:24:02.204166Z[0m [[32m[1minfo     [0m] [1mfulltext_selection            [0m [36mcandidates[0m=[35m3[0m [36mfiltered[0m=[35m10[0m [36mmode[0m=[35mhigh-value[0m [36mticker[0m=[35mGWW[0m
[2m2026-04-04T16:24:04.339995Z[0m [[32m[1minfo     [0m] [1mfetch                         [0m [36mstatus[0m=[35m200[0m [36murl[0m=[35mhttps://www.marketbeat.com/instant-alerts/ww-grainger-nysegww-cfo-sells-165804864-in-stock[0m
[2m2026-04-04T16:24:04.896438Z[0m [[32m[1minfo     [0m] [1mfetch                         [0m [36mstatus[0m=[35m200[0m [36murl[0m=[35mhttps://www.stocktitan.net/sec-filings/GWW/form-4-w-w-grainger-inc-insider-trading-activit[0m
[2m2026-04-04T16:24:05.327346Z[0m [[32m[1minfo     [0m] [1mfetch                         [0m [36mstatus[0m=[35m200[0m [36murl[0m=[35mhttps://www.stocktitan.net/sec-filings/GWW/form-4-w-w-grainger-inc-insider-trading-activit[0m
[2m2026-04-04T16:24:05.553071Z[0m [[32m[1minfo     [0m] [1mcrawling                      [0m [36mchannel[0m=[35mGoogle->Benzinga[0m [36mtag[0m=[35mgoogle_benzinga[0m
[2m2026-04-04T16:24:07.955042Z[0m [[32m[1minfo     [0m] [1mfetch                         [0m [36mstatus[0m=[35m200[0m [36murl[0m=[35m'https://news.google.com/rss/search?q=CAH+site:benzinga.com&hl=en-US&gl=US&ceid=US:en'[0m
[2m2026-04-04T16:24:07.973671Z[0m [[32m[1minfo     [0m] [1mparsed                        [0m [36mchannel[0m=[35mgoogle_benzinga[0m [36mraw[0m=[35m28[0m
[2m2026-04-04T16:24:09.978741Z[0m [[32m[1minfo     [0m] [1mfetch                         [0m [36mstatus[0m=[35m200[0m [36murl[0m=[35m'https://news.google.com/rss/search?q=CAH+site:benzinga.com&hl=en-US&gl=US&ceid=US:en'[0m
[2m2026-04-04T16:24:09.997018Z[0m [[32m[1minfo     [0m] [1mparsed                        [0m [36mchannel[0m=[35mgoogle_benzinga[0m [36mraw[0m=[35m28[0m
[2m2026-04-04T16:24:09.997175Z[0m [[32m[1minfo     [0m] [1mcrawling                      [0m [36mchannel[0m=[35m'Google News (all)'[0m [36mtag[0m=[35mgoogle_broad[0m
[2m2026-04-04T16:24:12.533379Z[0m [[32m[1minfo     [0m] [1mfetch                         [0m [36mstatus[0m=[35m200[0m [36murl[0m=[35m'https://news.google.com/rss/search?q=CAH+stock+news&hl=en-US&gl=US&ceid=US:en'[0m
[2m2026-04-04T16:24:12.684414Z[0m [[32m[1minfo     [0m] [1mparsed                        [0m [36mchannel[0m=[35mgoogle_broad[0m [36mraw[0m=[35m100[0m
[2m2026-04-04T16:24:15.146676Z[0m [[32m[1minfo     [0m] [1mfetch                         [0m [36mstatus[0m=[35m200[0m [36murl[0m=[35m'https://news.google.com/rss/search?q=CAH+earnings+analysis&hl=en-US&gl=US&ceid=US:en'[0m
[2m2026-04-04T16:24:15.199967Z[0m [[32m[1minfo     [0m] [1mparsed                        [0m [36mchannel[0m=[35mgoogle_broad[0m [36mraw[0m=[35m52[0m
[2m2026-04-04T16:24:15.200782Z[0m [[32m[1minfo     [0m] [1mquality_filter                [0m [36minput[0m=[35m208[0m [36mpassed[0m=[35m0[0m
[2m2026-04-04T16:24:15.200907Z[0m [[32m[1minfo     [0m] [1mdedup                         [0m [36mafter[0m=[35m0[0m [36mbefore[0m=[35m0[0m
[2m2026-04-04T16:24:15.200979Z[0m [[32m[1minfo     [0m] [1mfulltext_selection            [0m [36mcandidates[0m=[35m0[0m [36mfiltered[0m=[35m0[0m [36mmode[0m=[35mhigh-value[0m [36mticker[0m=[35mCAH[0m
[2m2026-04-04T16:24:15.201845Z[0m [[32m[1minfo     [0m] [1mcrawling                      [0m [36mchannel[0m=[35mGoogle->Benzinga[0m [36mtag[0m=[35mgoogle_benzinga[0m
[2m2026-04-04T16:24:17.692097Z[0m [[32m[1minfo     [0m] [1mfetch                         [0m [36mstatus[0m=[35m200[0m [36murl[0m=[35m'https://news.google.com/rss/search?q=PSA+site:benzinga.com&hl=en-US&gl=US&ceid=US:en'[0m
[2m2026-04-04T16:24:17.803066Z[0m [[32m[1minfo     [0m] [1mparsed                        [0m [36mchannel[0m=[35mgoogle_benzinga[0m [36mraw[0m=[35m57[0m
[2m2026-04-04T16:24:19.808176Z[0m [[32m[1minfo     [0m] [1mfetch                         [0m [36mstatus[0m=[35m200[0m [36murl[0m=[35m'https://news.google.com/rss/search?q=PSA+site:benzinga.com&hl=en-US&gl=US&ceid=US:en'[0m
[2m2026-04-04T16:24:19.843740Z[0m [[32m[1minfo     [0m] [1mparsed                        [0m [36mchannel[0m=[35mgoogle_benzinga[0m [36mraw[0m=[35m57[0m
[2m2026-04-04T16:24:19.843900Z[0m [[32m[1minfo     [0m] [1mcrawling                      [0m [36mchannel[0m=[35m'Google News (all)'[0m [36mtag[0m=[35mgoogle_broad[0m
[2m2026-04-04T16:24:22.346413Z[0m [[32m[1minfo     [0m] [1mfetch                         [0m [36mstatus[0m=[35m200[0m [36murl[0m=[35m'https://news.google.com/rss/search?q=PSA+stock+news&hl=en-US&gl=US&ceid=US:en'[0m
[2m2026-04-04T16:24:22.402927Z[0m [[32m[1minfo     [0m] [1mparsed                        [0m [36mchannel[0m=[35mgoogle_broad[0m [36mraw[0m=[35m59[0m
[2m2026-04-04T16:24:24.965509Z[0m [[32m[1minfo     [0m] [1mfetch                         [0m [36mstatus[0m=[35m200[0m [36murl[0m=[35m'https://news.google.com/rss/search?q=PSA+earnings+analysis&hl=en-US&gl=US&ceid=US:en'[0m
[2m2026-04-04T16:24:25.022889Z[0m [[32m[1minfo     [0m] [1mparsed                        [0m [36mchannel[0m=[35mgoogle_broad[0m [36mraw[0m=[35m60[0m
[2m2026-04-04T16:24:25.024475Z[0m [[32m[1minfo     [0m] [1mquality_filter                [0m [36minput[0m=[35m233[0m [36mpassed[0m=[35m3[0m
[2m2026-04-04T16:24:25.024984Z[0m [[32m[1minfo     [0m] [1mdedup                         [0m [36mafter[0m=[35m3[0m [36mbefore[0m=[35m3[0m
[2m2026-04-04T16:24:25.025123Z[0m [[32m[1minfo     [0m] [1mfulltext_selection            [0m [36mcandidates[0m=[35m0[0m [36mfiltered[0m=[35m3[0m [36mmode[0m=[35mhigh-value[0m [36mticker[0m=[35mPSA[0m
[2m2026-04-04T16:24:25.025876Z[0m [[32m[1minfo     [0m] [1mcrawling                      [0m [36mchannel[0m=[35mGoogle->Benzinga[0m [36mtag[0m=[35mgoogle_benzinga[0m
[2m2026-04-04T16:24:27.947307Z[0m [[32m[1minfo     [0m] [1mfetch                         [0m [36mstatus[0m=[35m200[0m [36murl[0m=[35m'https://news.google.com/rss/search?q=CTVA+site:benzinga.com&hl=en-US&gl=US&ceid=US:en'[0m
[2m2026-04-04T16:24:27.962313Z[0m [[32m[1minfo     [0m] [1mparsed                        [0m [36mchannel[0m=[35mgoogle_benzinga[0m [36mraw[0m=[35m23[0m
[2m2026-04-04T16:24:29.967401Z[0m [[32m[1minfo     [0m] [1mfetch                         [0m [36mstatus[0m=[35m200[0m [36murl[0m=[35m'https://news.google.com/rss/search?q=CTVA+site:benzinga.com&hl=en-US&gl=US&ceid=US:en'[0m
[2m2026-04-04T16:24:29.982491Z[0m [[32m[1minfo     [0m] [1mparsed                        [0m [36mchannel[0m=[35mgoogle_benzinga[0m [36mraw[0m=[35m23[0m
[2m2026-04-04T16:24:29.982647Z[0m [[32m[1minfo     [0m] [1mcrawling                      [0m [36mchannel[0m=[35m'Google News (all)'[0m [36mtag[0m=[35mgoogle_broad[0m
[2m2026-04-04T16:24:32.481759Z[0m [[32m[1minfo     [0m] [1mfetch                         [0m [36mstatus[0m=[35m200[0m [36murl[0m=[35m'https://news.google.com/rss/search?q=CTVA+stock+news&hl=en-US&gl=US&ceid=US:en'[0m
[2m2026-04-04T16:24:32.621531Z[0m [[32m[1minfo     [0m] [1mparsed                        [0m [36mchannel[0m=[35mgoogle_broad[0m [36mraw[0m=[35m94[0m
[2m2026-04-04T16:24:35.006069Z[0m [[32m[1minfo     [0m] [1mfetch                         [0m [36mstatus[0m=[35m200[0m [36murl[0m=[35m'https://news.google.com/rss/search?q=CTVA+earnings+analysis&hl=en-US&gl=US&ceid=US:en'[0m
[2m2026-04-04T16:24:35.048202Z[0m [[32m[1minfo     [0m] [1mparsed                        [0m [36mchannel[0m=[35mgoogle_broad[0m [36mraw[0m=[35m46[0m
[2m2026-04-04T16:24:35.049805Z[0m [[32m[1minfo     [0m] [1mquality_filter                [0m [36minput[0m=[35m186[0m [36mpassed[0m=[35m3[0m
[2m2026-04-04T16:24:35.050268Z[0m [[32m[1minfo     [0m] [1mdedup                         [0m [36mafter[0m=[35m3[0m [36mbefore[0m=[35m3[0m
[2m2026-04-04T16:24:35.050400Z[0m [[32m[1minfo     [0m] [1mfulltext_selection            [0m [36mcandidates[0m=[35m1[0m [36mfiltered[0m=[35m3[0m [36mmode[0m=[35mhigh-value[0m [36mticker[0m=[35mCTVA[0m
[2m2026-04-04T16:24:37.916052Z[0m [[32m[1minfo     [0m] [1mfetch                         [0m [36mstatus[0m=[35m200[0m [36murl[0m=[35mhttps://intellectia.ai/en/stock/CTVA/financials[0m
[2m2026-04-04T16:24:38.526254Z[0m [[32m[1minfo     [0m] [1mcrawling                      [0m [36mchannel[0m=[35mGoogle->Benzinga[0m [36mtag[0m=[35mgoogle_benzinga[0m
[2m2026-04-04T16:24:41.463446Z[0m [[32m[1minfo     [0m] [1mfetch                         [0m [36mstatus[0m=[35m200[0m [36murl[0m=[35m'https://news.google.com/rss/search?q=CARR+site:benzinga.com&hl=en-US&gl=US&ceid=US:en'[0m
[2m2026-04-04T16:24:41.495075Z[0m [[32m[1minfo     [0m] [1mparsed                        [0m [36mchannel[0m=[35mgoogle_benzinga[0m [36mraw[0m=[35m40[0m
[2m2026-04-04T16:24:43.501184Z[0m [[32m[1minfo     [0m] [1mfetch                         [0m [36mstatus[0m=[35m200[0m [36murl[0m=[35m'https://news.google.com/rss/search?q=CARR+site:benzinga.com&hl=en-US&gl=US&ceid=US:en'[0m
[2m2026-04-04T16:24:43.526325Z[0m [[32m[1minfo     [0m] [1mparsed                        [0m [36mchannel[0m=[35mgoogle_benzinga[0m [36mraw[0m=[35m40[0m
[2m2026-04-04T16:24:43.526487Z[0m [[32m[1minfo     [0m] [1mcrawling                      [0m [36mchannel[0m=[35m'Google News (all)'[0m [36mtag[0m=[35mgoogle_broad[0m
[2m2026-04-04T16:24:45.992308Z[0m [[32m[1minfo     [0m] [1mfetch                         [0m [36mstatus[0m=[35m200[0m [36murl[0m=[35m'https://news.google.com/rss/search?q=CARR+stock+news&hl=en-US&gl=US&ceid=US:en'[0m
[2m2026-04-04T16:24:46.115877Z[0m [[32m[1minfo     [0m] [1mparsed                        [0m [36mchannel[0m=[35mgoogle_broad[0m [36mraw[0m=[35m84[0m
[2m2026-04-04T16:24:48.689733Z[0m [[32m[1minfo     [0m] [1mfetch                         [0m [36mstatus[0m=[35m200[0m [36murl[0m=[35m'https://news.google.com/rss/search?q=CARR+earnings+analysis&hl=en-US&gl=US&ceid=US:en'[0m
[2m2026-04-04T16:24:48.748791Z[0m [[32m[1minfo     [0m] [1mparsed                        [0m [36mchannel[0m=[35mgoogle_broad[0m [36mraw[0m=[35m63[0m
[2m2026-04-04T16:24:48.749791Z[0m [[32m[1minfo     [0m] [1mquality_filter                [0m [36minput[0m=[35m227[0m [36mpassed[0m=[35m0[0m
[2m2026-04-04T16:24:48.749918Z[0m [[32m[1minfo     [0m] [1mdedup                         [0m [36mafter[0m=[35m0[0m [36mbefore[0m=[35m0[0m
[2m2026-04-04T16:24:48.750053Z[0m [[32m[1minfo     [0m] [1mfulltext_selection            [0m [36mcandidates[0m=[35m0[0m [36mfiltered[0m=[35m0[0m [36mmode[0m=[35mhigh-value[0m [36mticker[0m=[35mCARR[0m
[2m2026-04-04T16:24:48.750771Z[0m [[32m[1minfo     [0m] [1mcrawling                      [0m [36mchannel[0m=[35mGoogle->Benzinga[0m [36mtag[0m=[35mgoogle_benzinga[0m
[2m2026-04-04T16:24:51.759699Z[0m [[32m[1minfo     [0m] [1mfetch                         [0m [36mstatus[0m=[35m200[0m [36murl[0m=[35m'https://news.google.com/rss/search?q=KEYS+site:benzinga.com&hl=en-US&gl=US&ceid=US:en'[0m
[2m2026-04-04T16:24:51.896925Z[0m [[32m[1minfo     [0m] [1mparsed                        [0m [36mchannel[0m=[35mgoogle_benzinga[0m [36mraw[0m=[35m100[0m
[2m2026-04-04T16:24:53.902312Z[0m [[32m[1minfo     [0m] [1mfetch                         [0m [36mstatus[0m=[35m200[0m [36murl[0m=[35m'https://news.google.com/rss/search?q=KEYS+site:benzinga.com&hl=en-US&gl=US&ceid=US:en'[0m
[2m2026-04-04T16:24:53.962374Z[0m [[32m[1minfo     [0m] [1mparsed                        [0m [36mchannel[0m=[35mgoogle_benzinga[0m [36mraw[0m=[35m100[0m
[2m2026-04-04T16:24:53.962546Z[0m [[32m[1minfo     [0m] [1mcrawling                      [0m [36mchannel[0m=[35m'Google News (all)'[0m [36mtag[0m=[35mgoogle_broad[0m
[2m2026-04-04T16:24:56.525774Z[0m [[32m[1minfo     [0m] [1mfetch                         [0m [36mstatus[0m=[35m200[0m [36murl[0m=[35m'https://news.google.com/rss/search?q=KEYS+stock+news&hl=en-US&gl=US&ceid=US:en'[0m
[2m2026-04-04T16:24:56.665063Z[0m [[32m[1minfo     [0m] [1mparsed                        [0m [36mchannel[0m=[35mgoogle_broad[0m [36mraw[0m=[35m94[0m
[2m2026-04-04T16:24:59.112348Z[0m [[32m[1minfo     [0m] [1mfetch                         [0m [36mstatus[0m=[35m200[0m [36murl[0m=[35m'https://news.google.com/rss/search?q=KEYS+earnings+analysis&hl=en-US&gl=US&ceid=US:en'[0m
[2m2026-04-04T16:24:59.176778Z[0m [[32m[1minfo     [0m] [1mparsed                        [0m [36mchannel[0m=[35mgoogle_broad[0m [36mraw[0m=[35m71[0m
[2m2026-04-04T16:24:59.178236Z[0m [[32m[1minfo     [0m] [1mquality_filter                [0m [36minput[0m=[35m365[0m [36mpassed[0m=[35m2[0m
[2m2026-04-04T16:24:59.178532Z[0m [[32m[1minfo     [0m] [1mdedup                         [0m [36mafter[0m=[35m1[0m [36mbefore[0m=[35m2[0m
[2m2026-04-04T16:24:59.178623Z[0m [[32m[1minfo     [0m] [1mfulltext_selection            [0m [36mcandidates[0m=[35m1[0m [36mfiltered[0m=[35m1[0m [36mmode[0m=[35mhigh-value[0m [36mticker[0m=[35mKEYS[0m
[2m2026-04-04T16:25:02.070484Z[0m [[32m[1minfo     [0m] [1mfetch                         [0m [36mstatus[0m=[35m200[0m [36murl[0m=[35mhttps://intellectia.ai/en/stock/KEYS/news[0m
[2m2026-04-04T16:25:02.707632Z[0m [[32m[1minfo     [0m] [1mcrawling                      [0m [36mchannel[0m=[35mGoogle->Benzinga[0m [36mtag[0m=[35mgoogle_benzinga[0m
[2m2026-04-04T16:25:05.145798Z[0m [[32m[1minfo     [0m] [1mfetch                         [0m [36mstatus[0m=[35m200[0m [36murl[0m=[35m'https://news.google.com/rss/search?q=ADSK+site:benzinga.com&hl=en-US&gl=US&ceid=US:en'[0m
[2m2026-04-04T16:25:05.202107Z[0m [[32m[1minfo     [0m] [1mparsed                        [0m [36mchannel[0m=[35mgoogle_benzinga[0m [36mraw[0m=[35m57[0m
[2m2026-04-04T16:25:07.207154Z[0m [[32m[1minfo     [0m] [1mfetch                         [0m [36mstatus[0m=[35m200[0m [36murl[0m=[35m'https://news.google.com/rss/search?q=ADSK+site:benzinga.com&hl=en-US&gl=US&ceid=US:en'[0m
[2m2026-04-04T16:25:07.242786Z[0m [[32m[1minfo     [0m] [1mparsed                        [0m [36mchannel[0m=[35mgoogle_benzinga[0m [36mraw[0m=[35m57[0m
[2m2026-04-04T16:25:07.242947Z[0m [[32m[1minfo     [0m] [1mcrawling                      [0m [36mchannel[0m=[35m'Google News (all)'[0m [36mtag[0m=[35mgoogle_broad[0m
[2m2026-04-04T16:25:09.708327Z[0m [[32m[1minfo     [0m] [1mfetch                         [0m [36mstatus[0m=[35m200[0m [36murl[0m=[35m'https://news.google.com/rss/search?q=ADSK+stock+news&hl=en-US&gl=US&ceid=US:en'[0m
[2m2026-04-04T16:25:09.852028Z[0m [[32m[1minfo     [0m] [1mparsed                        [0m [36mchannel[0m=[35mgoogle_broad[0m [36mraw[0m=[35m100[0m
[2m2026-04-04T16:25:12.310806Z[0m [[32m[1minfo     [0m] [1mfetch                         [0m [36mstatus[0m=[35m200[0m [36murl[0m=[35m'https://news.google.com/rss/search?q=ADSK+earnings+analysis&hl=en-US&gl=US&ceid=US:en'[0m
[2m2026-04-04T16:25:12.354840Z[0m [[32m[1minfo     [0m] [1mparsed                        [0m [36mchannel[0m=[35mgoogle_broad[0m [36mraw[0m=[35m47[0m
[2m2026-04-04T16:25:12.355708Z[0m [[32m[1minfo     [0m] [1mquality_filter                [0m [36minput[0m=[35m261[0m [36mpassed[0m=[35m0[0m
[2m2026-04-04T16:25:12.355908Z[0m [[32m[1minfo     [0m] [1mdedup                         [0m [36mafter[0m=[35m0[0m [36mbefore[0m=[35m0[0m
[2m2026-04-04T16:25:12.355992Z[0m [[32m[1minfo     [0m] [1mfulltext_selection            [0m [36mcandidates[0m=[35m0[0m [36mfiltered[0m=[35m0[0m [36mmode[0m=[35mhigh-value[0m [36mticker[0m=[35mADSK[0m
[2m2026-04-04T16:25:12.356778Z[0m [[32m[1minfo     [0m] [1mcrawling                      [0m [36mchannel[0m=[35mGoogle->Benzinga[0m [36mtag[0m=[35mgoogle_benzinga[0m
[2m2026-04-04T16:25:15.420161Z[0m [[32m[1minfo     [0m] [1mfetch                         [0m [36mstatus[0m=[35m200[0m [36murl[0m=[35m'https://news.google.com/rss/search?q=TGT+site:benzinga.com&hl=en-US&gl=US&ceid=US:en'[0m
[2m2026-04-04T16:25:15.570513Z[0m [[32m[1minfo     [0m] [1mparsed                        [0m [36mchannel[0m=[35mgoogle_benzinga[0m [36mraw[0m=[35m100[0m
[2m2026-04-04T16:25:17.575692Z[0m [[32m[1minfo     [0m] [1mfetch                         [0m [36mstatus[0m=[35m200[0m [36murl[0m=[35m'https://news.google.com/rss/search?q=TGT+site:benzinga.com&hl=en-US&gl=US&ceid=US:en'[0m
[2m2026-04-04T16:25:17.636795Z[0m [[32m[1minfo     [0m] [1mparsed                        [0m [36mchannel[0m=[35mgoogle_benzinga[0m [36mraw[0m=[35m100[0m
[2m2026-04-04T16:25:17.636957Z[0m [[32m[1minfo     [0m] [1mcrawling                      [0m [36mchannel[0m=[35m'Google News (all)'[0m [36mtag[0m=[35mgoogle_broad[0m
[2m2026-04-04T16:25:20.172654Z[0m [[32m[1minfo     [0m] [1mfetch                         [0m [36mstatus[0m=[35m200[0m [36murl[0m=[35m'https://news.google.com/rss/search?q=TGT+stock+news&hl=en-US&gl=US&ceid=US:en'[0m
[2m2026-04-04T16:25:20.308704Z[0m [[32m[1minfo     [0m] [1mparsed                        [0m [36mchannel[0m=[35mgoogle_broad[0m [36mraw[0m=[35m100[0m
[2m2026-04-04T16:25:22.878251Z[0m [[32m[1minfo     [0m] [1mfetch                         [0m [36mstatus[0m=[35m200[0m [36murl[0m=[35m'https://news.google.com/rss/search?q=TGT+earnings+analysis&hl=en-US&gl=US&ceid=US:en'[0m
[2m2026-04-04T16:25:23.029293Z[0m [[32m[1minfo     [0m] [1mparsed                        [0m [36mchannel[0m=[35mgoogle_broad[0m [36mraw[0m=[35m100[0m
[2m2026-04-04T16:25:23.030962Z[0m [[32m[1minfo     [0m] [1mquality_filter                [0m [36minput[0m=[35m400[0m [36mpassed[0m=[35m3[0m
[2m2026-04-04T16:25:23.031450Z[0m [[32m[1minfo     [0m] [1mdedup                         [0m [36mafter[0m=[35m3[0m [36mbefore[0m=[35m3[0m
[2m2026-04-04T16:25:23.031587Z[0m [[32m[1minfo     [0m] [1mfulltext_selection            [0m [36mcandidates[0m=[35m1[0m [36mfiltered[0m=[35m3[0m [36mmode[0m=[35mhigh-value[0m [36mticker[0m=[35mTGT[0m
[2m2026-04-04T16:25:25.340031Z[0m [[32m[1minfo     [0m] [1mfetch                         [0m [36mstatus[0m=[35m200[0m [36murl[0m=[35mhttps://seekingalpha.com/article/4888149-target-strategic-no-mans-land-rating-downgrade[0m
[2m2026-04-04T16:25:25.553406Z[0m [[32m[1minfo     [0m] [1mcrawling                      [0m [36mchannel[0m=[35mGoogle->Benzinga[0m [36mtag[0m=[35mgoogle_benzinga[0m
[2m2026-04-04T16:25:28.441040Z[0m [[32m[1minfo     [0m] [1mfetch                         [0m [36mstatus[0m=[35m200[0m [36murl[0m=[35m'https://news.google.com/rss/search?q=BDX+site:benzinga.com&hl=en-US&gl=US&ceid=US:en'[0m
[2m2026-04-04T16:25:28.458294Z[0m [[32m[1minfo     [0m] [1mparsed                        [0m [36mchannel[0m=[35mgoogle_benzinga[0m [36mraw[0m=[35m26[0m
[2m2026-04-04T16:25:30.463586Z[0m [[32m[1minfo     [0m] [1mfetch                         [0m [36mstatus[0m=[35m200[0m [36murl[0m=[35m'https://news.google.com/rss/search?q=BDX+site:benzinga.com&hl=en-US&gl=US&ceid=US:en'[0m
[2m2026-04-04T16:25:30.481034Z[0m [[32m[1minfo     [0m] [1mparsed                        [0m [36mchannel[0m=[35mgoogle_benzinga[0m [36mraw[0m=[35m26[0m
[2m2026-04-04T16:25:30.481190Z[0m [[32m[1minfo     [0m] [1mcrawling                      [0m [36mchannel[0m=[35m'Google News (all)'[0m [36mtag[0m=[35mgoogle_broad[0m
[2m2026-04-04T16:25:32.988855Z[0m [[32m[1minfo     [0m] [1mfetch                         [0m [36mstatus[0m=[35m200[0m [36murl[0m=[35m'https://news.google.com/rss/search?q=BDX+stock+news&hl=en-US&gl=US&ceid=US:en'[0m
[2m2026-04-04T16:25:33.132018Z[0m [[32m[1minfo     [0m] [1mparsed                        [0m [36mchannel[0m=[35mgoogle_broad[0m [36mraw[0m=[35m100[0m
[2m2026-04-04T16:25:35.617140Z[0m [[32m[1minfo     [0m] [1mfetch                         [0m [36mstatus[0m=[35m200[0m [36murl[0m=[35m'https://news.google.com/rss/search?q=BDX+earnings+analysis&hl=en-US&gl=US&ceid=US:en'[0m
[2m2026-04-04T16:25:35.661284Z[0m [[32m[1minfo     [0m] [1mparsed                        [0m [36mchannel[0m=[35mgoogle_broad[0m [36mraw[0m=[35m50[0m
[2m2026-04-04T16:25:35.662049Z[0m [[32m[1minfo     [0m] [1mquality_filter                [0m [36minput[0m=[35m202[0m [36mpassed[0m=[35m0[0m
[2m2026-04-04T16:25:35.662167Z[0m [[32m[1minfo     [0m] [1mdedup                         [0m [36mafter[0m=[35m0[0m [36mbefore[0m=[35m0[0m
[2m2026-04-04T16:25:35.662298Z[0m [[32m[1minfo     [0m] [1mfulltext_selection            [0m [36mcandidates[0m=[35m0[0m [36mfiltered[0m=[35m0[0m [36mmode[0m=[35mhigh-value[0m [36mticker[0m=[35mBDX[0m
[2m2026-04-04T16:25:35.663085Z[0m [[32m[1minfo     [0m] [1mcrawling                      [0m [36mchannel[0m=[35mGoogle->Benzinga[0m [36mtag[0m=[35mgoogle_benzinga[0m
[2m2026-04-04T16:25:38.327698Z[0m [[32m[1minfo     [0m] [1mfetch                         [0m [36mstatus[0m=[35m200[0m [36murl[0m=[35m'https://news.google.com/rss/search?q=EA+site:benzinga.com&hl=en-US&gl=US&ceid=US:en'[0m
[2m2026-04-04T16:25:38.407646Z[0m [[32m[1minfo     [0m] [1mparsed                        [0m [36mchannel[0m=[35mgoogle_benzinga[0m [36mraw[0m=[35m100[0m
[2m2026-04-04T16:25:40.413404Z[0m [[32m[1minfo     [0m] [1mfetch                         [0m [36mstatus[0m=[35m200[0m [36murl[0m=[35m'https://news.google.com/rss/search?q=EA+site:benzinga.com&hl=en-US&gl=US&ceid=US:en'[0m
[2m2026-04-04T16:25:40.473520Z[0m [[32m[1minfo     [0m] [1mparsed                        [0m [36mchannel[0m=[35mgoogle_benzinga[0m [36mraw[0m=[35m100[0m
[2m2026-04-04T16:25:40.473686Z[0m [[32m[1minfo     [0m] [1mcrawling                      [0m [36mchannel[0m=[35m'Google News (all)'[0m [36mtag[0m=[35mgoogle_broad[0m
[2m2026-04-04T16:25:43.095277Z[0m [[32m[1minfo     [0m] [1mfetch                         [0m [36mstatus[0m=[35m200[0m [36murl[0m=[35m'https://news.google.com/rss/search?q=EA+stock+news&hl=en-US&gl=US&ceid=US:en'[0m
[2m2026-04-04T16:25:43.245402Z[0m [[32m[1minfo     [0m] [1mparsed                        [0m [36mchannel[0m=[35mgoogle_broad[0m [36mraw[0m=[35m100[0m
[2m2026-04-04T16:25:45.742845Z[0m [[32m[1minfo     [0m] [1mfetch                         [0m [36mstatus[0m=[35m200[0m [36murl[0m=[35m'https://news.google.com/rss/search?q=EA+earnings+analysis&hl=en-US&gl=US&ceid=US:en'[0m
[2m2026-04-04T16:25:45.799942Z[0m [[32m[1minfo     [0m] [1mparsed                        [0m [36mchannel[0m=[35mgoogle_broad[0m [36mraw[0m=[35m67[0m
[2m2026-04-04T16:25:45.800936Z[0m [[32m[1minfo     [0m] [1mquality_filter                [0m [36minput[0m=[35m367[0m [36mpassed[0m=[35m0[0m
[2m2026-04-04T16:25:45.801063Z[0m [[32m[1minfo     [0m] [1mdedup                         [0m [36mafter[0m=[35m0[0m [36mbefore[0m=[35m0[0m
[2m2026-04-04T16:25:45.801197Z[0m [[32m[1minfo     [0m] [1mfulltext_selection            [0m [36mcandidates[0m=[35m0[0m [36mfiltered[0m=[35m0[0m [36mmode[0m=[35mhigh-value[0m [36mticker[0m=[35mEA[0m
[2m2026-04-04T16:25:45.801991Z[0m [[32m[1minfo     [0m] [1mcrawling                      [0m [36mchannel[0m=[35mGoogle->Benzinga[0m [36mtag[0m=[35mgoogle_benzinga[0m
[2m2026-04-04T16:25:48.744148Z[0m [[32m[1minfo     [0m] [1mfetch                         [0m [36mstatus[0m=[35m200[0m [36murl[0m=[35m'https://news.google.com/rss/search?q=EW+site:benzinga.com&hl=en-US&gl=US&ceid=US:en'[0m
[2m2026-04-04T16:25:48.875714Z[0m [[32m[1minfo     [0m] [1mparsed                        [0m [36mchannel[0m=[35mgoogle_benzinga[0m [36mraw[0m=[35m86[0m
[2m2026-04-04T16:25:50.881157Z[0m [[32m[1minfo     [0m] [1mfetch                         [0m [36mstatus[0m=[35m200[0m [36murl[0m=[35m'https://news.google.com/rss/search?q=EW+site:benzinga.com&hl=en-US&gl=US&ceid=US:en'[0m
[2m2026-04-04T16:25:50.935323Z[0m [[32m[1minfo     [0m] [1mparsed                        [0m [36mchannel[0m=[35mgoogle_benzinga[0m [36mraw[0m=[35m86[0m
[2m2026-04-04T16:25:50.935494Z[0m [[32m[1minfo     [0m] [1mcrawling                      [0m [36mchannel[0m=[35m'Google News (all)'[0m [36mtag[0m=[35mgoogle_broad[0m
[2m2026-04-04T16:25:53.444789Z[0m [[32m[1minfo     [0m] [1mfetch                         [0m [36mstatus[0m=[35m200[0m [36murl[0m=[35m'https://news.google.com/rss/search?q=EW+stock+news&hl=en-US&gl=US&ceid=US:en'[0m
[2m2026-04-04T16:25:53.507982Z[0m [[32m[1minfo     [0m] [1mparsed                        [0m [36mchannel[0m=[35mgoogle_broad[0m [36mraw[0m=[35m70[0m
[2m2026-04-04T16:25:55.982378Z[0m [[32m[1minfo     [0m] [1mfetch                         [0m [36mstatus[0m=[35m200[0m [36murl[0m=[35m'https://news.google.com/rss/search?q=EW+earnings+analysis&hl=en-US&gl=US&ceid=US:en'[0m
[2m2026-04-04T16:25:56.096149Z[0m [[32m[1minfo     [0m] [1mparsed                        [0m [36mchannel[0m=[35mgoogle_broad[0m [36mraw[0m=[35m67[0m
[2m2026-04-04T16:25:56.098021Z[0m [[32m[1minfo     [0m] [1mquality_filter                [0m [36minput[0m=[35m309[0m [36mpassed[0m=[35m1[0m
[2m2026-04-04T16:25:56.098288Z[0m [[32m[1minfo     [0m] [1mdedup                         [0m [36mafter[0m=[35m1[0m [36mbefore[0m=[35m1[0m
[2m2026-04-04T16:25:56.098404Z[0m [[32m[1minfo     [0m] [1mfulltext_selection            [0m [36mcandidates[0m=[35m0[0m [36mfiltered[0m=[35m1[0m [36mmode[0m=[35mhigh-value[0m [36mticker[0m=[35mEW[0m
[2m2026-04-04T16:25:56.099103Z[0m [[32m[1minfo     [0m] [1mcrawling                      [0m [36mchannel[0m=[35mGoogle->Benzinga[0m [36mtag[0m=[35mgoogle_benzinga[0m
[2m2026-04-04T16:25:59.036735Z[0m [[32m[1minfo     [0m] [1mfetch                         [0m [36mstatus[0m=[35m200[0m [36murl[0m=[35m'https://news.google.com/rss/search?q=CIEN+site:benzinga.com&hl=en-US&gl=US&ceid=US:en'[0m
[2m2026-04-04T16:25:59.078704Z[0m [[32m[1minfo     [0m] [1mparsed                        [0m [36mchannel[0m=[35mgoogle_benzinga[0m [36mraw[0m=[35m46[0m
[2m2026-04-04T16:26:01.083955Z[0m [[32m[1minfo     [0m] [1mfetch                         [0m [36mstatus[0m=[35m200[0m [36murl[0m=[35m'https://news.google.com/rss/search?q=CIEN+site:benzinga.com&hl=en-US&gl=US&ceid=US:en'[0m
[2m2026-04-04T16:26:01.113229Z[0m [[32m[1minfo     [0m] [1mparsed                        [0m [36mchannel[0m=[35mgoogle_benzinga[0m [36mraw[0m=[35m46[0m
[2m2026-04-04T16:26:01.113390Z[0m [[32m[1minfo     [0m] [1mcrawling                      [0m [36mchannel[0m=[35m'Google News (all)'[0m [36mtag[0m=[35mgoogle_broad[0m
[2m2026-04-04T16:26:03.605463Z[0m [[32m[1minfo     [0m] [1mfetch                         [0m [36mstatus[0m=[35m200[0m [36murl[0m=[35m'https://news.google.com/rss/search?q=CIEN+stock+news&hl=en-US&gl=US&ceid=US:en'[0m
[2m2026-04-04T16:26:03.766453Z[0m [[32m[1minfo     [0m] [1mparsed                        [0m [36mchannel[0m=[35mgoogle_broad[0m [36mraw[0m=[35m100[0m
[2m2026-04-04T16:26:06.244148Z[0m [[32m[1minfo     [0m] [1mfetch                         [0m [36mstatus[0m=[35m200[0m [36murl[0m=[35m'https://news.google.com/rss/search?q=CIEN+earnings+analysis&hl=en-US&gl=US&ceid=US:en'[0m
[2m2026-04-04T16:26:06.300138Z[0m [[32m[1minfo     [0m] [1mparsed                        [0m [36mchannel[0m=[35mgoogle_broad[0m [36mraw[0m=[35m57[0m
[2m2026-04-04T16:26:06.302067Z[0m [[32m[1minfo     [0m] [1mquality_filter                [0m [36minput[0m=[35m249[0m [36mpassed[0m=[35m5[0m
[2m2026-04-04T16:26:06.302762Z[0m [[32m[1minfo     [0m] [1mdedup                         [0m [36mafter[0m=[35m5[0m [36mbefore[0m=[35m5[0m
[2m2026-04-04T16:26:06.302924Z[0m [[32m[1minfo     [0m] [1mfulltext_selection            [0m [36mcandidates[0m=[35m2[0m [36mfiltered[0m=[35m5[0m [36mmode[0m=[35mhigh-value[0m [36mticker[0m=[35mCIEN[0m
[2m2026-04-04T16:26:07.911143Z[0m [[32m[1minfo     [0m] [1mfetch                         [0m [36mstatus[0m=[35m200[0m [36murl[0m=[35mhttps://www.marketbeat.com/instant-alerts/ciena-nysecien-shares-up-76-still-a-buy-2026-04-[0m
[2m2026-04-04T16:26:08.945918Z[0m [[32m[1minfo     [0m] [1mfetch                         [0m [36mstatus[0m=[35m200[0m [36murl[0m=[35mhttps://www.stocktitan.net/sec-filings/CIEN/form-4-ciena-corp-insider-trading-activity-eb7[0m
[2m2026-04-04T16:26:09.160638Z[0m [[32m[1minfo     [0m] [1mcrawling                      [0m [36mchannel[0m=[35mGoogle->Benzinga[0m [36mtag[0m=[35mgoogle_benzinga[0m
[2m2026-04-04T16:26:12.022028Z[0m [[32m[1minfo     [0m] [1mfetch                         [0m [36mstatus[0m=[35m200[0m [36murl[0m=[35m'https://news.google.com/rss/search?q=GRMN+site:benzinga.com&hl=en-US&gl=US&ceid=US:en'[0m
[2m2026-04-04T16:26:12.034829Z[0m [[32m[1minfo     [0m] [1mparsed                        [0m [36mchannel[0m=[35mgoogle_benzinga[0m [36mraw[0m=[35m16[0m
[2m2026-04-04T16:26:14.039823Z[0m [[32m[1minfo     [0m] [1mfetch                         [0m [36mstatus[0m=[35m200[0m [36murl[0m=[35m'https://news.google.com/rss/search?q=GRMN+site:benzinga.com&hl=en-US&gl=US&ceid=US:en'[0m
[2m2026-04-04T16:26:14.051047Z[0m [[32m[1minfo     [0m] [1mparsed                        [0m [36mchannel[0m=[35mgoogle_benzinga[0m [36mraw[0m=[35m16[0m
[2m2026-04-04T16:26:14.051203Z[0m [[32m[1minfo     [0m] [1mcrawling                      [0m [36mchannel[0m=[35m'Google News (all)'[0m [36mtag[0m=[35mgoogle_broad[0m
[2m2026-04-04T16:26:16.537777Z[0m [[32m[1minfo     [0m] [1mfetch                         [0m [36mstatus[0m=[35m200[0m [36murl[0m=[35m'https://news.google.com/rss/search?q=GRMN+stock+news&hl=en-US&gl=US&ceid=US:en'[0m
[2m2026-04-04T16:26:16.680718Z[0m [[32m[1minfo     [0m] [1mparsed                        [0m [36mchannel[0m=[35mgoogle_broad[0m [36mraw[0m=[35m100[0m
[2m2026-04-04T16:26:19.189632Z[0m [[32m[1minfo     [0m] [1mfetch                         [0m [36mstatus[0m=[35m200[0m [36murl[0m=[35m'https://news.google.com/rss/search?q=GRMN+earnings+analysis&hl=en-US&gl=US&ceid=US:en'[0m
[2m2026-04-04T16:26:19.232853Z[0m [[32m[1minfo     [0m] [1mparsed                        [0m [36mchannel[0m=[35mgoogle_broad[0m [36mraw[0m=[35m48[0m
[2m2026-04-04T16:26:19.234428Z[0m [[32m[1minfo     [0m] [1mquality_filter                [0m [36minput[0m=[35m180[0m [36mpassed[0m=[35m4[0m
[2m2026-04-04T16:26:19.234894Z[0m [[32m[1minfo     [0m] [1mdedup                         [0m [36mafter[0m=[35m1[0m [36mbefore[0m=[35m4[0m
[2m2026-04-04T16:26:19.234999Z[0m [[32m[1minfo     [0m] [1mfulltext_selection            [0m [36mcandidates[0m=[35m0[0m [36mfiltered[0m=[35m1[0m [36mmode[0m=[35mhigh-value[0m [36mticker[0m=[35mGRMN[0m
[2m2026-04-04T16:26:19.235741Z[0m [[32m[1minfo     [0m] [1mcrawling                      [0m [36mchannel[0m=[35mGoogle->Benzinga[0m [36mtag[0m=[35mgoogle_benzinga[0m
[2m2026-04-04T16:26:21.646581Z[0m [[32m[1minfo     [0m] [1mfetch                         [0m [36mstatus[0m=[35m200[0m [36murl[0m=[35m'https://news.google.com/rss/search?q=HSY+site:benzinga.com&hl=en-US&gl=US&ceid=US:en'[0m
[2m2026-04-04T16:26:21.668518Z[0m [[32m[1minfo     [0m] [1mparsed                        [0m [36mchannel[0m=[35mgoogle_benzinga[0m [36mraw[0m=[35m24[0m
[2m2026-04-04T16:26:23.673509Z[0m [[32m[1minfo     [0m] [1mfetch                         [0m [36mstatus[0m=[35m200[0m [36murl[0m=[35m'https://news.google.com/rss/search?q=HSY+site:benzinga.com&hl=en-US&gl=US&ceid=US:en'[0m
[2m2026-04-04T16:26:23.689329Z[0m [[32m[1minfo     [0m] [1mparsed                        [0m [36mchannel[0m=[35mgoogle_benzinga[0m [36mraw[0m=[35m24[0m
[2m2026-04-04T16:26:23.689489Z[0m [[32m[1minfo     [0m] [1mcrawling                      [0m [36mchannel[0m=[35m'Google News (all)'[0m [36mtag[0m=[35mgoogle_broad[0m
[2m2026-04-04T16:26:26.210608Z[0m [[32m[1minfo     [0m] [1mfetch                         [0m [36mstatus[0m=[35m200[0m [36murl[0m=[35m'https://news.google.com/rss/search?q=HSY+stock+news&hl=en-US&gl=US&ceid=US:en'[0m
[2m2026-04-04T16:26:26.339352Z[0m [[32m[1minfo     [0m] [1mparsed                        [0m [36mchannel[0m=[35mgoogle_broad[0m [36mraw[0m=[35m100[0m
[2m2026-04-04T16:26:28.767686Z[0m [[32m[1minfo     [0m] [1mfetch                         [0m [36mstatus[0m=[35m200[0m [36murl[0m=[35m'https://news.google.com/rss/search?q=HSY+earnings+analysis&hl=en-US&gl=US&ceid=US:en'[0m
[2m2026-04-04T16:26:28.824386Z[0m [[32m[1minfo     [0m] [1mparsed                        [0m [36mchannel[0m=[35mgoogle_broad[0m [36mraw[0m=[35m60[0m
[2m2026-04-04T16:26:28.827054Z[0m [[32m[1minfo     [0m] [1mquality_filter                [0m [36minput[0m=[35m208[0m [36mpassed[0m=[35m12[0m
[2m2026-04-04T16:26:28.828776Z[0m [[32m[1minfo     [0m] [1mdedup                         [0m [36mafter[0m=[35m12[0m [36mbefore[0m=[35m12[0m
[2m2026-04-04T16:26:28.829056Z[0m [[32m[1minfo     [0m] [1mfulltext_selection            [0m [36mcandidates[0m=[35m0[0m [36mfiltered[0m=[35m12[0m [36mmode[0m=[35mhigh-value[0m [36mticker[0m=[35mHSY[0m
[2m2026-04-04T16:26:28.829846Z[0m [[32m[1minfo     [0m] [1mcrawling                      [0m [36mchannel[0m=[35mGoogle->Benzinga[0m [36mtag[0m=[35mgoogle_benzinga[0m
[2m2026-04-04T16:26:31.905008Z[0m [[32m[1minfo     [0m] [1mfetch                         [0m [36mstatus[0m=[35m200[0m [36murl[0m=[35m'https://news.google.com/rss/search?q=CVNA+site:benzinga.com&hl=en-US&gl=US&ceid=US:en'[0m
[2m2026-04-04T16:26:32.048927Z[0m [[32m[1minfo     [0m] [1mparsed                        [0m [36mchannel[0m=[35mgoogle_benzinga[0m [36mraw[0m=[35m100[0m
[2m2026-04-04T16:26:34.054704Z[0m [[32m[1minfo     [0m] [1mfetch                         [0m [36mstatus[0m=[35m200[0m [36murl[0m=[35m'https://news.google.com/rss/search?q=CVNA+site:benzinga.com&hl=en-US&gl=US&ceid=US:en'[0m
[2m2026-04-04T16:26:34.115759Z[0m [[32m[1minfo     [0m] [1mparsed                        [0m [36mchannel[0m=[35mgoogle_benzinga[0m [36mraw[0m=[35m100[0m
[2m2026-04-04T16:26:34.115925Z[0m [[32m[1minfo     [0m] [1mcrawling                      [0m [36mchannel[0m=[35m'Google News (all)'[0m [36mtag[0m=[35mgoogle_broad[0m
[2m2026-04-04T16:26:36.642854Z[0m [[32m[1minfo     [0m] [1mfetch                         [0m [36mstatus[0m=[35m200[0m [36murl[0m=[35m'https://news.google.com/rss/search?q=CVNA+stock+news&hl=en-US&gl=US&ceid=US:en'[0m
[2m2026-04-04T16:26:36.778847Z[0m [[32m[1minfo     [0m] [1mparsed                        [0m [36mchannel[0m=[35mgoogle_broad[0m [36mraw[0m=[35m100[0m
[2m2026-04-04T16:26:39.217927Z[0m [[32m[1minfo     [0m] [1mfetch                         [0m [36mstatus[0m=[35m200[0m [36murl[0m=[35m'https://news.google.com/rss/search?q=CVNA+earnings+analysis&hl=en-US&gl=US&ceid=US:en'[0m
[2m2026-04-04T16:26:39.264333Z[0m [[32m[1minfo     [0m] [1mparsed                        [0m [36mchannel[0m=[35mgoogle_broad[0m [36mraw[0m=[35m53[0m
[2m2026-04-04T16:26:39.266618Z[0m [[32m[1minfo     [0m] [1mquality_filter                [0m [36minput[0m=[35m353[0m [36mpassed[0m=[35m8[0m
[2m2026-04-04T16:26:39.267576Z[0m [[32m[1minfo     [0m] [1mdedup                         [0m [36mafter[0m=[35m7[0m [36mbefore[0m=[35m8[0m
[2m2026-04-04T16:26:39.267764Z[0m [[32m[1minfo     [0m] [1mfulltext_selection            [0m [36mcandidates[0m=[35m1[0m [36mfiltered[0m=[35m7[0m [36mmode[0m=[35mhigh-value[0m [36mticker[0m=[35mCVNA[0m
[2m2026-04-04T16:26:42.039979Z[0m [[32m[1minfo     [0m] [1mfetch                         [0m [36mstatus[0m=[35m200[0m [36murl[0m=[35mhttps://www.stocktitan.net/sec-filings/CVNA/form-4-carvana-co-insider-trading-activity-e46[0m
[2m2026-04-04T16:26:42.261800Z[0m [[32m[1minfo     [0m] [1mcrawling                      [0m [36mchannel[0m=[35mGoogle->Benzinga[0m [36mtag[0m=[35mgoogle_benzinga[0m
[2m2026-04-04T16:26:45.403370Z[0m [[32m[1minfo     [0m] [1mfetch                         [0m [36mstatus[0m=[35m200[0m [36murl[0m=[35m'https://news.google.com/rss/search?q=MET+site:benzinga.com&hl=en-US&gl=US&ceid=US:en'[0m
[2m2026-04-04T16:26:45.553771Z[0m [[32m[1minfo     [0m] [1mparsed                        [0m [36mchannel[0m=[35mgoogle_benzinga[0m [36mraw[0m=[35m100[0m
[2m2026-04-04T16:26:47.559491Z[0m [[32m[1minfo     [0m] [1mfetch                         [0m [36mstatus[0m=[35m200[0m [36murl[0m=[35m'https://news.google.com/rss/search?q=MET+site:benzinga.com&hl=en-US&gl=US&ceid=US:en'[0m
[2m2026-04-04T16:26:47.619609Z[0m [[32m[1minfo     [0m] [1mparsed                        [0m [36mchannel[0m=[35mgoogle_benzinga[0m [36mraw[0m=[35m100[0m
[2m2026-04-04T16:26:47.619777Z[0m [[32m[1minfo     [0m] [1mcrawling                      [0m [36mchannel[0m=[35m'Google News (all)'[0m [36mtag[0m=[35mgoogle_broad[0m
[2m2026-04-04T16:26:50.206066Z[0m [[32m[1minfo     [0m] [1mfetch                         [0m [36mstatus[0m=[35m200[0m [36murl[0m=[35m'https://news.google.com/rss/search?q=MET+stock+news&hl=en-US&gl=US&ceid=US:en'[0m
[2m2026-04-04T16:26:50.344728Z[0m [[32m[1minfo     [0m] [1mparsed                        [0m [36mchannel[0m=[35mgoogle_broad[0m [36mraw[0m=[35m90[0m
[2m2026-04-04T16:26:52.952737Z[0m [[32m[1minfo     [0m] [1mfetch                         [0m [36mstatus[0m=[35m200[0m [36murl[0m=[35m'https://news.google.com/rss/search?q=MET+earnings+analysis&hl=en-US&gl=US&ceid=US:en'[0m
[2m2026-04-04T16:26:53.084014Z[0m [[32m[1minfo     [0m] [1mparsed                        [0m [36mchannel[0m=[35mgoogle_broad[0m [36mraw[0m=[35m78[0m
[2m2026-04-04T16:26:53.087097Z[0m [[32m[1minfo     [0m] [1mquality_filter                [0m [36minput[0m=[35m368[0m [36mpassed[0m=[35m13[0m
[2m2026-04-04T16:26:53.089073Z[0m [[32m[1minfo     [0m] [1mdedup                         [0m [36mafter[0m=[35m12[0m [36mbefore[0m=[35m13[0m
[2m2026-04-04T16:26:53.089429Z[0m [[32m[1minfo     [0m] [1mfulltext_selection            [0m [36mcandidates[0m=[35m0[0m [36mfiltered[0m=[35m12[0m [36mmode[0m=[35mhigh-value[0m [36mticker[0m=[35mMET[0m
[2m2026-04-04T16:26:53.090185Z[0m [[32m[1minfo     [0m] [1mcrawling                      [0m [36mchannel[0m=[35mGoogle->Benzinga[0m [36mtag[0m=[35mgoogle_benzinga[0m
[2m2026-04-04T16:26:55.597966Z[0m [[32m[1minfo     [0m] [1mfetch                         [0m [36mstatus[0m=[35m200[0m [36murl[0m=[35m'https://news.google.com/rss/search?q=YUM+site:benzinga.com&hl=en-US&gl=US&ceid=US:en'[0m
[2m2026-04-04T16:26:55.718334Z[0m [[32m[1minfo     [0m] [1mparsed                        [0m [36mchannel[0m=[35mgoogle_benzinga[0m [36mraw[0m=[35m77[0m
[2m2026-04-04T16:26:57.723986Z[0m [[32m[1minfo     [0m] [1mfetch                         [0m [36mstatus[0m=[35m200[0m [36murl[0m=[35m'https://news.google.com/rss/search?q=YUM+site:benzinga.com&hl=en-US&gl=US&ceid=US:en'[0m
[2m2026-04-04T16:26:57.770451Z[0m [[32m[1minfo     [0m] [1mparsed                        [0m [36mchannel[0m=[35mgoogle_benzinga[0m [36mraw[0m=[35m77[0m
[2m2026-04-04T16:26:57.770615Z[0m [[32m[1minfo     [0m] [1mcrawling                      [0m [36mchannel[0m=[35m'Google News (all)'[0m [36mtag[0m=[35mgoogle_broad[0m
[2m2026-04-04T16:27:00.320469Z[0m [[32m[1minfo     [0m] [1mfetch                         [0m [36mstatus[0m=[35m200[0m [36murl[0m=[35m'https://news.google.com/rss/search?q=YUM+stock+news&hl=en-US&gl=US&ceid=US:en'[0m
[2m2026-04-04T16:27:00.471296Z[0m [[32m[1minfo     [0m] [1mparsed                        [0m [36mchannel[0m=[35mgoogle_broad[0m [36mraw[0m=[35m100[0m
[2m2026-04-04T16:27:02.987882Z[0m [[32m[1minfo     [0m] [1mfetch                         [0m [36mstatus[0m=[35m200[0m [36murl[0m=[35m'https://news.google.com/rss/search?q=YUM+earnings+analysis&hl=en-US&gl=US&ceid=US:en'[0m
[2m2026-04-04T16:27:03.021400Z[0m [[32m[1minfo     [0m] [1mparsed                        [0m [36mchannel[0m=[35mgoogle_broad[0m [36mraw[0m=[35m43[0m
[2m2026-04-04T16:27:03.023483Z[0m [[32m[1minfo     [0m] [1mquality_filter                [0m [36minput[0m=[35m297[0m [36mpassed[0m=[35m6[0m
[2m2026-04-04T16:27:03.024381Z[0m [[32m[1minfo     [0m] [1mdedup                         [0m [36mafter[0m=[35m6[0m [36mbefore[0m=[35m6[0m
[2m2026-04-04T16:27:03.024602Z[0m [[32m[1minfo     [0m] [1mfulltext_selection            [0m [36mcandidates[0m=[35m1[0m [36mfiltered[0m=[35m6[0m [36mmode[0m=[35mhigh-value[0m [36mticker[0m=[35mYUM[0m
[2m2026-04-04T16:27:04.895801Z[0m [[32m[1minfo     [0m] [1mfetch                         [0m [36mstatus[0m=[35m403[0m [36murl[0m=[35mhttps://www.bitget.com/news/detail/12560605335654[0m
[2m2026-04-04T16:27:05.099838Z[0m [[32m[1minfo     [0m] [1mcrawling                      [0m [36mchannel[0m=[35mGoogle->Benzinga[0m [36mtag[0m=[35mgoogle_benzinga[0m
[2m2026-04-04T16:27:07.556341Z[0m [[32m[1minfo     [0m] [1mfetch                         [0m [36mstatus[0m=[35m200[0m [36murl[0m=[35m'https://news.google.com/rss/search?q=DHI+site:benzinga.com&hl=en-US&gl=US&ceid=US:en'[0m
[2m2026-04-04T16:27:07.591011Z[0m [[32m[1minfo     [0m] [1mparsed                        [0m [36mchannel[0m=[35mgoogle_benzinga[0m [36mraw[0m=[35m45[0m
[2m2026-04-04T16:27:09.596096Z[0m [[32m[1minfo     [0m] [1mfetch                         [0m [36mstatus[0m=[35m200[0m [36murl[0m=[35m'https://news.google.com/rss/search?q=DHI+site:benzinga.com&hl=en-US&gl=US&ceid=US:en'[0m
[2m2026-04-04T16:27:09.624762Z[0m [[32m[1minfo     [0m] [1mparsed                        [0m [36mchannel[0m=[35mgoogle_benzinga[0m [36mraw[0m=[35m45[0m
[2m2026-04-04T16:27:09.624921Z[0m [[32m[1minfo     [0m] [1mcrawling                      [0m [36mchannel[0m=[35m'Google News (all)'[0m [36mtag[0m=[35mgoogle_broad[0m
[2m2026-04-04T16:27:12.133049Z[0m [[32m[1minfo     [0m] [1mfetch                         [0m [36mstatus[0m=[35m200[0m [36murl[0m=[35m'https://news.google.com/rss/search?q=DHI+stock+news&hl=en-US&gl=US&ceid=US:en'[0m
[2m2026-04-04T16:27:12.276840Z[0m [[32m[1minfo     [0m] [1mparsed                        [0m [36mchannel[0m=[35mgoogle_broad[0m [36mraw[0m=[35m99[0m
[2m2026-04-04T16:27:14.703498Z[0m [[32m[1minfo     [0m] [1mfetch                         [0m [36mstatus[0m=[35m200[0m [36murl[0m=[35m'https://news.google.com/rss/search?q=DHI+earnings+analysis&hl=en-US&gl=US&ceid=US:en'[0m
[2m2026-04-04T16:27:14.739072Z[0m [[32m[1minfo     [0m] [1mparsed                        [0m [36mchannel[0m=[35mgoogle_broad[0m [36mraw[0m=[35m47[0m
[2m2026-04-04T16:27:14.740194Z[0m [[32m[1minfo     [0m] [1mquality_filter                [0m [36minput[0m=[35m236[0m [36mpassed[0m=[35m1[0m
[2m2026-04-04T16:27:14.740571Z[0m [[32m[1minfo     [0m] [1mdedup                         [0m [36mafter[0m=[35m1[0m [36mbefore[0m=[35m1[0m
[2m2026-04-04T16:27:14.740688Z[0m [[32m[1minfo     [0m] [1mfulltext_selection            [0m [36mcandidates[0m=[35m0[0m [36mfiltered[0m=[35m1[0m [36mmode[0m=[35mhigh-value[0m [36mticker[0m=[35mDHI[0m
[2m2026-04-04T16:27:14.741410Z[0m [[32m[1minfo     [0m] [1mcrawling                      [0m [36mchannel[0m=[35mGoogle->Benzinga[0m [36mtag[0m=[35mgoogle_benzinga[0m
[2m2026-04-04T16:27:17.658629Z[0m [[32m[1minfo     [0m] [1mfetch                         [0m [36mstatus[0m=[35m200[0m [36murl[0m=[35m'https://news.google.com/rss/search?q=FITB+site:benzinga.com&hl=en-US&gl=US&ceid=US:en'[0m
[2m2026-04-04T16:27:17.672043Z[0m [[32m[1minfo     [0m] [1mparsed                        [0m [36mchannel[0m=[35mgoogle_benzinga[0m [36mraw[0m=[35m19[0m
[2m2026-04-04T16:27:19.677326Z[0m [[32m[1minfo     [0m] [1mfetch                         [0m [36mstatus[0m=[35m200[0m [36murl[0m=[35m'https://news.google.com/rss/search?q=FITB+site:benzinga.com&hl=en-US&gl=US&ceid=US:en'[0m
[2m2026-04-04T16:27:19.690594Z[0m [[32m[1minfo     [0m] [1mparsed                        [0m [36mchannel[0m=[35mgoogle_benzinga[0m [36mraw[0m=[35m19[0m
[2m2026-04-04T16:27:19.690749Z[0m [[32m[1minfo     [0m] [1mcrawling                      [0m [36mchannel[0m=[35m'Google News (all)'[0m [36mtag[0m=[35mgoogle_broad[0m
[2m2026-04-04T16:27:22.194300Z[0m [[32m[1minfo     [0m] [1mfetch                         [0m [36mstatus[0m=[35m200[0m [36murl[0m=[35m'https://news.google.com/rss/search?q=FITB+stock+news&hl=en-US&gl=US&ceid=US:en'[0m
[2m2026-04-04T16:27:22.338604Z[0m [[32m[1minfo     [0m] [1mparsed                        [0m [36mchannel[0m=[35mgoogle_broad[0m [36mraw[0m=[35m100[0m
[2m2026-04-04T16:27:24.789590Z[0m [[32m[1minfo     [0m] [1mfetch                         [0m [36mstatus[0m=[35m200[0m [36murl[0m=[35m'https://news.google.com/rss/search?q=FITB+earnings+analysis&hl=en-US&gl=US&ceid=US:en'[0m
[2m2026-04-04T16:27:24.844556Z[0m [[32m[1minfo     [0m] [1mparsed                        [0m [36mchannel[0m=[35mgoogle_broad[0m [36mraw[0m=[35m56[0m
[2m2026-04-04T16:27:24.845914Z[0m [[32m[1minfo     [0m] [1mquality_filter                [0m [36minput[0m=[35m194[0m [36mpassed[0m=[35m2[0m
[2m2026-04-04T16:27:24.846325Z[0m [[32m[1minfo     [0m] [1mdedup                         [0m [36mafter[0m=[35m1[0m [36mbefore[0m=[35m2[0m
[2m2026-04-04T16:27:24.846428Z[0m [[32m[1minfo     [0m] [1mfulltext_selection            [0m [36mcandidates[0m=[35m1[0m [36mfiltered[0m=[35m1[0m [36mmode[0m=[35mhigh-value[0m [36mticker[0m=[35mFITB[0m
[2m2026-04-04T16:27:27.759926Z[0m [[31m[1merror    [0m] [1mfetch_error                   [0m [36merror[0m=[35m'400, message=\'Got more than 8190 bytes when reading: b"connect-src \\\'self\\\' wss:'[0m [36murl[0m=[35mhttps://finance.yahoo.com/markets/stocks/articles/regional-banks-stock[0m
[2m2026-04-04T16:27:27.962385Z[0m [[32m[1minfo     [0m] [1mcrawling                      [0m [36mchannel[0m=[35mGoogle->Benzinga[0m [36mtag[0m=[35mgoogle_benzinga[0m
[2m2026-04-04T16:27:30.865200Z[0m [[32m[1minfo     [0m] [1mfetch                         [0m [36mstatus[0m=[35m200[0m [36murl[0m=[35m'https://news.google.com/rss/search?q=SYY+site:benzinga.com&hl=en-US&gl=US&ceid=US:en'[0m
[2m2026-04-04T16:27:30.883884Z[0m [[32m[1minfo     [0m] [1mparsed                        [0m [36mchannel[0m=[35mgoogle_benzinga[0m [36mraw[0m=[35m29[0m
[2m2026-04-04T16:27:32.889251Z[0m [[32m[1minfo     [0m] [1mfetch                         [0m [36mstatus[0m=[35m200[0m [36murl[0m=[35m'https://news.google.com/rss/search?q=SYY+site:benzinga.com&hl=en-US&gl=US&ceid=US:en'[0m
[2m2026-04-04T16:27:32.909127Z[0m [[32m[1minfo     [0m] [1mparsed                        [0m [36mchannel[0m=[35mgoogle_benzinga[0m [36mraw[0m=[35m29[0m
[2m2026-04-04T16:27:32.909309Z[0m [[32m[1minfo     [0m] [1mcrawling                      [0m [36mchannel[0m=[35m'Google News (all)'[0m [36mtag[0m=[35mgoogle_broad[0m
[2m2026-04-04T16:27:35.424461Z[0m [[32m[1minfo     [0m] [1mfetch                         [0m [36mstatus[0m=[35m200[0m [36murl[0m=[35m'https://news.google.com/rss/search?q=SYY+stock+news&hl=en-US&gl=US&ceid=US:en'[0m
[2m2026-04-04T16:27:35.568523Z[0m [[32m[1minfo     [0m] [1mparsed                        [0m [36mchannel[0m=[35mgoogle_broad[0m [36mraw[0m=[35m100[0m
[2m2026-04-04T16:27:37.996890Z[0m [[32m[1minfo     [0m] [1mfetch                         [0m [36mstatus[0m=[35m200[0m [36murl[0m=[35m'https://news.google.com/rss/search?q=SYY+earnings+analysis&hl=en-US&gl=US&ceid=US:en'[0m
[2m2026-04-04T16:27:38.043712Z[0m [[32m[1minfo     [0m] [1mparsed                        [0m [36mchannel[0m=[35mgoogle_broad[0m [36mraw[0m=[35m53[0m
[2m2026-04-04T16:27:38.045762Z[0m [[32m[1minfo     [0m] [1mquality_filter                [0m [36minput[0m=[35m211[0m [36mpassed[0m=[35m7[0m
[2m2026-04-04T16:27:38.046705Z[0m [[32m[1minfo     [0m] [1mdedup                         [0m [36mafter[0m=[35m6[0m [36mbefore[0m=[35m7[0m
[2m2026-04-04T16:27:38.046867Z[0m [[32m[1minfo     [0m] [1mfulltext_selection            [0m [36mcandidates[0m=[35m4[0m [36mfiltered[0m=[35m6[0m [36mmode[0m=[35mhigh-value[0m [36mticker[0m=[35mSYY[0m
[2m2026-04-04T16:27:39.879708Z[0m [[32m[1minfo     [0m] [1mfetch                         [0m [36mstatus[0m=[35m403[0m [36murl[0m=[35mhttps://www.gurufocus.com/news/8769096/ubs-lowers-price-target-for-sysco-syy-to-9000-maint[0m
[2m2026-04-04T16:27:39.914090Z[0m [[32m[1minfo     [0m] [1mfetch                         [0m [36mstatus[0m=[35m403[0m [36murl[0m=[35mhttps://www.gurufocus.com/news/8768942/sysco-syy-gets-price-target-boost-from-citigroup-an[0m
[2m2026-04-04T16:27:39.955191Z[0m [[32m[1minfo     [0m] [1mfetch                         [0m [36mstatus[0m=[35m403[0m [36murl[0m=[35mhttps://www.gurufocus.com/news/8768431/guggenheim-lowers-price-target-for-sysco-syy-to-90-[0m
[2m2026-04-04T16:27:40.097316Z[0m [[32m[1minfo     [0m] [1mfetch                         [0m [36mstatus[0m=[35m200[0m [36murl[0m=[35mhttps://www.marketbeat.com/instant-alerts/ubs-group-has-lowered-expectations-for-sysco-nys[0m
[2m2026-04-04T16:27:40.356913Z[0m [[32m[1minfo     [0m] [1mcrawling                      [0m [36mchannel[0m=[35mGoogle->Benzinga[0m [36mtag[0m=[35mgoogle_benzinga[0m
[2m2026-04-04T16:27:42.773835Z[0m [[32m[1minfo     [0m] [1mfetch                         [0m [36mstatus[0m=[35m200[0m [36murl[0m=[35m'https://news.google.com/rss/search?q=CBRE+site:benzinga.com&hl=en-US&gl=US&ceid=US:en'[0m
[2m2026-04-04T16:27:42.817395Z[0m [[32m[1minfo     [0m] [1mparsed                        [0m [36mchannel[0m=[35mgoogle_benzinga[0m [36mraw[0m=[35m49[0m
[2m2026-04-04T16:27:44.822872Z[0m [[32m[1minfo     [0m] [1mfetch                         [0m [36mstatus[0m=[35m200[0m [36murl[0m=[35m'https://news.google.com/rss/search?q=CBRE+site:benzinga.com&hl=en-US&gl=US&ceid=US:en'[0m
[2m2026-04-04T16:27:44.852729Z[0m [[32m[1minfo     [0m] [1mparsed                        [0m [36mchannel[0m=[35mgoogle_benzinga[0m [36mraw[0m=[35m49[0m
[2m2026-04-04T16:27:44.852896Z[0m [[32m[1minfo     [0m] [1mcrawling                      [0m [36mchannel[0m=[35m'Google News (all)'[0m [36mtag[0m=[35mgoogle_broad[0m
[2m2026-04-04T16:27:47.821773Z[0m [[32m[1minfo     [0m] [1mfetch                         [0m [36mstatus[0m=[35m200[0m [36murl[0m=[35m'https://news.google.com/rss/search?q=CBRE+stock+news&hl=en-US&gl=US&ceid=US:en'[0m
[2m2026-04-04T16:27:47.962540Z[0m [[32m[1minfo     [0m] [1mparsed                        [0m [36mchannel[0m=[35mgoogle_broad[0m [36mraw[0m=[35m96[0m
[2m2026-04-04T16:27:50.411314Z[0m [[32m[1minfo     [0m] [1mfetch                         [0m [36mstatus[0m=[35m200[0m [36murl[0m=[35m'https://news.google.com/rss/search?q=CBRE+earnings+analysis&hl=en-US&gl=US&ceid=US:en'[0m
[2m2026-04-04T16:27:50.454198Z[0m [[32m[1minfo     [0m] [1mparsed                        [0m [36mchannel[0m=[35mgoogle_broad[0m [36mraw[0m=[35m48[0m
[2m2026-04-04T16:27:50.455568Z[0m [[32m[1minfo     [0m] [1mquality_filter                [0m [36minput[0m=[35m242[0m [36mpassed[0m=[35m2[0m
[2m2026-04-04T16:27:50.455984Z[0m [[32m[1minfo     [0m] [1mdedup                         [0m [36mafter[0m=[35m2[0m [36mbefore[0m=[35m2[0m
[2m2026-04-04T16:27:50.456096Z[0m [[32m[1minfo     [0m] [1mfulltext_selection            [0m [36mcandidates[0m=[35m1[0m [36mfiltered[0m=[35m2[0m [36mmode[0m=[35mhigh-value[0m [36mticker[0m=[35mCBRE[0m
[2m2026-04-04T16:27:54.237312Z[0m [[32m[1minfo     [0m] [1mfetch                         [0m [36mstatus[0m=[35m200[0m [36murl[0m=[35mhttps://www.ad-hoc-news.de/boerse/ueberblick/cbre-group-inc-stock-q1-beat-and-fy-guidance-[0m
[2m2026-04-04T16:27:54.441008Z[0m [[32m[1minfo     [0m] [1mcrawling                      [0m [36mchannel[0m=[35mGoogle->Benzinga[0m [36mtag[0m=[35mgoogle_benzinga[0m
[2m2026-04-04T16:27:56.941024Z[0m [[32m[1minfo     [0m] [1mfetch                         [0m [36mstatus[0m=[35m200[0m [36murl[0m=[35m'https://news.google.com/rss/search?q=AIG+site:benzinga.com&hl=en-US&gl=US&ceid=US:en'[0m
[2m2026-04-04T16:27:56.971227Z[0m [[32m[1minfo     [0m] [1mparsed                        [0m [36mchannel[0m=[35mgoogle_benzinga[0m [36mraw[0m=[35m38[0m
[2m2026-04-04T16:27:58.976903Z[0m [[32m[1minfo     [0m] [1mfetch                         [0m [36mstatus[0m=[35m200[0m [36murl[0m=[35m'https://news.google.com/rss/search?q=AIG+site:benzinga.com&hl=en-US&gl=US&ceid=US:en'[0m
[2m2026-04-04T16:27:59.000929Z[0m [[32m[1minfo     [0m] [1mparsed                        [0m [36mchannel[0m=[35mgoogle_benzinga[0m [36mraw[0m=[35m38[0m
[2m2026-04-04T16:27:59.001085Z[0m [[32m[1minfo     [0m] [1mcrawling                      [0m [36mchannel[0m=[35m'Google News (all)'[0m [36mtag[0m=[35mgoogle_broad[0m
[2m2026-04-04T16:28:01.549739Z[0m [[32m[1minfo     [0m] [1mfetch                         [0m [36mstatus[0m=[35m200[0m [36murl[0m=[35m'https://news.google.com/rss/search?q=AIG+stock+news&hl=en-US&gl=US&ceid=US:en'[0m
[2m2026-04-04T16:28:01.795435Z[0m [[32m[1minfo     [0m] [1mparsed                        [0m [36mchannel[0m=[35mgoogle_broad[0m [36mraw[0m=[35m100[0m
[2m2026-04-04T16:28:04.225284Z[0m [[32m[1minfo     [0m] [1mfetch                         [0m [36mstatus[0m=[35m200[0m [36murl[0m=[35m'https://news.google.com/rss/search?q=AIG+earnings+analysis&hl=en-US&gl=US&ceid=US:en'[0m
[2m2026-04-04T16:28:04.282132Z[0m [[32m[1minfo     [0m] [1mparsed                        [0m [36mchannel[0m=[35mgoogle_broad[0m [36mraw[0m=[35m60[0m
[2m2026-04-04T16:28:04.284604Z[0m [[32m[1minfo     [0m] [1mquality_filter                [0m [36minput[0m=[35m236[0m [36mpassed[0m=[35m10[0m
[2m2026-04-04T16:28:04.286062Z[0m [[32m[1minfo     [0m] [1mdedup                         [0m [36mafter[0m=[35m10[0m [36mbefore[0m=[35m10[0m
[2m2026-04-04T16:28:04.286310Z[0m [[32m[1minfo     [0m] [1mfulltext_selection            [0m [36mcandidates[0m=[35m3[0m [36mfiltered[0m=[35m10[0m [36mmode[0m=[35mhigh-value[0m [36mticker[0m=[35mAIG[0m
[2m2026-04-04T16:28:06.830200Z[0m [[32m[1minfo     [0m] [1mfetch                         [0m [36mstatus[0m=[35m200[0m [36murl[0m=[35mhttps://www.stocktitan.net/sec-filings/AIG/form-4-american-international-group-inc-insider[0m
[2m2026-04-04T16:28:06.875738Z[0m [[32m[1minfo     [0m] [1mfetch                         [0m [36mstatus[0m=[35m200[0m [36murl[0m=[35mhttps://www.stocktitan.net/sec-filings/AIG/form-4-american-international-group-inc-insider[0m
[2m2026-04-04T16:28:07.107512Z[0m [[32m[1minfo     [0m] [1mfetch                         [0m [36mstatus[0m=[35m429[0m [36murl[0m=[35mhttps://www.stocktitan.net/sec-filings/AIG/form-4-american-international-group-inc-insider[0m
[2m2026-04-04T16:28:07.310556Z[0m [[32m[1minfo     [0m] [1mcrawling                      [0m [36mchannel[0m=[35mGoogle->Benzinga[0m [36mtag[0m=[35mgoogle_benzinga[0m
[2m2026-04-04T16:28:09.839161Z[0m [[32m[1minfo     [0m] [1mfetch                         [0m [36mstatus[0m=[35m200[0m [36murl[0m=[35m'https://news.google.com/rss/search?q=KR+site:benzinga.com&hl=en-US&gl=US&ceid=US:en'[0m
[2m2026-04-04T16:28:09.956144Z[0m [[32m[1minfo     [0m] [1mparsed                        [0m [36mchannel[0m=[35mgoogle_benzinga[0m [36mraw[0m=[35m73[0m
[2m2026-04-04T16:28:11.961880Z[0m [[32m[1minfo     [0m] [1mfetch                         [0m [36mstatus[0m=[35m200[0m [36murl[0m=[35m'https://news.google.com/rss/search?q=KR+site:benzinga.com&hl=en-US&gl=US&ceid=US:en'[0m
[2m2026-04-04T16:28:12.006396Z[0m [[32m[1minfo     [0m] [1mparsed                        [0m [36mchannel[0m=[35mgoogle_benzinga[0m [36mraw[0m=[35m73[0m
[2m2026-04-04T16:28:12.006563Z[0m [[32m[1minfo     [0m] [1mcrawling                      [0m [36mchannel[0m=[35m'Google News (all)'[0m [36mtag[0m=[35mgoogle_broad[0m
[2m2026-04-04T16:28:14.567081Z[0m [[32m[1minfo     [0m] [1mfetch                         [0m [36mstatus[0m=[35m200[0m [36murl[0m=[35m'https://news.google.com/rss/search?q=KR+stock+news&hl=en-US&gl=US&ceid=US:en'[0m
[2m2026-04-04T16:28:14.711048Z[0m [[32m[1minfo     [0m] [1mparsed                        [0m [36mchannel[0m=[35mgoogle_broad[0m [36mraw[0m=[35m100[0m
[2m2026-04-04T16:28:17.233524Z[0m [[32m[1minfo     [0m] [1mfetch                         [0m [36mstatus[0m=[35m200[0m [36murl[0m=[35m'https://news.google.com/rss/search?q=KR+earnings+analysis&hl=en-US&gl=US&ceid=US:en'[0m
[2m2026-04-04T16:28:17.344571Z[0m [[32m[1minfo     [0m] [1mparsed                        [0m [36mchannel[0m=[35mgoogle_broad[0m [36mraw[0m=[35m63[0m
[2m2026-04-04T16:28:17.346388Z[0m [[32m[1minfo     [0m] [1mquality_filter                [0m [36minput[0m=[35m309[0m [36mpassed[0m=[35m1[0m
[2m2026-04-04T16:28:17.346679Z[0m [[32m[1minfo     [0m] [1mdedup                         [0m [36mafter[0m=[35m1[0m [36mbefore[0m=[35m1[0m
[2m2026-04-04T16:28:17.346784Z[0m [[32m[1minfo     [0m] [1mfulltext_selection            [0m [36mcandidates[0m=[35m0[0m [36mfiltered[0m=[35m1[0m [36mmode[0m=[35mhigh-value[0m [36mticker[0m=[35mKR[0m
[2m2026-04-04T16:28:17.347546Z[0m [[32m[1minfo     [0m] [1mcrawling                      [0m [36mchannel[0m=[35mGoogle->Benzinga[0m [36mtag[0m=[35mgoogle_benzinga[0m
[2m2026-04-04T16:28:19.867857Z[0m [[32m[1minfo     [0m] [1mfetch                         [0m [36mstatus[0m=[35m200[0m [36murl[0m=[35m'https://news.google.com/rss/search?q=AMP+site:benzinga.com&hl=en-US&gl=US&ceid=US:en'[0m
[2m2026-04-04T16:28:20.017655Z[0m [[32m[1minfo     [0m] [1mparsed                        [0m [36mchannel[0m=[35mgoogle_benzinga[0m [36mraw[0m=[35m100[0m
[2m2026-04-04T16:28:22.023348Z[0m [[32m[1minfo     [0m] [1mfetch                         [0m [36mstatus[0m=[35m200[0m [36murl[0m=[35m'https://news.google.com/rss/search?q=AMP+site:benzinga.com&hl=en-US&gl=US&ceid=US:en'[0m
[2m2026-04-04T16:28:22.083717Z[0m [[32m[1minfo     [0m] [1mparsed                        [0m [36mchannel[0m=[35mgoogle_benzinga[0m [36mraw[0m=[35m100[0m
[2m2026-04-04T16:28:22.083886Z[0m [[32m[1minfo     [0m] [1mcrawling                      [0m [36mchannel[0m=[35m'Google News (all)'[0m [36mtag[0m=[35mgoogle_broad[0m
[2m2026-04-04T16:28:24.608838Z[0m [[32m[1minfo     [0m] [1mfetch                         [0m [36mstatus[0m=[35m200[0m [36murl[0m=[35m'https://news.google.com/rss/search?q=AMP+stock+news&hl=en-US&gl=US&ceid=US:en'[0m
[2m2026-04-04T16:28:24.730314Z[0m [[32m[1minfo     [0m] [1mparsed                        [0m [36mchannel[0m=[35mgoogle_broad[0m [36mraw[0m=[35m81[0m
[2m2026-04-04T16:28:27.254724Z[0m [[32m[1minfo     [0m] [1mfetch                         [0m [36mstatus[0m=[35m200[0m [36murl[0m=[35m'https://news.google.com/rss/search?q=AMP+earnings+analysis&hl=en-US&gl=US&ceid=US:en'[0m
[2m2026-04-04T16:28:27.375576Z[0m [[32m[1minfo     [0m] [1mparsed                        [0m [36mchannel[0m=[35mgoogle_broad[0m [36mraw[0m=[35m72[0m
[2m2026-04-04T16:28:27.377201Z[0m [[32m[1minfo     [0m] [1mquality_filter                [0m [36minput[0m=[35m353[0m [36mpassed[0m=[35m2[0m
[2m2026-04-04T16:28:27.377520Z[0m [[32m[1minfo     [0m] [1mdedup                         [0m [36mafter[0m=[35m1[0m [36mbefore[0m=[35m2[0m
[2m2026-04-04T16:28:27.377613Z[0m [[32m[1minfo     [0m] [1mfulltext_selection            [0m [36mcandidates[0m=[35m1[0m [36mfiltered[0m=[35m1[0m [36mmode[0m=[35mhigh-value[0m [36mticker[0m=[35mAMP[0m
[2m2026-04-04T16:28:30.390686Z[0m [[32m[1minfo     [0m] [1mfetch                         [0m [36mstatus[0m=[35m200[0m [36murl[0m=[35mhttps://intellectia.ai/en/stock/AMP/news[0m
[2m2026-04-04T16:28:30.997410Z[0m [[32m[1minfo     [0m] [1mcrawling                      [0m [36mchannel[0m=[35mGoogle->Benzinga[0m [36mtag[0m=[35mgoogle_benzinga[0m
[2m2026-04-04T16:28:33.750469Z[0m [[32m[1minfo     [0m] [1mfetch                         [0m [36mstatus[0m=[35m200[0m [36murl[0m=[35m'https://news.google.com/rss/search?q=DAL+site:benzinga.com&hl=en-US&gl=US&ceid=US:en'[0m
[2m2026-04-04T16:28:33.901263Z[0m [[32m[1minfo     [0m] [1mparsed                        [0m [36mchannel[0m=[35mgoogle_benzinga[0m [36mraw[0m=[35m100[0m
[2m2026-04-04T16:28:35.906688Z[0m [[32m[1minfo     [0m] [1mfetch                         [0m [36mstatus[0m=[35m200[0m [36murl[0m=[35m'https://news.google.com/rss/search?q=DAL+site:benzinga.com&hl=en-US&gl=US&ceid=US:en'[0m
[2m2026-04-04T16:28:35.967847Z[0m [[32m[1minfo     [0m] [1mparsed                        [0m [36mchannel[0m=[35mgoogle_benzinga[0m [36mraw[0m=[35m100[0m
[2m2026-04-04T16:28:35.968015Z[0m [[32m[1minfo     [0m] [1mcrawling                      [0m [36mchannel[0m=[35m'Google News (all)'[0m [36mtag[0m=[35mgoogle_broad[0m
[2m2026-04-04T16:28:38.526986Z[0m [[32m[1minfo     [0m] [1mfetch                         [0m [36mstatus[0m=[35m200[0m [36murl[0m=[35m'https://news.google.com/rss/search?q=DAL+stock+news&hl=en-US&gl=US&ceid=US:en'[0m
[2m2026-04-04T16:28:38.678339Z[0m [[32m[1minfo     [0m] [1mparsed                        [0m [36mchannel[0m=[35mgoogle_broad[0m [36mraw[0m=[35m100[0m
[2m2026-04-04T16:28:41.194478Z[0m [[32m[1minfo     [0m] [1mfetch                         [0m [36mstatus[0m=[35m200[0m [36murl[0m=[35m'https://news.google.com/rss/search?q=DAL+earnings+analysis&hl=en-US&gl=US&ceid=US:en'[0m
[2m2026-04-04T16:28:41.253745Z[0m [[32m[1minfo     [0m] [1mparsed                        [0m [36mchannel[0m=[35mgoogle_broad[0m [36mraw[0m=[35m63[0m
[2m2026-04-04T16:28:41.256303Z[0m [[32m[1minfo     [0m] [1mquality_filter                [0m [36minput[0m=[35m363[0m [36mpassed[0m=[35m9[0m
[2m2026-04-04T16:28:41.257663Z[0m [[32m[1minfo     [0m] [1mdedup                         [0m [36mafter[0m=[35m9[0m [36mbefore[0m=[35m9[0m
[2m2026-04-04T16:28:41.257887Z[0m [[32m[1minfo     [0m] [1mfulltext_selection            [0m [36mcandidates[0m=[35m3[0m [36mfiltered[0m=[35m9[0m [36mmode[0m=[35mhigh-value[0m [36mticker[0m=[35mDAL[0m
[2m2026-04-04T16:28:43.442500Z[0m [[32m[1minfo     [0m] [1mfetch                         [0m [36mstatus[0m=[35m200[0m [36murl[0m=[35mhttps://www.stocktitan.net/sec-filings/DAL/form-4-delta-air-lines-inc-insider-trading-acti[0m
[2m2026-04-04T16:28:43.442944Z[0m [[32m[1minfo     [0m] [1mfetch                         [0m [36mstatus[0m=[35m403[0m [36murl[0m=[35mhttps://www.mexc.com/news/1001057[0m
[2m2026-04-04T16:28:45.122541Z[0m [[32m[1minfo     [0m] [1mfetch                         [0m [36mstatus[0m=[35m200[0m [36murl[0m=[35mhttps://coincentral.com/delta-air-lines-dal-stock-analyst-price-targets-amazon-deal-and-in[0m
[2m2026-04-04T16:28:45.367887Z[0m [[32m[1minfo     [0m] [1mcrawling                      [0m [36mchannel[0m=[35mGoogle->Benzinga[0m [36mtag[0m=[35mgoogle_benzinga[0m
[2m2026-04-04T16:28:47.791433Z[0m [[32m[1minfo     [0m] [1mfetch                         [0m [36mstatus[0m=[35m200[0m [36murl[0m=[35m'https://news.google.com/rss/search?q=KDP+site:benzinga.com&hl=en-US&gl=US&ceid=US:en'[0m
[2m2026-04-04T16:28:47.807751Z[0m [[32m[1minfo     [0m] [1mparsed                        [0m [36mchannel[0m=[35mgoogle_benzinga[0m [36mraw[0m=[35m25[0m
[2m2026-04-04T16:28:49.812806Z[0m [[32m[1minfo     [0m] [1mfetch                         [0m [36mstatus[0m=[35m200[0m [36murl[0m=[35m'https://news.google.com/rss/search?q=KDP+site:benzinga.com&hl=en-US&gl=US&ceid=US:en'[0m
[2m2026-04-04T16:28:49.829162Z[0m [[32m[1minfo     [0m] [1mparsed                        [0m [36mchannel[0m=[35mgoogle_benzinga[0m [36mraw[0m=[35m25[0m
[2m2026-04-04T16:28:49.829337Z[0m [[32m[1minfo     [0m] [1mcrawling                      [0m [36mchannel[0m=[35m'Google News (all)'[0m [36mtag[0m=[35mgoogle_broad[0m
[2m2026-04-04T16:28:52.568440Z[0m [[32m[1minfo     [0m] [1mfetch                         [0m [36mstatus[0m=[35m200[0m [36murl[0m=[35m'https://news.google.com/rss/search?q=KDP+stock+news&hl=en-US&gl=US&ceid=US:en'[0m
[2m2026-04-04T16:28:52.712371Z[0m [[32m[1minfo     [0m] [1mparsed                        [0m [36mchannel[0m=[35mgoogle_broad[0m [36mraw[0m=[35m100[0m
[2m2026-04-04T16:28:55.125455Z[0m [[32m[1minfo     [0m] [1mfetch                         [0m [36mstatus[0m=[35m200[0m [36murl[0m=[35m'https://news.google.com/rss/search?q=KDP+earnings+analysis&hl=en-US&gl=US&ceid=US:en'[0m
[2m2026-04-04T16:28:55.160331Z[0m [[32m[1minfo     [0m] [1mparsed                        [0m [36mchannel[0m=[35mgoogle_broad[0m [36mraw[0m=[35m45[0m
[2m2026-04-04T16:28:55.162159Z[0m [[32m[1minfo     [0m] [1mquality_filter                [0m [36minput[0m=[35m195[0m [36mpassed[0m=[35m5[0m
[2m2026-04-04T16:28:55.162858Z[0m [[32m[1minfo     [0m] [1mdedup                         [0m [36mafter[0m=[35m5[0m [36mbefore[0m=[35m5[0m
[2m2026-04-04T16:28:55.163009Z[0m [[32m[1minfo     [0m] [1mfulltext_selection            [0m [36mcandidates[0m=[35m2[0m [36mfiltered[0m=[35m5[0m [36mmode[0m=[35mhigh-value[0m [36mticker[0m=[35mKDP[0m
[2m2026-04-04T16:28:57.250469Z[0m [[32m[1minfo     [0m] [1mfetch                         [0m [36mstatus[0m=[35m200[0m [36murl[0m=[35mhttps://www.msn.com/en-us/money/topstocks/keurig-dr-pepper-kdp-down-125-since-last-earning[0m
[2m2026-04-04T16:28:58.016029Z[0m [[32m[1minfo     [0m] [1mfetch                         [0m [36mstatus[0m=[35m200[0m [36murl[0m=[35mhttps://intellectia.ai/en/stock/KDP/news[0m
[2m2026-04-04T16:28:58.627366Z[0m [[32m[1minfo     [0m] [1mcrawling                      [0m [36mchannel[0m=[35mGoogle->Benzinga[0m [36mtag[0m=[35mgoogle_benzinga[0m
[2m2026-04-04T16:29:01.005750Z[0m [[32m[1minfo     [0m] [1mfetch                         [0m [36mstatus[0m=[35m200[0m [36murl[0m=[35m'https://news.google.com/rss/search?q=VTR+site:benzinga.com&hl=en-US&gl=US&ceid=US:en'[0m
[2m2026-04-04T16:29:01.015197Z[0m [[32m[1minfo     [0m] [1mparsed                        [0m [36mchannel[0m=[35mgoogle_benzinga[0m [36mraw[0m=[35m13[0m
[2m2026-04-04T16:29:03.020567Z[0m [[32m[1minfo     [0m] [1mfetch                         [0m [36mstatus[0m=[35m200[0m [36murl[0m=[35m'https://news.google.com/rss/search?q=VTR+site:benzinga.com&hl=en-US&gl=US&ceid=US:en'[0m
[2m2026-04-04T16:29:03.030034Z[0m [[32m[1minfo     [0m] [1mparsed                        [0m [36mchannel[0m=[35mgoogle_benzinga[0m [36mraw[0m=[35m13[0m
[2m2026-04-04T16:29:03.030190Z[0m [[32m[1minfo     [0m] [1mcrawling                      [0m [36mchannel[0m=[35m'Google News (all)'[0m [36mtag[0m=[35mgoogle_broad[0m
[2m2026-04-04T16:29:05.375519Z[0m [[32m[1minfo     [0m] [1mfetch                         [0m [36mstatus[0m=[35m200[0m [36murl[0m=[35m'https://news.google.com/rss/search?q=VTR+stock+news&hl=en-US&gl=US&ceid=US:en'[0m
[2m2026-04-04T16:29:05.395675Z[0m [[32m[1minfo     [0m] [1mparsed                        [0m [36mchannel[0m=[35mgoogle_broad[0m [36mraw[0m=[35m31[0m
[2m2026-04-04T16:29:07.794627Z[0m [[32m[1minfo     [0m] [1mfetch                         [0m [36mstatus[0m=[35m200[0m [36murl[0m=[35m'https://news.google.com/rss/search?q=VTR+earnings+analysis&hl=en-US&gl=US&ceid=US:en'[0m
[2m2026-04-04T16:29:07.827944Z[0m [[32m[1minfo     [0m] [1mparsed                        [0m [36mchannel[0m=[35mgoogle_broad[0m [36mraw[0m=[35m40[0m
[2m2026-04-04T16:29:07.829475Z[0m [[32m[1minfo     [0m] [1mquality_filter                [0m [36minput[0m=[35m97[0m [36mpassed[0m=[35m4[0m
[2m2026-04-04T16:29:07.830099Z[0m [[32m[1minfo     [0m] [1mdedup                         [0m [36mafter[0m=[35m4[0m [36mbefore[0m=[35m4[0m
[2m2026-04-04T16:29:07.830267Z[0m [[32m[1minfo     [0m] [1mfulltext_selection            [0m [36mcandidates[0m=[35m0[0m [36mfiltered[0m=[35m4[0m [36mmode[0m=[35mhigh-value[0m [36mticker[0m=[35mVTR[0m
[2m2026-04-04T16:29:07.830976Z[0m [[32m[1minfo     [0m] [1mcrawling                      [0m [36mchannel[0m=[35mGoogle->Benzinga[0m [36mtag[0m=[35mgoogle_benzinga[0m
[2m2026-04-04T16:29:10.373272Z[0m [[32m[1minfo     [0m] [1mfetch                         [0m [36mstatus[0m=[35m200[0m [36murl[0m=[35m'https://news.google.com/rss/search?q=EBAY+site:benzinga.com&hl=en-US&gl=US&ceid=US:en'[0m
[2m2026-04-04T16:29:10.505973Z[0m [[32m[1minfo     [0m] [1mparsed                        [0m [36mchannel[0m=[35mgoogle_benzinga[0m [36mraw[0m=[35m100[0m
[2m2026-04-04T16:29:12.511597Z[0m [[32m[1minfo     [0m] [1mfetch                         [0m [36mstatus[0m=[35m200[0m [36murl[0m=[35m'https://news.google.com/rss/search?q=EBAY+site:benzinga.com&hl=en-US&gl=US&ceid=US:en'[0m
[2m2026-04-04T16:29:12.572087Z[0m [[32m[1minfo     [0m] [1mparsed                        [0m [36mchannel[0m=[35mgoogle_benzinga[0m [36mraw[0m=[35m100[0m
[2m2026-04-04T16:29:12.572278Z[0m [[32m[1minfo     [0m] [1mcrawling                      [0m [36mchannel[0m=[35m'Google News (all)'[0m [36mtag[0m=[35mgoogle_broad[0m
[2m2026-04-04T16:29:15.206876Z[0m [[32m[1minfo     [0m] [1mfetch                         [0m [36mstatus[0m=[35m200[0m [36murl[0m=[35m'https://news.google.com/rss/search?q=EBAY+stock+news&hl=en-US&gl=US&ceid=US:en'[0m
[2m2026-04-04T16:29:15.350327Z[0m [[32m[1minfo     [0m] [1mparsed                        [0m [36mchannel[0m=[35mgoogle_broad[0m [36mraw[0m=[35m100[0m
[2m2026-04-04T16:29:17.921002Z[0m [[32m[1minfo     [0m] [1mfetch                         [0m [36mstatus[0m=[35m200[0m [36murl[0m=[35m'https://news.google.com/rss/search?q=EBAY+earnings+analysis&hl=en-US&gl=US&ceid=US:en'[0m
[2m2026-04-04T16:29:17.981497Z[0m [[32m[1minfo     [0m] [1mparsed                        [0m [36mchannel[0m=[35mgoogle_broad[0m [36mraw[0m=[35m66[0m
[2m2026-04-04T16:29:17.984175Z[0m [[32m[1minfo     [0m] [1mquality_filter                [0m [36minput[0m=[35m366[0m [36mpassed[0m=[35m11[0m
[2m2026-04-04T16:29:17.985830Z[0m [[32m[1minfo     [0m] [1mdedup                         [0m [36mafter[0m=[35m11[0m [36mbefore[0m=[35m11[0m
[2m2026-04-04T16:29:17.986101Z[0m [[32m[1minfo     [0m] [1mfulltext_selection            [0m [36mcandidates[0m=[35m4[0m [36mfiltered[0m=[35m11[0m [36mmode[0m=[35mhigh-value[0m [36mticker[0m=[35mEBAY[0m
[2m2026-04-04T16:29:20.210463Z[0m [[32m[1minfo     [0m] [1mfetch                         [0m [36mstatus[0m=[35m200[0m [36murl[0m=[35mhttps://www.stocktitan.net/sec-filings/EBAY/form-4-ebay-inc-insider-trading-activity-2cdeb[0m
[2m2026-04-04T16:29:20.395311Z[0m [[32m[1minfo     [0m] [1mfetch                         [0m [36mstatus[0m=[35m429[0m [36murl[0m=[35mhttps://www.stocktitan.net/sec-filings/EBAY/form-4-ebay-inc-insider-trading-activity-c3146[0m
[2m2026-04-04T16:29:20.468779Z[0m [[32m[1minfo     [0m] [1mfetch                         [0m [36mstatus[0m=[35m429[0m [36murl[0m=[35mhttps://www.stocktitan.net/sec-filings/EBAY/form-4-ebay-inc-insider-trading-activity-54a35[0m
[2m2026-04-04T16:29:20.490753Z[0m [[32m[1minfo     [0m] [1mfetch                         [0m [36mstatus[0m=[35m200[0m [36murl[0m=[35mhttps://www.stocktitan.net/sec-filings/EBAY/form-4-ebay-inc-insider-trading-activity-1cd5e[0m
[2m2026-04-04T16:29:20.713037Z[0m [[32m[1minfo     [0m] [1mcrawling                      [0m [36mchannel[0m=[35mGoogle->Benzinga[0m [36mtag[0m=[35mgoogle_benzinga[0m
[2m2026-04-04T16:29:23.159049Z[0m [[32m[1minfo     [0m] [1mfetch                         [0m [36mstatus[0m=[35m200[0m [36murl[0m=[35m'https://news.google.com/rss/search?q=ED+consolidated+edison+site:benzinga.com&hl=en-US&gl='[0m
[2m2026-04-04T16:29:23.168677Z[0m [[32m[1minfo     [0m] [1mparsed                        [0m [36mchannel[0m=[35mgoogle_benzinga[0m [36mraw[0m=[35m7[0m
[2m2026-04-04T16:29:25.468056Z[0m [[32m[1minfo     [0m] [1mfetch                         [0m [36mstatus[0m=[35m200[0m [36murl[0m=[35m'https://news.google.com/rss/search?q=consolidated+edison+site:benzinga.com&hl=en-US&gl=US&'[0m
[2m2026-04-04T16:29:25.487173Z[0m [[32m[1minfo     [0m] [1mparsed                        [0m [36mchannel[0m=[35mgoogle_benzinga[0m [36mraw[0m=[35m23[0m
[2m2026-04-04T16:29:25.487351Z[0m [[32m[1minfo     [0m] [1mcrawling                      [0m [36mchannel[0m=[35m'Google News (all)'[0m [36mtag[0m=[35mgoogle_broad[0m
[2m2026-04-04T16:29:28.063966Z[0m [[32m[1minfo     [0m] [1mfetch                         [0m [36mstatus[0m=[35m200[0m [36murl[0m=[35m'https://news.google.com/rss/search?q=ED+consolidated+edison+stock+news&hl=en-US&gl=US&ceid'[0m
[2m2026-04-04T16:29:28.208180Z[0m [[32m[1minfo     [0m] [1mparsed                        [0m [36mchannel[0m=[35mgoogle_broad[0m [36mraw[0m=[35m100[0m
[2m2026-04-04T16:29:30.649776Z[0m [[32m[1minfo     [0m] [1mfetch                         [0m [36mstatus[0m=[35m200[0m [36murl[0m=[35m'https://news.google.com/rss/search?q=ED+consolidated+edison+earnings+analysis&hl=en-US&gl='[0m
[2m2026-04-04T16:29:30.684830Z[0m [[32m[1minfo     [0m] [1mparsed                        [0m [36mchannel[0m=[35mgoogle_broad[0m [36mraw[0m=[35m44[0m
[2m2026-04-04T16:29:30.686624Z[0m [[32m[1minfo     [0m] [1mquality_filter                [0m [36minput[0m=[35m174[0m [36mpassed[0m=[35m1[0m
[2m2026-04-04T16:29:30.686899Z[0m [[32m[1minfo     [0m] [1mdedup                         [0m [36mafter[0m=[35m1[0m [36mbefore[0m=[35m1[0m
[2m2026-04-04T16:29:30.687000Z[0m [[32m[1minfo     [0m] [1mfulltext_selection            [0m [36mcandidates[0m=[35m1[0m [36mfiltered[0m=[35m1[0m [36mmode[0m=[35mhigh-value[0m [36mticker[0m=[35mED[0m
[2m2026-04-04T16:29:32.810050Z[0m [[32m[1minfo     [0m] [1mfetch                         [0m [36mstatus[0m=[35m200[0m [36murl[0m=[35mhttps://www.marketbeat.com/instant-alerts/filing-exchange-traded-concepts-llc-cuts-stake-i[0m
[2m2026-04-04T16:29:33.067589Z[0m [[32m[1minfo     [0m] [1mcrawling                      [0m [36mchannel[0m=[35mGoogle->Benzinga[0m [36mtag[0m=[35mgoogle_benzinga[0m
[2m2026-04-04T16:29:35.572485Z[0m [[32m[1minfo     [0m] [1mfetch                         [0m [36mstatus[0m=[35m200[0m [36murl[0m=[35m'https://news.google.com/rss/search?q=EL+estee+lauder+site:benzinga.com&hl=en-US&gl=US&ceid'[0m
[2m2026-04-04T16:29:35.627748Z[0m [[32m[1minfo     [0m] [1mparsed                        [0m [36mchannel[0m=[35mgoogle_benzinga[0m [36mraw[0m=[35m54[0m
[2m2026-04-04T16:29:38.036794Z[0m [[32m[1minfo     [0m] [1mfetch                         [0m [36mstatus[0m=[35m200[0m [36murl[0m=[35m'https://news.google.com/rss/search?q=estee+lauder+site:benzinga.com&hl=en-US&gl=US&ceid=US'[0m
[2m2026-04-04T16:29:38.170785Z[0m [[32m[1minfo     [0m] [1mparsed                        [0m [36mchannel[0m=[35mgoogle_benzinga[0m [36mraw[0m=[35m86[0m
[2m2026-04-04T16:29:38.170948Z[0m [[32m[1minfo     [0m] [1mcrawling                      [0m [36mchannel[0m=[35m'Google News (all)'[0m [36mtag[0m=[35mgoogle_broad[0m
[2m2026-04-04T16:29:40.794165Z[0m [[32m[1minfo     [0m] [1mfetch                         [0m [36mstatus[0m=[35m200[0m [36murl[0m=[35m'https://news.google.com/rss/search?q=EL+estee+lauder+stock+news&hl=en-US&gl=US&ceid=US:en'[0m
[2m2026-04-04T16:29:40.942921Z[0m [[32m[1minfo     [0m] [1mparsed                        [0m [36mchannel[0m=[35mgoogle_broad[0m [36mraw[0m=[35m100[0m
[2m2026-04-04T16:29:43.360434Z[0m [[32m[1minfo     [0m] [1mfetch                         [0m [36mstatus[0m=[35m200[0m [36murl[0m=[35m'https://news.google.com/rss/search?q=EL+estee+lauder+earnings+analysis&hl=en-US&gl=US&ceid'[0m
[2m2026-04-04T16:29:43.419606Z[0m [[32m[1minfo     [0m] [1mparsed                        [0m [36mchannel[0m=[35mgoogle_broad[0m [36mraw[0m=[35m59[0m
[2m2026-04-04T16:29:43.421532Z[0m [[32m[1minfo     [0m] [1mquality_filter                [0m [36minput[0m=[35m299[0m [36mpassed[0m=[35m0[0m
[2m2026-04-04T16:29:43.421681Z[0m [[32m[1minfo     [0m] [1mdedup                         [0m [36mafter[0m=[35m0[0m [36mbefore[0m=[35m0[0m
[2m2026-04-04T16:29:43.421759Z[0m [[32m[1minfo     [0m] [1mfulltext_selection            [0m [36mcandidates[0m=[35m0[0m [36mfiltered[0m=[35m0[0m [36mmode[0m=[35mhigh-value[0m [36mticker[0m=[35mEL[0m
[2m2026-04-04T16:29:43.422541Z[0m [[32m[1minfo     [0m] [1mcrawling                      [0m [36mchannel[0m=[35mGoogle->Benzinga[0m [36mtag[0m=[35mgoogle_benzinga[0m
[2m2026-04-04T16:29:45.829926Z[0m [[32m[1minfo     [0m] [1mfetch                         [0m [36mstatus[0m=[35m200[0m [36murl[0m=[35m'https://news.google.com/rss/search?q=TTWO+site:benzinga.com&hl=en-US&gl=US&ceid=US:en'[0m
[2m2026-04-04T16:29:45.847873Z[0m [[32m[1minfo     [0m] [1mparsed                        [0m [36mchannel[0m=[35mgoogle_benzinga[0m [36mraw[0m=[35m27[0m
[2m2026-04-04T16:29:47.853514Z[0m [[32m[1minfo     [0m] [1mfetch                         [0m [36mstatus[0m=[35m200[0m [36murl[0m=[35m'https://news.google.com/rss/search?q=TTWO+site:benzinga.com&hl=en-US&gl=US&ceid=US:en'[0m
[2m2026-04-04T16:29:47.871386Z[0m [[32m[1minfo     [0m] [1mparsed                        [0m [36mchannel[0m=[35mgoogle_benzinga[0m [36mraw[0m=[35m27[0m
[2m2026-04-04T16:29:47.871543Z[0m [[32m[1minfo     [0m] [1mcrawling                      [0m [36mchannel[0m=[35m'Google News (all)'[0m [36mtag[0m=[35mgoogle_broad[0m
[2m2026-04-04T16:29:50.335305Z[0m [[32m[1minfo     [0m] [1mfetch                         [0m [36mstatus[0m=[35m200[0m [36murl[0m=[35m'https://news.google.com/rss/search?q=TTWO+stock+news&hl=en-US&gl=US&ceid=US:en'[0m
[2m2026-04-04T16:29:50.484737Z[0m [[32m[1minfo     [0m] [1mparsed                        [0m [36mchannel[0m=[35mgoogle_broad[0m [36mraw[0m=[35m100[0m
[2m2026-04-04T16:29:53.000309Z[0m [[32m[1minfo     [0m] [1mfetch                         [0m [36mstatus[0m=[35m200[0m [36murl[0m=[35m'https://news.google.com/rss/search?q=TTWO+earnings+analysis&hl=en-US&gl=US&ceid=US:en'[0m
[2m2026-04-04T16:29:53.139378Z[0m [[32m[1minfo     [0m] [1mparsed                        [0m [36mchannel[0m=[35mgoogle_broad[0m [36mraw[0m=[35m92[0m
[2m2026-04-04T16:29:53.141419Z[0m [[32m[1minfo     [0m] [1mquality_filter                [0m [36minput[0m=[35m246[0m [36mpassed[0m=[35m6[0m
[2m2026-04-04T16:29:53.142259Z[0m [[32m[1minfo     [0m] [1mdedup                         [0m [36mafter[0m=[35m5[0m [36mbefore[0m=[35m6[0m
[2m2026-04-04T16:29:53.142432Z[0m [[32m[1minfo     [0m] [1mfulltext_selection            [0m [36mcandidates[0m=[35m1[0m [36mfiltered[0m=[35m5[0m [36mmode[0m=[35mhigh-value[0m [36mticker[0m=[35mTTWO[0m
[2m2026-04-04T16:29:56.101668Z[0m [[32m[1minfo     [0m] [1mfetch                         [0m [36mstatus[0m=[35m200[0m [36murl[0m=[35mhttps://intellectia.ai/en/stock/TTWO/earnings[0m
[2m2026-04-04T16:29:56.708916Z[0m [[32m[1minfo     [0m] [1mcrawling                      [0m [36mchannel[0m=[35mGoogle->Benzinga[0m [36mtag[0m=[35mgoogle_benzinga[0m
[2m2026-04-04T16:29:59.212496Z[0m [[32m[1minfo     [0m] [1mfetch                         [0m [36mstatus[0m=[35m200[0m [36murl[0m=[35m'https://news.google.com/rss/search?q=CCI+site:benzinga.com&hl=en-US&gl=US&ceid=US:en'[0m
[2m2026-04-04T16:29:59.275317Z[0m [[32m[1minfo     [0m] [1mparsed                        [0m [36mchannel[0m=[35mgoogle_benzinga[0m [36mraw[0m=[35m70[0m
[2m2026-04-04T16:30:01.280801Z[0m [[32m[1minfo     [0m] [1mfetch                         [0m [36mstatus[0m=[35m200[0m [36murl[0m=[35m'https://news.google.com/rss/search?q=CCI+site:benzinga.com&hl=en-US&gl=US&ceid=US:en'[0m
[2m2026-04-04T16:30:01.360802Z[0m [[32m[1minfo     [0m] [1mparsed                        [0m [36mchannel[0m=[35mgoogle_benzinga[0m [36mraw[0m=[35m70[0m
[2m2026-04-04T16:30:01.368922Z[0m [[32m[1minfo     [0m] [1mcrawling                      [0m [36mchannel[0m=[35m'Google News (all)'[0m [36mtag[0m=[35mgoogle_broad[0m
[2m2026-04-04T16:30:03.957797Z[0m [[32m[1minfo     [0m] [1mfetch                         [0m [36mstatus[0m=[35m200[0m [36murl[0m=[35m'https://news.google.com/rss/search?q=CCI+stock+news&hl=en-US&gl=US&ceid=US:en'[0m
[2m2026-04-04T16:30:04.175028Z[0m [[32m[1minfo     [0m] [1mparsed                        [0m [36mchannel[0m=[35mgoogle_broad[0m [36mraw[0m=[35m100[0m
[2m2026-04-04T16:30:06.686610Z[0m [[32m[1minfo     [0m] [1mfetch                         [0m [36mstatus[0m=[35m200[0m [36murl[0m=[35m'https://news.google.com/rss/search?q=CCI+earnings+analysis&hl=en-US&gl=US&ceid=US:en'[0m
[2m2026-04-04T16:30:06.744605Z[0m [[32m[1minfo     [0m] [1mparsed                        [0m [36mchannel[0m=[35mgoogle_broad[0m [36mraw[0m=[35m62[0m
[2m2026-04-04T16:30:06.746530Z[0m [[32m[1minfo     [0m] [1mquality_filter                [0m [36minput[0m=[35m302[0m [36mpassed[0m=[35m5[0m
[2m2026-04-04T16:30:06.747161Z[0m [[32m[1minfo     [0m] [1mdedup                         [0m [36mafter[0m=[35m3[0m [36mbefore[0m=[35m5[0m
[2m2026-04-04T16:30:06.747319Z[0m [[32m[1minfo     [0m] [1mfulltext_selection            [0m [36mcandidates[0m=[35m0[0m [36mfiltered[0m=[35m3[0m [36mmode[0m=[35mhigh-value[0m [36mticker[0m=[35mCCI[0m
[2m2026-04-04T16:30:06.748057Z[0m [[32m[1minfo     [0m] [1mcrawling                      [0m [36mchannel[0m=[35mGoogle->Benzinga[0m [36mtag[0m=[35mgoogle_benzinga[0m
[2m2026-04-04T16:30:09.741928Z[0m [[32m[1minfo     [0m] [1mfetch                         [0m [36mstatus[0m=[35m200[0m [36murl[0m=[35m'https://news.google.com/rss/search?q=HIG+site:benzinga.com&hl=en-US&gl=US&ceid=US:en'[0m
[2m2026-04-04T16:30:09.759790Z[0m [[32m[1minfo     [0m] [1mparsed                        [0m [36mchannel[0m=[35mgoogle_benzinga[0m [36mraw[0m=[35m28[0m
[2m2026-04-04T16:30:11.765290Z[0m [[32m[1minfo     [0m] [1mfetch                         [0m [36mstatus[0m=[35m200[0m [36murl[0m=[35m'https://news.google.com/rss/search?q=HIG+site:benzinga.com&hl=en-US&gl=US&ceid=US:en'[0m
[2m2026-04-04T16:30:11.783007Z[0m [[32m[1minfo     [0m] [1mparsed                        [0m [36mchannel[0m=[35mgoogle_benzinga[0m [36mraw[0m=[35m28[0m
[2m2026-04-04T16:30:11.783162Z[0m [[32m[1minfo     [0m] [1mcrawling                      [0m [36mchannel[0m=[35m'Google News (all)'[0m [36mtag[0m=[35mgoogle_broad[0m
[2m2026-04-04T16:30:14.294252Z[0m [[32m[1minfo     [0m] [1mfetch                         [0m [36mstatus[0m=[35m200[0m [36murl[0m=[35m'https://news.google.com/rss/search?q=HIG+stock+news&hl=en-US&gl=US&ceid=US:en'[0m
[2m2026-04-04T16:30:14.414018Z[0m [[32m[1minfo     [0m] [1mparsed                        [0m [36mchannel[0m=[35mgoogle_broad[0m [36mraw[0m=[35m77[0m
[2m2026-04-04T16:30:16.965120Z[0m [[32m[1minfo     [0m] [1mfetch                         [0m [36mstatus[0m=[35m200[0m [36murl[0m=[35m'https://news.google.com/rss/search?q=HIG+earnings+analysis&hl=en-US&gl=US&ceid=US:en'[0m
[2m2026-04-04T16:30:17.088287Z[0m [[32m[1minfo     [0m] [1mparsed                        [0m [36mchannel[0m=[35mgoogle_broad[0m [36mraw[0m=[35m75[0m
[2m2026-04-04T16:30:17.089593Z[0m [[32m[1minfo     [0m] [1mquality_filter                [0m [36minput[0m=[35m208[0m [36mpassed[0m=[35m0[0m
[2m2026-04-04T16:30:17.089779Z[0m [[32m[1minfo     [0m] [1mdedup                         [0m [36mafter[0m=[35m0[0m [36mbefore[0m=[35m0[0m
[2m2026-04-04T16:30:17.089893Z[0m [[32m[1minfo     [0m] [1mfulltext_selection            [0m [36mcandidates[0m=[35m0[0m [36mfiltered[0m=[35m0[0m [36mmode[0m=[35mhigh-value[0m [36mticker[0m=[35mHIG[0m
[2m2026-04-04T16:30:17.090628Z[0m [[32m[1minfo     [0m] [1mcrawling                      [0m [36mchannel[0m=[35mGoogle->Benzinga[0m [36mtag[0m=[35mgoogle_benzinga[0m
[2m2026-04-04T16:30:19.537906Z[0m [[32m[1minfo     [0m] [1mfetch                         [0m [36mstatus[0m=[35m200[0m [36murl[0m=[35m'https://news.google.com/rss/search?q=GEHC+site:benzinga.com&hl=en-US&gl=US&ceid=US:en'[0m
[2m2026-04-04T16:30:19.556051Z[0m [[32m[1minfo     [0m] [1mparsed                        [0m [36mchannel[0m=[35mgoogle_benzinga[0m [36mraw[0m=[35m28[0m
[2m2026-04-04T16:30:21.561280Z[0m [[32m[1minfo     [0m] [1mfetch                         [0m [36mstatus[0m=[35m200[0m [36murl[0m=[35m'https://news.google.com/rss/search?q=GEHC+site:benzinga.com&hl=en-US&gl=US&ceid=US:en'[0m
[2m2026-04-04T16:30:21.579380Z[0m [[32m[1minfo     [0m] [1mparsed                        [0m [36mchannel[0m=[35mgoogle_benzinga[0m [36mraw[0m=[35m28[0m
[2m2026-04-04T16:30:21.579540Z[0m [[32m[1minfo     [0m] [1mcrawling                      [0m [36mchannel[0m=[35m'Google News (all)'[0m [36mtag[0m=[35mgoogle_broad[0m
[2m2026-04-04T16:30:24.131583Z[0m [[32m[1minfo     [0m] [1mfetch                         [0m [36mstatus[0m=[35m200[0m [36murl[0m=[35m'https://news.google.com/rss/search?q=GEHC+stock+news&hl=en-US&gl=US&ceid=US:en'[0m
[2m2026-04-04T16:30:24.281750Z[0m [[32m[1minfo     [0m] [1mparsed                        [0m [36mchannel[0m=[35mgoogle_broad[0m [36mraw[0m=[35m100[0m
[2m2026-04-04T16:30:26.701691Z[0m [[32m[1minfo     [0m] [1mfetch                         [0m [36mstatus[0m=[35m200[0m [36murl[0m=[35m'https://news.google.com/rss/search?q=GEHC+earnings+analysis&hl=en-US&gl=US&ceid=US:en'[0m
[2m2026-04-04T16:30:26.747396Z[0m [[32m[1minfo     [0m] [1mparsed                        [0m [36mchannel[0m=[35mgoogle_broad[0m [36mraw[0m=[35m51[0m
[2m2026-04-04T16:30:26.748810Z[0m [[32m[1minfo     [0m] [1mquality_filter                [0m [36minput[0m=[35m207[0m [36mpassed[0m=[35m2[0m
[2m2026-04-04T16:30:26.749198Z[0m [[32m[1minfo     [0m] [1mdedup                         [0m [36mafter[0m=[35m2[0m [36mbefore[0m=[35m2[0m
[2m2026-04-04T16:30:26.749344Z[0m [[32m[1minfo     [0m] [1mfulltext_selection            [0m [36mcandidates[0m=[35m1[0m [36mfiltered[0m=[35m2[0m [36mmode[0m=[35mhigh-value[0m [36mticker[0m=[35mGEHC[0m
[2m2026-04-04T16:30:28.766731Z[0m [[32m[1minfo     [0m] [1mfetch                         [0m [36mstatus[0m=[35m200[0m [36murl[0m=[35mhttps://www.marketbeat.com/instant-alerts/filing-perpetual-ltd-buys-shares-of-459112-ge-he[0m
[2m2026-04-04T16:30:29.107920Z[0m [[32m[1minfo     [0m] [1mcrawling                      [0m [36mchannel[0m=[35mGoogle->Benzinga[0m [36mtag[0m=[35mgoogle_benzinga[0m
[2m2026-04-04T16:30:31.585876Z[0m [[32m[1minfo     [0m] [1mfetch                         [0m [36mstatus[0m=[35m200[0m [36murl[0m=[35m'https://news.google.com/rss/search?q=LVS+site:benzinga.com&hl=en-US&gl=US&ceid=US:en'[0m
[2m2026-04-04T16:30:31.639990Z[0m [[32m[1minfo     [0m] [1mparsed                        [0m [36mchannel[0m=[35mgoogle_benzinga[0m [36mraw[0m=[35m57[0m
[2m2026-04-04T16:30:33.645369Z[0m [[32m[1minfo     [0m] [1mfetch                         [0m [36mstatus[0m=[35m200[0m [36murl[0m=[35m'https://news.google.com/rss/search?q=LVS+site:benzinga.com&hl=en-US&gl=US&ceid=US:en'[0m
[2m2026-04-04T16:30:33.680030Z[0m [[32m[1minfo     [0m] [1mparsed                        [0m [36mchannel[0m=[35mgoogle_benzinga[0m [36mraw[0m=[35m57[0m
[2m2026-04-04T16:30:33.680199Z[0m [[32m[1minfo     [0m] [1mcrawling                      [0m [36mchannel[0m=[35m'Google News (all)'[0m [36mtag[0m=[35mgoogle_broad[0m
[2m2026-04-04T16:30:36.225980Z[0m [[32m[1minfo     [0m] [1mfetch                         [0m [36mstatus[0m=[35m200[0m [36murl[0m=[35m'https://news.google.com/rss/search?q=LVS+stock+news&hl=en-US&gl=US&ceid=US:en'[0m
[2m2026-04-04T16:30:36.369511Z[0m [[32m[1minfo     [0m] [1mparsed                        [0m [36mchannel[0m=[35mgoogle_broad[0m [36mraw[0m=[35m100[0m
[2m2026-04-04T16:30:38.819358Z[0m [[32m[1minfo     [0m] [1mfetch                         [0m [36mstatus[0m=[35m200[0m [36murl[0m=[35m'https://news.google.com/rss/search?q=LVS+earnings+analysis&hl=en-US&gl=US&ceid=US:en'[0m
[2m2026-04-04T16:30:38.862117Z[0m [[32m[1minfo     [0m] [1mparsed                        [0m [36mchannel[0m=[35mgoogle_broad[0m [36mraw[0m=[35m47[0m
[2m2026-04-04T16:30:38.863485Z[0m [[32m[1minfo     [0m] [1mquality_filter                [0m [36minput[0m=[35m261[0m [36mpassed[0m=[35m1[0m
[2m2026-04-04T16:30:38.863758Z[0m [[32m[1minfo     [0m] [1mdedup                         [0m [36mafter[0m=[35m1[0m [36mbefore[0m=[35m1[0m
[2m2026-04-04T16:30:38.863848Z[0m [[32m[1minfo     [0m] [1mfulltext_selection            [0m [36mcandidates[0m=[35m1[0m [36mfiltered[0m=[35m1[0m [36mmode[0m=[35mhigh-value[0m [36mticker[0m=[35mLVS[0m
[2m2026-04-04T16:30:42.510100Z[0m [[32m[1minfo     [0m] [1mfetch                         [0m [36mstatus[0m=[35m200[0m [36murl[0m=[35mhttps://www.sharewise.com/de/news_articles/Will_Las_Vegas_Sands_LVS_Beat_Estimates_Again_i[0m
[2m2026-04-04T16:30:42.714066Z[0m [[32m[1minfo     [0m] [1mcrawling                      [0m [36mchannel[0m=[35mGoogle->Benzinga[0m [36mtag[0m=[35mgoogle_benzinga[0m
[2m2026-04-04T16:30:45.163983Z[0m [[32m[1minfo     [0m] [1mfetch                         [0m [36mstatus[0m=[35m200[0m [36murl[0m=[35m'https://news.google.com/rss/search?q=LYV+site:benzinga.com&hl=en-US&gl=US&ceid=US:en'[0m
[2m2026-04-04T16:30:45.206738Z[0m [[32m[1minfo     [0m] [1mparsed                        [0m [36mchannel[0m=[35mgoogle_benzinga[0m [36mraw[0m=[35m47[0m
[2m2026-04-04T16:30:47.212036Z[0m [[32m[1minfo     [0m] [1mfetch                         [0m [36mstatus[0m=[35m200[0m [36murl[0m=[35m'https://news.google.com/rss/search?q=LYV+site:benzinga.com&hl=en-US&gl=US&ceid=US:en'[0m
[2m2026-04-04T16:30:47.241767Z[0m [[32m[1minfo     [0m] [1mparsed                        [0m [36mchannel[0m=[35mgoogle_benzinga[0m [36mraw[0m=[35m47[0m
[2m2026-04-04T16:30:47.241929Z[0m [[32m[1minfo     [0m] [1mcrawling                      [0m [36mchannel[0m=[35m'Google News (all)'[0m [36mtag[0m=[35mgoogle_broad[0m
[2m2026-04-04T16:30:49.709289Z[0m [[32m[1minfo     [0m] [1mfetch                         [0m [36mstatus[0m=[35m200[0m [36murl[0m=[35m'https://news.google.com/rss/search?q=LYV+stock+news&hl=en-US&gl=US&ceid=US:en'[0m
[2m2026-04-04T16:30:49.771096Z[0m [[32m[1minfo     [0m] [1mparsed                        [0m [36mchannel[0m=[35mgoogle_broad[0m [36mraw[0m=[35m68[0m
[2m2026-04-04T16:30:52.297694Z[0m [[32m[1minfo     [0m] [1mfetch                         [0m [36mstatus[0m=[35m200[0m [36murl[0m=[35m'https://news.google.com/rss/search?q=LYV+earnings+analysis&hl=en-US&gl=US&ceid=US:en'[0m
[2m2026-04-04T16:30:52.341456Z[0m [[32m[1minfo     [0m] [1mparsed                        [0m [36mchannel[0m=[35mgoogle_broad[0m [36mraw[0m=[35m48[0m
[2m2026-04-04T16:30:52.342832Z[0m [[32m[1minfo     [0m] [1mquality_filter                [0m [36minput[0m=[35m210[0m [36mpassed[0m=[35m2[0m
[2m2026-04-04T16:30:52.343229Z[0m [[32m[1minfo     [0m] [1mdedup                         [0m [36mafter[0m=[35m2[0m [36mbefore[0m=[35m2[0m
[2m2026-04-04T16:30:52.343356Z[0m [[32m[1minfo     [0m] [1mfulltext_selection            [0m [36mcandidates[0m=[35m1[0m [36mfiltered[0m=[35m2[0m [36mmode[0m=[35mhigh-value[0m [36mticker[0m=[35mLYV[0m
[2m2026-04-04T16:30:54.224690Z[0m [[32m[1minfo     [0m] [1mfetch                         [0m [36mstatus[0m=[35m403[0m [36murl[0m=[35mhttps://www.gurufocus.com/news/8768419/live-nation-entertainment-lyv-wells-fargo-lowers-pr[0m
[2m2026-04-04T16:30:54.426847Z[0m [[32m[1minfo     [0m] [1mcrawling                      [0m [36mchannel[0m=[35mGoogle->Benzinga[0m [36mtag[0m=[35mgoogle_benzinga[0m
[2m2026-04-04T16:30:56.844955Z[0m [[32m[1minfo     [0m] [1mfetch                         [0m [36mstatus[0m=[35m200[0m [36murl[0m=[35m'https://news.google.com/rss/search?q=RMD+site:benzinga.com&hl=en-US&gl=US&ceid=US:en'[0m
[2m2026-04-04T16:30:56.867348Z[0m [[32m[1minfo     [0m] [1mparsed                        [0m [36mchannel[0m=[35mgoogle_benzinga[0m [36mraw[0m=[35m26[0m
[2m2026-04-04T16:30:58.872717Z[0m [[32m[1minfo     [0m] [1mfetch                         [0m [36mstatus[0m=[35m200[0m [36murl[0m=[35m'https://news.google.com/rss/search?q=RMD+site:benzinga.com&hl=en-US&gl=US&ceid=US:en'[0m
[2m2026-04-04T16:30:58.889466Z[0m [[32m[1minfo     [0m] [1mparsed                        [0m [36mchannel[0m=[35mgoogle_benzinga[0m [36mraw[0m=[35m26[0m
[2m2026-04-04T16:30:58.889628Z[0m [[32m[1minfo     [0m] [1mcrawling                      [0m [36mchannel[0m=[35m'Google News (all)'[0m [36mtag[0m=[35mgoogle_broad[0m
[2m2026-04-04T16:31:01.347617Z[0m [[32m[1minfo     [0m] [1mfetch                         [0m [36mstatus[0m=[35m200[0m [36murl[0m=[35m'https://news.google.com/rss/search?q=RMD+stock+news&hl=en-US&gl=US&ceid=US:en'[0m
[2m2026-04-04T16:31:01.500576Z[0m [[32m[1minfo     [0m] [1mparsed                        [0m [36mchannel[0m=[35mgoogle_broad[0m [36mraw[0m=[35m79[0m
[2m2026-04-04T16:31:03.911976Z[0m [[32m[1minfo     [0m] [1mfetch                         [0m [36mstatus[0m=[35m200[0m [36murl[0m=[35m'https://news.google.com/rss/search?q=RMD+earnings+analysis&hl=en-US&gl=US&ceid=US:en'[0m
[2m2026-04-04T16:31:03.957615Z[0m [[32m[1minfo     [0m] [1mparsed                        [0m [36mchannel[0m=[35mgoogle_broad[0m [36mraw[0m=[35m51[0m
[2m2026-04-04T16:31:03.959574Z[0m [[32m[1minfo     [0m] [1mquality_filter                [0m [36minput[0m=[35m182[0m [36mpassed[0m=[35m4[0m
[2m2026-04-04T16:31:03.960129Z[0m [[32m[1minfo     [0m] [1mdedup                         [0m [36mafter[0m=[35m4[0m [36mbefore[0m=[35m4[0m
[2m2026-04-04T16:31:03.960282Z[0m [[32m[1minfo     [0m] [1mfulltext_selection            [0m [36mcandidates[0m=[35m2[0m [36mfiltered[0m=[35m4[0m [36mmode[0m=[35mhigh-value[0m [36mticker[0m=[35mRMD[0m
[2m2026-04-04T16:31:06.160085Z[0m [[32m[1minfo     [0m] [1mfetch                         [0m [36mstatus[0m=[35m200[0m [36murl[0m=[35mhttps://www.stocktitan.net/sec-filings/RMD/form-4-resmed-inc-insider-trading-activity-1428[0m
[2m2026-04-04T16:31:06.840918Z[0m [[32m[1minfo     [0m] [1mfetch                         [0m [36mstatus[0m=[35m200[0m [36murl[0m=[35mhttps://intellectia.ai/en/stock/RMD/earnings[0m
[2m2026-04-04T16:31:07.451630Z[0m [[32m[1minfo     [0m] [1mcrawling                      [0m [36mchannel[0m=[35mGoogle->Benzinga[0m [36mtag[0m=[35mgoogle_benzinga[0m
[2m2026-04-04T16:31:09.873170Z[0m [[32m[1minfo     [0m] [1mfetch                         [0m [36mstatus[0m=[35m200[0m [36murl[0m=[35m'https://news.google.com/rss/search?q=ROP+site:benzinga.com&hl=en-US&gl=US&ceid=US:en'[0m
[2m2026-04-04T16:31:09.882713Z[0m [[32m[1minfo     [0m] [1mparsed                        [0m [36mchannel[0m=[35mgoogle_benzinga[0m [36mraw[0m=[35m13[0m
[2m2026-04-04T16:31:11.887690Z[0m [[32m[1minfo     [0m] [1mfetch                         [0m [36mstatus[0m=[35m200[0m [36murl[0m=[35m'https://news.google.com/rss/search?q=ROP+site:benzinga.com&hl=en-US&gl=US&ceid=US:en'[0m
[2m2026-04-04T16:31:11.898261Z[0m [[32m[1minfo     [0m] [1mparsed                        [0m [36mchannel[0m=[35mgoogle_benzinga[0m [36mraw[0m=[35m13[0m
[2m2026-04-04T16:31:11.898416Z[0m [[32m[1minfo     [0m] [1mcrawling                      [0m [36mchannel[0m=[35m'Google News (all)'[0m [36mtag[0m=[35mgoogle_broad[0m
[2m2026-04-04T16:31:14.438875Z[0m [[32m[1minfo     [0m] [1mfetch                         [0m [36mstatus[0m=[35m200[0m [36murl[0m=[35m'https://news.google.com/rss/search?q=ROP+stock+news&hl=en-US&gl=US&ceid=US:en'[0m
[2m2026-04-04T16:31:14.565800Z[0m [[32m[1minfo     [0m] [1mparsed                        [0m [36mchannel[0m=[35mgoogle_broad[0m [36mraw[0m=[35m83[0m
[2m2026-04-04T16:31:17.053280Z[0m [[32m[1minfo     [0m] [1mfetch                         [0m [36mstatus[0m=[35m200[0m [36murl[0m=[35m'https://news.google.com/rss/search?q=ROP+earnings+analysis&hl=en-US&gl=US&ceid=US:en'[0m
[2m2026-04-04T16:31:17.172569Z[0m [[32m[1minfo     [0m] [1mparsed                        [0m [36mchannel[0m=[35mgoogle_broad[0m [36mraw[0m=[35m71[0m
[2m2026-04-04T16:31:17.173804Z[0m [[32m[1minfo     [0m] [1mquality_filter                [0m [36minput[0m=[35m180[0m [36mpassed[0m=[35m1[0m
[2m2026-04-04T16:31:17.174030Z[0m [[32m[1minfo     [0m] [1mdedup                         [0m [36mafter[0m=[35m1[0m [36mbefore[0m=[35m1[0m
[2m2026-04-04T16:31:17.174122Z[0m [[32m[1minfo     [0m] [1mfulltext_selection            [0m [36mcandidates[0m=[35m1[0m [36mfiltered[0m=[35m1[0m [36mmode[0m=[35mhigh-value[0m [36mticker[0m=[35mROP[0m
[2m2026-04-04T16:31:19.739523Z[0m [[32m[1minfo     [0m] [1mfetch                         [0m [36mstatus[0m=[35m200[0m [36murl[0m=[35mhttps://www.insidermonkey.com/blog/barclays-maintains-sell-rating-on-roper-technologies-ro[0m
[2m2026-04-04T16:31:19.944724Z[0m [[32m[1minfo     [0m] [1mcrawling                      [0m [36mchannel[0m=[35mGoogle->Benzinga[0m [36mtag[0m=[35mgoogle_benzinga[0m
[2m2026-04-04T16:31:22.346887Z[0m [[32m[1minfo     [0m] [1mfetch                         [0m [36mstatus[0m=[35m200[0m [36murl[0m=[35m'https://news.google.com/rss/search?q=KMB+site:benzinga.com&hl=en-US&gl=US&ceid=US:en'[0m
[2m2026-04-04T16:31:22.360676Z[0m [[32m[1minfo     [0m] [1mparsed                        [0m [36mchannel[0m=[35mgoogle_benzinga[0m [36mraw[0m=[35m20[0m
[2m2026-04-04T16:31:24.365718Z[0m [[32m[1minfo     [0m] [1mfetch                         [0m [36mstatus[0m=[35m200[0m [36murl[0m=[35m'https://news.google.com/rss/search?q=KMB+site:benzinga.com&hl=en-US&gl=US&ceid=US:en'[0m
[2m2026-04-04T16:31:24.379456Z[0m [[32m[1minfo     [0m] [1mparsed                        [0m [36mchannel[0m=[35mgoogle_benzinga[0m [36mraw[0m=[35m20[0m
[2m2026-04-04T16:31:24.379612Z[0m [[32m[1minfo     [0m] [1mcrawling                      [0m [36mchannel[0m=[35m'Google News (all)'[0m [36mtag[0m=[35mgoogle_broad[0m
[2m2026-04-04T16:31:27.008851Z[0m [[32m[1minfo     [0m] [1mfetch                         [0m [36mstatus[0m=[35m200[0m [36murl[0m=[35m'https://news.google.com/rss/search?q=KMB+stock+news&hl=en-US&gl=US&ceid=US:en'[0m
[2m2026-04-04T16:31:27.153513Z[0m [[32m[1minfo     [0m] [1mparsed                        [0m [36mchannel[0m=[35mgoogle_broad[0m [36mraw[0m=[35m100[0m
[2m2026-04-04T16:31:29.556511Z[0m [[32m[1minfo     [0m] [1mfetch                         [0m [36mstatus[0m=[35m200[0m [36murl[0m=[35m'https://news.google.com/rss/search?q=KMB+earnings+analysis&hl=en-US&gl=US&ceid=US:en'[0m
[2m2026-04-04T16:31:29.598001Z[0m [[32m[1minfo     [0m] [1mparsed                        [0m [36mchannel[0m=[35mgoogle_broad[0m [36mraw[0m=[35m45[0m
[2m2026-04-04T16:31:29.599418Z[0m [[32m[1minfo     [0m] [1mquality_filter                [0m [36minput[0m=[35m185[0m [36mpassed[0m=[35m2[0m
[2m2026-04-04T16:31:29.599812Z[0m [[32m[1minfo     [0m] [1mdedup                         [0m [36mafter[0m=[35m2[0m [36mbefore[0m=[35m2[0m
[2m2026-04-04T16:31:29.599946Z[0m [[32m[1minfo     [0m] [1mfulltext_selection            [0m [36mcandidates[0m=[35m0[0m [36mfiltered[0m=[35m2[0m [36mmode[0m=[35mhigh-value[0m [36mticker[0m=[35mKMB[0m
[2m2026-04-04T16:31:29.600689Z[0m [[32m[1minfo     [0m] [1mcrawling                      [0m [36mchannel[0m=[35mGoogle->Benzinga[0m [36mtag[0m=[35mgoogle_benzinga[0m
[2m2026-04-04T16:31:32.463124Z[0m [[32m[1minfo     [0m] [1mfetch                         [0m [36mstatus[0m=[35m200[0m [36murl[0m=[35m'https://news.google.com/rss/search?q=CPRT+site:benzinga.com&hl=en-US&gl=US&ceid=US:en'[0m
[2m2026-04-04T16:31:32.478922Z[0m [[32m[1minfo     [0m] [1mparsed                        [0m [36mchannel[0m=[35mgoogle_benzinga[0m [36mraw[0m=[35m20[0m
[2m2026-04-04T16:31:34.484672Z[0m [[32m[1minfo     [0m] [1mfetch                         [0m [36mstatus[0m=[35m200[0m [36murl[0m=[35m'https://news.google.com/rss/search?q=CPRT+site:benzinga.com&hl=en-US&gl=US&ceid=US:en'[0m
[2m2026-04-04T16:31:34.497981Z[0m [[32m[1minfo     [0m] [1mparsed                        [0m [36mchannel[0m=[35mgoogle_benzinga[0m [36mraw[0m=[35m20[0m
[2m2026-04-04T16:31:34.498137Z[0m [[32m[1minfo     [0m] [1mcrawling                      [0m [36mchannel[0m=[35m'Google News (all)'[0m [36mtag[0m=[35mgoogle_broad[0m
[2m2026-04-04T16:31:36.980258Z[0m [[32m[1minfo     [0m] [1mfetch                         [0m [36mstatus[0m=[35m200[0m [36murl[0m=[35m'https://news.google.com/rss/search?q=CPRT+stock+news&hl=en-US&gl=US&ceid=US:en'[0m
[2m2026-04-04T16:31:37.123926Z[0m [[32m[1minfo     [0m] [1mparsed                        [0m [36mchannel[0m=[35mgoogle_broad[0m [36mraw[0m=[35m100[0m
[2m2026-04-04T16:31:39.515687Z[0m [[32m[1minfo     [0m] [1mfetch                         [0m [36mstatus[0m=[35m200[0m [36murl[0m=[35m'https://news.google.com/rss/search?q=CPRT+earnings+analysis&hl=en-US&gl=US&ceid=US:en'[0m
[2m2026-04-04T16:31:39.543488Z[0m [[32m[1minfo     [0m] [1mparsed                        [0m [36mchannel[0m=[35mgoogle_broad[0m [36mraw[0m=[35m34[0m
[2m2026-04-04T16:31:39.544655Z[0m [[32m[1minfo     [0m] [1mquality_filter                [0m [36minput[0m=[35m174[0m [36mpassed[0m=[35m1[0m
[2m2026-04-04T16:31:39.544892Z[0m [[32m[1minfo     [0m] [1mdedup                         [0m [36mafter[0m=[35m1[0m [36mbefore[0m=[35m1[0m
[2m2026-04-04T16:31:39.544991Z[0m [[32m[1minfo     [0m] [1mfulltext_selection            [0m [36mcandidates[0m=[35m0[0m [36mfiltered[0m=[35m1[0m [36mmode[0m=[35mhigh-value[0m [36mticker[0m=[35mCPRT[0m
[2m2026-04-04T16:31:39.545740Z[0m [[32m[1minfo     [0m] [1mcrawling                      [0m [36mchannel[0m=[35mGoogle->Benzinga[0m [36mtag[0m=[35mgoogle_benzinga[0m
[2m2026-04-04T16:31:41.959688Z[0m [[32m[1minfo     [0m] [1mfetch                         [0m [36mstatus[0m=[35m200[0m [36murl[0m=[35m'https://news.google.com/rss/search?q=IR+ingersoll+rand+site:benzinga.com&hl=en-US&gl=US&ce'[0m
[2m2026-04-04T16:31:41.966237Z[0m [[32m[1minfo     [0m] [1mparsed                        [0m [36mchannel[0m=[35mgoogle_benzinga[0m [36mraw[0m=[35m8[0m
[2m2026-04-04T16:31:44.310101Z[0m [[32m[1minfo     [0m] [1mfetch                         [0m [36mstatus[0m=[35m200[0m [36murl[0m=[35m'https://news.google.com/rss/search?q=ingersoll+rand+site:benzinga.com&hl=en-US&gl=US&ceid='[0m
[2m2026-04-04T16:31:44.325102Z[0m [[32m[1minfo     [0m] [1mparsed                        [0m [36mchannel[0m=[35mgoogle_benzinga[0m [36mraw[0m=[35m23[0m
[2m2026-04-04T16:31:44.325280Z[0m [[32m[1minfo     [0m] [1mcrawling                      [0m [36mchannel[0m=[35m'Google News (all)'[0m [36mtag[0m=[35mgoogle_broad[0m
[2m2026-04-04T16:31:46.877252Z[0m [[32m[1minfo     [0m] [1mfetch                         [0m [36mstatus[0m=[35m200[0m [36murl[0m=[35m'https://news.google.com/rss/search?q=IR+ingersoll+rand+stock+news&hl=en-US&gl=US&ceid=US:e'[0m
[2m2026-04-04T16:31:47.005142Z[0m [[32m[1minfo     [0m] [1mparsed                        [0m [36mchannel[0m=[35mgoogle_broad[0m [36mraw[0m=[35m83[0m
[2m2026-04-04T16:31:49.392261Z[0m [[32m[1minfo     [0m] [1mfetch                         [0m [36mstatus[0m=[35m200[0m [36murl[0m=[35m'https://news.google.com/rss/search?q=IR+ingersoll+rand+earnings+analysis&hl=en-US&gl=US&ce'[0m
[2m2026-04-04T16:31:49.419376Z[0m [[32m[1minfo     [0m] [1mparsed                        [0m [36mchannel[0m=[35mgoogle_broad[0m [36mraw[0m=[35m33[0m
[2m2026-04-04T16:31:49.421524Z[0m [[32m[1minfo     [0m] [1mquality_filter                [0m [36minput[0m=[35m147[0m [36mpassed[0m=[35m3[0m
[2m2026-04-04T16:31:49.422085Z[0m [[32m[1minfo     [0m] [1mdedup                         [0m [36mafter[0m=[35m2[0m [36mbefore[0m=[35m3[0m
[2m2026-04-04T16:31:49.422196Z[0m [[32m[1minfo     [0m] [1mfulltext_selection            [0m [36mcandidates[0m=[35m1[0m [36mfiltered[0m=[35m2[0m [36mmode[0m=[35mhigh-value[0m [36mticker[0m=[35mIR[0m
[2m2026-04-04T16:31:53.465278Z[0m [[31m[1merror    [0m] [1mfetch_error                   [0m [36merror[0m=[35m'400, message=\'Got more than 8190 bytes when reading: b"connect-src \\\'self\\\' wss:'[0m [36murl[0m=[35mhttps://finance.yahoo.com/markets/stocks/articles/q4-earnings-highs-lo[0m
[2m2026-04-04T16:31:53.667249Z[0m [[32m[1minfo     [0m] [1mcrawling                      [0m [36mchannel[0m=[35mGoogle->Benzinga[0m [36mtag[0m=[35mgoogle_benzinga[0m
[2m2026-04-04T16:31:56.534089Z[0m [[32m[1minfo     [0m] [1mfetch                         [0m [36mstatus[0m=[35m200[0m [36murl[0m=[35m'https://news.google.com/rss/search?q=KVUE+site:benzinga.com&hl=en-US&gl=US&ceid=US:en'[0m
[2m2026-04-04T16:31:56.549367Z[0m [[32m[1minfo     [0m] [1mparsed                        [0m [36mchannel[0m=[35mgoogle_benzinga[0m [36mraw[0m=[35m23[0m
[2m2026-04-04T16:31:58.554459Z[0m [[32m[1minfo     [0m] [1mfetch                         [0m [36mstatus[0m=[35m200[0m [36murl[0m=[35m'https://news.google.com/rss/search?q=KVUE+site:benzinga.com&hl=en-US&gl=US&ceid=US:en'[0m
[2m2026-04-04T16:31:58.569971Z[0m [[32m[1minfo     [0m] [1mparsed                        [0m [36mchannel[0m=[35mgoogle_benzinga[0m [36mraw[0m=[35m23[0m
[2m2026-04-04T16:31:58.570129Z[0m [[32m[1minfo     [0m] [1mcrawling                      [0m [36mchannel[0m=[35m'Google News (all)'[0m [36mtag[0m=[35mgoogle_broad[0m
[2m2026-04-04T16:32:01.145947Z[0m [[32m[1minfo     [0m] [1mfetch                         [0m [36mstatus[0m=[35m200[0m [36murl[0m=[35m'https://news.google.com/rss/search?q=KVUE+stock+news&hl=en-US&gl=US&ceid=US:en'[0m
[2m2026-04-04T16:32:01.307500Z[0m [[32m[1minfo     [0m] [1mparsed                        [0m [36mchannel[0m=[35mgoogle_broad[0m [36mraw[0m=[35m100[0m
[2m2026-04-04T16:32:03.722295Z[0m [[32m[1minfo     [0m] [1mfetch                         [0m [36mstatus[0m=[35m200[0m [36murl[0m=[35m'https://news.google.com/rss/search?q=KVUE+earnings+analysis&hl=en-US&gl=US&ceid=US:en'[0m
[2m2026-04-04T16:32:03.767965Z[0m [[32m[1minfo     [0m] [1mparsed                        [0m [36mchannel[0m=[35mgoogle_broad[0m [36mraw[0m=[35m52[0m
[2m2026-04-04T16:32:03.769608Z[0m [[32m[1minfo     [0m] [1mquality_filter                [0m [36minput[0m=[35m198[0m [36mpassed[0m=[35m2[0m
[2m2026-04-04T16:32:03.769973Z[0m [[32m[1minfo     [0m] [1mdedup                         [0m [36mafter[0m=[35m2[0m [36mbefore[0m=[35m2[0m
[2m2026-04-04T16:32:03.770094Z[0m [[32m[1minfo     [0m] [1mfulltext_selection            [0m [36mcandidates[0m=[35m0[0m [36mfiltered[0m=[35m2[0m [36mmode[0m=[35mhigh-value[0m [36mticker[0m=[35mKVUE[0m
[2m2026-04-04T16:32:03.770842Z[0m [[32m[1minfo     [0m] [1mcrawling                      [0m [36mchannel[0m=[35mGoogle->Benzinga[0m [36mtag[0m=[35mgoogle_benzinga[0m
[2m2026-04-04T16:32:06.293742Z[0m [[32m[1minfo     [0m] [1mfetch                         [0m [36mstatus[0m=[35m200[0m [36murl[0m=[35m'https://news.google.com/rss/search?q=TPL+site:benzinga.com&hl=en-US&gl=US&ceid=US:en'[0m
[2m2026-04-04T16:32:06.316033Z[0m [[32m[1minfo     [0m] [1mparsed                        [0m [36mchannel[0m=[35mgoogle_benzinga[0m [36mraw[0m=[35m35[0m
[2m2026-04-04T16:32:08.321159Z[0m [[32m[1minfo     [0m] [1mfetch                         [0m [36mstatus[0m=[35m200[0m [36murl[0m=[35m'https://news.google.com/rss/search?q=TPL+site:benzinga.com&hl=en-US&gl=US&ceid=US:en'[0m
[2m2026-04-04T16:32:08.343022Z[0m [[32m[1minfo     [0m] [1mparsed                        [0m [36mchannel[0m=[35mgoogle_benzinga[0m [36mraw[0m=[35m35[0m
[2m2026-04-04T16:32:08.343182Z[0m [[32m[1minfo     [0m] [1mcrawling                      [0m [36mchannel[0m=[35m'Google News (all)'[0m [36mtag[0m=[35mgoogle_broad[0m
[2m2026-04-04T16:32:10.878932Z[0m [[32m[1minfo     [0m] [1mfetch                         [0m [36mstatus[0m=[35m200[0m [36murl[0m=[35m'https://news.google.com/rss/search?q=TPL+stock+news&hl=en-US&gl=US&ceid=US:en'[0m
[2m2026-04-04T16:32:11.001787Z[0m [[32m[1minfo     [0m] [1mparsed                        [0m [36mchannel[0m=[35mgoogle_broad[0m [36mraw[0m=[35m89[0m
[2m2026-04-04T16:32:13.428459Z[0m [[32m[1minfo     [0m] [1mfetch                         [0m [36mstatus[0m=[35m200[0m [36murl[0m=[35m'https://news.google.com/rss/search?q=TPL+earnings+analysis&hl=en-US&gl=US&ceid=US:en'[0m
[2m2026-04-04T16:32:13.457587Z[0m [[32m[1minfo     [0m] [1mparsed                        [0m [36mchannel[0m=[35mgoogle_broad[0m [36mraw[0m=[35m44[0m
[2m2026-04-04T16:32:13.459042Z[0m [[32m[1minfo     [0m] [1mquality_filter                [0m [36minput[0m=[35m203[0m [36mpassed[0m=[35m3[0m
[2m2026-04-04T16:32:13.459561Z[0m [[32m[1minfo     [0m] [1mdedup                         [0m [36mafter[0m=[35m3[0m [36mbefore[0m=[35m3[0m
[2m2026-04-04T16:32:13.459710Z[0m [[32m[1minfo     [0m] [1mfulltext_selection            [0m [36mcandidates[0m=[35m0[0m [36mfiltered[0m=[35m3[0m [36mmode[0m=[35mhigh-value[0m [36mticker[0m=[35mTPL[0m
[2m2026-04-04T16:32:13.460416Z[0m [[32m[1minfo     [0m] [1mcrawling                      [0m [36mchannel[0m=[35mGoogle->Benzinga[0m [36mtag[0m=[35mgoogle_benzinga[0m
[2m2026-04-04T16:32:16.319129Z[0m [[32m[1minfo     [0m] [1mfetch                         [0m [36mstatus[0m=[35m200[0m [36murl[0m=[35m'https://news.google.com/rss/search?q=OTIS+site:benzinga.com&hl=en-US&gl=US&ceid=US:en'[0m
[2m2026-04-04T16:32:16.339235Z[0m [[32m[1minfo     [0m] [1mparsed                        [0m [36mchannel[0m=[35mgoogle_benzinga[0m [36mraw[0m=[35m23[0m
[2m2026-04-04T16:32:18.344725Z[0m [[32m[1minfo     [0m] [1mfetch                         [0m [36mstatus[0m=[35m200[0m [36murl[0m=[35m'https://news.google.com/rss/search?q=OTIS+site:benzinga.com&hl=en-US&gl=US&ceid=US:en'[0m
[2m2026-04-04T16:32:18.359977Z[0m [[32m[1minfo     [0m] [1mparsed                        [0m [36mchannel[0m=[35mgoogle_benzinga[0m [36mraw[0m=[35m23[0m
[2m2026-04-04T16:32:18.360142Z[0m [[32m[1minfo     [0m] [1mcrawling                      [0m [36mchannel[0m=[35m'Google News (all)'[0m [36mtag[0m=[35mgoogle_broad[0m
[2m2026-04-04T16:32:20.977706Z[0m [[32m[1minfo     [0m] [1mfetch                         [0m [36mstatus[0m=[35m200[0m [36murl[0m=[35m'https://news.google.com/rss/search?q=OTIS+stock+news&hl=en-US&gl=US&ceid=US:en'[0m
[2m2026-04-04T16:32:21.098651Z[0m [[32m[1minfo     [0m] [1mparsed                        [0m [36mchannel[0m=[35mgoogle_broad[0m [36mraw[0m=[35m79[0m
[2m2026-04-04T16:32:23.616086Z[0m [[32m[1minfo     [0m] [1mfetch                         [0m [36mstatus[0m=[35m200[0m [36murl[0m=[35m'https://news.google.com/rss/search?q=OTIS+earnings+analysis&hl=en-US&gl=US&ceid=US:en'[0m
[2m2026-04-04T16:32:23.658640Z[0m [[32m[1minfo     [0m] [1mparsed                        [0m [36mchannel[0m=[35mgoogle_broad[0m [36mraw[0m=[35m47[0m
[2m2026-04-04T16:32:23.659952Z[0m [[32m[1minfo     [0m] [1mquality_filter                [0m [36minput[0m=[35m172[0m [36mpassed[0m=[35m2[0m
[2m2026-04-04T16:32:23.660337Z[0m [[32m[1minfo     [0m] [1mdedup                         [0m [36mafter[0m=[35m1[0m [36mbefore[0m=[35m2[0m
[2m2026-04-04T16:32:23.660452Z[0m [[32m[1minfo     [0m] [1mfulltext_selection            [0m [36mcandidates[0m=[35m0[0m [36mfiltered[0m=[35m1[0m [36mmode[0m=[35mhigh-value[0m [36mticker[0m=[35mOTIS[0m
[2m2026-04-04T16:32:23.661186Z[0m [[32m[1minfo     [0m] [1mcrawling                      [0m [36mchannel[0m=[35mGoogle->Benzinga[0m [36mtag[0m=[35mgoogle_benzinga[0m
[2m2026-04-04T16:32:26.586468Z[0m [[32m[1minfo     [0m] [1mfetch                         [0m [36mstatus[0m=[35m200[0m [36murl[0m=[35m'https://news.google.com/rss/search?q=ACGL+site:benzinga.com&hl=en-US&gl=US&ceid=US:en'[0m
[2m2026-04-04T16:32:26.597187Z[0m [[32m[1minfo     [0m] [1mparsed                        [0m [36mchannel[0m=[35mgoogle_benzinga[0m [36mraw[0m=[35m8[0m
[2m2026-04-04T16:32:28.602201Z[0m [[32m[1minfo     [0m] [1mfetch                         [0m [36mstatus[0m=[35m200[0m [36murl[0m=[35m'https://news.google.com/rss/search?q=ACGL+site:benzinga.com&hl=en-US&gl=US&ceid=US:en'[0m
[2m2026-04-04T16:32:28.609186Z[0m [[32m[1minfo     [0m] [1mparsed                        [0m [36mchannel[0m=[35mgoogle_benzinga[0m [36mraw[0m=[35m8[0m
[2m2026-04-04T16:32:28.609354Z[0m [[32m[1minfo     [0m] [1mcrawling                      [0m [36mchannel[0m=[35m'Google News (all)'[0m [36mtag[0m=[35mgoogle_broad[0m
[2m2026-04-04T16:32:31.022355Z[0m [[32m[1minfo     [0m] [1mfetch                         [0m [36mstatus[0m=[35m200[0m [36murl[0m=[35m'https://news.google.com/rss/search?q=ACGL+stock+news&hl=en-US&gl=US&ceid=US:en'[0m
[2m2026-04-04T16:32:31.069452Z[0m [[32m[1minfo     [0m] [1mparsed                        [0m [36mchannel[0m=[35mgoogle_broad[0m [36mraw[0m=[35m54[0m
[2m2026-04-04T16:32:33.458142Z[0m [[32m[1minfo     [0m] [1mfetch                         [0m [36mstatus[0m=[35m200[0m [36murl[0m=[35m'https://news.google.com/rss/search?q=ACGL+earnings+analysis&hl=en-US&gl=US&ceid=US:en'[0m
[2m2026-04-04T16:32:33.485823Z[0m [[32m[1minfo     [0m] [1mparsed                        [0m [36mchannel[0m=[35mgoogle_broad[0m [36mraw[0m=[35m34[0m
[2m2026-04-04T16:32:33.486906Z[0m [[32m[1minfo     [0m] [1mquality_filter                [0m [36minput[0m=[35m104[0m [36mpassed[0m=[35m1[0m
[2m2026-04-04T16:32:33.487145Z[0m [[32m[1minfo     [0m] [1mdedup                         [0m [36mafter[0m=[35m1[0m [36mbefore[0m=[35m1[0m
[2m2026-04-04T16:32:33.487251Z[0m [[32m[1minfo     [0m] [1mfulltext_selection            [0m [36mcandidates[0m=[35m1[0m [36mfiltered[0m=[35m1[0m [36mmode[0m=[35mhigh-value[0m [36mticker[0m=[35mACGL[0m
[2m2026-04-04T16:32:35.513100Z[0m [[32m[1minfo     [0m] [1mfetch                         [0m [36mstatus[0m=[35m200[0m [36murl[0m=[35mhttps://www.msn.com/en-us/money/topstocks/why-arch-capital-acgl-is-poised-to-beat-earnings[0m
[2m2026-04-04T16:32:35.736773Z[0m [[32m[1minfo     [0m] [1mcrawling                      [0m [36mchannel[0m=[35mGoogle->Benzinga[0m [36mtag[0m=[35mgoogle_benzinga[0m
[2m2026-04-04T16:32:38.594084Z[0m [[32m[1minfo     [0m] [1mfetch                         [0m [36mstatus[0m=[35m200[0m [36murl[0m=[35m'https://news.google.com/rss/search?q=STT+site:benzinga.com&hl=en-US&gl=US&ceid=US:en'[0m
[2m2026-04-04T16:32:38.610621Z[0m [[32m[1minfo     [0m] [1mparsed                        [0m [36mchannel[0m=[35mgoogle_benzinga[0m [36mraw[0m=[35m18[0m
[2m2026-04-04T16:32:40.615807Z[0m [[32m[1minfo     [0m] [1mfetch                         [0m [36mstatus[0m=[35m200[0m [36murl[0m=[35m'https://news.google.com/rss/search?q=STT+site:benzinga.com&hl=en-US&gl=US&ceid=US:en'[0m
[2m2026-04-04T16:32:40.628751Z[0m [[32m[1minfo     [0m] [1mparsed                        [0m [36mchannel[0m=[35mgoogle_benzinga[0m [36mraw[0m=[35m18[0m
[2m2026-04-04T16:32:40.628911Z[0m [[32m[1minfo     [0m] [1mcrawling                      [0m [36mchannel[0m=[35m'Google News (all)'[0m [36mtag[0m=[35mgoogle_broad[0m
[2m2026-04-04T16:32:43.234479Z[0m [[32m[1minfo     [0m] [1mfetch                         [0m [36mstatus[0m=[35m200[0m [36murl[0m=[35m'https://news.google.com/rss/search?q=STT+stock+news&hl=en-US&gl=US&ceid=US:en'[0m
[2m2026-04-04T16:32:43.405828Z[0m [[32m[1minfo     [0m] [1mparsed                        [0m [36mchannel[0m=[35mgoogle_broad[0m [36mraw[0m=[35m100[0m
[2m2026-04-04T16:32:45.837843Z[0m [[32m[1minfo     [0m] [1mfetch                         [0m [36mstatus[0m=[35m200[0m [36murl[0m=[35m'https://news.google.com/rss/search?q=STT+earnings+analysis&hl=en-US&gl=US&ceid=US:en'[0m
[2m2026-04-04T16:32:45.895464Z[0m [[32m[1minfo     [0m] [1mparsed                        [0m [36mchannel[0m=[35mgoogle_broad[0m [36mraw[0m=[35m61[0m
[2m2026-04-04T16:32:45.896533Z[0m [[32m[1minfo     [0m] [1mquality_filter                [0m [36minput[0m=[35m197[0m [36mpassed[0m=[35m0[0m
[2m2026-04-04T16:32:45.896739Z[0m [[32m[1minfo     [0m] [1mdedup                         [0m [36mafter[0m=[35m0[0m [36mbefore[0m=[35m0[0m
[2m2026-04-04T16:32:45.896826Z[0m [[32m[1minfo     [0m] [1mfulltext_selection            [0m [36mcandidates[0m=[35m0[0m [36mfiltered[0m=[35m0[0m [36mmode[0m=[35mhigh-value[0m [36mticker[0m=[35mSTT[0m
[2m2026-04-04T16:32:45.897574Z[0m [[32m[1minfo     [0m] [1mcrawling                      [0m [36mchannel[0m=[35mGoogle->Benzinga[0m [36mtag[0m=[35mgoogle_benzinga[0m
[2m2026-04-04T16:32:48.821367Z[0m [[32m[1minfo     [0m] [1mfetch                         [0m [36mstatus[0m=[35m200[0m [36murl[0m=[35m'https://news.google.com/rss/search?q=WDAY+site:benzinga.com&hl=en-US&gl=US&ceid=US:en'[0m
[2m2026-04-04T16:32:48.862292Z[0m [[32m[1minfo     [0m] [1mparsed                        [0m [36mchannel[0m=[35mgoogle_benzinga[0m [36mraw[0m=[35m44[0m
[2m2026-04-04T16:32:50.867115Z[0m [[32m[1minfo     [0m] [1mfetch                         [0m [36mstatus[0m=[35m200[0m [36murl[0m=[35m'https://news.google.com/rss/search?q=WDAY+site:benzinga.com&hl=en-US&gl=US&ceid=US:en'[0m
[2m2026-04-04T16:32:50.895522Z[0m [[32m[1minfo     [0m] [1mparsed                        [0m [36mchannel[0m=[35mgoogle_benzinga[0m [36mraw[0m=[35m44[0m
[2m2026-04-04T16:32:50.895683Z[0m [[32m[1minfo     [0m] [1mcrawling                      [0m [36mchannel[0m=[35m'Google News (all)'[0m [36mtag[0m=[35mgoogle_broad[0m
[2m2026-04-04T16:32:53.624338Z[0m [[32m[1minfo     [0m] [1mfetch                         [0m [36mstatus[0m=[35m200[0m [36murl[0m=[35m'https://news.google.com/rss/search?q=WDAY+stock+news&hl=en-US&gl=US&ceid=US:en'[0m
[2m2026-04-04T16:32:53.767587Z[0m [[32m[1minfo     [0m] [1mparsed                        [0m [36mchannel[0m=[35mgoogle_broad[0m [36mraw[0m=[35m100[0m
[2m2026-04-04T16:32:56.282092Z[0m [[32m[1minfo     [0m] [1mfetch                         [0m [36mstatus[0m=[35m200[0m [36murl[0m=[35m'https://news.google.com/rss/search?q=WDAY+earnings+analysis&hl=en-US&gl=US&ceid=US:en'[0m
[2m2026-04-04T16:32:56.335835Z[0m [[32m[1minfo     [0m] [1mparsed                        [0m [36mchannel[0m=[35mgoogle_broad[0m [36mraw[0m=[35m55[0m
[2m2026-04-04T16:32:56.337265Z[0m [[32m[1minfo     [0m] [1mquality_filter                [0m [36minput[0m=[35m243[0m [36mpassed[0m=[35m1[0m
[2m2026-04-04T16:32:56.337526Z[0m [[32m[1minfo     [0m] [1mdedup                         [0m [36mafter[0m=[35m1[0m [36mbefore[0m=[35m1[0m
[2m2026-04-04T16:32:56.337628Z[0m [[32m[1minfo     [0m] [1mfulltext_selection            [0m [36mcandidates[0m=[35m0[0m [36mfiltered[0m=[35m1[0m [36mmode[0m=[35mhigh-value[0m [36mticker[0m=[35mWDAY[0m
[2m2026-04-04T16:32:56.338349Z[0m [[32m[1minfo     [0m] [1mcrawling                      [0m [36mchannel[0m=[35mGoogle->Benzinga[0m [36mtag[0m=[35mgoogle_benzinga[0m
[2m2026-04-04T16:32:58.862303Z[0m [[32m[1minfo     [0m] [1mfetch                         [0m [36mstatus[0m=[35m200[0m [36murl[0m=[35m'https://news.google.com/rss/search?q=DG+dollar+general+site:benzinga.com&hl=en-US&gl=US&ce'[0m
[2m2026-04-04T16:32:58.909853Z[0m [[32m[1minfo     [0m] [1mparsed                        [0m [36mchannel[0m=[35mgoogle_benzinga[0m [36mraw[0m=[35m50[0m
[2m2026-04-04T16:33:01.490929Z[0m [[32m[1minfo     [0m] [1mfetch                         [0m [36mstatus[0m=[35m200[0m [36murl[0m=[35m'https://news.google.com/rss/search?q=dollar+general+site:benzinga.com&hl=en-US&gl=US&ceid='[0m
[2m2026-04-04T16:33:01.686854Z[0m [[32m[1minfo     [0m] [1mparsed                        [0m [36mchannel[0m=[35mgoogle_benzinga[0m [36mraw[0m=[35m100[0m
[2m2026-04-04T16:33:01.687031Z[0m [[32m[1minfo     [0m] [1mcrawling                      [0m [36mchannel[0m=[35m'Google News (all)'[0m [36mtag[0m=[35mgoogle_broad[0m
[2m2026-04-04T16:33:04.293542Z[0m [[32m[1minfo     [0m] [1mfetch                         [0m [36mstatus[0m=[35m200[0m [36murl[0m=[35m'https://news.google.com/rss/search?q=DG+dollar+general+stock+news&hl=en-US&gl=US&ceid=US:e'[0m
[2m2026-04-04T16:33:04.436286Z[0m [[32m[1minfo     [0m] [1mparsed                        [0m [36mchannel[0m=[35mgoogle_broad[0m [36mraw[0m=[35m100[0m
[2m2026-04-04T16:33:06.979684Z[0m [[32m[1minfo     [0m] [1mfetch                         [0m [36mstatus[0m=[35m200[0m [36murl[0m=[35m'https://news.google.com/rss/search?q=DG+dollar+general+earnings+analysis&hl=en-US&gl=US&ce'[0m
[2m2026-04-04T16:33:07.129612Z[0m [[32m[1minfo     [0m] [1mparsed                        [0m [36mchannel[0m=[35mgoogle_broad[0m [36mraw[0m=[35m100[0m
[2m2026-04-04T16:33:07.133405Z[0m [[32m[1minfo     [0m] [1mquality_filter                [0m [36minput[0m=[35m350[0m [36mpassed[0m=[35m13[0m
[2m2026-04-04T16:33:07.135329Z[0m [[32m[1minfo     [0m] [1mdedup                         [0m [36mafter[0m=[35m13[0m [36mbefore[0m=[35m13[0m
[2m2026-04-04T16:33:07.135607Z[0m [[32m[1minfo     [0m] [1mfulltext_selection            [0m [36mcandidates[0m=[35m5[0m [36mfiltered[0m=[35m13[0m [36mmode[0m=[35mhigh-value[0m [36mticker[0m=[35mDG[0m
[2m2026-04-04T16:33:09.169095Z[0m [[32m[1minfo     [0m] [1mfetch                         [0m [36mstatus[0m=[35m200[0m [36murl[0m=[35mhttps://www.marketbeat.com/instant-alerts/filing-brookstone-capital-management-buys-shares[0m
[2m2026-04-04T16:33:09.172914Z[0m [[32m[1minfo     [0m] [1mfetch                         [0m [36mstatus[0m=[35m200[0m [36murl[0m=[35mhttps://www.marketbeat.com/instant-alerts/filing-allspring-global-investments-holdings-llc[0m
[2m2026-04-04T16:33:10.230475Z[0m [[31m[1merror    [0m] [1mfetch_error                   [0m [36merror[0m=[35m'400, message=\'Got more than 8190 bytes when reading: b"connect-src \\\'self\\\' wss:'[0m [36murl[0m=[35mhttps://finance.yahoo.com/markets/stocks/articles/look-dollar-general-[0m
[2m2026-04-04T16:33:10.267498Z[0m [[32m[1minfo     [0m] [1mfetch                         [0m [36mstatus[0m=[35m200[0m [36murl[0m=[35mhttps://nationaltoday.com/us/tn/nashville/news/2026/04/04/wall-street-zen-downgrades-dolla[0m
[2m2026-04-04T16:33:11.376363Z[0m [[32m[1minfo     [0m] [1mfetch                         [0m [36mstatus[0m=[35m200[0m [36murl[0m=[35mhttps://www.theglobeandmail.com/investing/markets/stocks/DG/pressreleases/1131497/rbc-capi[0m
[2m2026-04-04T16:33:11.840751Z[0m [[32m[1minfo     [0m] [1mcrawling                      [0m [36mchannel[0m=[35mGoogle->Benzinga[0m [36mtag[0m=[35mgoogle_benzinga[0m
[2m2026-04-04T16:33:14.943958Z[0m [[32m[1minfo     [0m] [1mfetch                         [0m [36mstatus[0m=[35m200[0m [36murl[0m=[35m'https://news.google.com/rss/search?q=UAL+site:benzinga.com&hl=en-US&gl=US&ceid=US:en'[0m
[2m2026-04-04T16:33:15.083130Z[0m [[32m[1minfo     [0m] [1mparsed                        [0m [36mchannel[0m=[35mgoogle_benzinga[0m [36mraw[0m=[35m100[0m
[2m2026-04-04T16:33:17.088339Z[0m [[32m[1minfo     [0m] [1mfetch                         [0m [36mstatus[0m=[35m200[0m [36murl[0m=[35m'https://news.google.com/rss/search?q=UAL+site:benzinga.com&hl=en-US&gl=US&ceid=US:en'[0m
[2m2026-04-04T16:33:17.147356Z[0m [[32m[1minfo     [0m] [1mparsed                        [0m [36mchannel[0m=[35mgoogle_benzinga[0m [36mraw[0m=[35m100[0m
[2m2026-04-04T16:33:17.147518Z[0m [[32m[1minfo     [0m] [1mcrawling                      [0m [36mchannel[0m=[35m'Google News (all)'[0m [36mtag[0m=[35mgoogle_broad[0m
[2m2026-04-04T16:33:19.657051Z[0m [[32m[1minfo     [0m] [1mfetch                         [0m [36mstatus[0m=[35m200[0m [36murl[0m=[35m'https://news.google.com/rss/search?q=UAL+stock+news&hl=en-US&gl=US&ceid=US:en'[0m
[2m2026-04-04T16:33:19.799821Z[0m [[32m[1minfo     [0m] [1mparsed                        [0m [36mchannel[0m=[35mgoogle_broad[0m [36mraw[0m=[35m100[0m
[2m2026-04-04T16:33:22.255449Z[0m [[32m[1minfo     [0m] [1mfetch                         [0m [36mstatus[0m=[35m200[0m [36murl[0m=[35m'https://news.google.com/rss/search?q=UAL+earnings+analysis&hl=en-US&gl=US&ceid=US:en'[0m
[2m2026-04-04T16:33:22.371801Z[0m [[32m[1minfo     [0m] [1mparsed                        [0m [36mchannel[0m=[35mgoogle_broad[0m [36mraw[0m=[35m72[0m
[2m2026-04-04T16:33:22.373856Z[0m [[32m[1minfo     [0m] [1mquality_filter                [0m [36minput[0m=[35m372[0m [36mpassed[0m=[35m5[0m
[2m2026-04-04T16:33:22.374668Z[0m [[32m[1minfo     [0m] [1mdedup                         [0m [36mafter[0m=[35m4[0m [36mbefore[0m=[35m5[0m
[2m2026-04-04T16:33:22.374832Z[0m [[32m[1minfo     [0m] [1mfulltext_selection            [0m [36mcandidates[0m=[35m0[0m [36mfiltered[0m=[35m4[0m [36mmode[0m=[35mhigh-value[0m [36mticker[0m=[35mUAL[0m
[2m2026-04-04T16:33:22.375578Z[0m [[32m[1minfo     [0m] [1mcrawling                      [0m [36mchannel[0m=[35mGoogle->Benzinga[0m [36mtag[0m=[35mgoogle_benzinga[0m
[2m2026-04-04T16:33:25.279864Z[0m [[32m[1minfo     [0m] [1mfetch                         [0m [36mstatus[0m=[35m200[0m [36murl[0m=[35m'https://news.google.com/rss/search?q=PRU+site:benzinga.com&hl=en-US&gl=US&ceid=US:en'[0m
[2m2026-04-04T16:33:25.295581Z[0m [[32m[1minfo     [0m] [1mparsed                        [0m [36mchannel[0m=[35mgoogle_benzinga[0m [36mraw[0m=[35m20[0m
[2m2026-04-04T16:33:27.300298Z[0m [[32m[1minfo     [0m] [1mfetch                         [0m [36mstatus[0m=[35m200[0m [36murl[0m=[35m'https://news.google.com/rss/search?q=PRU+site:benzinga.com&hl=en-US&gl=US&ceid=US:en'[0m
[2m2026-04-04T16:33:27.313833Z[0m [[32m[1minfo     [0m] [1mparsed                        [0m [36mchannel[0m=[35mgoogle_benzinga[0m [36mraw[0m=[35m20[0m
[2m2026-04-04T16:33:27.313991Z[0m [[32m[1minfo     [0m] [1mcrawling                      [0m [36mchannel[0m=[35m'Google News (all)'[0m [36mtag[0m=[35mgoogle_broad[0m
[2m2026-04-04T16:33:29.845980Z[0m [[32m[1minfo     [0m] [1mfetch                         [0m [36mstatus[0m=[35m200[0m [36murl[0m=[35m'https://news.google.com/rss/search?q=PRU+stock+news&hl=en-US&gl=US&ceid=US:en'[0m
[2m2026-04-04T16:33:29.988419Z[0m [[32m[1minfo     [0m] [1mparsed                        [0m [36mchannel[0m=[35mgoogle_broad[0m [36mraw[0m=[35m100[0m
[2m2026-04-04T16:33:32.448012Z[0m [[32m[1minfo     [0m] [1mfetch                         [0m [36mstatus[0m=[35m200[0m [36murl[0m=[35m'https://news.google.com/rss/search?q=PRU+earnings+analysis&hl=en-US&gl=US&ceid=US:en'[0m
[2m2026-04-04T16:33:32.560866Z[0m [[32m[1minfo     [0m] [1mparsed                        [0m [36mchannel[0m=[35mgoogle_broad[0m [36mraw[0m=[35m66[0m
[2m2026-04-04T16:33:32.562069Z[0m [[32m[1minfo     [0m] [1mquality_filter                [0m [36minput[0m=[35m206[0m [36mpassed[0m=[35m1[0m
[2m2026-04-04T16:33:32.562336Z[0m [[32m[1minfo     [0m] [1mdedup                         [0m [36mafter[0m=[35m1[0m [36mbefore[0m=[35m1[0m
[2m2026-04-04T16:33:32.562447Z[0m [[32m[1minfo     [0m] [1mfulltext_selection            [0m [36mcandidates[0m=[35m0[0m [36mfiltered[0m=[35m1[0m [36mmode[0m=[35mhigh-value[0m [36mticker[0m=[35mPRU[0m
[2m2026-04-04T16:33:32.563150Z[0m [[32m[1minfo     [0m] [1mcrawling                      [0m [36mchannel[0m=[35mGoogle->Benzinga[0m [36mtag[0m=[35mgoogle_benzinga[0m
[2m2026-04-04T16:33:35.427458Z[0m [[32m[1minfo     [0m] [1mfetch                         [0m [36mstatus[0m=[35m200[0m [36murl[0m=[35m'https://news.google.com/rss/search?q=HBAN+site:benzinga.com&hl=en-US&gl=US&ceid=US:en'[0m
[2m2026-04-04T16:33:35.438767Z[0m [[32m[1minfo     [0m] [1mparsed                        [0m [36mchannel[0m=[35mgoogle_benzinga[0m [36mraw[0m=[35m16[0m
[2m2026-04-04T16:33:37.443831Z[0m [[32m[1minfo     [0m] [1mfetch                         [0m [36mstatus[0m=[35m200[0m [36murl[0m=[35m'https://news.google.com/rss/search?q=HBAN+site:benzinga.com&hl=en-US&gl=US&ceid=US:en'[0m
[2m2026-04-04T16:33:37.455337Z[0m [[32m[1minfo     [0m] [1mparsed                        [0m [36mchannel[0m=[35mgoogle_benzinga[0m [36mraw[0m=[35m16[0m
[2m2026-04-04T16:33:37.455496Z[0m [[32m[1minfo     [0m] [1mcrawling                      [0m [36mchannel[0m=[35m'Google News (all)'[0m [36mtag[0m=[35mgoogle_broad[0m
[2m2026-04-04T16:33:39.949391Z[0m [[32m[1minfo     [0m] [1mfetch                         [0m [36mstatus[0m=[35m200[0m [36murl[0m=[35m'https://news.google.com/rss/search?q=HBAN+stock+news&hl=en-US&gl=US&ceid=US:en'[0m
[2m2026-04-04T16:33:40.099321Z[0m [[32m[1minfo     [0m] [1mparsed                        [0m [36mchannel[0m=[35mgoogle_broad[0m [36mraw[0m=[35m100[0m
[2m2026-04-04T16:33:42.558420Z[0m [[32m[1minfo     [0m] [1mfetch                         [0m [36mstatus[0m=[35m200[0m [36murl[0m=[35m'https://news.google.com/rss/search?q=HBAN+earnings+analysis&hl=en-US&gl=US&ceid=US:en'[0m
[2m2026-04-04T16:33:42.599993Z[0m [[32m[1minfo     [0m] [1mparsed                        [0m [36mchannel[0m=[35mgoogle_broad[0m [36mraw[0m=[35m45[0m
[2m2026-04-04T16:33:42.604155Z[0m [[32m[1minfo     [0m] [1mquality_filter                [0m [36minput[0m=[35m177[0m [36mpassed[0m=[35m24[0m
[2m2026-04-04T16:33:42.608064Z[0m [[32m[1minfo     [0m] [1mdedup                         [0m [36mafter[0m=[35m23[0m [36mbefore[0m=[35m24[0m
[2m2026-04-04T16:33:42.608569Z[0m [[32m[1minfo     [0m] [1mfulltext_selection            [0m [36mcandidates[0m=[35m1[0m [36mfiltered[0m=[35m23[0m [36mmode[0m=[35mhigh-value[0m [36mticker[0m=[35mHBAN[0m
[2m2026-04-04T16:33:45.287815Z[0m [[32m[1minfo     [0m] [1mfetch                         [0m [36mstatus[0m=[35m200[0m [36murl[0m=[35mhttps://www.stocktitan.net/sec-filings/HBAN/form-4-huntington-bancshares-inc-md-insider-tr[0m
[2m2026-04-04T16:33:45.508830Z[0m [[32m[1minfo     [0m] [1mcrawling                      [0m [36mchannel[0m=[35mGoogle->Benzinga[0m [36mtag[0m=[35mgoogle_benzinga[0m
[2m2026-04-04T16:33:48.443457Z[0m [[32m[1minfo     [0m] [1mfetch                         [0m [36mstatus[0m=[35m200[0m [36murl[0m=[35m'https://news.google.com/rss/search?q=PAYX+site:benzinga.com&hl=en-US&gl=US&ceid=US:en'[0m
[2m2026-04-04T16:33:48.509399Z[0m [[32m[1minfo     [0m] [1mparsed                        [0m [36mchannel[0m=[35mgoogle_benzinga[0m [36mraw[0m=[35m65[0m
[2m2026-04-04T16:33:50.514917Z[0m [[32m[1minfo     [0m] [1mfetch                         [0m [36mstatus[0m=[35m200[0m [36murl[0m=[35m'https://news.google.com/rss/search?q=PAYX+site:benzinga.com&hl=en-US&gl=US&ceid=US:en'[0m
[2m2026-04-04T16:33:50.554062Z[0m [[32m[1minfo     [0m] [1mparsed                        [0m [36mchannel[0m=[35mgoogle_benzinga[0m [36mraw[0m=[35m65[0m
[2m2026-04-04T16:33:50.554249Z[0m [[32m[1minfo     [0m] [1mcrawling                      [0m [36mchannel[0m=[35m'Google News (all)'[0m [36mtag[0m=[35mgoogle_broad[0m
[2m2026-04-04T16:33:53.159354Z[0m [[32m[1minfo     [0m] [1mfetch                         [0m [36mstatus[0m=[35m200[0m [36murl[0m=[35m'https://news.google.com/rss/search?q=PAYX+stock+news&hl=en-US&gl=US&ceid=US:en'[0m
[2m2026-04-04T16:33:53.302489Z[0m [[32m[1minfo     [0m] [1mparsed                        [0m [36mchannel[0m=[35mgoogle_broad[0m [36mraw[0m=[35m100[0m
[2m2026-04-04T16:33:55.768344Z[0m [[32m[1minfo     [0m] [1mfetch                         [0m [36mstatus[0m=[35m200[0m [36murl[0m=[35m'https://news.google.com/rss/search?q=PAYX+earnings+analysis&hl=en-US&gl=US&ceid=US:en'[0m
[2m2026-04-04T16:33:55.800969Z[0m [[32m[1minfo     [0m] [1mparsed                        [0m [36mchannel[0m=[35mgoogle_broad[0m [36mraw[0m=[35m42[0m
[2m2026-04-04T16:33:55.802355Z[0m [[32m[1minfo     [0m] [1mquality_filter                [0m [36minput[0m=[35m272[0m [36mpassed[0m=[35m2[0m
[2m2026-04-04T16:33:55.802705Z[0m [[32m[1minfo     [0m] [1mdedup                         [0m [36mafter[0m=[35m2[0m [36mbefore[0m=[35m2[0m
[2m2026-04-04T16:33:55.802820Z[0m [[32m[1minfo     [0m] [1mfulltext_selection            [0m [36mcandidates[0m=[35m0[0m [36mfiltered[0m=[35m2[0m [36mmode[0m=[35mhigh-value[0m [36mticker[0m=[35mPAYX[0m
[2m2026-04-04T16:33:55.803545Z[0m [[32m[1minfo     [0m] [1mcrawling                      [0m [36mchannel[0m=[35mGoogle->Benzinga[0m [36mtag[0m=[35mgoogle_benzinga[0m
[2m2026-04-04T16:33:58.785474Z[0m [[32m[1minfo     [0m] [1mfetch                         [0m [36mstatus[0m=[35m200[0m [36murl[0m=[35m'https://news.google.com/rss/search?q=FICO+site:benzinga.com&hl=en-US&gl=US&ceid=US:en'[0m
[2m2026-04-04T16:33:58.924382Z[0m [[32m[1minfo     [0m] [1mparsed                        [0m [36mchannel[0m=[35mgoogle_benzinga[0m [36mraw[0m=[35m100[0m
[2m2026-04-04T16:34:00.929638Z[0m [[32m[1minfo     [0m] [1mfetch                         [0m [36mstatus[0m=[35m200[0m [36murl[0m=[35m'https://news.google.com/rss/search?q=FICO+site:benzinga.com&hl=en-US&gl=US&ceid=US:en'[0m
[2m2026-04-04T16:34:00.987908Z[0m [[32m[1minfo     [0m] [1mparsed                        [0m [36mchannel[0m=[35mgoogle_benzinga[0m [36mraw[0m=[35m100[0m
[2m2026-04-04T16:34:00.988067Z[0m [[32m[1minfo     [0m] [1mcrawling                      [0m [36mchannel[0m=[35m'Google News (all)'[0m [36mtag[0m=[35mgoogle_broad[0m
[2m2026-04-04T16:34:03.743813Z[0m [[32m[1minfo     [0m] [1mfetch                         [0m [36mstatus[0m=[35m200[0m [36murl[0m=[35m'https://news.google.com/rss/search?q=FICO+stock+news&hl=en-US&gl=US&ceid=US:en'[0m
[2m2026-04-04T16:34:03.897223Z[0m [[32m[1minfo     [0m] [1mparsed                        [0m [36mchannel[0m=[35mgoogle_broad[0m [36mraw[0m=[35m100[0m
[2m2026-04-04T16:34:06.345341Z[0m [[32m[1minfo     [0m] [1mfetch                         [0m [36mstatus[0m=[35m200[0m [36murl[0m=[35m'https://news.google.com/rss/search?q=FICO+earnings+analysis&hl=en-US&gl=US&ceid=US:en'[0m
[2m2026-04-04T16:34:06.380274Z[0m [[32m[1minfo     [0m] [1mparsed                        [0m [36mchannel[0m=[35mgoogle_broad[0m [36mraw[0m=[35m45[0m
[2m2026-04-04T16:34:06.382111Z[0m [[32m[1minfo     [0m] [1mquality_filter                [0m [36minput[0m=[35m345[0m [36mpassed[0m=[35m4[0m
[2m2026-04-04T16:34:06.382762Z[0m [[32m[1minfo     [0m] [1mdedup                         [0m [36mafter[0m=[35m4[0m [36mbefore[0m=[35m4[0m
[2m2026-04-04T16:34:06.382915Z[0m [[32m[1minfo     [0m] [1mfulltext_selection            [0m [36mcandidates[0m=[35m2[0m [36mfiltered[0m=[35m4[0m [36mmode[0m=[35mhigh-value[0m [36mticker[0m=[35mFICO[0m
[2m2026-04-04T16:34:08.387169Z[0m [[32m[1minfo     [0m] [1mfetch                         [0m [36mstatus[0m=[35m403[0m [36murl[0m=[35mhttps://www.gurufocus.com/news/8769040/goldman-sachs-lowers-price-target-for-fair-isaac-fi[0m
[2m2026-04-04T16:34:09.403510Z[0m [[32m[1minfo     [0m] [1mfetch                         [0m [36mstatus[0m=[35m200[0m [36murl[0m=[35mhttps://stockstory.org/us/stocks/nyse/fico/news/earnings/q4-rundown-fair-isaac-corporation[0m
[2m2026-04-04T16:34:09.608599Z[0m [[32m[1minfo     [0m] [1mcrawling                      [0m [36mchannel[0m=[35mGoogle->Benzinga[0m [36mtag[0m=[35mgoogle_benzinga[0m
[2m2026-04-04T16:34:12.092103Z[0m [[32m[1minfo     [0m] [1mfetch                         [0m [36mstatus[0m=[35m200[0m [36murl[0m=[35m'https://news.google.com/rss/search?q=ADM+site:benzinga.com&hl=en-US&gl=US&ceid=US:en'[0m
[2m2026-04-04T16:34:12.148048Z[0m [[32m[1minfo     [0m] [1mparsed                        [0m [36mchannel[0m=[35mgoogle_benzinga[0m [36mraw[0m=[35m58[0m
[2m2026-04-04T16:34:14.153325Z[0m [[32m[1minfo     [0m] [1mfetch                         [0m [36mstatus[0m=[35m200[0m [36murl[0m=[35m'https://news.google.com/rss/search?q=ADM+site:benzinga.com&hl=en-US&gl=US&ceid=US:en'[0m
[2m2026-04-04T16:34:14.188514Z[0m [[32m[1minfo     [0m] [1mparsed                        [0m [36mchannel[0m=[35mgoogle_benzinga[0m [36mraw[0m=[35m58[0m
[2m2026-04-04T16:34:14.188706Z[0m [[32m[1minfo     [0m] [1mcrawling                      [0m [36mchannel[0m=[35m'Google News (all)'[0m [36mtag[0m=[35mgoogle_broad[0m
[2m2026-04-04T16:34:16.726727Z[0m [[32m[1minfo     [0m] [1mfetch                         [0m [36mstatus[0m=[35m200[0m [36murl[0m=[35m'https://news.google.com/rss/search?q=ADM+stock+news&hl=en-US&gl=US&ceid=US:en'[0m
[2m2026-04-04T16:34:16.870370Z[0m [[32m[1minfo     [0m] [1mparsed                        [0m [36mchannel[0m=[35mgoogle_broad[0m [36mraw[0m=[35m100[0m
[2m2026-04-04T16:34:19.378581Z[0m [[32m[1minfo     [0m] [1mfetch                         [0m [36mstatus[0m=[35m200[0m [36murl[0m=[35m'https://news.google.com/rss/search?q=ADM+earnings+analysis&hl=en-US&gl=US&ceid=US:en'[0m
[2m2026-04-04T16:34:19.447572Z[0m [[32m[1minfo     [0m] [1mparsed                        [0m [36mchannel[0m=[35mgoogle_broad[0m [36mraw[0m=[35m69[0m
[2m2026-04-04T16:34:19.450671Z[0m [[32m[1minfo     [0m] [1mquality_filter                [0m [36minput[0m=[35m285[0m [36mpassed[0m=[35m14[0m
[2m2026-04-04T16:34:19.452815Z[0m [[32m[1minfo     [0m] [1mdedup                         [0m [36mafter[0m=[35m12[0m [36mbefore[0m=[35m14[0m
[2m2026-04-04T16:34:19.453129Z[0m [[32m[1minfo     [0m] [1mfulltext_selection            [0m [36mcandidates[0m=[35m1[0m [36mfiltered[0m=[35m12[0m [36mmode[0m=[35mhigh-value[0m [36mticker[0m=[35mADM[0m
[2m2026-04-04T16:34:21.412979Z[0m [[32m[1minfo     [0m] [1mfetch                         [0m [36mstatus[0m=[35m200[0m [36murl[0m=[35mhttps://www.msn.com/en-us/money/topstocks/why-is-archer-daniels-midland-company-adm-one-of[0m
[2m2026-04-04T16:34:21.634052Z[0m [[32m[1minfo     [0m] [1mcrawling                      [0m [36mchannel[0m=[35mGoogle->Benzinga[0m [36mtag[0m=[35mgoogle_benzinga[0m
[2m2026-04-04T16:34:24.025556Z[0m [[32m[1minfo     [0m] [1mfetch                         [0m [36mstatus[0m=[35m200[0m [36murl[0m=[35m'https://news.google.com/rss/search?q=MTB+site:benzinga.com&hl=en-US&gl=US&ceid=US:en'[0m
[2m2026-04-04T16:34:24.038980Z[0m [[32m[1minfo     [0m] [1mparsed                        [0m [36mchannel[0m=[35mgoogle_benzinga[0m [36mraw[0m=[35m19[0m
[2m2026-04-04T16:34:26.044172Z[0m [[32m[1minfo     [0m] [1mfetch                         [0m [36mstatus[0m=[35m200[0m [36murl[0m=[35m'https://news.google.com/rss/search?q=MTB+site:benzinga.com&hl=en-US&gl=US&ceid=US:en'[0m
[2m2026-04-04T16:34:26.056951Z[0m [[32m[1minfo     [0m] [1mparsed                        [0m [36mchannel[0m=[35mgoogle_benzinga[0m [36mraw[0m=[35m19[0m
[2m2026-04-04T16:34:26.057121Z[0m [[32m[1minfo     [0m] [1mcrawling                      [0m [36mchannel[0m=[35m'Google News (all)'[0m [36mtag[0m=[35mgoogle_broad[0m
[2m2026-04-04T16:34:28.645665Z[0m [[32m[1minfo     [0m] [1mfetch                         [0m [36mstatus[0m=[35m200[0m [36murl[0m=[35m'https://news.google.com/rss/search?q=MTB+stock+news&hl=en-US&gl=US&ceid=US:en'[0m
[2m2026-04-04T16:34:28.709444Z[0m [[32m[1minfo     [0m] [1mparsed                        [0m [36mchannel[0m=[35mgoogle_broad[0m [36mraw[0m=[35m68[0m
[2m2026-04-04T16:34:31.173282Z[0m [[32m[1minfo     [0m] [1mfetch                         [0m [36mstatus[0m=[35m200[0m [36murl[0m=[35m'https://news.google.com/rss/search?q=MTB+earnings+analysis&hl=en-US&gl=US&ceid=US:en'[0m
[2m2026-04-04T16:34:31.232393Z[0m [[32m[1minfo     [0m] [1mparsed                        [0m [36mchannel[0m=[35mgoogle_broad[0m [36mraw[0m=[35m63[0m
[2m2026-04-04T16:34:31.233664Z[0m [[32m[1minfo     [0m] [1mquality_filter                [0m [36minput[0m=[35m169[0m [36mpassed[0m=[35m2[0m
[2m2026-04-04T16:34:31.234014Z[0m [[32m[1minfo     [0m] [1mdedup                         [0m [36mafter[0m=[35m2[0m [36mbefore[0m=[35m2[0m
[2m2026-04-04T16:34:31.234128Z[0m [[32m[1minfo     [0m] [1mfulltext_selection            [0m [36mcandidates[0m=[35m2[0m [36mfiltered[0m=[35m2[0m [36mmode[0m=[35mhigh-value[0m [36mticker[0m=[35mMTB[0m
[2m2026-04-04T16:34:34.181297Z[0m [[32m[1minfo     [0m] [1mfetch                         [0m [36mstatus[0m=[35m200[0m [36murl[0m=[35mhttps://intellectia.ai/en/stock/MTB/earnings[0m
[2m2026-04-04T16:34:34.612740Z[0m [[32m[1minfo     [0m] [1mfetch                         [0m [36mstatus[0m=[35m200[0m [36murl[0m=[35mhttps://intellectia.ai/en/stock/MTB/technical[0m
[2m2026-04-04T16:34:35.221142Z[0m [[32m[1minfo     [0m] [1mcrawling                      [0m [36mchannel[0m=[35mGoogle->Benzinga[0m [36mtag[0m=[35mgoogle_benzinga[0m
[2m2026-04-04T16:34:37.634985Z[0m [[32m[1minfo     [0m] [1mfetch                         [0m [36mstatus[0m=[35m200[0m [36murl[0m=[35m'https://news.google.com/rss/search?q=VICI+site:benzinga.com&hl=en-US&gl=US&ceid=US:en'[0m
[2m2026-04-04T16:34:37.654489Z[0m [[32m[1minfo     [0m] [1mparsed                        [0m [36mchannel[0m=[35mgoogle_benzinga[0m [36mraw[0m=[35m30[0m
[2m2026-04-04T16:34:39.659720Z[0m [[32m[1minfo     [0m] [1mfetch                         [0m [36mstatus[0m=[35m200[0m [36murl[0m=[35m'https://news.google.com/rss/search?q=VICI+site:benzinga.com&hl=en-US&gl=US&ceid=US:en'[0m
[2m2026-04-04T16:34:39.679015Z[0m [[32m[1minfo     [0m] [1mparsed                        [0m [36mchannel[0m=[35mgoogle_benzinga[0m [36mraw[0m=[35m30[0m
[2m2026-04-04T16:34:39.679174Z[0m [[32m[1minfo     [0m] [1mcrawling                      [0m [36mchannel[0m=[35m'Google News (all)'[0m [36mtag[0m=[35mgoogle_broad[0m
[2m2026-04-04T16:34:42.280129Z[0m [[32m[1minfo     [0m] [1mfetch                         [0m [36mstatus[0m=[35m200[0m [36murl[0m=[35m'https://news.google.com/rss/search?q=VICI+stock+news&hl=en-US&gl=US&ceid=US:en'[0m
[2m2026-04-04T16:34:42.423198Z[0m [[32m[1minfo     [0m] [1mparsed                        [0m [36mchannel[0m=[35mgoogle_broad[0m [36mraw[0m=[35m100[0m
[2m2026-04-04T16:34:44.860450Z[0m [[32m[1minfo     [0m] [1mfetch                         [0m [36mstatus[0m=[35m200[0m [36murl[0m=[35m'https://news.google.com/rss/search?q=VICI+earnings+analysis&hl=en-US&gl=US&ceid=US:en'[0m
[2m2026-04-04T16:34:44.918843Z[0m [[32m[1minfo     [0m] [1mparsed                        [0m [36mchannel[0m=[35mgoogle_broad[0m [36mraw[0m=[35m63[0m
[2m2026-04-04T16:34:44.920952Z[0m [[32m[1minfo     [0m] [1mquality_filter                [0m [36minput[0m=[35m223[0m [36mpassed[0m=[35m7[0m
[2m2026-04-04T16:34:44.921971Z[0m [[32m[1minfo     [0m] [1mdedup                         [0m [36mafter[0m=[35m7[0m [36mbefore[0m=[35m7[0m
[2m2026-04-04T16:34:44.922182Z[0m [[32m[1minfo     [0m] [1mfulltext_selection            [0m [36mcandidates[0m=[35m0[0m [36mfiltered[0m=[35m7[0m [36mmode[0m=[35mhigh-value[0m [36mticker[0m=[35mVICI[0m
[2m2026-04-04T16:34:44.923041Z[0m [[32m[1minfo     [0m] [1mcrawling                      [0m [36mchannel[0m=[35mGoogle->Benzinga[0m [36mtag[0m=[35mgoogle_benzinga[0m
[2m2026-04-04T16:34:47.302415Z[0m [[32m[1minfo     [0m] [1mfetch                         [0m [36mstatus[0m=[35m200[0m [36murl[0m=[35m'https://news.google.com/rss/search?q=IRM+site:benzinga.com&hl=en-US&gl=US&ceid=US:en'[0m
[2m2026-04-04T16:34:47.315711Z[0m [[32m[1minfo     [0m] [1mparsed                        [0m [36mchannel[0m=[35mgoogle_benzinga[0m [36mraw[0m=[35m17[0m
[2m2026-04-04T16:34:49.320657Z[0m [[32m[1minfo     [0m] [1mfetch                         [0m [36mstatus[0m=[35m200[0m [36murl[0m=[35m'https://news.google.com/rss/search?q=IRM+site:benzinga.com&hl=en-US&gl=US&ceid=US:en'[0m
[2m2026-04-04T16:34:49.332516Z[0m [[32m[1minfo     [0m] [1mparsed                        [0m [36mchannel[0m=[35mgoogle_benzinga[0m [36mraw[0m=[35m17[0m
[2m2026-04-04T16:34:49.332697Z[0m [[32m[1minfo     [0m] [1mcrawling                      [0m [36mchannel[0m=[35m'Google News (all)'[0m [36mtag[0m=[35mgoogle_broad[0m
[2m2026-04-04T16:34:52.064907Z[0m [[32m[1minfo     [0m] [1mfetch                         [0m [36mstatus[0m=[35m200[0m [36murl[0m=[35m'https://news.google.com/rss/search?q=IRM+stock+news&hl=en-US&gl=US&ceid=US:en'[0m
[2m2026-04-04T16:34:52.214452Z[0m [[32m[1minfo     [0m] [1mparsed                        [0m [36mchannel[0m=[35mgoogle_broad[0m [36mraw[0m=[35m100[0m
[2m2026-04-04T16:34:54.621264Z[0m [[32m[1minfo     [0m] [1mfetch                         [0m [36mstatus[0m=[35m200[0m [36murl[0m=[35m'https://news.google.com/rss/search?q=IRM+earnings+analysis&hl=en-US&gl=US&ceid=US:en'[0m
[2m2026-04-04T16:34:54.665925Z[0m [[32m[1minfo     [0m] [1mparsed                        [0m [36mchannel[0m=[35mgoogle_broad[0m [36mraw[0m=[35m51[0m
[2m2026-04-04T16:34:54.667849Z[0m [[32m[1minfo     [0m] [1mquality_filter                [0m [36minput[0m=[35m185[0m [36mpassed[0m=[35m6[0m
[2m2026-04-04T16:34:54.668750Z[0m [[32m[1minfo     [0m] [1mdedup                         [0m [36mafter[0m=[35m6[0m [36mbefore[0m=[35m6[0m
[2m2026-04-04T16:34:54.668939Z[0m [[32m[1minfo     [0m] [1mfulltext_selection            [0m [36mcandidates[0m=[35m3[0m [36mfiltered[0m=[35m6[0m [36mmode[0m=[35mhigh-value[0m [36mticker[0m=[35mIRM[0m
[2m2026-04-04T16:34:57.387762Z[0m [[32m[1minfo     [0m] [1mfetch                         [0m [36mstatus[0m=[35m200[0m [36murl[0m=[35mhttps://www.stocktitan.net/sec-filings/IRM/form-4-iron-mountain-inc-insider-trading-activi[0m
[2m2026-04-04T16:34:57.442089Z[0m [[32m[1minfo     [0m] [1mfetch                         [0m [36mstatus[0m=[35m200[0m [36murl[0m=[35mhttps://www.marketbeat.com/instant-alerts/iron-mountain-nyseirm-evp-sells-61626000-in-stoc[0m
[2m2026-04-04T16:34:58.223608Z[0m [[32m[1minfo     [0m] [1mfetch                         [0m [36mstatus[0m=[35m200[0m [36murl[0m=[35mhttps://intellectia.ai/en/stock/IRM/financials[0m
[2m2026-04-04T16:34:58.840784Z[0m [[32m[1minfo     [0m] [1mcrawling                      [0m [36mchannel[0m=[35mGoogle->Benzinga[0m [36mtag[0m=[35mgoogle_benzinga[0m
[2m2026-04-04T16:35:01.373963Z[0m [[32m[1minfo     [0m] [1mfetch                         [0m [36mstatus[0m=[35m200[0m [36murl[0m=[35m'https://news.google.com/rss/search?q=EXR+site:benzinga.com&hl=en-US&gl=US&ceid=US:en'[0m
[2m2026-04-04T16:35:01.399117Z[0m [[32m[1minfo     [0m] [1mparsed                        [0m [36mchannel[0m=[35mgoogle_benzinga[0m [36mraw[0m=[35m10[0m
[2m2026-04-04T16:35:03.404359Z[0m [[32m[1minfo     [0m] [1mfetch                         [0m [36mstatus[0m=[35m200[0m [36murl[0m=[35m'https://news.google.com/rss/search?q=EXR+site:benzinga.com&hl=en-US&gl=US&ceid=US:en'[0m
[2m2026-04-04T16:35:03.412356Z[0m [[32m[1minfo     [0m] [1mparsed                        [0m [36mchannel[0m=[35mgoogle_benzinga[0m [36mraw[0m=[35m10[0m
[2m2026-04-04T16:35:03.412549Z[0m [[32m[1minfo     [0m] [1mcrawling                      [0m [36mchannel[0m=[35m'Google News (all)'[0m [36mtag[0m=[35mgoogle_broad[0m
[2m2026-04-04T16:35:05.811912Z[0m [[32m[1minfo     [0m] [1mfetch                         [0m [36mstatus[0m=[35m200[0m [36murl[0m=[35m'https://news.google.com/rss/search?q=EXR+stock+news&hl=en-US&gl=US&ceid=US:en'[0m
[2m2026-04-04T16:35:05.858037Z[0m [[32m[1minfo     [0m] [1mparsed                        [0m [36mchannel[0m=[35mgoogle_broad[0m [36mraw[0m=[35m52[0m
[2m2026-04-04T16:35:08.316758Z[0m [[32m[1minfo     [0m] [1mfetch                         [0m [36mstatus[0m=[35m200[0m [36murl[0m=[35m'https://news.google.com/rss/search?q=EXR+earnings+analysis&hl=en-US&gl=US&ceid=US:en'[0m
[2m2026-04-04T16:35:08.369368Z[0m [[32m[1minfo     [0m] [1mparsed                        [0m [36mchannel[0m=[35mgoogle_broad[0m [36mraw[0m=[35m53[0m
[2m2026-04-04T16:35:08.370640Z[0m [[32m[1minfo     [0m] [1mquality_filter                [0m [36minput[0m=[35m125[0m [36mpassed[0m=[35m2[0m
[2m2026-04-04T16:35:08.371083Z[0m [[32m[1minfo     [0m] [1mdedup                         [0m [36mafter[0m=[35m2[0m [36mbefore[0m=[35m2[0m
[2m2026-04-04T16:35:08.371201Z[0m [[32m[1minfo     [0m] [1mfulltext_selection            [0m [36mcandidates[0m=[35m1[0m [36mfiltered[0m=[35m2[0m [36mmode[0m=[35mhigh-value[0m [36mticker[0m=[35mEXR[0m
[2m2026-04-04T16:35:11.642666Z[0m [[32m[1minfo     [0m] [1mfetch                         [0m [36mstatus[0m=[35m200[0m [36murl[0m=[35mhttps://www.stocktitan.net/sec-filings/EXR/form-4-extra-space-storage-inc-insider-trading-[0m
[2m2026-04-04T16:35:11.863495Z[0m [[32m[1minfo     [0m] [1mcrawling                      [0m [36mchannel[0m=[35mGoogle->Benzinga[0m [36mtag[0m=[35mgoogle_benzinga[0m
[2m2026-04-04T16:35:14.242949Z[0m [[32m[1minfo     [0m] [1mfetch                         [0m [36mstatus[0m=[35m200[0m [36murl[0m=[35m'https://news.google.com/rss/search?q=XYL+site:benzinga.com&hl=en-US&gl=US&ceid=US:en'[0m
[2m2026-04-04T16:35:14.255383Z[0m [[32m[1minfo     [0m] [1mparsed                        [0m [36mchannel[0m=[35mgoogle_benzinga[0m [36mraw[0m=[35m10[0m
[2m2026-04-04T16:35:16.260168Z[0m [[32m[1minfo     [0m] [1mfetch                         [0m [36mstatus[0m=[35m200[0m [36murl[0m=[35m'https://news.google.com/rss/search?q=XYL+site:benzinga.com&hl=en-US&gl=US&ceid=US:en'[0m
[2m2026-04-04T16:35:16.267907Z[0m [[32m[1minfo     [0m] [1mparsed                        [0m [36mchannel[0m=[35mgoogle_benzinga[0m [36mraw[0m=[35m10[0m
[2m2026-04-04T16:35:16.268062Z[0m [[32m[1minfo     [0m] [1mcrawling                      [0m [36mchannel[0m=[35m'Google News (all)'[0m [36mtag[0m=[35mgoogle_broad[0m
[2m2026-04-04T16:35:18.811811Z[0m [[32m[1minfo     [0m] [1mfetch                         [0m [36mstatus[0m=[35m200[0m [36murl[0m=[35m'https://news.google.com/rss/search?q=XYL+stock+news&hl=en-US&gl=US&ceid=US:en'[0m
[2m2026-04-04T16:35:18.955859Z[0m [[32m[1minfo     [0m] [1mparsed                        [0m [36mchannel[0m=[35mgoogle_broad[0m [36mraw[0m=[35m100[0m
[2m2026-04-04T16:35:21.357391Z[0m [[32m[1minfo     [0m] [1mfetch                         [0m [36mstatus[0m=[35m200[0m [36murl[0m=[35m'https://news.google.com/rss/search?q=XYL+earnings+analysis&hl=en-US&gl=US&ceid=US:en'[0m
[2m2026-04-04T16:35:21.390261Z[0m [[32m[1minfo     [0m] [1mparsed                        [0m [36mchannel[0m=[35mgoogle_broad[0m [36mraw[0m=[35m43[0m
[2m2026-04-04T16:35:21.391418Z[0m [[32m[1minfo     [0m] [1mquality_filter                [0m [36minput[0m=[35m163[0m [36mpassed[0m=[35m0[0m
[2m2026-04-04T16:35:21.391559Z[0m [[32m[1minfo     [0m] [1mdedup                         [0m [36mafter[0m=[35m0[0m [36mbefore[0m=[35m0[0m
[2m2026-04-04T16:35:21.391635Z[0m [[32m[1minfo     [0m] [1mfulltext_selection            [0m [36mcandidates[0m=[35m0[0m [36mfiltered[0m=[35m0[0m [36mmode[0m=[35mhigh-value[0m [36mticker[0m=[35mXYL[0m
[2m2026-04-04T16:35:21.392355Z[0m [[32m[1minfo     [0m] [1mcrawling                      [0m [36mchannel[0m=[35mGoogle->Benzinga[0m [36mtag[0m=[35mgoogle_benzinga[0m
[2m2026-04-04T16:35:23.808650Z[0m [[32m[1minfo     [0m] [1mfetch                         [0m [36mstatus[0m=[35m200[0m [36murl[0m=[35m'https://news.google.com/rss/search?q=TDY+site:benzinga.com&hl=en-US&gl=US&ceid=US:en'[0m
[2m2026-04-04T16:35:23.822842Z[0m [[32m[1minfo     [0m] [1mparsed                        [0m [36mchannel[0m=[35mgoogle_benzinga[0m [36mraw[0m=[35m11[0m
[2m2026-04-04T16:35:25.827583Z[0m [[32m[1minfo     [0m] [1mfetch                         [0m [36mstatus[0m=[35m200[0m [36murl[0m=[35m'https://news.google.com/rss/search?q=TDY+site:benzinga.com&hl=en-US&gl=US&ceid=US:en'[0m
[2m2026-04-04T16:35:25.836277Z[0m [[32m[1minfo     [0m] [1mparsed                        [0m [36mchannel[0m=[35mgoogle_benzinga[0m [36mraw[0m=[35m11[0m
[2m2026-04-04T16:35:25.836478Z[0m [[32m[1minfo     [0m] [1mcrawling                      [0m [36mchannel[0m=[35m'Google News (all)'[0m [36mtag[0m=[35mgoogle_broad[0m
[2m2026-04-04T16:35:28.314722Z[0m [[32m[1minfo     [0m] [1mfetch                         [0m [36mstatus[0m=[35m200[0m [36murl[0m=[35m'https://news.google.com/rss/search?q=TDY+stock+news&hl=en-US&gl=US&ceid=US:en'[0m
[2m2026-04-04T16:35:28.430812Z[0m [[32m[1minfo     [0m] [1mparsed                        [0m [36mchannel[0m=[35mgoogle_broad[0m [36mraw[0m=[35m70[0m
[2m2026-04-04T16:35:30.974518Z[0m [[32m[1minfo     [0m] [1mfetch                         [0m [36mstatus[0m=[35m200[0m [36murl[0m=[35m'https://news.google.com/rss/search?q=TDY+earnings+analysis&hl=en-US&gl=US&ceid=US:en'[0m
[2m2026-04-04T16:35:31.126816Z[0m [[32m[1minfo     [0m] [1mparsed                        [0m [36mchannel[0m=[35mgoogle_broad[0m [36mraw[0m=[35m100[0m
[2m2026-04-04T16:35:31.128033Z[0m [[32m[1minfo     [0m] [1mquality_filter                [0m [36minput[0m=[35m192[0m [36mpassed[0m=[35m1[0m
[2m2026-04-04T16:35:31.128326Z[0m [[32m[1minfo     [0m] [1mdedup                         [0m [36mafter[0m=[35m1[0m [36mbefore[0m=[35m1[0m
[2m2026-04-04T16:35:31.128441Z[0m [[32m[1minfo     [0m] [1mfulltext_selection            [0m [36mcandidates[0m=[35m1[0m [36mfiltered[0m=[35m1[0m [36mmode[0m=[35mhigh-value[0m [36mticker[0m=[35mTDY[0m
[2m2026-04-04T16:35:32.921872Z[0m [[32m[1minfo     [0m] [1mfetch                         [0m [36mstatus[0m=[35m403[0m [36murl[0m=[35mhttps://www.gurufocus.com/news/8768940/tdy-citigroup-maintains-neutral-rating-and-raises-p[0m
[2m2026-04-04T16:35:33.124029Z[0m [[32m[1minfo     [0m] [1mcrawling                      [0m [36mchannel[0m=[35mGoogle->Benzinga[0m [36mtag[0m=[35mgoogle_benzinga[0m
[2m2026-04-04T16:35:35.513261Z[0m [[32m[1minfo     [0m] [1mfetch                         [0m [36mstatus[0m=[35m200[0m [36murl[0m=[35m'https://news.google.com/rss/search?q=TPR+site:benzinga.com&hl=en-US&gl=US&ceid=US:en'[0m
[2m2026-04-04T16:35:35.531364Z[0m [[32m[1minfo     [0m] [1mparsed                        [0m [36mchannel[0m=[35mgoogle_benzinga[0m [36mraw[0m=[35m20[0m
[2m2026-04-04T16:35:37.536640Z[0m [[32m[1minfo     [0m] [1mfetch                         [0m [36mstatus[0m=[35m200[0m [36murl[0m=[35m'https://news.google.com/rss/search?q=TPR+site:benzinga.com&hl=en-US&gl=US&ceid=US:en'[0m
[2m2026-04-04T16:35:37.550717Z[0m [[32m[1minfo     [0m] [1mparsed                        [0m [36mchannel[0m=[35mgoogle_benzinga[0m [36mraw[0m=[35m20[0m
[2m2026-04-04T16:35:37.550880Z[0m [[32m[1minfo     [0m] [1mcrawling                      [0m [36mchannel[0m=[35m'Google News (all)'[0m [36mtag[0m=[35mgoogle_broad[0m
[2m2026-04-04T16:35:39.990073Z[0m [[32m[1minfo     [0m] [1mfetch                         [0m [36mstatus[0m=[35m200[0m [36murl[0m=[35m'https://news.google.com/rss/search?q=TPR+stock+news&hl=en-US&gl=US&ceid=US:en'[0m
[2m2026-04-04T16:35:40.059602Z[0m [[32m[1minfo     [0m] [1mparsed                        [0m [36mchannel[0m=[35mgoogle_broad[0m [36mraw[0m=[35m69[0m
[2m2026-04-04T16:35:42.466610Z[0m [[32m[1minfo     [0m] [1mfetch                         [0m [36mstatus[0m=[35m200[0m [36murl[0m=[35m'https://news.google.com/rss/search?q=TPR+earnings+analysis&hl=en-US&gl=US&ceid=US:en'[0m
[2m2026-04-04T16:35:42.509296Z[0m [[32m[1minfo     [0m] [1mparsed                        [0m [36mchannel[0m=[35mgoogle_broad[0m [36mraw[0m=[35m48[0m
[2m2026-04-04T16:35:42.510403Z[0m [[32m[1minfo     [0m] [1mquality_filter                [0m [36minput[0m=[35m157[0m [36mpassed[0m=[35m1[0m
[2m2026-04-04T16:35:42.510638Z[0m [[32m[1minfo     [0m] [1mdedup                         [0m [36mafter[0m=[35m1[0m [36mbefore[0m=[35m1[0m
[2m2026-04-04T16:35:42.510749Z[0m [[32m[1minfo     [0m] [1mfulltext_selection            [0m [36mcandidates[0m=[35m0[0m [36mfiltered[0m=[35m1[0m [36mmode[0m=[35mhigh-value[0m [36mticker[0m=[35mTPR[0m
[2m2026-04-04T16:35:42.511476Z[0m [[32m[1minfo     [0m] [1mcrawling                      [0m [36mchannel[0m=[35mGoogle->Benzinga[0m [36mtag[0m=[35mgoogle_benzinga[0m
[2m2026-04-04T16:35:44.983264Z[0m [[32m[1minfo     [0m] [1mfetch                         [0m [36mstatus[0m=[35m200[0m [36murl[0m=[35m'https://news.google.com/rss/search?q=WAT+site:benzinga.com&hl=en-US&gl=US&ceid=US:en'[0m
[2m2026-04-04T16:35:45.020852Z[0m [[32m[1minfo     [0m] [1mparsed                        [0m [36mchannel[0m=[35mgoogle_benzinga[0m [36mraw[0m=[35m46[0m
[2m2026-04-04T16:35:47.026253Z[0m [[32m[1minfo     [0m] [1mfetch                         [0m [36mstatus[0m=[35m200[0m [36murl[0m=[35m'https://news.google.com/rss/search?q=WAT+site:benzinga.com&hl=en-US&gl=US&ceid=US:en'[0m
[2m2026-04-04T16:35:47.055008Z[0m [[32m[1minfo     [0m] [1mparsed                        [0m [36mchannel[0m=[35mgoogle_benzinga[0m [36mraw[0m=[35m46[0m
[2m2026-04-04T16:35:47.055170Z[0m [[32m[1minfo     [0m] [1mcrawling                      [0m [36mchannel[0m=[35m'Google News (all)'[0m [36mtag[0m=[35mgoogle_broad[0m
[2m2026-04-04T16:35:49.580452Z[0m [[32m[1minfo     [0m] [1mfetch                         [0m [36mstatus[0m=[35m200[0m [36murl[0m=[35m'https://news.google.com/rss/search?q=WAT+stock+news&hl=en-US&gl=US&ceid=US:en'[0m
[2m2026-04-04T16:35:49.695869Z[0m [[32m[1minfo     [0m] [1mparsed                        [0m [36mchannel[0m=[35mgoogle_broad[0m [36mraw[0m=[35m70[0m
[2m2026-04-04T16:35:52.205282Z[0m [[32m[1minfo     [0m] [1mfetch                         [0m [36mstatus[0m=[35m200[0m [36murl[0m=[35m'https://news.google.com/rss/search?q=WAT+earnings+analysis&hl=en-US&gl=US&ceid=US:en'[0m
[2m2026-04-04T16:35:52.264240Z[0m [[32m[1minfo     [0m] [1mparsed                        [0m [36mchannel[0m=[35mgoogle_broad[0m [36mraw[0m=[35m63[0m
[2m2026-04-04T16:35:52.266090Z[0m [[32m[1minfo     [0m] [1mquality_filter                [0m [36minput[0m=[35m225[0m [36mpassed[0m=[35m6[0m
[2m2026-04-04T16:35:52.266785Z[0m [[32m[1minfo     [0m] [1mdedup                         [0m [36mafter[0m=[35m3[0m [36mbefore[0m=[35m6[0m
[2m2026-04-04T16:35:52.266929Z[0m [[32m[1minfo     [0m] [1mfulltext_selection            [0m [36mcandidates[0m=[35m0[0m [36mfiltered[0m=[35m3[0m [36mmode[0m=[35mhigh-value[0m [36mticker[0m=[35mWAT[0m
[2m2026-04-04T16:35:52.267668Z[0m [[32m[1minfo     [0m] [1mcrawling                      [0m [36mchannel[0m=[35mGoogle->Benzinga[0m [36mtag[0m=[35mgoogle_benzinga[0m
[2m2026-04-04T16:35:54.669621Z[0m [[32m[1minfo     [0m] [1mfetch                         [0m [36mstatus[0m=[35m200[0m [36murl[0m=[35m'https://news.google.com/rss/search?q=CTSH+site:benzinga.com&hl=en-US&gl=US&ceid=US:en'[0m
[2m2026-04-04T16:35:54.690183Z[0m [[32m[1minfo     [0m] [1mparsed                        [0m [36mchannel[0m=[35mgoogle_benzinga[0m [36mraw[0m=[35m32[0m
[2m2026-04-04T16:35:56.695391Z[0m [[32m[1minfo     [0m] [1mfetch                         [0m [36mstatus[0m=[35m200[0m [36murl[0m=[35m'https://news.google.com/rss/search?q=CTSH+site:benzinga.com&hl=en-US&gl=US&ceid=US:en'[0m
[2m2026-04-04T16:35:56.716135Z[0m [[32m[1minfo     [0m] [1mparsed                        [0m [36mchannel[0m=[35mgoogle_benzinga[0m [36mraw[0m=[35m32[0m
[2m2026-04-04T16:35:56.716332Z[0m [[32m[1minfo     [0m] [1mcrawling                      [0m [36mchannel[0m=[35m'Google News (all)'[0m [36mtag[0m=[35mgoogle_broad[0m
[2m2026-04-04T16:35:59.242629Z[0m [[32m[1minfo     [0m] [1mfetch                         [0m [36mstatus[0m=[35m200[0m [36murl[0m=[35m'https://news.google.com/rss/search?q=CTSH+stock+news&hl=en-US&gl=US&ceid=US:en'[0m
[2m2026-04-04T16:35:59.398586Z[0m [[32m[1minfo     [0m] [1mparsed                        [0m [36mchannel[0m=[35mgoogle_broad[0m [36mraw[0m=[35m100[0m
[2m2026-04-04T16:36:01.776229Z[0m [[32m[1minfo     [0m] [1mfetch                         [0m [36mstatus[0m=[35m200[0m [36murl[0m=[35m'https://news.google.com/rss/search?q=CTSH+earnings+analysis&hl=en-US&gl=US&ceid=US:en'[0m
[2m2026-04-04T16:36:01.961152Z[0m [[32m[1minfo     [0m] [1mparsed                        [0m [36mchannel[0m=[35mgoogle_broad[0m [36mraw[0m=[35m50[0m
[2m2026-04-04T16:36:01.968360Z[0m [[32m[1minfo     [0m] [1mquality_filter                [0m [36minput[0m=[35m214[0m [36mpassed[0m=[35m2[0m
[2m2026-04-04T16:36:01.969258Z[0m [[32m[1minfo     [0m] [1mdedup                         [0m [36mafter[0m=[35m2[0m [36mbefore[0m=[35m2[0m
[2m2026-04-04T16:36:01.969451Z[0m [[32m[1minfo     [0m] [1mfulltext_selection            [0m [36mcandidates[0m=[35m0[0m [36mfiltered[0m=[35m2[0m [36mmode[0m=[35mhigh-value[0m [36mticker[0m=[35mCTSH[0m
[2m2026-04-04T16:36:01.976745Z[0m [[32m[1minfo     [0m] [1mcrawling                      [0m [36mchannel[0m=[35mGoogle->Benzinga[0m [36mtag[0m=[35mgoogle_benzinga[0m
[2m2026-04-04T16:36:04.443387Z[0m [[32m[1minfo     [0m] [1mfetch                         [0m [36mstatus[0m=[35m200[0m [36murl[0m=[35m'https://news.google.com/rss/search?q=DTE+site:benzinga.com&hl=en-US&gl=US&ceid=US:en'[0m
[2m2026-04-04T16:36:04.470819Z[0m [[32m[1minfo     [0m] [1mparsed                        [0m [36mchannel[0m=[35mgoogle_benzinga[0m [36mraw[0m=[35m34[0m
[2m2026-04-04T16:36:06.475859Z[0m [[32m[1minfo     [0m] [1mfetch                         [0m [36mstatus[0m=[35m200[0m [36murl[0m=[35m'https://news.google.com/rss/search?q=DTE+site:benzinga.com&hl=en-US&gl=US&ceid=US:en'[0m
[2m2026-04-04T16:36:06.496978Z[0m [[32m[1minfo     [0m] [1mparsed                        [0m [36mchannel[0m=[35mgoogle_benzinga[0m [36mraw[0m=[35m34[0m
[2m2026-04-04T16:36:06.497140Z[0m [[32m[1minfo     [0m] [1mcrawling                      [0m [36mchannel[0m=[35m'Google News (all)'[0m [36mtag[0m=[35mgoogle_broad[0m
[2m2026-04-04T16:36:08.984794Z[0m [[32m[1minfo     [0m] [1mfetch                         [0m [36mstatus[0m=[35m200[0m [36murl[0m=[35m'https://news.google.com/rss/search?q=DTE+stock+news&hl=en-US&gl=US&ceid=US:en'[0m
[2m2026-04-04T16:36:09.103371Z[0m [[32m[1minfo     [0m] [1mparsed                        [0m [36mchannel[0m=[35mgoogle_broad[0m [36mraw[0m=[35m76[0m
[2m2026-04-04T16:36:11.541036Z[0m [[32m[1minfo     [0m] [1mfetch                         [0m [36mstatus[0m=[35m200[0m [36murl[0m=[35m'https://news.google.com/rss/search?q=DTE+earnings+analysis&hl=en-US&gl=US&ceid=US:en'[0m
[2m2026-04-04T16:36:11.584689Z[0m [[32m[1minfo     [0m] [1mparsed                        [0m [36mchannel[0m=[35mgoogle_broad[0m [36mraw[0m=[35m49[0m
[2m2026-04-04T16:36:11.585848Z[0m [[32m[1minfo     [0m] [1mquality_filter                [0m [36minput[0m=[35m193[0m [36mpassed[0m=[35m1[0m
[2m2026-04-04T16:36:11.586152Z[0m [[32m[1minfo     [0m] [1mdedup                         [0m [36mafter[0m=[35m1[0m [36mbefore[0m=[35m1[0m
[2m2026-04-04T16:36:11.586300Z[0m [[32m[1minfo     [0m] [1mfulltext_selection            [0m [36mcandidates[0m=[35m0[0m [36mfiltered[0m=[35m1[0m [36mmode[0m=[35mhigh-value[0m [36mticker[0m=[35mDTE[0m
[2m2026-04-04T16:36:11.587022Z[0m [[32m[1minfo     [0m] [1mcrawling                      [0m [36mchannel[0m=[35mGoogle->Benzinga[0m [36mtag[0m=[35mgoogle_benzinga[0m
[2m2026-04-04T16:36:14.573391Z[0m [[32m[1minfo     [0m] [1mfetch                         [0m [36mstatus[0m=[35m200[0m [36murl[0m=[35m'https://news.google.com/rss/search?q=DOV+site:benzinga.com&hl=en-US&gl=US&ceid=US:en'[0m
[2m2026-04-04T16:36:14.585295Z[0m [[32m[1minfo     [0m] [1mparsed                        [0m [36mchannel[0m=[35mgoogle_benzinga[0m [36mraw[0m=[35m17[0m
[2m2026-04-04T16:36:16.590073Z[0m [[32m[1minfo     [0m] [1mfetch                         [0m [36mstatus[0m=[35m200[0m [36murl[0m=[35m'https://news.google.com/rss/search?q=DOV+site:benzinga.com&hl=en-US&gl=US&ceid=US:en'[0m
[2m2026-04-04T16:36:16.602084Z[0m [[32m[1minfo     [0m] [1mparsed                        [0m [36mchannel[0m=[35mgoogle_benzinga[0m [36mraw[0m=[35m17[0m
[2m2026-04-04T16:36:16.602261Z[0m [[32m[1minfo     [0m] [1mcrawling                      [0m [36mchannel[0m=[35m'Google News (all)'[0m [36mtag[0m=[35mgoogle_broad[0m
[2m2026-04-04T16:36:19.020474Z[0m [[32m[1minfo     [0m] [1mfetch                         [0m [36mstatus[0m=[35m200[0m [36murl[0m=[35m'https://news.google.com/rss/search?q=DOV+stock+news&hl=en-US&gl=US&ceid=US:en'[0m
[2m2026-04-04T16:36:19.070466Z[0m [[32m[1minfo     [0m] [1mparsed                        [0m [36mchannel[0m=[35mgoogle_broad[0m [36mraw[0m=[35m55[0m
[2m2026-04-04T16:36:21.447879Z[0m [[32m[1minfo     [0m] [1mfetch                         [0m [36mstatus[0m=[35m200[0m [36murl[0m=[35m'https://news.google.com/rss/search?q=DOV+earnings+analysis&hl=en-US&gl=US&ceid=US:en'[0m
[2m2026-04-04T16:36:21.480316Z[0m [[32m[1minfo     [0m] [1mparsed                        [0m [36mchannel[0m=[35mgoogle_broad[0m [36mraw[0m=[35m42[0m
[2m2026-04-04T16:36:21.481030Z[0m [[32m[1minfo     [0m] [1mquality_filter                [0m [36minput[0m=[35m131[0m [36mpassed[0m=[35m0[0m
[2m2026-04-04T16:36:21.481149Z[0m [[32m[1minfo     [0m] [1mdedup                         [0m [36mafter[0m=[35m0[0m [36mbefore[0m=[35m0[0m
[2m2026-04-04T16:36:21.481258Z[0m [[32m[1minfo     [0m] [1mfulltext_selection            [0m [36mcandidates[0m=[35m0[0m [36mfiltered[0m=[35m0[0m [36mmode[0m=[35mhigh-value[0m [36mticker[0m=[35mDOV[0m
[2m2026-04-04T16:36:21.482002Z[0m [[32m[1minfo     [0m] [1mcrawling                      [0m [36mchannel[0m=[35mGoogle->Benzinga[0m [36mtag[0m=[35mgoogle_benzinga[0m
[2m2026-04-04T16:36:24.020610Z[0m [[32m[1minfo     [0m] [1mfetch                         [0m [36mstatus[0m=[35m200[0m [36murl[0m=[35m'https://news.google.com/rss/search?q=ULTA+site:benzinga.com&hl=en-US&gl=US&ceid=US:en'[0m
[2m2026-04-04T16:36:24.146862Z[0m [[32m[1minfo     [0m] [1mparsed                        [0m [36mchannel[0m=[35mgoogle_benzinga[0m [36mraw[0m=[35m80[0m
[2m2026-04-04T16:36:26.152030Z[0m [[32m[1minfo     [0m] [1mfetch                         [0m [36mstatus[0m=[35m200[0m [36murl[0m=[35m'https://news.google.com/rss/search?q=ULTA+site:benzinga.com&hl=en-US&gl=US&ceid=US:en'[0m
[2m2026-04-04T16:36:26.199763Z[0m [[32m[1minfo     [0m] [1mparsed                        [0m [36mchannel[0m=[35mgoogle_benzinga[0m [36mraw[0m=[35m80[0m
[2m2026-04-04T16:36:26.199927Z[0m [[32m[1minfo     [0m] [1mcrawling                      [0m [36mchannel[0m=[35m'Google News (all)'[0m [36mtag[0m=[35mgoogle_broad[0m
[2m2026-04-04T16:36:28.775352Z[0m [[32m[1minfo     [0m] [1mfetch                         [0m [36mstatus[0m=[35m200[0m [36murl[0m=[35m'https://news.google.com/rss/search?q=ULTA+stock+news&hl=en-US&gl=US&ceid=US:en'[0m
[2m2026-04-04T16:36:28.919356Z[0m [[32m[1minfo     [0m] [1mparsed                        [0m [36mchannel[0m=[35mgoogle_broad[0m [36mraw[0m=[35m100[0m
[2m2026-04-04T16:36:31.391947Z[0m [[32m[1minfo     [0m] [1mfetch                         [0m [36mstatus[0m=[35m200[0m [36murl[0m=[35m'https://news.google.com/rss/search?q=ULTA+earnings+analysis&hl=en-US&gl=US&ceid=US:en'[0m
[2m2026-04-04T16:36:31.508934Z[0m [[32m[1minfo     [0m] [1mparsed                        [0m [36mchannel[0m=[35mgoogle_broad[0m [36mraw[0m=[35m72[0m
[2m2026-04-04T16:36:31.511959Z[0m [[32m[1minfo     [0m] [1mquality_filter                [0m [36minput[0m=[35m332[0m [36mpassed[0m=[35m13[0m
[2m2026-04-04T16:36:31.513709Z[0m [[32m[1minfo     [0m] [1mdedup                         [0m [36mafter[0m=[35m10[0m [36mbefore[0m=[35m13[0m
[2m2026-04-04T16:36:31.513959Z[0m [[32m[1minfo     [0m] [1mfulltext_selection            [0m [36mcandidates[0m=[35m3[0m [36mfiltered[0m=[35m10[0m [36mmode[0m=[35mhigh-value[0m [36mticker[0m=[35mULTA[0m
[2m2026-04-04T16:36:34.202086Z[0m [[32m[1minfo     [0m] [1mfetch                         [0m [36mstatus[0m=[35m200[0m [36murl[0m=[35mhttps://www.stocktitan.net/sec-filings/ULTA/form-4-ulta-beauty-inc-insider-trading-activit[0m
[2m2026-04-04T16:36:34.648715Z[0m [[32m[1minfo     [0m] [1mfetch                         [0m [36mstatus[0m=[35m200[0m [36murl[0m=[35mhttps://www.stocktitan.net/sec-filings/ULTA/form-4-ulta-beauty-inc-insider-trading-activit[0m
[2m2026-04-04T16:36:34.762749Z[0m [[31m[1merror    [0m] [1mfetch_error                   [0m [36merror[0m=[35m'400, message=\'Got more than 8190 bytes when reading: b"connect-src \\\'self\\\' wss:'[0m [36murl[0m=[35mhttps://finance.yahoo.com/markets/stocks/articles/ulta-beauty-ulta-val[0m
[2m2026-04-04T16:36:34.966678Z[0m [[32m[1minfo     [0m] [1mcrawling                      [0m [36mchannel[0m=[35mGoogle->Benzinga[0m [36mtag[0m=[35mgoogle_benzinga[0m
[2m2026-04-04T16:36:37.790861Z[0m [[32m[1minfo     [0m] [1mfetch                         [0m [36mstatus[0m=[35m200[0m [36murl[0m=[35m'https://news.google.com/rss/search?q=IQV+site:benzinga.com&hl=en-US&gl=US&ceid=US:en'[0m
[2m2026-04-04T16:36:37.804741Z[0m [[32m[1minfo     [0m] [1mparsed                        [0m [36mchannel[0m=[35mgoogle_benzinga[0m [36mraw[0m=[35m10[0m
[2m2026-04-04T16:36:39.809842Z[0m [[32m[1minfo     [0m] [1mfetch                         [0m [36mstatus[0m=[35m200[0m [36murl[0m=[35m'https://news.google.com/rss/search?q=IQV+site:benzinga.com&hl=en-US&gl=US&ceid=US:en'[0m
[2m2026-04-04T16:36:39.817804Z[0m [[32m[1minfo     [0m] [1mparsed                        [0m [36mchannel[0m=[35mgoogle_benzinga[0m [36mraw[0m=[35m10[0m
[2m2026-04-04T16:36:39.817954Z[0m [[32m[1minfo     [0m] [1mcrawling                      [0m [36mchannel[0m=[35m'Google News (all)'[0m [36mtag[0m=[35mgoogle_broad[0m
[2m2026-04-04T16:36:42.278722Z[0m [[32m[1minfo     [0m] [1mfetch                         [0m [36mstatus[0m=[35m200[0m [36murl[0m=[35m'https://news.google.com/rss/search?q=IQV+stock+news&hl=en-US&gl=US&ceid=US:en'[0m
[2m2026-04-04T16:36:42.417564Z[0m [[32m[1minfo     [0m] [1mparsed                        [0m [36mchannel[0m=[35mgoogle_broad[0m [36mraw[0m=[35m93[0m
[2m2026-04-04T16:36:44.900148Z[0m [[32m[1minfo     [0m] [1mfetch                         [0m [36mstatus[0m=[35m200[0m [36murl[0m=[35m'https://news.google.com/rss/search?q=IQV+earnings+analysis&hl=en-US&gl=US&ceid=US:en'[0m
[2m2026-04-04T16:36:44.933060Z[0m [[32m[1minfo     [0m] [1mparsed                        [0m [36mchannel[0m=[35mgoogle_broad[0m [36mraw[0m=[35m42[0m
[2m2026-04-04T16:36:44.934382Z[0m [[32m[1minfo     [0m] [1mquality_filter                [0m [36minput[0m=[35m155[0m [36mpassed[0m=[35m2[0m
[2m2026-04-04T16:36:44.934713Z[0m [[32m[1minfo     [0m] [1mdedup                         [0m [36mafter[0m=[35m2[0m [36mbefore[0m=[35m2[0m
[2m2026-04-04T16:36:44.934831Z[0m [[32m[1minfo     [0m] [1mfulltext_selection            [0m [36mcandidates[0m=[35m0[0m [36mfiltered[0m=[35m2[0m [36mmode[0m=[35mhigh-value[0m [36mticker[0m=[35mIQV[0m
[2m2026-04-04T16:36:44.935629Z[0m [[32m[1minfo     [0m] [1mcrawling                      [0m [36mchannel[0m=[35mGoogle->Benzinga[0m [36mtag[0m=[35mgoogle_benzinga[0m
[2m2026-04-04T16:36:47.794722Z[0m [[32m[1minfo     [0m] [1mfetch                         [0m [36mstatus[0m=[35m200[0m [36murl[0m=[35m'https://news.google.com/rss/search?q=RJF+site:benzinga.com&hl=en-US&gl=US&ceid=US:en'[0m
[2m2026-04-04T16:36:47.808646Z[0m [[32m[1minfo     [0m] [1mparsed                        [0m [36mchannel[0m=[35mgoogle_benzinga[0m [36mraw[0m=[35m21[0m
[2m2026-04-04T16:36:49.813910Z[0m [[32m[1minfo     [0m] [1mfetch                         [0m [36mstatus[0m=[35m200[0m [36murl[0m=[35m'https://news.google.com/rss/search?q=RJF+site:benzinga.com&hl=en-US&gl=US&ceid=US:en'[0m
[2m2026-04-04T16:36:49.827957Z[0m [[32m[1minfo     [0m] [1mparsed                        [0m [36mchannel[0m=[35mgoogle_benzinga[0m [36mraw[0m=[35m21[0m
[2m2026-04-04T16:36:49.828114Z[0m [[32m[1minfo     [0m] [1mcrawling                      [0m [36mchannel[0m=[35m'Google News (all)'[0m [36mtag[0m=[35mgoogle_broad[0m
[2m2026-04-04T16:36:52.243761Z[0m [[32m[1minfo     [0m] [1mfetch                         [0m [36mstatus[0m=[35m200[0m [36murl[0m=[35m'https://news.google.com/rss/search?q=RJF+stock+news&hl=en-US&gl=US&ceid=US:en'[0m
[2m2026-04-04T16:36:52.301708Z[0m [[32m[1minfo     [0m] [1mparsed                        [0m [36mchannel[0m=[35mgoogle_broad[0m [36mraw[0m=[35m61[0m
[2m2026-04-04T16:36:54.665120Z[0m [[32m[1minfo     [0m] [1mfetch                         [0m [36mstatus[0m=[35m200[0m [36murl[0m=[35m'https://news.google.com/rss/search?q=RJF+earnings+analysis&hl=en-US&gl=US&ceid=US:en'[0m
[2m2026-04-04T16:36:54.685008Z[0m [[32m[1minfo     [0m] [1mparsed                        [0m [36mchannel[0m=[35mgoogle_broad[0m [36mraw[0m=[35m31[0m
[2m2026-04-04T16:36:54.685708Z[0m [[32m[1minfo     [0m] [1mquality_filter                [0m [36minput[0m=[35m134[0m [36mpassed[0m=[35m0[0m
[2m2026-04-04T16:36:54.685825Z[0m [[32m[1minfo     [0m] [1mdedup                         [0m [36mafter[0m=[35m0[0m [36mbefore[0m=[35m0[0m
[2m2026-04-04T16:36:54.685897Z[0m [[32m[1minfo     [0m] [1mfulltext_selection            [0m [36mcandidates[0m=[35m0[0m [36mfiltered[0m=[35m0[0m [36mmode[0m=[35mhigh-value[0m [36mticker[0m=[35mRJF[0m
[2m2026-04-04T16:36:54.686739Z[0m [[32m[1minfo     [0m] [1mcrawling                      [0m [36mchannel[0m=[35mGoogle->Benzinga[0m [36mtag[0m=[35mgoogle_benzinga[0m
[2m2026-04-04T16:36:57.207958Z[0m [[32m[1minfo     [0m] [1mfetch                         [0m [36mstatus[0m=[35m200[0m [36murl[0m=[35m'https://news.google.com/rss/search?q=HAL+site:benzinga.com&hl=en-US&gl=US&ceid=US:en'[0m
[2m2026-04-04T16:36:57.323262Z[0m [[32m[1minfo     [0m] [1mparsed                        [0m [36mchannel[0m=[35mgoogle_benzinga[0m [36mraw[0m=[35m70[0m
[2m2026-04-04T16:36:59.328791Z[0m [[32m[1minfo     [0m] [1mfetch                         [0m [36mstatus[0m=[35m200[0m [36murl[0m=[35m'https://news.google.com/rss/search?q=HAL+site:benzinga.com&hl=en-US&gl=US&ceid=US:en'[0m
[2m2026-04-04T16:36:59.370864Z[0m [[32m[1minfo     [0m] [1mparsed                        [0m [36mchannel[0m=[35mgoogle_benzinga[0m [36mraw[0m=[35m70[0m
[2m2026-04-04T16:36:59.371022Z[0m [[32m[1minfo     [0m] [1mcrawling                      [0m [36mchannel[0m=[35m'Google News (all)'[0m [36mtag[0m=[35mgoogle_broad[0m
[2m2026-04-04T16:37:01.973811Z[0m [[32m[1minfo     [0m] [1mfetch                         [0m [36mstatus[0m=[35m200[0m [36murl[0m=[35m'https://news.google.com/rss/search?q=HAL+stock+news&hl=en-US&gl=US&ceid=US:en'[0m
[2m2026-04-04T16:37:02.260610Z[0m [[32m[1minfo     [0m] [1mparsed                        [0m [36mchannel[0m=[35mgoogle_broad[0m [36mraw[0m=[35m100[0m
[2m2026-04-04T16:37:04.762724Z[0m [[32m[1minfo     [0m] [1mfetch                         [0m [36mstatus[0m=[35m200[0m [36murl[0m=[35m'https://news.google.com/rss/search?q=HAL+earnings+analysis&hl=en-US&gl=US&ceid=US:en'[0m
[2m2026-04-04T16:37:04.887120Z[0m [[32m[1minfo     [0m] [1mparsed                        [0m [36mchannel[0m=[35mgoogle_broad[0m [36mraw[0m=[35m67[0m
[2m2026-04-04T16:37:04.889461Z[0m [[32m[1minfo     [0m] [1mquality_filter                [0m [36minput[0m=[35m307[0m [36mpassed[0m=[35m8[0m
[2m2026-04-04T16:37:04.890856Z[0m [[32m[1minfo     [0m] [1mdedup                         [0m [36mafter[0m=[35m8[0m [36mbefore[0m=[35m8[0m
[2m2026-04-04T16:37:04.891274Z[0m [[32m[1minfo     [0m] [1mfulltext_selection            [0m [36mcandidates[0m=[35m2[0m [36mfiltered[0m=[35m8[0m [36mmode[0m=[35mhigh-value[0m [36mticker[0m=[35mHAL[0m
[2m2026-04-04T16:37:07.421144Z[0m [[32m[1minfo     [0m] [1mfetch                         [0m [36mstatus[0m=[35m200[0m [36murl[0m=[35mhttps://intellectia.ai/en/stock/HAL/earnings[0m
[2m2026-04-04T16:37:07.459584Z[0m [[32m[1minfo     [0m] [1mfetch                         [0m [36mstatus[0m=[35m200[0m [36murl[0m=[35mhttps://www.businesstoday.in/markets/stocks/story/hal-mazagon-dock-bdl-cochin-shipyard-sha[0m
[2m2026-04-04T16:37:08.031050Z[0m [[32m[1minfo     [0m] [1mcrawling                      [0m [36mchannel[0m=[35mGoogle->Benzinga[0m [36mtag[0m=[35mgoogle_benzinga[0m
[2m2026-04-04T16:37:10.453353Z[0m [[32m[1minfo     [0m] [1mfetch                         [0m [36mstatus[0m=[35m200[0m [36murl[0m=[35m'https://news.google.com/rss/search?q=CHTR+site:benzinga.com&hl=en-US&gl=US&ceid=US:en'[0m
[2m2026-04-04T16:37:10.486703Z[0m [[32m[1minfo     [0m] [1mparsed                        [0m [36mchannel[0m=[35mgoogle_benzinga[0m [36mraw[0m=[35m42[0m
[2m2026-04-04T16:37:12.491843Z[0m [[32m[1minfo     [0m] [1mfetch                         [0m [36mstatus[0m=[35m200[0m [36murl[0m=[35m'https://news.google.com/rss/search?q=CHTR+site:benzinga.com&hl=en-US&gl=US&ceid=US:en'[0m
[2m2026-04-04T16:37:12.519706Z[0m [[32m[1minfo     [0m] [1mparsed                        [0m [36mchannel[0m=[35mgoogle_benzinga[0m [36mraw[0m=[35m42[0m
[2m2026-04-04T16:37:12.519869Z[0m [[32m[1minfo     [0m] [1mcrawling                      [0m [36mchannel[0m=[35m'Google News (all)'[0m [36mtag[0m=[35mgoogle_broad[0m
[2m2026-04-04T16:37:14.989375Z[0m [[32m[1minfo     [0m] [1mfetch                         [0m [36mstatus[0m=[35m200[0m [36murl[0m=[35m'https://news.google.com/rss/search?q=CHTR+stock+news&hl=en-US&gl=US&ceid=US:en'[0m
[2m2026-04-04T16:37:15.133077Z[0m [[32m[1minfo     [0m] [1mparsed                        [0m [36mchannel[0m=[35mgoogle_broad[0m [36mraw[0m=[35m100[0m
[2m2026-04-04T16:37:17.556179Z[0m [[32m[1minfo     [0m] [1mfetch                         [0m [36mstatus[0m=[35m200[0m [36murl[0m=[35m'https://news.google.com/rss/search?q=CHTR+earnings+analysis&hl=en-US&gl=US&ceid=US:en'[0m
[2m2026-04-04T16:37:17.588808Z[0m [[32m[1minfo     [0m] [1mparsed                        [0m [36mchannel[0m=[35mgoogle_broad[0m [36mraw[0m=[35m42[0m
[2m2026-04-04T16:37:17.590183Z[0m [[32m[1minfo     [0m] [1mquality_filter                [0m [36minput[0m=[35m226[0m [36mpassed[0m=[35m2[0m
[2m2026-04-04T16:37:17.590560Z[0m [[32m[1minfo     [0m] [1mdedup                         [0m [36mafter[0m=[35m2[0m [36mbefore[0m=[35m2[0m
[2m2026-04-04T16:37:17.590680Z[0m [[32m[1minfo     [0m] [1mfulltext_selection            [0m [36mcandidates[0m=[35m0[0m [36mfiltered[0m=[35m2[0m [36mmode[0m=[35mhigh-value[0m [36mticker[0m=[35mCHTR[0m
[2m2026-04-04T16:37:17.591434Z[0m [[32m[1minfo     [0m] [1mcrawling                      [0m [36mchannel[0m=[35mGoogle->Benzinga[0m [36mtag[0m=[35mgoogle_benzinga[0m
[2m2026-04-04T16:37:20.417952Z[0m [[32m[1minfo     [0m] [1mfetch                         [0m [36mstatus[0m=[35m200[0m [36murl[0m=[35m'https://news.google.com/rss/search?q=FE+first+energy+site:benzinga.com&hl=en-US&gl=US&ceid'[0m
[2m2026-04-04T16:37:20.423335Z[0m [[32m[1minfo     [0m] [1mparsed                        [0m [36mchannel[0m=[35mgoogle_benzinga[0m [36mraw[0m=[35m6[0m
[2m2026-04-04T16:37:22.993668Z[0m [[32m[1minfo     [0m] [1mfetch                         [0m [36mstatus[0m=[35m200[0m [36murl[0m=[35m'https://news.google.com/rss/search?q=first+energy+site:benzinga.com&hl=en-US&gl=US&ceid=US'[0m
[2m2026-04-04T16:37:23.129232Z[0m [[32m[1minfo     [0m] [1mparsed                        [0m [36mchannel[0m=[35mgoogle_benzinga[0m [36mraw[0m=[35m100[0m
[2m2026-04-04T16:37:23.129405Z[0m [[32m[1minfo     [0m] [1mcrawling                      [0m [36mchannel[0m=[35m'Google News (all)'[0m [36mtag[0m=[35mgoogle_broad[0m
[2m2026-04-04T16:37:25.677467Z[0m [[32m[1minfo     [0m] [1mfetch                         [0m [36mstatus[0m=[35m200[0m [36murl[0m=[35m'https://news.google.com/rss/search?q=FE+first+energy+stock+news&hl=en-US&gl=US&ceid=US:en'[0m
[2m2026-04-04T16:37:25.821305Z[0m [[32m[1minfo     [0m] [1mparsed                        [0m [36mchannel[0m=[35mgoogle_broad[0m [36mraw[0m=[35m100[0m
[2m2026-04-04T16:37:28.334765Z[0m [[32m[1minfo     [0m] [1mfetch                         [0m [36mstatus[0m=[35m200[0m [36murl[0m=[35m'https://news.google.com/rss/search?q=FE+first+energy+earnings+analysis&hl=en-US&gl=US&ceid'[0m
[2m2026-04-04T16:37:28.395594Z[0m [[32m[1minfo     [0m] [1mparsed                        [0m [36mchannel[0m=[35mgoogle_broad[0m [36mraw[0m=[35m69[0m
[2m2026-04-04T16:37:28.399776Z[0m [[32m[1minfo     [0m] [1mquality_filter                [0m [36minput[0m=[35m275[0m [36mpassed[0m=[35m14[0m
[2m2026-04-04T16:37:28.401773Z[0m [[32m[1minfo     [0m] [1mdedup                         [0m [36mafter[0m=[35m11[0m [36mbefore[0m=[35m14[0m
[2m2026-04-04T16:37:28.402069Z[0m [[32m[1minfo     [0m] [1mfulltext_selection            [0m [36mcandidates[0m=[35m4[0m [36mfiltered[0m=[35m11[0m [36mmode[0m=[35mhigh-value[0m [36mticker[0m=[35mFE[0m
[2m2026-04-04T16:37:30.462748Z[0m [[32m[1minfo     [0m] [1mfetch                         [0m [36mstatus[0m=[35m200[0m [36murl[0m=[35mhttps://www.marketbeat.com/instant-alerts/filing-firstenergy-corporation-fe-position-boost[0m
[2m2026-04-04T16:37:30.653483Z[0m [[32m[1minfo     [0m] [1mfetch                         [0m [36mstatus[0m=[35m200[0m [36murl[0m=[35mhttps://www.stocktitan.net/sec-filings/FE/form-4-firstenergy-corp-insider-trading-activity[0m
[2m2026-04-04T16:37:30.768898Z[0m [[32m[1minfo     [0m] [1mfetch                         [0m [36mstatus[0m=[35m200[0m [36murl[0m=[35mhttps://www.marketbeat.com/instant-alerts/firstenergy-corporation-nysefe-given-consensus-r[0m
[2m2026-04-04T16:37:31.113081Z[0m [[32m[1minfo     [0m] [1mfetch                         [0m [36mstatus[0m=[35m200[0m [36murl[0m=[35mhttps://www.stocktitan.net/sec-filings/FE/form-4-firstenergy-corp-insider-trading-activity[0m
[2m2026-04-04T16:37:31.344044Z[0m [[32m[1minfo     [0m] [1mcrawling                      [0m [36mchannel[0m=[35mGoogle->Benzinga[0m [36mtag[0m=[35mgoogle_benzinga[0m
[2m2026-04-04T16:37:34.195196Z[0m [[32m[1minfo     [0m] [1mfetch                         [0m [36mstatus[0m=[35m200[0m [36murl[0m=[35m'https://news.google.com/rss/search?q=ROL+site:benzinga.com&hl=en-US&gl=US&ceid=US:en'[0m
[2m2026-04-04T16:37:34.204221Z[0m [[32m[1minfo     [0m] [1mparsed                        [0m [36mchannel[0m=[35mgoogle_benzinga[0m [36mraw[0m=[35m12[0m
[2m2026-04-04T16:37:36.209260Z[0m [[32m[1minfo     [0m] [1mfetch                         [0m [36mstatus[0m=[35m200[0m [36murl[0m=[35m'https://news.google.com/rss/search?q=ROL+site:benzinga.com&hl=en-US&gl=US&ceid=US:en'[0m
[2m2026-04-04T16:37:36.218104Z[0m [[32m[1minfo     [0m] [1mparsed                        [0m [36mchannel[0m=[35mgoogle_benzinga[0m [36mraw[0m=[35m12[0m
[2m2026-04-04T16:37:36.218326Z[0m [[32m[1minfo     [0m] [1mcrawling                      [0m [36mchannel[0m=[35m'Google News (all)'[0m [36mtag[0m=[35mgoogle_broad[0m
[2m2026-04-04T16:37:38.658806Z[0m [[32m[1minfo     [0m] [1mfetch                         [0m [36mstatus[0m=[35m200[0m [36murl[0m=[35m'https://news.google.com/rss/search?q=ROL+stock+news&hl=en-US&gl=US&ceid=US:en'[0m
[2m2026-04-04T16:37:38.708306Z[0m [[32m[1minfo     [0m] [1mparsed                        [0m [36mchannel[0m=[35mgoogle_broad[0m [36mraw[0m=[35m58[0m
[2m2026-04-04T16:37:41.095378Z[0m [[32m[1minfo     [0m] [1mfetch                         [0m [36mstatus[0m=[35m200[0m [36murl[0m=[35m'https://news.google.com/rss/search?q=ROL+earnings+analysis&hl=en-US&gl=US&ceid=US:en'[0m
[2m2026-04-04T16:37:41.127035Z[0m [[32m[1minfo     [0m] [1mparsed                        [0m [36mchannel[0m=[35mgoogle_broad[0m [36mraw[0m=[35m38[0m
[2m2026-04-04T16:37:41.127771Z[0m [[32m[1minfo     [0m] [1mquality_filter                [0m [36minput[0m=[35m120[0m [36mpassed[0m=[35m0[0m
[2m2026-04-04T16:37:41.127898Z[0m [[32m[1minfo     [0m] [1mdedup                         [0m [36mafter[0m=[35m0[0m [36mbefore[0m=[35m0[0m
[2m2026-04-04T16:37:41.127970Z[0m [[32m[1minfo     [0m] [1mfulltext_selection            [0m [36mcandidates[0m=[35m0[0m [36mfiltered[0m=[35m0[0m [36mmode[0m=[35mhigh-value[0m [36mticker[0m=[35mROL[0m
[2m2026-04-04T16:37:41.128841Z[0m [[32m[1minfo     [0m] [1mcrawling                      [0m [36mchannel[0m=[35mGoogle->Benzinga[0m [36mtag[0m=[35mgoogle_benzinga[0m
[2m2026-04-04T16:37:43.576260Z[0m [[32m[1minfo     [0m] [1mfetch                         [0m [36mstatus[0m=[35m200[0m [36murl[0m=[35m'https://news.google.com/rss/search?q=PPL+site:benzinga.com&hl=en-US&gl=US&ceid=US:en'[0m
[2m2026-04-04T16:37:43.606682Z[0m [[32m[1minfo     [0m] [1mparsed                        [0m [36mchannel[0m=[35mgoogle_benzinga[0m [36mraw[0m=[35m39[0m
[2m2026-04-04T16:37:45.610903Z[0m [[32m[1minfo     [0m] [1mfetch                         [0m [36mstatus[0m=[35m200[0m [36murl[0m=[35m'https://news.google.com/rss/search?q=PPL+site:benzinga.com&hl=en-US&gl=US&ceid=US:en'[0m
[2m2026-04-04T16:37:45.635042Z[0m [[32m[1minfo     [0m] [1mparsed                        [0m [36mchannel[0m=[35mgoogle_benzinga[0m [36mraw[0m=[35m39[0m
[2m2026-04-04T16:37:45.635201Z[0m [[32m[1minfo     [0m] [1mcrawling                      [0m [36mchannel[0m=[35m'Google News (all)'[0m [36mtag[0m=[35mgoogle_broad[0m
[2m2026-04-04T16:37:48.266817Z[0m [[32m[1minfo     [0m] [1mfetch                         [0m [36mstatus[0m=[35m200[0m [36murl[0m=[35m'https://news.google.com/rss/search?q=PPL+stock+news&hl=en-US&gl=US&ceid=US:en'[0m
[2m2026-04-04T16:37:48.410422Z[0m [[32m[1minfo     [0m] [1mparsed                        [0m [36mchannel[0m=[35mgoogle_broad[0m [36mraw[0m=[35m100[0m
[2m2026-04-04T16:37:50.959128Z[0m [[32m[1minfo     [0m] [1mfetch                         [0m [36mstatus[0m=[35m200[0m [36murl[0m=[35m'https://news.google.com/rss/search?q=PPL+earnings+analysis&hl=en-US&gl=US&ceid=US:en'[0m
[2m2026-04-04T16:37:51.014441Z[0m [[32m[1minfo     [0m] [1mparsed                        [0m [36mchannel[0m=[35mgoogle_broad[0m [36mraw[0m=[35m55[0m
[2m2026-04-04T16:37:51.017371Z[0m [[32m[1minfo     [0m] [1mquality_filter                [0m [36minput[0m=[35m233[0m [36mpassed[0m=[35m14[0m
[2m2026-04-04T16:37:51.019577Z[0m [[32m[1minfo     [0m] [1mdedup                         [0m [36mafter[0m=[35m13[0m [36mbefore[0m=[35m14[0m
[2m2026-04-04T16:37:51.019938Z[0m [[32m[1minfo     [0m] [1mfulltext_selection            [0m [36mcandidates[0m=[35m1[0m [36mfiltered[0m=[35m13[0m [36mmode[0m=[35mhigh-value[0m [36mticker[0m=[35mPPL[0m
[2m2026-04-04T16:37:53.648576Z[0m [[32m[1minfo     [0m] [1mfetch                         [0m [36mstatus[0m=[35m200[0m [36murl[0m=[35mhttps://www.stocktitan.net/sec-filings/PPL/form-4-ppl-corp-insider-trading-activity-55230c[0m
[2m2026-04-04T16:37:53.888924Z[0m [[32m[1minfo     [0m] [1mcrawling                      [0m [36mchannel[0m=[35mGoogle->Benzinga[0m [36mtag[0m=[35mgoogle_benzinga[0m
[2m2026-04-04T16:37:56.905385Z[0m [[32m[1minfo     [0m] [1mfetch                         [0m [36mstatus[0m=[35m200[0m [36murl[0m=[35m'https://news.google.com/rss/search?q=KHC+site:benzinga.com&hl=en-US&gl=US&ceid=US:en'[0m
[2m2026-04-04T16:37:56.968404Z[0m [[32m[1minfo     [0m] [1mparsed                        [0m [36mchannel[0m=[35mgoogle_benzinga[0m [36mraw[0m=[35m69[0m
[2m2026-04-04T16:37:58.973711Z[0m [[32m[1minfo     [0m] [1mfetch                         [0m [36mstatus[0m=[35m200[0m [36murl[0m=[35m'https://news.google.com/rss/search?q=KHC+site:benzinga.com&hl=en-US&gl=US&ceid=US:en'[0m
[2m2026-04-04T16:37:59.016439Z[0m [[32m[1minfo     [0m] [1mparsed                        [0m [36mchannel[0m=[35mgoogle_benzinga[0m [36mraw[0m=[35m69[0m
[2m2026-04-04T16:37:59.016621Z[0m [[32m[1minfo     [0m] [1mcrawling                      [0m [36mchannel[0m=[35m'Google News (all)'[0m [36mtag[0m=[35mgoogle_broad[0m
[2m2026-04-04T16:38:01.604036Z[0m [[32m[1minfo     [0m] [1mfetch                         [0m [36mstatus[0m=[35m200[0m [36murl[0m=[35m'https://news.google.com/rss/search?q=KHC+stock+news&hl=en-US&gl=US&ceid=US:en'[0m
[2m2026-04-04T16:38:01.910865Z[0m [[32m[1minfo     [0m] [1mparsed                        [0m [36mchannel[0m=[35mgoogle_broad[0m [36mraw[0m=[35m100[0m
[2m2026-04-04T16:38:04.370283Z[0m [[32m[1minfo     [0m] [1mfetch                         [0m [36mstatus[0m=[35m200[0m [36murl[0m=[35m'https://news.google.com/rss/search?q=KHC+earnings+analysis&hl=en-US&gl=US&ceid=US:en'[0m
[2m2026-04-04T16:38:04.420416Z[0m [[32m[1minfo     [0m] [1mparsed                        [0m [36mchannel[0m=[35mgoogle_broad[0m [36mraw[0m=[35m54[0m
[2m2026-04-04T16:38:04.421877Z[0m [[32m[1minfo     [0m] [1mquality_filter                [0m [36minput[0m=[35m292[0m [36mpassed[0m=[35m2[0m
[2m2026-04-04T16:38:04.422250Z[0m [[32m[1minfo     [0m] [1mdedup                         [0m [36mafter[0m=[35m2[0m [36mbefore[0m=[35m2[0m
[2m2026-04-04T16:38:04.422376Z[0m [[32m[1minfo     [0m] [1mfulltext_selection            [0m [36mcandidates[0m=[35m0[0m [36mfiltered[0m=[35m2[0m [36mmode[0m=[35mhigh-value[0m [36mticker[0m=[35mKHC[0m
[2m2026-04-04T16:38:04.423097Z[0m [[32m[1minfo     [0m] [1mcrawling                      [0m [36mchannel[0m=[35mGoogle->Benzinga[0m [36mtag[0m=[35mgoogle_benzinga[0m
[2m2026-04-04T16:38:06.802663Z[0m [[32m[1minfo     [0m] [1mfetch                         [0m [36mstatus[0m=[35m200[0m [36murl[0m=[35m'https://news.google.com/rss/search?q=WTW+site:benzinga.com&hl=en-US&gl=US&ceid=US:en'[0m
[2m2026-04-04T16:38:06.812113Z[0m [[32m[1minfo     [0m] [1mparsed                        [0m [36mchannel[0m=[35mgoogle_benzinga[0m [36mraw[0m=[35m13[0m
[2m2026-04-04T16:38:08.817482Z[0m [[32m[1minfo     [0m] [1mfetch                         [0m [36mstatus[0m=[35m200[0m [36murl[0m=[35m'https://news.google.com/rss/search?q=WTW+site:benzinga.com&hl=en-US&gl=US&ceid=US:en'[0m
[2m2026-04-04T16:38:08.826933Z[0m [[32m[1minfo     [0m] [1mparsed                        [0m [36mchannel[0m=[35mgoogle_benzinga[0m [36mraw[0m=[35m13[0m
[2m2026-04-04T16:38:08.827085Z[0m [[32m[1minfo     [0m] [1mcrawling                      [0m [36mchannel[0m=[35m'Google News (all)'[0m [36mtag[0m=[35mgoogle_broad[0m
[2m2026-04-04T16:38:11.282703Z[0m [[32m[1minfo     [0m] [1mfetch                         [0m [36mstatus[0m=[35m200[0m [36murl[0m=[35m'https://news.google.com/rss/search?q=WTW+stock+news&hl=en-US&gl=US&ceid=US:en'[0m
[2m2026-04-04T16:38:11.411336Z[0m [[32m[1minfo     [0m] [1mparsed                        [0m [36mchannel[0m=[35mgoogle_broad[0m [36mraw[0m=[35m85[0m
[2m2026-04-04T16:38:13.866695Z[0m [[32m[1minfo     [0m] [1mfetch                         [0m [36mstatus[0m=[35m200[0m [36murl[0m=[35m'https://news.google.com/rss/search?q=WTW+earnings+analysis&hl=en-US&gl=US&ceid=US:en'[0m
[2m2026-04-04T16:38:13.901914Z[0m [[32m[1minfo     [0m] [1mparsed                        [0m [36mchannel[0m=[35mgoogle_broad[0m [36mraw[0m=[35m46[0m
[2m2026-04-04T16:38:13.904227Z[0m [[32m[1minfo     [0m] [1mquality_filter                [0m [36minput[0m=[35m157[0m [36mpassed[0m=[35m9[0m
[2m2026-04-04T16:38:13.905526Z[0m [[32m[1minfo     [0m] [1mdedup                         [0m [36mafter[0m=[35m9[0m [36mbefore[0m=[35m9[0m
[2m2026-04-04T16:38:13.905748Z[0m [[32m[1minfo     [0m] [1mfulltext_selection            [0m [36mcandidates[0m=[35m2[0m [36mfiltered[0m=[35m9[0m [36mmode[0m=[35mhigh-value[0m [36mticker[0m=[35mWTW[0m
[2m2026-04-04T16:38:16.561400Z[0m [[32m[1minfo     [0m] [1mfetch                         [0m [36mstatus[0m=[35m200[0m [36murl[0m=[35mhttps://www.stocktitan.net/sec-filings/WTW/form-4-willis-towers-watson-plc-insider-trading[0m
[2m2026-04-04T16:38:16.700089Z[0m [[32m[1minfo     [0m] [1mfetch                         [0m [36mstatus[0m=[35m200[0m [36murl[0m=[35mhttps://www.stocktitan.net/sec-filings/WTW/form-4-willis-towers-watson-plc-insider-trading[0m
[2m2026-04-04T16:38:16.927748Z[0m [[32m[1minfo     [0m] [1mcrawling                      [0m [36mchannel[0m=[35mGoogle->Benzinga[0m [36mtag[0m=[35mgoogle_benzinga[0m
[2m2026-04-04T16:38:19.931569Z[0m [[32m[1minfo     [0m] [1mfetch                         [0m [36mstatus[0m=[35m200[0m [36murl[0m=[35m'https://news.google.com/rss/search?q=HPE+site:benzinga.com&hl=en-US&gl=US&ceid=US:en'[0m
[2m2026-04-04T16:38:20.081712Z[0m [[32m[1minfo     [0m] [1mparsed                        [0m [36mchannel[0m=[35mgoogle_benzinga[0m [36mraw[0m=[35m100[0m
[2m2026-04-04T16:38:22.086967Z[0m [[32m[1minfo     [0m] [1mfetch                         [0m [36mstatus[0m=[35m200[0m [36murl[0m=[35m'https://news.google.com/rss/search?q=HPE+site:benzinga.com&hl=en-US&gl=US&ceid=US:en'[0m
[2m2026-04-04T16:38:22.146973Z[0m [[32m[1minfo     [0m] [1mparsed                        [0m [36mchannel[0m=[35mgoogle_benzinga[0m [36mraw[0m=[35m100[0m
[2m2026-04-04T16:38:22.147140Z[0m [[32m[1minfo     [0m] [1mcrawling                      [0m [36mchannel[0m=[35m'Google News (all)'[0m [36mtag[0m=[35mgoogle_broad[0m
[2m2026-04-04T16:38:24.791096Z[0m [[32m[1minfo     [0m] [1mfetch                         [0m [36mstatus[0m=[35m200[0m [36murl[0m=[35m'https://news.google.com/rss/search?q=HPE+stock+news&hl=en-US&gl=US&ceid=US:en'[0m
[2m2026-04-04T16:38:24.943380Z[0m [[32m[1minfo     [0m] [1mparsed                        [0m [36mchannel[0m=[35mgoogle_broad[0m [36mraw[0m=[35m100[0m
[2m2026-04-04T16:38:27.549000Z[0m [[32m[1minfo     [0m] [1mfetch                         [0m [36mstatus[0m=[35m200[0m [36murl[0m=[35m'https://news.google.com/rss/search?q=HPE+earnings+analysis&hl=en-US&gl=US&ceid=US:en'[0m
[2m2026-04-04T16:38:27.697090Z[0m [[32m[1minfo     [0m] [1mparsed                        [0m [36mchannel[0m=[35mgoogle_broad[0m [36mraw[0m=[35m94[0m
[2m2026-04-04T16:38:27.700790Z[0m [[32m[1minfo     [0m] [1mquality_filter                [0m [36minput[0m=[35m394[0m [36mpassed[0m=[35m17[0m
[2m2026-04-04T16:38:27.703283Z[0m [[32m[1minfo     [0m] [1mdedup                         [0m [36mafter[0m=[35m12[0m [36mbefore[0m=[35m17[0m
[2m2026-04-04T16:38:27.703591Z[0m [[32m[1minfo     [0m] [1mfulltext_selection            [0m [36mcandidates[0m=[35m0[0m [36mfiltered[0m=[35m12[0m [36mmode[0m=[35mhigh-value[0m [36mticker[0m=[35mHPE[0m
[2m2026-04-04T16:38:27.704355Z[0m [[32m[1minfo     [0m] [1mcrawling                      [0m [36mchannel[0m=[35mGoogle->Benzinga[0m [36mtag[0m=[35mgoogle_benzinga[0m
[2m2026-04-04T16:38:30.205398Z[0m [[32m[1minfo     [0m] [1mfetch                         [0m [36mstatus[0m=[35m200[0m [36murl[0m=[35m'https://news.google.com/rss/search?q=LEN+site:benzinga.com&hl=en-US&gl=US&ceid=US:en'[0m
[2m2026-04-04T16:38:30.287713Z[0m [[32m[1minfo     [0m] [1mparsed                        [0m [36mchannel[0m=[35mgoogle_benzinga[0m [36mraw[0m=[35m78[0m
[2m2026-04-04T16:38:32.293281Z[0m [[32m[1minfo     [0m] [1mfetch                         [0m [36mstatus[0m=[35m200[0m [36murl[0m=[35m'https://news.google.com/rss/search?q=LEN+site:benzinga.com&hl=en-US&gl=US&ceid=US:en'[0m
[2m2026-04-04T16:38:32.340874Z[0m [[32m[1minfo     [0m] [1mparsed                        [0m [36mchannel[0m=[35mgoogle_benzinga[0m [36mraw[0m=[35m78[0m
[2m2026-04-04T16:38:32.341029Z[0m [[32m[1minfo     [0m] [1mcrawling                      [0m [36mchannel[0m=[35m'Google News (all)'[0m [36mtag[0m=[35mgoogle_broad[0m
[2m2026-04-04T16:38:34.852010Z[0m [[32m[1minfo     [0m] [1mfetch                         [0m [36mstatus[0m=[35m200[0m [36murl[0m=[35m'https://news.google.com/rss/search?q=LEN+stock+news&hl=en-US&gl=US&ceid=US:en'[0m
[2m2026-04-04T16:38:34.979160Z[0m [[32m[1minfo     [0m] [1mparsed                        [0m [36mchannel[0m=[35mgoogle_broad[0m [36mraw[0m=[35m94[0m
[2m2026-04-04T16:38:37.495364Z[0m [[32m[1minfo     [0m] [1mfetch                         [0m [36mstatus[0m=[35m200[0m [36murl[0m=[35m'https://news.google.com/rss/search?q=LEN+earnings+analysis&hl=en-US&gl=US&ceid=US:en'[0m
[2m2026-04-04T16:38:37.566572Z[0m [[32m[1minfo     [0m] [1mparsed                        [0m [36mchannel[0m=[35mgoogle_broad[0m [36mraw[0m=[35m71[0m
[2m2026-04-04T16:38:37.568351Z[0m [[32m[1minfo     [0m] [1mquality_filter                [0m [36minput[0m=[35m321[0m [36mpassed[0m=[35m4[0m
[2m2026-04-04T16:38:37.568953Z[0m [[32m[1minfo     [0m] [1mdedup                         [0m [36mafter[0m=[35m3[0m [36mbefore[0m=[35m4[0m
[2m2026-04-04T16:38:37.569067Z[0m [[32m[1minfo     [0m] [1mfulltext_selection            [0m [36mcandidates[0m=[35m3[0m [36mfiltered[0m=[35m3[0m [36mmode[0m=[35mhigh-value[0m [36mticker[0m=[35mLEN[0m
[2m2026-04-04T16:38:39.573516Z[0m [[32m[1minfo     [0m] [1mfetch                         [0m [36mstatus[0m=[35m200[0m [36murl[0m=[35mhttps://parameter.io/lennar-len-stock-plummets-25-amid-earnings-shortfall-and-widespread-a[0m
[2m2026-04-04T16:38:40.205203Z[0m [[32m[1minfo     [0m] [1mfetch                         [0m [36mstatus[0m=[35m200[0m [36murl[0m=[35mhttps://www.mexc.co/en-IN/news/1003161[0m
[2m2026-04-04T16:38:40.858498Z[0m [[32m[1minfo     [0m] [1mfetch                         [0m [36mstatus[0m=[35m200[0m [36murl[0m=[35mhttps://moneycheck.com/lennar-len-stock-plunges-25-amid-earnings-shortfall-and-downgrades/[0m
[2m2026-04-04T16:38:41.094084Z[0m [[32m[1minfo     [0m] [1mcrawling                      [0m [36mchannel[0m=[35mGoogle->Benzinga[0m [36mtag[0m=[35mgoogle_benzinga[0m
[2m2026-04-04T16:38:43.997319Z[0m [[32m[1minfo     [0m] [1mfetch                         [0m [36mstatus[0m=[35m200[0m [36murl[0m=[35m'https://news.google.com/rss/search?q=BIIB+site:benzinga.com&hl=en-US&gl=US&ceid=US:en'[0m
[2m2026-04-04T16:38:44.043368Z[0m [[32m[1minfo     [0m] [1mparsed                        [0m [36mchannel[0m=[35mgoogle_benzinga[0m [36mraw[0m=[35m52[0m
[2m2026-04-04T16:38:46.048930Z[0m [[32m[1minfo     [0m] [1mfetch                         [0m [36mstatus[0m=[35m200[0m [36murl[0m=[35m'https://news.google.com/rss/search?q=BIIB+site:benzinga.com&hl=en-US&gl=US&ceid=US:en'[0m
[2m2026-04-04T16:38:46.081468Z[0m [[32m[1minfo     [0m] [1mparsed                        [0m [36mchannel[0m=[35mgoogle_benzinga[0m [36mraw[0m=[35m52[0m
[2m2026-04-04T16:38:46.081629Z[0m [[32m[1minfo     [0m] [1mcrawling                      [0m [36mchannel[0m=[35m'Google News (all)'[0m [36mtag[0m=[35mgoogle_broad[0m
[2m2026-04-04T16:38:49.257295Z[0m [[32m[1minfo     [0m] [1mfetch                         [0m [36mstatus[0m=[35m200[0m [36murl[0m=[35m'https://news.google.com/rss/search?q=BIIB+stock+news&hl=en-US&gl=US&ceid=US:en'[0m
[2m2026-04-04T16:38:49.264447Z[0m [[32m[1minfo     [0m] [1mparsed                        [0m [36mchannel[0m=[35mgoogle_broad[0m [36mraw[0m=[35m0[0m
[2m2026-04-04T16:38:51.787627Z[0m [[32m[1minfo     [0m] [1mfetch                         [0m [36mstatus[0m=[35m200[0m [36murl[0m=[35m'https://news.google.com/rss/search?q=BIIB+earnings+analysis&hl=en-US&gl=US&ceid=US:en'[0m
[2m2026-04-04T16:38:51.846651Z[0m [[32m[1minfo     [0m] [1mparsed                        [0m [36mchannel[0m=[35mgoogle_broad[0m [36mraw[0m=[35m62[0m
[2m2026-04-04T16:38:51.848024Z[0m [[32m[1minfo     [0m] [1mquality_filter                [0m [36minput[0m=[35m166[0m [36mpassed[0m=[35m0[0m
[2m2026-04-04T16:38:51.848152Z[0m [[32m[1minfo     [0m] [1mdedup                         [0m [36mafter[0m=[35m0[0m [36mbefore[0m=[35m0[0m
[2m2026-04-04T16:38:51.848245Z[0m [[32m[1minfo     [0m] [1mfulltext_selection            [0m [36mcandidates[0m=[35m0[0m [36mfiltered[0m=[35m0[0m [36mmode[0m=[35mhigh-value[0m [36mticker[0m=[35mBIIB[0m
[2m2026-04-04T16:38:51.848978Z[0m [[32m[1minfo     [0m] [1mcrawling                      [0m [36mchannel[0m=[35mGoogle->Benzinga[0m [36mtag[0m=[35mgoogle_benzinga[0m
[2m2026-04-04T16:38:54.355501Z[0m [[32m[1minfo     [0m] [1mfetch                         [0m [36mstatus[0m=[35m200[0m [36murl[0m=[35m'https://news.google.com/rss/search?q=JBL+site:benzinga.com&hl=en-US&gl=US&ceid=US:en'[0m
[2m2026-04-04T16:38:54.398498Z[0m [[32m[1minfo     [0m] [1mparsed                        [0m [36mchannel[0m=[35mgoogle_benzinga[0m [36mraw[0m=[35m47[0m
[2m2026-04-04T16:38:56.403497Z[0m [[32m[1minfo     [0m] [1mfetch                         [0m [36mstatus[0m=[35m200[0m [36murl[0m=[35m'https://news.google.com/rss/search?q=JBL+site:benzinga.com&hl=en-US&gl=US&ceid=US:en'[0m
[2m2026-04-04T16:38:56.432905Z[0m [[32m[1minfo     [0m] [1mparsed                        [0m [36mchannel[0m=[35mgoogle_benzinga[0m [36mraw[0m=[35m47[0m
[2m2026-04-04T16:38:56.433071Z[0m [[32m[1minfo     [0m] [1mcrawling                      [0m [36mchannel[0m=[35m'Google News (all)'[0m [36mtag[0m=[35mgoogle_broad[0m
[2m2026-04-04T16:38:59.199173Z[0m [[32m[1minfo     [0m] [1mfetch                         [0m [36mstatus[0m=[35m200[0m [36murl[0m=[35m'https://news.google.com/rss/search?q=JBL+stock+news&hl=en-US&gl=US&ceid=US:en'[0m
[2m2026-04-04T16:38:59.349650Z[0m [[32m[1minfo     [0m] [1mparsed                        [0m [36mchannel[0m=[35mgoogle_broad[0m [36mraw[0m=[35m100[0m
[2m2026-04-04T16:39:01.757354Z[0m [[32m[1minfo     [0m] [1mfetch                         [0m [36mstatus[0m=[35m200[0m [36murl[0m=[35m'https://news.google.com/rss/search?q=JBL+earnings+analysis&hl=en-US&gl=US&ceid=US:en'[0m
[2m2026-04-04T16:39:01.807259Z[0m [[32m[1minfo     [0m] [1mparsed                        [0m [36mchannel[0m=[35mgoogle_broad[0m [36mraw[0m=[35m43[0m
[2m2026-04-04T16:39:01.809561Z[0m [[32m[1minfo     [0m] [1mquality_filter                [0m [36minput[0m=[35m237[0m [36mpassed[0m=[35m2[0m
[2m2026-04-04T16:39:01.810075Z[0m [[32m[1minfo     [0m] [1mdedup                         [0m [36mafter[0m=[35m2[0m [36mbefore[0m=[35m2[0m
[2m2026-04-04T16:39:01.810223Z[0m [[32m[1minfo     [0m] [1mfulltext_selection            [0m [36mcandidates[0m=[35m0[0m [36mfiltered[0m=[35m2[0m [36mmode[0m=[35mhigh-value[0m [36mticker[0m=[35mJBL[0m
[2m2026-04-04T16:39:01.810971Z[0m [[32m[1minfo     [0m] [1mcrawling                      [0m [36mchannel[0m=[35mGoogle->Benzinga[0m [36mtag[0m=[35mgoogle_benzinga[0m
[2m2026-04-04T16:39:04.240498Z[0m [[32m[1minfo     [0m] [1mfetch                         [0m [36mstatus[0m=[35m200[0m [36murl[0m=[35m'https://news.google.com/rss/search?q=MTD+site:benzinga.com&hl=en-US&gl=US&ceid=US:en'[0m
[2m2026-04-04T16:39:04.261008Z[0m [[32m[1minfo     [0m] [1mparsed                        [0m [36mchannel[0m=[35mgoogle_benzinga[0m [36mraw[0m=[35m22[0m
[2m2026-04-04T16:39:06.266045Z[0m [[32m[1minfo     [0m] [1mfetch                         [0m [36mstatus[0m=[35m200[0m [36murl[0m=[35m'https://news.google.com/rss/search?q=MTD+site:benzinga.com&hl=en-US&gl=US&ceid=US:en'[0m
[2m2026-04-04T16:39:06.281184Z[0m [[32m[1minfo     [0m] [1mparsed                        [0m [36mchannel[0m=[35mgoogle_benzinga[0m [36mraw[0m=[35m22[0m
[2m2026-04-04T16:39:06.281369Z[0m [[32m[1minfo     [0m] [1mcrawling                      [0m [36mchannel[0m=[35m'Google News (all)'[0m [36mtag[0m=[35mgoogle_broad[0m
[2m2026-04-04T16:39:08.687548Z[0m [[32m[1minfo     [0m] [1mfetch                         [0m [36mstatus[0m=[35m200[0m [36murl[0m=[35m'https://news.google.com/rss/search?q=MTD+stock+news&hl=en-US&gl=US&ceid=US:en'[0m
[2m2026-04-04T16:39:08.739146Z[0m [[32m[1minfo     [0m] [1mparsed                        [0m [36mchannel[0m=[35mgoogle_broad[0m [36mraw[0m=[35m48[0m
[2m2026-04-04T16:39:12.487361Z[0m [[32m[1minfo     [0m] [1mfetch                         [0m [36mstatus[0m=[35m200[0m [36murl[0m=[35m'https://news.google.com/rss/search?q=MTD+earnings+analysis&hl=en-US&gl=US&ceid=US:en'[0m
[2m2026-04-04T16:39:12.530576Z[0m [[32m[1minfo     [0m] [1mparsed                        [0m [36mchannel[0m=[35mgoogle_broad[0m [36mraw[0m=[35m47[0m
[2m2026-04-04T16:39:12.531893Z[0m [[32m[1minfo     [0m] [1mquality_filter                [0m [36minput[0m=[35m139[0m [36mpassed[0m=[35m2[0m
[2m2026-04-04T16:39:12.532255Z[0m [[32m[1minfo     [0m] [1mdedup                         [0m [36mafter[0m=[35m2[0m [36mbefore[0m=[35m2[0m
[2m2026-04-04T16:39:12.532383Z[0m [[32m[1minfo     [0m] [1mfulltext_selection            [0m [36mcandidates[0m=[35m0[0m [36mfiltered[0m=[35m2[0m [36mmode[0m=[35mhigh-value[0m [36mticker[0m=[35mMTD[0m
[2m2026-04-04T16:39:12.533158Z[0m [[32m[1minfo     [0m] [1mcrawling                      [0m [36mchannel[0m=[35mGoogle->Benzinga[0m [36mtag[0m=[35mgoogle_benzinga[0m
[2m2026-04-04T16:39:14.972382Z[0m [[32m[1minfo     [0m] [1mfetch                         [0m [36mstatus[0m=[35m200[0m [36murl[0m=[35m'https://news.google.com/rss/search?q=PPG+site:benzinga.com&hl=en-US&gl=US&ceid=US:en'[0m
[2m2026-04-04T16:39:15.015702Z[0m [[32m[1minfo     [0m] [1mparsed                        [0m [36mchannel[0m=[35mgoogle_benzinga[0m [36mraw[0m=[35m49[0m
[2m2026-04-04T16:39:17.022838Z[0m [[32m[1minfo     [0m] [1mfetch                         [0m [36mstatus[0m=[35m200[0m [36murl[0m=[35m'https://news.google.com/rss/search?q=PPG+site:benzinga.com&hl=en-US&gl=US&ceid=US:en'[0m
[2m2026-04-04T16:39:17.052808Z[0m [[32m[1minfo     [0m] [1mparsed                        [0m [36mchannel[0m=[35mgoogle_benzinga[0m [36mraw[0m=[35m49[0m
[2m2026-04-04T16:39:17.052969Z[0m [[32m[1minfo     [0m] [1mcrawling                      [0m [36mchannel[0m=[35m'Google News (all)'[0m [36mtag[0m=[35mgoogle_broad[0m
[2m2026-04-04T16:39:19.579794Z[0m [[32m[1minfo     [0m] [1mfetch                         [0m [36mstatus[0m=[35m200[0m [36murl[0m=[35m'https://news.google.com/rss/search?q=PPG+stock+news&hl=en-US&gl=US&ceid=US:en'[0m
[2m2026-04-04T16:39:19.729434Z[0m [[32m[1minfo     [0m] [1mparsed                        [0m [36mchannel[0m=[35mgoogle_broad[0m [36mraw[0m=[35m100[0m
[2m2026-04-04T16:39:22.479917Z[0m [[32m[1minfo     [0m] [1mfetch                         [0m [36mstatus[0m=[35m200[0m [36murl[0m=[35m'https://news.google.com/rss/search?q=PPG+earnings+analysis&hl=en-US&gl=US&ceid=US:en'[0m
[2m2026-04-04T16:39:22.593506Z[0m [[32m[1minfo     [0m] [1mparsed                        [0m [36mchannel[0m=[35mgoogle_broad[0m [36mraw[0m=[35m67[0m
[2m2026-04-04T16:39:22.596152Z[0m [[32m[1minfo     [0m] [1mquality_filter                [0m [36minput[0m=[35m265[0m [36mpassed[0m=[35m11[0m
[2m2026-04-04T16:39:22.597582Z[0m [[32m[1minfo     [0m] [1mdedup                         [0m [36mafter[0m=[35m7[0m [36mbefore[0m=[35m11[0m
[2m2026-04-04T16:39:22.597781Z[0m [[32m[1minfo     [0m] [1mfulltext_selection            [0m [36mcandidates[0m=[35m3[0m [36mfiltered[0m=[35m7[0m [36mmode[0m=[35mhigh-value[0m [36mticker[0m=[35mPPG[0m
[2m2026-04-04T16:39:24.095836Z[0m [[32m[1minfo     [0m] [1mfetch                         [0m [36mstatus[0m=[35m200[0m [36murl[0m=[35mhttps://www.defenseworld.net/2026/04/03/citigroup-reiterates-neutral-rating-for-ppg-indust[0m
[2m2026-04-04T16:39:24.417058Z[0m [[32m[1minfo     [0m] [1mfetch                         [0m [36mstatus[0m=[35m403[0m [36murl[0m=[35mhttps://www.gurufocus.com/news/8769100/ubs-maintains-neutral-rating-for-ppg-adjusts-price-[0m
[2m2026-04-04T16:39:24.629590Z[0m [[32m[1minfo     [0m] [1mfetch                         [0m [36mstatus[0m=[35m200[0m [36murl[0m=[35mhttps://www.marketbeat.com/instant-alerts/ubs-group-cuts-ppg-industries-nyseppg-price-targ[0m
[2m2026-04-04T16:39:24.887133Z[0m [[32m[1minfo     [0m] [1mcrawling                      [0m [36mchannel[0m=[35mGoogle->Benzinga[0m [36mtag[0m=[35mgoogle_benzinga[0m
[2m2026-04-04T16:39:27.733782Z[0m [[32m[1minfo     [0m] [1mfetch                         [0m [36mstatus[0m=[35m200[0m [36murl[0m=[35m'https://news.google.com/rss/search?q=TSCO+site:benzinga.com&hl=en-US&gl=US&ceid=US:en'[0m
[2m2026-04-04T16:39:27.744155Z[0m [[32m[1minfo     [0m] [1mparsed                        [0m [36mchannel[0m=[35mgoogle_benzinga[0m [36mraw[0m=[35m15[0m
[2m2026-04-04T16:39:29.749510Z[0m [[32m[1minfo     [0m] [1mfetch                         [0m [36mstatus[0m=[35m200[0m [36murl[0m=[35m'https://news.google.com/rss/search?q=TSCO+site:benzinga.com&hl=en-US&gl=US&ceid=US:en'[0m
[2m2026-04-04T16:39:29.759978Z[0m [[32m[1minfo     [0m] [1mparsed                        [0m [36mchannel[0m=[35mgoogle_benzinga[0m [36mraw[0m=[35m15[0m
[2m2026-04-04T16:39:29.760136Z[0m [[32m[1minfo     [0m] [1mcrawling                      [0m [36mchannel[0m=[35m'Google News (all)'[0m [36mtag[0m=[35mgoogle_broad[0m
[2m2026-04-04T16:39:32.303187Z[0m [[32m[1minfo     [0m] [1mfetch                         [0m [36mstatus[0m=[35m200[0m [36murl[0m=[35m'https://news.google.com/rss/search?q=TSCO+stock+news&hl=en-US&gl=US&ceid=US:en'[0m
[2m2026-04-04T16:39:32.450394Z[0m [[32m[1minfo     [0m] [1mparsed                        [0m [36mchannel[0m=[35mgoogle_broad[0m [36mraw[0m=[35m100[0m
[2m2026-04-04T16:39:34.819015Z[0m [[32m[1minfo     [0m] [1mfetch                         [0m [36mstatus[0m=[35m200[0m [36murl[0m=[35m'https://news.google.com/rss/search?q=TSCO+earnings+analysis&hl=en-US&gl=US&ceid=US:en'[0m
[2m2026-04-04T16:39:34.848284Z[0m [[32m[1minfo     [0m] [1mparsed                        [0m [36mchannel[0m=[35mgoogle_broad[0m [36mraw[0m=[35m35[0m
[2m2026-04-04T16:39:34.849489Z[0m [[32m[1minfo     [0m] [1mquality_filter                [0m [36minput[0m=[35m165[0m [36mpassed[0m=[35m1[0m
[2m2026-04-04T16:39:34.849794Z[0m [[32m[1minfo     [0m] [1mdedup                         [0m [36mafter[0m=[35m1[0m [36mbefore[0m=[35m1[0m
[2m2026-04-04T16:39:34.849906Z[0m [[32m[1minfo     [0m] [1mfulltext_selection            [0m [36mcandidates[0m=[35m0[0m [36mfiltered[0m=[35m1[0m [36mmode[0m=[35mhigh-value[0m [36mticker[0m=[35mTSCO[0m
[2m2026-04-04T16:39:34.850661Z[0m [[32m[1minfo     [0m] [1mcrawling                      [0m [36mchannel[0m=[35mGoogle->Benzinga[0m [36mtag[0m=[35mgoogle_benzinga[0m
[2m2026-04-04T16:39:37.287858Z[0m [[32m[1minfo     [0m] [1mfetch                         [0m [36mstatus[0m=[35m200[0m [36murl[0m=[35m'https://news.google.com/rss/search?q=STZ+site:benzinga.com&hl=en-US&gl=US&ceid=US:en'[0m
[2m2026-04-04T16:39:37.329435Z[0m [[32m[1minfo     [0m] [1mparsed                        [0m [36mchannel[0m=[35mgoogle_benzinga[0m [36mraw[0m=[35m45[0m
[2m2026-04-04T16:39:39.334639Z[0m [[32m[1minfo     [0m] [1mfetch                         [0m [36mstatus[0m=[35m200[0m [36murl[0m=[35m'https://news.google.com/rss/search?q=STZ+site:benzinga.com&hl=en-US&gl=US&ceid=US:en'[0m
[2m2026-04-04T16:39:39.363048Z[0m [[32m[1minfo     [0m] [1mparsed                        [0m [36mchannel[0m=[35mgoogle_benzinga[0m [36mraw[0m=[35m45[0m
[2m2026-04-04T16:39:39.363222Z[0m [[32m[1minfo     [0m] [1mcrawling                      [0m [36mchannel[0m=[35m'Google News (all)'[0m [36mtag[0m=[35mgoogle_broad[0m
[2m2026-04-04T16:39:41.887372Z[0m [[32m[1minfo     [0m] [1mfetch                         [0m [36mstatus[0m=[35m200[0m [36murl[0m=[35m'https://news.google.com/rss/search?q=STZ+stock+news&hl=en-US&gl=US&ceid=US:en'[0m
[2m2026-04-04T16:39:42.034882Z[0m [[32m[1minfo     [0m] [1mparsed                        [0m [36mchannel[0m=[35mgoogle_broad[0m [36mraw[0m=[35m100[0m
[2m2026-04-04T16:39:44.484157Z[0m [[32m[1minfo     [0m] [1mfetch                         [0m [36mstatus[0m=[35m200[0m [36murl[0m=[35m'https://news.google.com/rss/search?q=STZ+earnings+analysis&hl=en-US&gl=US&ceid=US:en'[0m
[2m2026-04-04T16:39:44.531912Z[0m [[32m[1minfo     [0m] [1mparsed                        [0m [36mchannel[0m=[35mgoogle_broad[0m [36mraw[0m=[35m56[0m
[2m2026-04-04T16:39:44.533487Z[0m [[32m[1minfo     [0m] [1mquality_filter                [0m [36minput[0m=[35m246[0m [36mpassed[0m=[35m3[0m
[2m2026-04-04T16:39:44.533973Z[0m [[32m[1minfo     [0m] [1mdedup                         [0m [36mafter[0m=[35m3[0m [36mbefore[0m=[35m3[0m
[2m2026-04-04T16:39:44.534097Z[0m [[32m[1minfo     [0m] [1mfulltext_selection            [0m [36mcandidates[0m=[35m1[0m [36mfiltered[0m=[35m3[0m [36mmode[0m=[35mhigh-value[0m [36mticker[0m=[35mSTZ[0m
[2m2026-04-04T16:39:46.636939Z[0m [[32m[1minfo     [0m] [1mfetch                         [0m [36mstatus[0m=[35m200[0m [36murl[0m=[35mhttps://www.sharewise.com/de/news_articles/Will_Constellation_Brands_STZ_Beat_Estimates_Ag[0m
[2m2026-04-04T16:39:53.016890Z[0m [[32m[1minfo     [0m] [1mrun_complete                  [0m [36mfiltered[0m=[35m741[0m [36mlog_path[0m=[35m/home/ubuntu/NewsCrawler/data/runs/20260404T160002Z_nvda_avgo_mu_200/run.log[0m [36mnews_items[0m=[35m741[0m [36mraw[0m=[35m54439[0m [36mrun_dir[0m=[35m/home/ubuntu/NewsCrawler/data/runs/20260404T160002Z_nvda_avgo_mu_200[0m
